# Blender 5.2.0 LTS
# www.blender.org
o Cave
v -1.500000 0.000000 1.500000
v -1.500000 2.700000 1.500000
v -0.750000 0.000000 0.750000
v -1.500000 0.000000 -1.500000
v -0.983614 0.241778 0.843111
v -1.500000 2.700000 -1.500000
v -1.039927 0.532680 0.844145
v 1.500000 0.000000 1.500000
v -1.068288 0.820140 0.823949
v 1.500000 2.700000 1.500000
v -1.060345 0.973940 0.823243
v 1.500000 0.000000 -1.500000
v -1.046401 1.126140 0.829363
v 1.500000 2.700000 -1.500000
v -1.011539 1.280507 0.834727
v -0.947853 1.432925 0.833540
v -0.854639 1.580016 0.825413
v -0.743225 1.728376 0.823811
v -0.607052 1.875533 0.822787
v -0.440614 2.016485 0.815540
v -0.252697 2.162597 0.816439
v -0.000001 2.344590 0.821089
v 0.250636 2.159733 0.812982
v 0.430850 2.004844 0.800724
v 0.597455 1.865916 0.809589
v 0.732349 1.719456 0.810202
v 0.835020 1.567314 0.802883
v 0.917550 1.418226 0.801161
v 0.980143 1.269993 0.802919
v 1.012806 1.119432 0.796380
v 1.023639 0.970801 0.787543
v 1.021989 0.823014 0.780216
v 0.979113 0.543889 0.783217
v 0.931543 0.259978 0.792104
v 0.750000 0.000000 0.750000
v -0.990000 0.825000 -1.500000
v -0.985038 0.967500 -1.500000
v -0.965565 1.110000 -1.500000
v -0.869670 1.395000 -1.500000
v -0.927911 1.252500 -1.500000
v -0.945959 0.550000 -1.500000
v -0.213050 2.107500 -1.500000
v 0.000000 2.250000 -1.500000
v 0.397427 1.965000 -1.500000
v 0.213050 2.107500 -1.500000
v -0.684238 1.680000 -1.500000
v -0.554126 1.822500 -1.500000
v -0.397427 1.965000 -1.500000
v -0.788968 1.537500 -1.500000
v -0.888564 0.275000 -1.500000
v -0.750000 0.000000 -1.500000
v 0.788968 1.537500 -1.500000
v 0.684238 1.680000 -1.500000
v 0.750000 0.000000 -1.500000
v 0.554126 1.822500 -1.500000
v 0.965565 1.110000 -1.500000
v 0.990000 0.825000 -1.500000
v 0.985038 0.967500 -1.500000
v 0.888564 0.275000 -1.500000
v 0.945959 0.550000 -1.500000
v 0.927911 1.252500 -1.500000
v 0.869670 1.395000 -1.500000
v -0.819282 0.137500 -1.500000
v 0.819282 0.137500 -1.500000
v 0.917262 0.412500 -1.500000
v 0.967980 0.687500 -1.500000
v 0.619182 1.751250 -1.500000
v 0.475776 1.893750 -1.500000
v 0.305238 2.036250 -1.500000
v 0.106525 2.178750 -1.500000
v -0.106525 2.178750 -1.500000
v -0.305238 2.036250 -1.500000
v -0.475776 1.893750 -1.500000
v -0.619182 1.751250 -1.500000
v -0.967980 0.687500 -1.500000
v -0.917262 0.412500 -1.500000
v 0.750000 0.000000 -0.375000
v -0.750000 0.000000 -0.375000
v 0.000000 0.000000 0.750000
v -1.017318 0.229998 -0.375000
v -0.906108 0.093751 0.847220
v -1.092280 0.523030 -0.375000
v -1.014406 0.392225 0.849234
v -1.154927 0.814761 -0.375000
v -1.052741 0.673926 0.835840
v -1.154941 0.982029 -0.375000
v -1.137232 1.144276 -0.375000
v -1.086910 1.305749 -0.375000
v -1.005347 1.460815 -0.375000
v -0.913389 1.618050 -0.375000
v -0.797353 1.772768 -0.375000
v -0.641748 1.910298 -0.375000
v -0.675336 1.802523 0.826039
v -0.474728 2.057153 -0.375000
v -0.523163 1.945858 0.820433
v -0.270612 2.187494 -0.375000
v -0.344455 2.086991 0.814128
v 0.000000 2.331209 -0.375000
v -0.150308 2.244209 0.828751
v 0.274573 2.192998 -0.375000
v 0.148731 2.241852 0.825915
v 0.475468 2.058036 -0.375000
v 0.337882 2.078487 0.803380
v 0.631055 1.899583 -0.375000
v 0.513422 1.935147 0.805955
v 0.737877 1.723990 -0.375000
v 0.665545 1.793583 0.812782
v 0.804901 1.547816 -0.375000
v 0.858661 1.389660 -0.375000
v 0.907670 1.245721 -0.375000
v 0.949153 1.106723 -0.375000
v 0.973630 0.966524 -0.375000
v 0.981340 0.825538 -0.375000
v 0.941964 0.550736 -0.375000
v 0.999018 0.682529 0.781434
v 0.893474 0.273284 -0.375000
v 0.952111 0.405227 0.785600
v 0.878552 0.107636 0.816368
v -0.951634 0.070812 -0.375000
v -1.051727 0.384436 -0.375000
v -1.125681 0.662244 -0.375000
v -1.155935 0.902114 -0.375000
v -1.146816 1.062188 -0.375000
v -1.115287 1.225788 -0.375000
v -1.045769 1.383821 -0.375000
v -0.958145 1.539209 -0.375000
v -0.857125 1.697327 -0.375000
v -0.719714 1.843042 -0.375000
v -0.555137 1.981018 -0.375000
v -0.376789 2.128827 -0.375000
v -0.150707 2.244807 -0.375000
v 0.159975 2.258662 -0.375000
v 0.375966 2.127763 -0.375000
v 0.555499 1.981417 -0.375000
v 0.687851 1.813949 -0.375000
v 0.772932 1.635449 -0.375000
v 0.830345 1.466831 -0.375000
v 0.881625 1.316734 -0.375000
v 0.927820 1.176251 -0.375000
v 0.961695 1.036891 -0.375000
v 0.978236 0.895927 -0.375000
v 0.960390 0.688715 -0.375000
v 0.919102 0.412116 -0.375000
v 0.829062 0.132572 -0.375000
v 0.069282 0.137500 0.884175
v 0.000000 0.275000 0.861579
v -0.028698 0.412500 0.845462
v 0.000000 0.550000 0.841586
v -0.022020 0.687500 0.840486
v 0.000000 0.825000 0.850709
v 0.002481 0.896250 0.858942
v 0.000000 0.967500 0.868749
v 0.009736 1.038750 0.876358
v -0.018827 1.181250 0.889710
v 0.000000 1.252500 0.889990
v -0.029120 1.323750 0.892246
v 0.000000 1.395000 0.888088
v -0.040351 1.466250 0.884944
v 0.000000 1.537500 0.878021
v -0.052365 1.608750 0.870642
v 0.000000 1.680000 0.866360
v 0.065056 1.751250 0.862512
v 0.000000 1.822500 0.860766
v 0.078350 1.893750 0.861184
v -0.092188 2.036250 0.849505
v 0.000000 2.107500 0.862041
v 0.000000 1.965000 0.860040
v 0.000000 1.110000 0.883937
v 0.750000 0.000000 -0.937500
v -0.750000 0.000000 -0.937500
v 0.375000 0.000000 0.750000
v -0.959803 0.250101 -0.937500
v -1.040784 0.532521 -0.937500
v -1.094402 0.818519 -0.937500
v -1.089399 0.976424 -0.937500
v -1.073932 1.131637 -0.937500
v -1.039893 1.290003 -0.937500
v -0.981786 1.449385 -0.937500
v -0.904444 1.612260 -0.937500
v -0.800633 1.775458 -0.937500
v -0.675699 1.944318 -0.937500
v -0.513922 2.103877 -0.937500
v -0.296052 2.222847 -0.937500
v -0.000000 2.365487 -0.937500
v 0.286923 2.210161 -0.937500
v 0.479182 2.062463 -0.937500
v 0.640576 1.909124 -0.937500
v 0.760764 1.742760 -0.937500
v 0.850991 1.577654 -0.937500
v 0.928032 1.423310 -0.937500
v 0.992343 1.274079 -0.937500
v 1.036306 1.124124 -0.937500
v 1.059117 0.973835 -0.937500
v 1.059418 0.820691 -0.937500
v 0.975844 0.544491 -0.937500
v 0.848326 0.289064 -0.937500
v -0.920995 0.172455 -0.937500
v -1.017766 0.463269 0.187500
v -1.072248 0.741315 0.187500
v -1.082305 0.935219 0.187500
v -1.072077 1.088265 0.187500
v -1.050568 1.246799 0.187500
v -1.002452 1.407693 0.187500
v -0.910756 1.559422 0.187500
v -0.784802 1.699041 0.187500
v -0.639761 1.835365 0.187500
v -0.558040 1.905507 0.187500
v -0.384733 2.043841 0.187500
v -0.191080 2.189909 0.187500
v 0.091208 2.271107 0.187500
v 0.298512 2.122812 0.187500
v 0.476571 1.973327 0.187500
v 0.679592 1.741083 0.187500
v 0.779535 1.585435 0.187500
v 0.851236 1.431611 0.187500
v 0.905434 1.284889 0.187500
v 0.943399 1.142255 0.187500
v 0.962307 1.000684 0.187500
v 0.959782 0.859616 0.187500
v 0.918282 0.624946 0.187500
v 0.888559 0.346746 0.187500
v 0.814521 0.053694 0.187500
v 0.478923 0.206250 0.857187
v 0.444282 0.275000 0.843201
v 0.429933 0.343750 0.829579
v -0.472980 0.550000 0.855704
v 0.461969 0.618750 0.816853
v -0.495000 0.825000 0.877859
v 0.496240 0.860625 0.838757
v -0.492519 0.967500 0.888837
v 0.497387 1.003125 0.848228
v -0.492196 1.145625 0.891727
v 0.463956 1.252500 0.856127
v -0.478516 1.288125 0.893162
v 0.434835 1.395000 0.855050
v 0.374308 1.501875 0.850706
v 0.394484 1.537500 0.848826
v -0.420666 1.573125 0.880813
v 0.342119 1.680000 0.838151
v 0.374647 1.715625 0.837803
v -0.277063 1.822500 0.840946
v 0.316238 1.858125 0.827105
v -0.244807 2.000625 0.834313
v 0.106525 2.107500 0.857132
v -0.198713 1.965000 0.831778
v -0.482783 1.110000 0.891689
v 0.750000 0.000000 0.187500
v -0.750000 0.000000 0.187500
v -0.375000 0.000000 0.750000
v -0.967171 0.247525 0.187500
v -1.036007 0.533402 0.187500
v -1.083113 0.819220 0.187500
v -1.081636 0.975761 0.187500
v -1.068460 1.130545 0.187500
v -1.042408 1.290846 0.187500
v -0.984075 1.450496 0.187500
v -0.882138 1.597818 0.187500
v -0.751534 1.735191 0.187500
v -0.602175 1.870645 0.187500
v -0.433670 2.008207 0.187500
v -0.243356 2.149616 0.187500
v -0.000000 2.318455 0.187500
v 0.250155 2.159064 0.187500
v 0.437076 2.012268 0.187500
v 0.589290 1.857735 0.187500
v 0.709915 1.701058 0.187500
v 0.801927 1.545890 0.187500
v 0.868022 1.394200 0.187500
v 0.917856 1.249133 0.187500
v 0.951715 1.107234 0.187500
v 0.964582 0.965751 0.187500
v 0.957471 0.827019 0.187500
v 0.909876 0.556651 0.187500
v 0.883155 0.276891 0.187500
v -0.878734 0.021339 0.187500
v -0.979695 0.327725 -0.937500
v -1.056536 0.602805 -0.937500
v -1.093264 0.864264 -0.937500
v -1.084636 1.017400 -0.937500
v -1.065244 1.174452 -0.937500
v -1.023789 1.333262 -0.937500
v -0.960336 1.493398 -0.937500
v -0.876333 1.656576 -0.937500
v -0.765497 1.819520 -0.937500
v -0.559254 2.064249 -0.937500
v -0.354477 2.195223 -0.937500
v -0.117212 2.309985 -0.937500
v 0.229776 2.247764 -0.937500
v 0.429152 2.101313 -0.937500
v 0.599379 1.950966 -0.937500
v 0.673750 1.866399 -0.937500
v 0.785257 1.699375 -0.937500
v 0.870157 1.536429 -0.937500
v 0.944473 1.383997 -0.937500
v 1.003923 1.234473 -0.937500
v 1.042752 1.084257 -0.937500
v 1.060275 0.934452 -0.937500
v 1.041716 0.746204 -0.937500
v 0.944762 0.478505 -0.937500
v 0.803460 0.231677 -0.937500
v -0.340359 0.068750 0.887848
v -0.444282 0.275000 0.857040
v -0.487328 0.481250 0.850811
v 0.472980 0.550000 0.814119
v -0.506010 0.756250 0.871264
v 0.495000 0.825000 0.835542
v -0.491279 0.931875 0.886669
v 0.492519 0.967500 0.847515
v -0.477915 1.074375 0.891669
v 0.454542 1.216875 0.859519
v -0.463956 1.252500 0.892550
v 0.420275 1.359375 0.858431
v -0.434835 1.395000 0.892040
v -0.455011 1.430625 0.890885
v -0.394484 1.537500 0.883271
v 0.315937 1.644375 0.839964
v -0.342119 1.680000 0.865688
v -0.244535 1.786875 0.842080
v 0.277063 1.822500 0.831235
v -0.159538 1.929375 0.835127
v 0.060431 2.071875 0.861348
v -0.106525 2.107500 0.853459
v 0.198713 1.965000 0.841103
v 0.482783 1.110000 0.854050
v 0.237888 1.929375 0.833948
v 0.277063 1.893750 0.828994
v 0.106525 2.036250 0.857624
v 0.152619 2.000625 0.850327
v 0.000000 2.178750 0.864506
v -0.198713 2.036250 0.836354
v -0.152619 2.071875 0.844215
v 0.309591 1.786875 0.831142
v 0.342119 1.751250 0.833263
v -0.237888 1.858125 0.834406
v -0.198713 1.893750 0.831964
v -0.309591 1.715625 0.858088
v -0.277063 1.751250 0.849761
v 0.472980 0.687500 0.822713
v 0.483990 0.756250 0.829413
v 0.458631 0.481250 0.815630
v 0.444282 0.412500 0.821022
v -0.483990 0.618750 0.859585
v -0.495000 0.687500 0.864825
v -0.458631 0.343750 0.852294
v -0.472980 0.412500 0.850353
v -0.375000 0.137500 0.875824
v -0.409641 0.206250 0.865553
v 0.444282 0.137500 0.873130
v 0.409641 0.068750 0.886569
v 0.837118 0.128513 0.187500
v 0.860326 0.203024 0.187500
v 0.894854 0.417177 0.187500
v 0.901852 0.487461 0.187500
v 0.929939 0.693592 0.187500
v 0.943427 0.761945 0.187500
v 0.650223 1.779592 0.187500
v 0.620830 1.818080 0.187500
v 0.561053 1.987524 -0.937500
v 0.522045 2.023333 -0.937500
v 0.383183 2.137100 -0.937500
v 0.336988 2.172595 -0.937500
v 0.175810 2.282337 -0.937500
v 0.120326 2.314641 -0.937500
v -0.172586 2.277517 -0.937500
v -0.231045 2.249662 -0.937500
v -0.407744 2.168879 -0.937500
v -0.459175 2.140159 -0.937500
v -0.597530 2.027636 -0.937500
v -0.634371 1.989444 -0.937500
v -0.675656 1.802814 0.187500
v -0.711992 1.770666 0.187500
v -1.061608 0.672506 0.187500
v -1.049987 0.603853 0.187500
v -0.999952 0.395242 0.187500
v -0.983817 0.326865 0.187500
v -0.903966 0.094830 0.187500
v -0.931533 0.167145 0.187500
v 0.735685 0.093418 -0.937500
v 0.764972 0.164865 -0.937500
v 0.877751 0.349001 -0.937500
v 0.911136 0.413779 -0.937500
v 1.000122 0.611839 -0.937500
v 1.022143 0.678826 -0.937500
v 0.729962 1.787074 -0.937500
v 0.702158 1.827012 -0.937500
v 0.551088 1.897863 0.187500
v 0.513978 1.935758 0.187500
v 0.390245 2.050973 0.187500
v 0.344659 2.087256 0.187500
v 0.195071 2.195876 0.187500
v 0.142903 2.233138 0.187500
v -0.090776 2.270460 0.187500
v -0.141365 2.230839 0.187500
v -0.290920 2.112988 0.187500
v -0.337565 2.078076 0.187500
v -0.475639 1.972302 0.187500
v -0.516505 1.938537 0.187500
v -0.708790 1.898394 -0.937500
v -0.736740 1.858588 -0.937500
v -1.082340 0.739699 -0.937500
v -1.070321 0.671110 -0.937500
v -1.019705 0.462864 -0.937500
v -0.999157 0.395408 -0.937500
v -0.853170 0.034220 -0.937500
v -0.887545 0.103105 -0.937500
v 0.750000 0.000000 -1.218750
v -0.750000 0.000000 -1.218750
v 0.562500 0.000000 0.750000
v -0.943257 0.255884 -1.218750
v -1.023869 0.535639 -1.218750
v -1.061214 0.820579 -1.218750
v -1.043697 0.972516 -1.218750
v -1.022147 1.121297 -1.218750
v -0.990844 1.273577 -1.218750
v -0.937210 1.427763 -1.218750
v -0.858332 1.582406 -1.218750
v -0.747790 1.732120 -1.218750
v -0.609695 1.878181 -1.218750
v -0.454328 2.032833 -1.218750
v -0.264762 2.179363 -1.218750
v -0.000000 2.326488 -1.218750
v 0.262018 2.175550 -1.218750
v 0.468231 2.049407 -1.218750
v 0.649087 1.917652 -1.218750
v 0.780980 1.759340 -1.218750
v 0.886709 1.600778 -1.218750
v 0.965109 1.441296 -1.218750
v 1.014595 1.281531 -1.218750
v 1.043845 1.125630 -1.218750
v 1.053395 0.973345 -1.218750
v 1.043795 0.821661 -1.218750
v 0.964009 0.546673 -1.218750
v 0.861595 0.284426 -1.218750
v -0.919599 0.216260 -1.218750
v -1.043430 0.493785 0.468750
v -1.080263 0.775288 0.468750
v -1.070408 0.952638 0.468750
v -1.050087 1.103405 0.468750
v -1.023377 1.258670 0.468750
v -0.975475 1.417455 0.468750
v -0.893961 1.573436 0.468750
v -0.782408 1.724715 0.468750
v -0.633545 1.862352 0.468750
v -0.587209 1.898231 0.468750
v -0.405957 2.023670 0.468750
v -0.220506 2.176275 0.468750
v 0.066093 2.291187 0.468750
v 0.269059 2.132335 0.468750
v 0.457320 1.991510 0.468750
v 0.717007 1.742583 0.468750
v 0.822220 1.589373 0.468750
v 0.902000 1.436835 0.468750
v 0.956995 1.285175 0.468750
v 0.990964 1.135768 0.468750
v 1.006729 0.988609 0.468750
v 1.000971 0.843216 0.468750
v 0.951856 0.584312 0.468750
v 0.914908 0.305374 0.468750
v 0.825674 0.004973 0.468750
v 0.683744 0.240625 0.823036
v 0.666423 0.275000 0.818365
v 0.659249 0.309375 0.813570
v -0.709469 0.550000 0.882102
v 0.703964 0.584375 0.790138
v -0.742500 0.825000 0.893663
v 0.743120 0.842813 0.811969
v -0.738779 0.967500 0.900788
v 0.741213 0.985312 0.819782
v -0.728881 1.127813 0.904742
v 0.695933 1.252500 0.816695
v -0.703213 1.270313 0.896273
v 0.652253 1.395000 0.821772
v 0.581638 1.519687 0.838872
v 0.591726 1.537500 0.838774
v -0.604817 1.555313 0.875934
v 0.513179 1.680000 0.847063
v 0.529443 1.697813 0.846103
v -0.415595 1.822500 0.853151
v 0.435182 1.840312 0.832124
v -0.298070 1.965000 0.836473
v -0.724174 1.110000 0.904498
v 0.750000 0.000000 -0.093750
v -0.750000 0.000000 -0.093750
v -0.187500 0.000000 0.750000
v -0.984243 0.241558 -0.093750
v -1.037653 0.533099 -0.093750
v -1.093347 0.818584 -0.093750
v -1.101030 0.977419 -0.093750
v -1.092138 1.135272 -0.093750
v -1.059176 1.296461 -0.093750
v -0.992382 1.454526 -0.093750
v -0.886340 1.600539 -0.093750
v -0.761274 1.743178 -0.093750
v -0.635129 1.903666 -0.093750
v -0.474733 2.057159 -0.093750
v -0.260240 2.173079 -0.093750
v -0.000000 2.285218 -0.093750
v 0.240412 2.145525 -0.093750
v 0.448004 2.025294 -0.093750
v 0.597382 1.865843 -0.093750
v 0.712383 1.703082 -0.093750
v 0.788071 1.536920 -0.093750
v 0.850200 1.385556 -0.093750
v 0.906710 1.245400 -0.093750
v 0.940624 1.105020 -0.093750
v 0.954768 0.964911 -0.093750
v 0.959997 0.826863 -0.093750
v 0.927287 0.553442 -0.093750
v 0.892920 0.273477 -0.093750
v -0.905820 0.050794 -0.093750
v -1.042777 0.350431 -0.656250
v -1.081133 0.634122 -0.656250
v -1.106336 0.882553 -0.656250
v -1.107167 1.038624 -0.656250
v -1.091711 1.200502 -0.656250
v -1.045738 1.363021 -0.656250
v -0.968165 1.521358 -0.656250
v -0.871830 1.680700 -0.656250
v -0.751683 1.839570 -0.656250
v -0.561264 2.027108 -0.656250
v -0.364670 2.160779 -0.656250
v -0.137134 2.282142 -0.656250
v 0.202909 2.265224 -0.656250
v 0.415110 2.130777 -0.656250
v 0.577066 1.965780 -0.656250
v 0.668506 1.828949 -0.656250
v 0.772722 1.662729 -0.656250
v 0.850750 1.501913 -0.656250
v 0.910945 1.349506 -0.656250
v 0.961117 1.204106 -0.656250
v 0.987936 1.058622 -0.656250
v 0.994044 0.914311 -0.656250
v 0.982345 0.720456 -0.656250
v 0.929947 0.445725 -0.656250
v 0.812036 0.184253 -0.656250
v -0.135538 0.103125 0.867532
v -0.222141 0.275000 0.851190
v -0.258013 0.446875 0.857493
v 0.236490 0.550000 0.833362
v -0.264015 0.721875 0.866612
v 0.247500 0.825000 0.846139
v -0.244399 0.914062 0.877538
v 0.246260 0.967500 0.862111
v -0.234089 1.056562 0.885550
v 0.217857 1.199063 0.875738
v -0.231978 1.252500 0.888171
v 0.195577 1.341563 0.873651
v -0.217418 1.395000 0.885573
v -0.247681 1.448437 0.882263
v -0.197242 1.537500 0.872491
v 0.131786 1.626562 0.862090
v -0.171060 1.680000 0.855811
v -0.089740 1.769063 0.853710
v 0.138532 1.822500 0.853470
v -0.040594 1.911562 0.855000
v 0.099357 1.965000 0.859179
v 0.241391 1.110000 0.874363
v 0.356832 1.911562 0.823812
v 0.376420 1.893750 0.824870
v 0.205882 2.036250 0.839881
v 0.154796 1.804688 0.850659
v 0.203588 1.751250 0.843053
v -0.356832 1.875937 0.844053
v -0.337245 1.893750 0.841140
v -0.464387 1.733438 0.864798
v -0.448123 1.751250 0.862575
v 0.720480 0.687500 0.795918
v 0.241995 0.790625 0.842818
v 0.229315 0.515625 0.835717
v 0.207792 0.412500 0.848359
v -0.725985 0.653125 0.887387
v -0.731490 0.687500 0.888745
v -0.687946 0.378125 0.876601
v -0.695121 0.412500 0.877541
v -0.597141 0.137500 0.883083
v -0.614462 0.171875 0.879783
v 0.256782 0.137500 0.879264
v 0.204821 0.034375 0.861361
v 0.869473 0.112210 0.468750
v 0.878349 0.150840 0.468750
v 0.927758 0.410309 0.468750
v 0.932814 0.445126 0.468750
v 0.969117 0.687318 0.468750
v 0.976253 0.721432 0.468750
v 0.670901 1.798473 0.468750
v 0.655211 1.816809 0.468750
v 0.560611 1.987038 -1.218750
v 0.508663 2.047969 -0.656250
v 0.363052 2.111053 -1.218750
v 0.320032 2.198288 -0.656250
v 0.149121 2.242435 -1.218750
v 0.084796 2.319149 -0.656250
v -0.154094 2.249871 -1.218750
v -0.250822 2.221601 -0.656250
v -0.360082 2.107211 -1.218750
v -0.466888 2.102507 -0.656250
v -0.531864 1.955426 -1.218750
v -0.640409 1.956732 -0.656250
v -0.689470 1.815427 0.468750
v -0.707820 1.799520 0.468750
v -1.071598 0.670906 0.468750
v -1.067833 0.636252 0.468750
v -1.021498 0.390745 0.468750
v -1.015233 0.356180 0.468750
v -0.941332 0.076003 0.468750
v -0.963685 0.194047 -0.093750
v 0.767268 0.120606 -1.218750
v 0.792136 0.151178 -0.656250
v 0.898113 0.380624 -1.218750
v 0.920427 0.411839 -0.656250
v 0.994823 0.647944 -1.218750
v 0.977881 0.685914 -0.656250
v 0.732122 1.821708 -1.218750
v 0.681161 1.807841 -0.656250
v 0.577689 1.887763 -0.093750
v 0.523658 1.946403 -0.093750
v 0.422672 2.045296 -0.093750
v 0.348110 2.091720 -0.093750
v 0.209258 2.159460 -0.093750
v 0.124349 2.205399 -0.093750
v -0.048678 2.265149 -0.093750
v -0.137197 2.224607 -0.093750
v -0.288854 2.157948 -0.093750
v -0.368891 2.118608 -0.093750
v -0.498633 2.036939 -0.093750
v -0.556931 1.982991 -0.093750
v -0.659944 1.821130 -1.218750
v -0.735576 1.857525 -0.656250
v -1.051896 0.709318 -1.218750
v -1.084372 0.668860 -0.656250
v -0.993945 0.432368 -1.218750
v -1.049933 0.384810 -0.656250
v -0.847889 -0.006221 -0.656250
v -0.929691 0.081868 -0.656250
v 0.750000 0.000000 -0.656250
v -0.750000 0.000000 -0.656250
v 0.187500 0.000000 0.750000
v -1.014215 0.231082 -0.656250
v -1.072903 0.526601 -0.656250
v -1.106055 0.817796 -0.656250
v -1.109475 0.978141 -0.656250
v -1.103658 1.137572 -0.656250
v -1.070017 1.300092 -0.656250
v -1.004060 1.460190 -0.656250
v -0.913913 1.618389 -0.656250
v -0.804874 1.778936 -0.656250
v -0.665484 1.934082 -0.656250
v -0.496088 2.082617 -0.656250
v -0.283408 2.205276 -0.656250
v 0.000000 2.350248 -0.656250
v 0.291849 2.217006 -0.656250
v 0.486335 2.070990 -0.656250
v 0.627801 1.896323 -0.656250
v 0.737263 1.723487 -0.656250
v 0.826850 1.562025 -0.656250
v 0.890922 1.405309 -0.656250
v 0.946325 1.258667 -0.656250
v 0.983439 1.113569 -0.656250
v 0.994338 0.968295 -0.656250
v 0.996675 0.824586 -0.656250
v 0.956265 0.548100 -0.656250
v 0.877330 0.278927 -0.656250
v -0.949422 0.115029 -0.656250
v -1.014984 0.427977 -0.093750
v -1.071167 0.706231 -0.093750
v -1.098254 0.917940 -0.093750
v -1.096836 1.073503 -0.093750
v -1.073209 1.233725 -0.093750
v -1.020228 1.394171 -0.093750
v -0.928288 1.545825 -0.093750
v -0.805783 1.687027 -0.093750
v -0.682775 1.841977 -0.093750
v -0.575864 1.964459 -0.093750
v -0.395370 2.105236 -0.093750
v -0.167270 2.211941 -0.093750
v 0.098050 2.223707 -0.093750
v 0.321925 2.105472 -0.093750
v 0.505535 1.965826 -0.093750
v 0.670368 1.765323 -0.093750
v 0.761632 1.599712 -0.093750
v 0.824593 1.440048 -0.093750
v 0.885430 1.297501 -0.093750
v 0.929183 1.157555 -0.093750
v 0.949190 1.017037 -0.093750
v 0.957813 0.877382 -0.093750
v 0.939780 0.656759 -0.093750
v 0.902601 0.379687 -0.093750
v 0.834368 0.086796 -0.093750
v 0.274103 0.171875 0.872007
v 0.222141 0.275000 0.862861
v 0.200618 0.378125 0.853498
v -0.236490 0.550000 0.857110
v 0.219974 0.653125 0.837133
v -0.247500 0.825000 0.871019
v 0.249361 0.878438 0.852249
v -0.246260 0.967500 0.881344
v 0.253562 1.020937 0.868580
v -0.255512 1.163438 0.886366
v 0.231978 1.252500 0.875558
v -0.253818 1.305938 0.888157
v 0.217418 1.395000 0.868907
v 0.166978 1.484062 0.868187
v 0.197242 1.537500 0.859238
v -0.236515 1.590937 0.866505
v 0.171060 1.680000 0.851892
v 0.219852 1.733438 0.841354
v -0.138532 1.822500 0.842795
v 0.197294 1.875937 0.841780
v -0.099357 1.965000 0.845491
v -0.241391 1.110000 0.886104
v 0.750000 0.000000 0.468750
v -0.750000 0.000000 0.468750
v -0.562500 0.000000 0.750000
v -0.996356 0.237325 0.468750
v -1.051694 0.530510 0.468750
v -1.083402 0.819202 0.468750
v -1.068435 0.974632 0.468750
v -1.047289 1.126318 0.468750
v -1.018575 1.282864 0.468750
v -0.966067 1.441761 0.468750
v -0.880299 1.596628 0.468750
v -0.764842 1.746105 0.468750
v -0.612148 1.880639 0.468750
v -0.432170 2.006418 0.468750
v -0.246228 2.153608 0.468750
v 0.000000 2.325076 0.468750
v 0.244980 2.151873 0.468750
v 0.434510 2.009208 0.468750
v 0.603821 1.872295 0.468750
v 0.734465 1.721192 0.468750
v 0.836514 1.568282 0.468750
v 0.912524 1.415788 0.468750
v 0.963966 1.264575 0.468750
v 0.995502 1.115977 0.468750
v 1.007885 0.969454 0.468750
v 0.999613 0.824403 0.468750
v 0.948116 0.549602 0.468750
v 0.910777 0.267236 0.468750
v -0.875595 -0.020181 0.468750
v -0.954989 0.297009 -1.218750
v -1.031562 0.571548 -1.218750
v -1.058848 0.845231 -1.218750
v -1.039986 0.993154 -1.218750
v -1.017510 1.142782 -1.218750
v -0.983172 1.295874 -1.218750
v -0.925847 1.450340 -1.218750
v -0.842988 1.604636 -1.218750
v -0.727849 1.752482 -1.218750
v -0.475824 2.011858 -1.218750
v -0.290303 2.159823 -1.218750
v -0.070588 2.297907 -1.218750
v 0.231877 2.193276 -1.218750
v 0.439013 2.066440 -1.218750
v 0.624356 1.939080 -1.218750
v 0.669846 1.895498 -1.218750
v 0.796704 1.735222 -1.218750
v 0.899811 1.576748 -1.218750
v 0.973596 1.416687 -1.218750
v 1.019443 1.257630 -1.218750
v 1.045877 1.102830 -1.218750
v 1.052543 0.952016 -1.218750
v 1.033854 0.782720 -1.218750
v 0.951162 0.513042 -1.218750
v 0.841481 0.255622 -1.218750
v -0.545179 0.034375 0.863602
v -0.666423 0.275000 0.877251
v -0.716644 0.515625 0.882650
v 0.709469 0.550000 0.789545
v -0.748005 0.790625 0.892505
v 0.742500 0.825000 0.810201
v -0.738158 0.949687 0.899756
v 0.738779 0.967500 0.819447
v -0.721740 1.092187 0.904206
v 0.691227 1.234688 0.817370
v -0.695933 1.252500 0.896990
v 0.644973 1.377187 0.822054
v -0.652253 1.395000 0.886283
v -0.662341 1.412812 0.884276
v -0.591726 1.537500 0.878678
v 0.500088 1.662187 0.847782
v -0.513179 1.680000 0.869487
v -0.399331 1.804688 0.854186
v 0.415595 1.822500 0.832422
v -0.278482 1.947187 0.834613
v 0.298070 1.965000 0.825851
v 0.724174 1.110000 0.819522
v 0.118944 1.947187 0.856565
v 0.177706 1.893750 0.845482
v 0.007168 2.036250 0.861033
v 0.464387 1.769063 0.839902
v 0.480651 1.751250 0.842072
v -0.118944 1.840312 0.844370
v -0.060182 1.893750 0.852126
v -0.154796 1.697813 0.854726
v -0.106004 1.751250 0.853335
v 0.225480 0.687500 0.837340
v 0.725985 0.721875 0.799373
v 0.687946 0.446875 0.795101
v 0.680772 0.412500 0.798290
v -0.241995 0.584375 0.858470
v -0.258510 0.687500 0.864219
v -0.229315 0.309375 0.850896
v -0.250839 0.412500 0.855091
v -0.152859 0.137500 0.861839
v -0.204821 0.240625 0.851497
v 0.631782 0.137500 0.854024
v 0.614462 0.103125 0.864503
v 0.846095 0.123990 -0.093750
v 0.880976 0.235721 -0.093750
v 0.906967 0.414649 -0.093750
v 0.922063 0.519115 -0.093750
v 0.944135 0.691319 -0.093750
v 0.956354 0.795132 -0.093750
v 0.656379 1.785213 -0.093750
v 0.613814 1.844336 -0.093750
v 0.560683 1.987117 -0.656250
v 0.538569 2.002151 -1.218750
v 0.391906 2.148386 -0.656250
v 0.338140 2.126453 -1.218750
v 0.173601 2.279034 -0.656250
v 0.121779 2.259184 -1.218750
v -0.164929 2.266070 -0.656250
v -0.181532 2.233264 -1.218750
v -0.390717 2.146848 -0.656250
v -0.383256 2.089562 -1.218750
v -0.581094 2.009562 -0.656250
v -0.550553 1.936625 -1.218750
v -0.697278 1.822556 -0.093750
v -0.742151 1.765541 -0.093750
v -1.064515 0.672040 -0.093750
v -1.044936 0.569406 -0.093750
v -1.008854 0.393384 -0.093750
v -0.992699 0.289138 -0.093750
v -0.919790 0.086857 -0.093750
v -0.952537 0.113459 0.468750
v 0.748979 0.043617 -0.656250
v 0.783960 0.155298 -1.218750
v 0.888390 0.310909 -0.656250
v 0.911255 0.413754 -1.218750
v 0.962713 0.582574 -0.656250
v 1.004719 0.681616 -1.218750
v 0.721017 1.746244 -0.656250
v 0.716973 1.840540 -1.218750
v 0.540847 1.925952 0.468750
v 0.520118 1.942510 0.468750
v 0.360837 2.060555 0.468750
v 0.337618 2.078146 0.468750
v 0.165869 2.209846 0.468750
v 0.140321 2.229278 0.468750
v -0.122522 2.260296 0.468750
v -0.147799 2.240458 0.468750
v -0.312434 2.093192 0.468750
v -0.334905 2.074634 0.468750
v -0.498540 1.958134 0.468750
v -0.520582 1.943021 0.468750
v -0.686802 1.910980 -0.656250
v -0.676639 1.803712 -1.218750
v -1.098535 0.772362 -0.656250
v -1.048070 0.674674 -1.218750
v -1.067609 0.488738 -0.656250
v -0.984109 0.398548 -1.218750
v -0.836979 0.085481 -1.218750
v -0.857816 0.118084 -1.218750
v 0.750000 0.000000 -1.359375
v -0.750000 0.000000 -1.359375
v -0.913105 0.266423 -1.359375
v -0.977055 0.544268 -1.359375
v -1.017172 0.823313 -1.359375
v -1.008180 0.969479 -1.359375
v -0.988229 1.114525 -1.359375
v -0.952931 1.260879 -1.359375
v -0.896233 1.407885 -1.359375
v -0.815826 1.554888 -1.359375
v -0.709165 1.700443 -1.359375
v -0.574222 1.842637 -1.359375
v -0.417087 1.988437 -1.359375
v -0.232560 2.134613 -1.359375
v -0.000000 2.283593 -1.359375
v 0.233967 2.136568 -1.359375
v 0.425705 1.998711 -1.359375
v 0.589862 1.858307 -1.359375
v 0.719981 1.709313 -1.359375
v 0.826329 1.561688 -1.359375
v 0.907450 1.413326 -1.359375
v 0.961227 1.263658 -1.359375
v 0.994017 1.115681 -1.359375
v 1.009050 0.969553 -1.359375
v 1.008641 0.823843 -1.359375
v 0.952494 0.548795 -1.359375
v 0.883137 0.276897 -1.359375
v -0.902488 0.246433 -1.359375
v -1.061273 0.507997 0.609375
v -1.084202 0.792285 0.609375
v -1.076803 0.961778 0.609375
v -1.062810 1.114216 0.609375
v -1.033542 1.270884 0.609375
v -0.978032 1.428894 0.609375
v -0.886989 1.581250 0.609375
v -0.771475 1.730397 0.609375
v -0.633049 1.878230 0.609375
v -0.607922 1.901332 0.609375
v -0.431863 2.033372 0.609375
v -0.241373 2.178660 0.609375
v 0.065874 2.319673 0.609375
v 0.267985 2.154762 0.609375
v 0.447744 2.000655 0.609375
v 0.729476 1.737636 0.609375
v 0.829686 1.581143 0.609375
v 0.911065 1.430206 0.609375
v 0.977028 1.282969 0.609375
v 1.012580 1.131951 0.609375
v 1.022709 0.981720 0.609375
v 1.016509 0.834840 0.609375
v 0.974115 0.563119 0.609375
v 0.931958 0.283880 0.609375
v 0.784970 0.003931 0.609375
v 0.786154 0.257812 0.814642
v 0.777494 0.275000 0.810791
v 0.773906 0.292188 0.807402
v -0.827714 0.550000 0.895521
v 0.824962 0.567188 0.790623
v -0.866250 0.825000 0.884713
v 0.866560 0.833906 0.809538
v -0.861908 0.967500 0.891342
v 0.863126 0.976406 0.816282
v -0.847223 1.118906 0.901345
v 0.811922 1.252500 0.815202
v -0.815562 1.261406 0.896027
v 0.760961 1.395000 0.814940
v 0.685303 1.528594 0.827136
v 0.690347 1.537500 0.827535
v -0.844870 1.110000 0.901721
v 0.750000 0.000000 -0.234375
v -0.750000 0.000000 -0.234375
v -0.992429 0.238697 -0.234375
v -1.066897 0.527708 -0.234375
v -1.129405 0.816346 -0.234375
v -1.128888 0.979801 -0.234375
v -1.110290 1.138896 -0.234375
v -1.065819 1.298686 -0.234375
v -0.994771 1.455684 -0.234375
v -0.905773 1.613120 -0.234375
v -0.789151 1.766042 -0.234375
v -0.642358 1.910910 -0.234375
v -0.476858 2.059692 -0.234375
v -0.270563 2.187425 -0.234375
v -0.000000 2.297556 -0.234375
v 0.251494 2.160925 -0.234375
v 0.460499 2.040191 -0.234375
v 0.611407 1.879897 -0.234375
v 0.719751 1.709125 -0.234375
v 0.791272 1.538992 -0.234375
v 0.853158 1.386990 -0.234375
v 0.904988 1.244823 -0.234375
v 0.941200 1.105135 -0.234375
v 0.960741 0.965422 -0.234375
v 0.967424 0.826401 -0.234375
v 0.936356 0.551770 -0.234375
v 0.900400 0.270863 -0.234375
v -0.924323 0.063022 -0.234375
v -1.053424 0.366145 -0.515625
v -1.103621 0.648149 -0.515625
v -1.137717 0.892563 -0.515625
v -1.138286 1.051949 -0.515625
v -1.116535 1.216589 -0.515625
v -1.053897 1.376749 -0.515625
v -0.961814 1.529523 -0.515625
v -0.855999 1.682782 -0.515625
v -0.725656 1.832137 -0.515625
v -0.549295 1.994271 -0.515625
v -0.361846 2.133309 -0.515625
v -0.140167 2.257862 -0.515625
v 0.189501 2.273992 -0.515625
v 0.399983 2.135020 -0.515625
v 0.570202 1.977909 -0.515625
v 0.680120 1.823222 -0.515625
v 0.773460 1.649554 -0.515625
v 0.839233 1.483628 -0.515625
v 0.894904 1.332555 -0.515625
v 0.944815 1.190270 -0.515625
v 0.976220 1.047948 -0.515625
v 0.990477 0.905270 -0.515625
v 0.980900 0.703059 -0.515625
v 0.932896 0.427173 -0.515625
v 0.822797 0.157280 -0.515625
v -0.033128 0.120313 0.872128
v -0.111071 0.275000 0.846488
v -0.143355 0.429688 0.840655
v 0.118245 0.550000 0.850903
v -0.143018 0.704687 0.847169
v 0.123750 0.825000 0.845668
v -0.120959 0.905156 0.870323
v 0.123130 0.967500 0.855428
v -0.112176 1.047656 0.887926
v 0.099515 1.190156 0.876137
v -0.115989 1.252500 0.894162
v 0.083228 1.332656 0.882173
v -0.108709 1.395000 0.889933
v -0.144016 1.457344 0.883374
v -0.098621 1.537500 0.876604
v 0.120696 1.110000 0.869066
v 0.844230 0.687500 0.798027
v 0.120997 0.807812 0.845294
v 0.114658 0.532812 0.851621
v 0.089547 0.412500 0.860676
v -0.846982 0.670313 0.890453
v -0.849735 0.687500 0.889635
v -0.802604 0.395313 0.896069
v -0.806191 0.412500 0.896283
v -0.708212 0.137500 0.895182
v -0.716872 0.154687 0.894196
v 0.102410 0.017188 0.789904
v 0.886474 0.103644 0.609375
v 0.890722 0.123055 0.609375
v 0.948056 0.406073 0.609375
v 0.950957 0.423404 0.609375
v 0.991374 0.683753 0.609375
v 0.994081 0.700948 0.609375
v 0.675912 1.803049 0.609375
v 0.667946 1.812106 0.609375
v 0.508720 1.929976 -1.359375
v 0.497738 2.055631 -0.515625
v 0.329064 2.067078 -1.359375
v 0.305659 2.203507 -0.515625
v 0.125201 2.206672 -1.359375
v 0.069561 2.325185 -0.515625
v -0.126225 2.208203 -1.359375
v -0.249563 2.190904 -0.515625
v -0.324726 2.061464 -1.359375
v -0.461406 2.071597 -0.515625
v -0.495276 1.915192 -1.359375
v -0.628440 1.923895 -0.515625
v -0.692387 1.818091 0.609375
v -0.700785 1.809427 0.609375
v -1.075959 0.670207 0.609375
v -1.074881 0.652752 0.609375
v -1.045370 0.385763 0.609375
v -1.043204 0.368278 0.609375
v -0.957683 0.067764 0.609375
v -0.979101 0.207830 -0.234375
v 0.803212 0.124046 -1.359375
v 0.814087 0.140118 -0.515625
v 0.912400 0.395578 -1.359375
v 0.928528 0.410149 -0.515625
v 0.977277 0.668383 -1.359375
v 0.978747 0.685776 -0.515625
v 0.663237 1.775143 -1.359375
v 0.686294 1.812527 -0.515625
v 0.600176 1.892815 -0.234375
v 0.537965 1.962135 -0.234375
v 0.445859 2.051481 -0.234375
v 0.359350 2.106263 -0.234375
v 0.234602 2.168536 -0.234375
v 0.133434 2.218980 -0.234375
v -0.040679 2.282004 -0.234375
v -0.144352 2.235304 -0.234375
v -0.286609 2.178859 -0.234375
v -0.376877 2.128941 -0.234375
v -0.490226 2.047371 -0.234375
v -0.557880 1.984034 -0.234375
v -0.632786 1.780003 -1.359375
v -0.716845 1.840423 -0.515625
v -1.001127 0.699820 -1.359375
v -1.106678 0.665288 -0.515625
v -0.949694 0.423667 -1.359375
v -1.056571 0.383425 -0.515625
v -0.794297 -0.000769 -0.515625
v -0.954611 0.069312 -0.515625
v 0.750000 0.000000 -0.796875
v -0.750000 0.000000 -0.796875
v -0.985547 0.241102 -0.796875
v -1.058849 0.529192 -0.796875
v -1.097323 0.818338 -0.796875
v -1.098762 0.977225 -0.796875
v -1.090605 1.134966 -0.796875
v -1.059990 1.296734 -0.796875
v -1.002869 1.459612 -0.796875
v -0.923814 1.624800 -0.796875
v -0.821210 1.792333 -0.796875
v -0.687181 1.955823 -0.796875
v -0.516892 2.107418 -0.796875
v -0.301473 2.230381 -0.796875
v -0.000000 2.367165 -0.796875
v 0.292540 2.217967 -0.796875
v 0.483044 2.067066 -0.796875
v 0.630655 1.899183 -0.796875
v 0.748115 1.732386 -0.796875
v 0.838506 1.569571 -0.796875
v 0.903960 1.411634 -0.796875
v 0.960862 1.263535 -0.796875
v 1.001433 1.117162 -0.796875
v 1.016469 0.970188 -0.796875
v 1.014357 0.823488 -0.796875
v 0.951672 0.548947 -0.796875
v 0.856943 0.286052 -0.796875
v -0.931658 0.145531 -0.796875
v -1.018750 0.445127 0.046875
v -1.065779 0.724723 0.046875
v -1.086475 0.926447 0.046875
v -1.084456 1.080884 0.046875
v -1.062593 1.240448 0.046875
v -1.008761 1.399878 0.046875
v -0.909557 1.546980 0.046875
v -0.782428 1.683580 0.046875
v -0.663280 1.840508 0.046875
v -0.574202 1.942956 0.046875
v -0.398358 2.085287 0.046875
v -0.181285 2.204079 0.046875
v 0.094975 2.247924 0.046875
v 0.307385 2.110476 0.046875
v 0.487009 1.965129 0.046875
v 0.674451 1.752720 0.046875
v 0.768806 1.591267 0.046875
v 0.831437 1.432161 0.046875
v 0.890445 1.289157 0.046875
v 0.931624 1.148672 0.046875
v 0.948401 1.007856 0.046875
v 0.951742 0.868253 0.046875
v 0.922304 0.641930 0.046875
v 0.882704 0.365904 0.046875
v 0.821285 0.071837 0.046875
v 0.376513 0.189063 0.860164
v 0.333212 0.275000 0.845458
v 0.315276 0.360938 0.833400
v -0.354735 0.550000 0.867156
v 0.340972 0.635937 0.820790
v -0.371250 0.825000 0.879254
v 0.372801 0.869531 0.854774
v -0.369389 0.967500 0.886304
v 0.375475 1.012031 0.872575
v -0.373854 1.154531 0.888276
v 0.347967 1.252500 0.873481
v -0.366167 1.297031 0.890926
v 0.326126 1.395000 0.861588
v 0.270643 1.492969 0.855322
v 0.295863 1.537500 0.849304
v -0.362087 1.110000 0.887905
v 0.750000 0.000000 0.328125
v -0.750000 0.000000 0.328125
v -0.963059 0.248962 0.328125
v -1.038582 0.532927 0.328125
v -1.083246 0.819212 0.328125
v -1.072381 0.974969 0.328125
v -1.052371 1.127332 0.328125
v -1.026812 1.285622 0.328125
v -0.974921 1.446056 0.328125
v -0.885760 1.600164 0.328125
v -0.761558 1.743412 0.328125
v -0.596626 1.865086 0.328125
v -0.419072 1.990804 0.328125
v -0.238347 2.142655 0.328125
v -0.000000 2.321611 0.328125
v 0.247306 2.155106 0.328125
v 0.439524 2.015185 0.328125
v 0.598530 1.866993 0.328125
v 0.723627 1.712303 0.328125
v 0.826370 1.561715 0.328125
v 0.897043 1.408278 0.328125
v 0.941059 1.256903 0.328125
v 0.973909 1.111666 0.328125
v 0.989603 0.967890 0.328125
v 0.981386 0.825535 0.328125
v 0.929587 0.553018 0.328125
v 0.898477 0.271535 0.328125
v -0.884144 -0.002938 0.328125
v -0.970131 0.311785 -1.078125
v -1.056530 0.585177 -1.078125
v -1.088547 0.855182 -1.078125
v -1.069543 1.006265 -1.078125
v -1.045570 1.159725 -1.078125
v -1.005633 1.315448 -1.078125
v -0.943705 1.472217 -1.078125
v -0.859018 1.630134 -1.078125
v -0.745255 1.784707 -1.078125
v -0.527888 2.049434 -1.078125
v -0.328131 2.184952 -1.078125
v -0.094340 2.304604 -1.078125
v 0.232384 2.222849 -1.078125
v 0.441435 2.093390 -1.078125
v 0.628158 1.962936 -1.078125
v 0.691794 1.899206 -1.078125
v 0.808411 1.730109 -1.078125
v 0.900409 1.565324 -1.078125
v 0.976930 1.407656 -1.078125
v 1.033498 1.251816 -1.078125
v 1.067238 1.096676 -1.078125
v 1.080444 0.944071 -1.078125
v 1.060400 0.760841 -1.078125
v 0.956913 0.493905 -1.078125
v 0.812755 0.248545 -1.078125
v -0.442769 0.051563 0.891447
v -0.555353 0.275000 0.857273
v -0.601986 0.498438 0.857189
v 0.591224 0.550000 0.805237
v -0.627008 0.773438 0.880722
v 0.618750 0.825000 0.818831
v -0.614719 0.940781 0.890447
v 0.615649 0.967500 0.826333
v -0.599827 1.083281 0.893206
v 0.572884 1.225781 0.831999
v -0.579944 1.252500 0.892013
v 0.532624 1.368281 0.840117
v -0.543544 1.395000 0.890452
v -0.558676 1.421719 0.888719
v -0.493105 1.537500 0.883238
v 0.603478 1.110000 0.828158
v 0.349230 0.687500 0.826250
v 0.604987 0.739063 0.813318
v 0.573289 0.464063 0.810423
v 0.562527 0.412500 0.815527
v -0.362992 0.601562 0.868503
v -0.376755 0.687500 0.871742
v -0.343973 0.326562 0.860158
v -0.361909 0.412500 0.861131
v -0.263929 0.137500 0.870559
v -0.307231 0.223438 0.863388
v 0.512051 0.085938 0.880673
v 0.837399 0.128371 0.046875
v 0.863494 0.222979 0.046875
v 0.887847 0.418639 0.046875
v 0.899917 0.505801 0.046875
v 0.930741 0.693464 0.046875
v 0.944362 0.779424 0.046875
v 0.652241 1.781434 0.046875
v 0.614903 1.828999 0.046875
v 0.559073 1.985346 -0.796875
v 0.542662 2.026328 -1.078125
v 0.389798 2.145659 -0.796875
v 0.341388 2.154472 -1.078125
v 0.178016 2.285635 -0.796875
v 0.122551 2.289153 -1.078125
v -0.177975 2.285575 -0.796875
v -0.207455 2.243206 -1.078125
v -0.410778 2.172805 -0.796875
v -0.430275 2.126582 -1.078125
v -0.602990 2.033640 -0.796875
v -0.600205 1.971550 -1.078125
v -0.684449 1.810843 0.046875
v -0.720515 1.762117 0.046875
v -1.057675 0.673135 0.046875
v -1.044734 0.587066 0.046875
v -1.010346 0.393073 0.046875
v -0.997331 0.306108 0.046875
v -0.918340 0.087588 0.046875
v -0.924267 0.149255 0.328125
v 0.733588 0.072923 -0.796875
v 0.765169 0.164766 -1.078125
v 0.874598 0.331723 -0.796875
v 0.911799 0.413640 -1.078125
v 0.964937 0.599846 -0.796875
v 1.033138 0.677065 -1.078125
v 0.723813 1.765128 -0.796875
v 0.728699 1.851246 -1.078125
v 0.549442 1.915729 0.328125
v 0.520617 1.943058 0.328125
v 0.378717 2.059873 0.328125
v 0.343559 2.085832 0.328125
v 0.178390 2.199752 0.328125
v 0.139622 2.228233 0.328125
v -0.105511 2.263678 0.328125
v -0.142384 2.232362 0.328125
v -0.293321 2.092280 0.328125
v -0.326099 2.063241 0.328125
v -0.472046 1.948675 0.328125
v -0.504423 1.925251 0.328125
v -0.716342 1.921620 -0.796875
v -0.707522 1.831910 -1.078125
v -1.087487 0.756503 -0.796875
v -1.073715 0.670567 -1.078125
v -1.048261 0.474840 -0.796875
v -0.996184 0.396028 -1.078125
v -0.845882 0.059444 -1.078125
v -0.875006 0.109422 -1.078125
v 0.750000 0.000000 -1.078125
v -0.750000 0.000000 -1.078125
v -0.953640 0.252255 -1.078125
v -1.042866 0.532138 -1.078125
v -1.091496 0.818699 -1.078125
v -1.075188 0.975209 -1.078125
v -1.052613 1.127380 -1.078125
v -1.017999 1.282671 -1.078125
v -0.960347 1.438986 -1.078125
v -0.881349 1.597308 -1.078125
v -0.772872 1.752690 -1.078125
v -0.647748 1.916311 -1.078125
v -0.494620 2.080866 -1.078125
v -0.285229 2.207806 -1.078125
v 0.000000 2.346875 -1.078125
v 0.276897 2.196228 -1.078125
v 0.483837 2.068012 -1.078125
v 0.663260 1.931853 -1.078125
v 0.788257 1.765308 -1.078125
v 0.883577 1.598750 -1.078125
v 0.963674 1.440600 -1.078125
v 1.024766 1.284937 -1.078125
v 1.062949 1.129444 -1.078125
v 1.080198 0.975638 -1.078125
v 1.075516 0.819692 -1.078125
v 0.981896 0.543376 -1.078125
v 0.846253 0.289788 -1.078125
v -0.921583 0.193710 -1.078125
v -1.023000 0.480112 0.328125
v -1.077128 0.758162 0.328125
v -1.074870 0.943877 0.328125
v -1.056049 1.095147 0.328125
v -1.032872 1.251651 0.328125
v -0.987984 1.412174 0.328125
v -0.905557 1.568240 0.328125
v -0.788109 1.715189 0.328125
v -0.628292 1.841225 0.328125
v -0.560264 1.888276 0.328125
v -0.382758 2.017469 0.328125
v -0.201308 2.176388 0.328125
v 0.077401 2.279279 0.328125
v 0.284510 2.128512 0.328125
v 0.471578 1.987512 0.328125
v 0.699124 1.742586 0.328125
v 0.806110 1.591249 0.328125
v 0.884163 1.438496 0.328125
v 0.932451 1.285537 0.328125
v 0.966733 1.138893 0.328125
v 0.987673 0.995078 0.328125
v 0.983466 0.851524 0.328125
v 0.934859 0.604663 0.328125
v 0.904410 0.325501 0.328125
v 0.828477 0.025111 0.328125
v 0.581333 0.223438 0.841852
v 0.555353 0.275000 0.835628
v 0.544591 0.326562 0.828334
v -0.591224 0.550000 0.858141
v 0.582967 0.601562 0.806934
v -0.618750 0.825000 0.883580
v 0.619680 0.851719 0.820737
v -0.615649 0.967500 0.891842
v 0.619300 0.994219 0.826341
v -0.610539 1.136719 0.893137
v 0.579944 1.252500 0.830410
v -0.590865 1.279219 0.891840
v 0.543544 1.395000 0.838829
v 0.477973 1.510781 0.848885
v 0.493105 1.537500 0.848307
v -0.603478 1.110000 0.893091
v 0.750000 0.000000 0.046875
v -0.750000 0.000000 0.046875
v -0.986016 0.240939 0.046875
v -1.035712 0.533456 0.046875
v -1.081985 0.819290 0.046875
v -1.088667 0.976362 0.046875
v -1.081069 1.133062 0.046875
v -1.051167 1.293779 0.046875
v -0.984156 1.450536 0.046875
v -0.872353 1.591484 0.046875
v -0.746113 1.730745 0.046875
v -0.623821 1.892335 0.046875
v -0.463536 2.043810 0.046875
v -0.254937 2.165710 0.046875
v 0.000000 2.299667 0.046875
v 0.244450 2.151136 0.046875
v 0.438988 2.014546 0.046875
v 0.590446 1.858892 0.046875
v 0.711658 1.702488 0.046875
v 0.791410 1.539081 0.046875
v 0.852340 1.386593 0.046875
v 0.907829 1.245774 0.046875
v 0.940587 1.105013 0.046875
v 0.951836 0.964661 0.046875
v 0.951753 0.827374 0.046875
v 0.908844 0.556841 0.046875
v 0.878272 0.278597 0.046875
v -0.895681 0.034351 0.046875
v -1.013622 0.338580 -0.796875
v -1.069348 0.618381 -0.796875
v -1.097175 0.873317 -0.796875
v -1.095661 1.027979 -0.796875
v -1.080799 1.188090 -0.796875
v -1.041411 1.350858 -0.796875
v -0.975848 1.513946 -0.796875
v -0.890197 1.680482 -0.796875
v -0.777242 1.846575 -0.796875
v -0.573199 2.059908 -0.796875
v -0.371686 2.193673 -0.796875
v -0.134903 2.307621 -0.796875
v 0.220053 2.262042 -0.796875
v 0.423649 2.118010 -0.796875
v 0.584885 1.954704 -0.796875
v 0.668045 1.844859 -0.796875
v 0.778808 1.680919 -0.796875
v 0.858777 1.518221 -0.796875
v 0.920886 1.363962 -0.796875
v 0.973744 1.216971 -0.796875
v 1.007214 1.070328 -0.796875
v 1.015961 0.923991 -0.796875
v 0.995811 0.735928 -0.796875
v 0.923612 0.464983 -0.796875
v 0.802759 0.210479 -0.796875
v -0.237949 0.085938 0.877530
v -0.333212 0.275000 0.861229
v -0.372671 0.464063 0.862602
v 0.354735 0.550000 0.814021
v -0.385013 0.739063 0.874388
v 0.371250 0.825000 0.847578
v -0.367839 0.922969 0.884330
v 0.369389 0.967500 0.868525
v -0.356002 1.065469 0.888044
v 0.336200 1.207969 0.877158
v -0.347967 1.252500 0.889570
v 0.307926 1.350469 0.867219
v -0.326126 1.395000 0.888696
v -0.351346 1.439531 0.888066
v -0.295863 1.537500 0.876958
v 0.362087 1.110000 0.878222
v 0.596730 0.687500 0.810218
v 0.362992 0.773438 0.839071
v 0.343973 0.498438 0.815573
v 0.326037 0.412500 0.824748
v -0.604987 0.635937 0.866903
v -0.613245 0.687500 0.872272
v -0.573289 0.360938 0.852400
v -0.584050 0.412500 0.852563
v -0.486071 0.137500 0.874859
v -0.512051 0.189063 0.866728
v 0.307231 0.051563 0.890818
v 0.853100 0.120460 0.328125
v 0.868880 0.177163 0.328125
v 0.914134 0.413153 0.328125
v 0.919934 0.465751 0.328125
v 0.949604 0.690443 0.328125
v 0.960773 0.741539 0.328125
v 0.661665 1.790039 0.328125
v 0.639116 1.818444 0.328125
v 0.575356 2.003252 -1.078125
v 0.514515 2.034728 -0.796875
v 0.378601 2.131172 -1.078125
v 0.331844 2.189756 -0.796875
v 0.163893 2.264520 -1.078125
v 0.106981 2.323503 -0.796875
v -0.164032 2.264728 -1.078125
v -0.252019 2.252204 -0.796875
v -0.392753 2.149483 -1.078125
v -0.474299 2.135911 -0.796875
v -0.573672 2.001400 -1.078125
v -0.651981 1.989133 -0.796875
v -0.678768 1.805655 0.328125
v -0.709027 1.784290 0.328125
v -1.065937 0.671812 0.328125
v -1.057159 0.620333 0.328125
v -0.997115 0.395834 0.328125
v -0.983361 0.344896 0.328125
v -0.907919 0.092839 0.328125
v -0.957100 0.175813 0.046875
v 0.743352 0.111105 -1.078125
v 0.773124 0.160758 -0.796875
v 0.885065 0.365411 -1.078125
v 0.905709 0.414911 -0.796875
v 1.014884 0.627103 -1.078125
v 0.984730 0.684817 -0.796875
v 0.749698 1.821426 -1.078125
v 0.688667 1.814695 -0.796875
v 0.561034 1.889124 0.046875
v 0.514611 1.936455 0.046875
v 0.403044 2.043716 0.046875
v 0.343881 2.086249 0.046875
v 0.201462 2.176618 0.046875
v 0.134386 2.220405 0.046875
v -0.069594 2.267607 0.046875
v -0.139121 2.227484 0.046875
v -0.295153 2.142282 0.046875
v -0.359787 2.106829 0.046875
v -0.496920 2.015379 0.046875
v -0.545636 1.970571 0.046875
v -0.686102 1.861346 -1.078125
v -0.754480 1.874786 -0.796875
v -1.081244 0.722246 -1.078125
v -1.075391 0.670298 -0.796875
v -1.013169 0.446292 -1.078125
v -1.027730 0.389444 -0.796875
v -0.859420 0.009520 -0.796875
v -0.903655 0.094987 -0.796875
v 0.750000 0.000000 -0.515625
v -0.750000 0.000000 -0.515625
v -1.028511 0.226086 -0.515625
v -1.083739 0.524604 -0.515625
v -1.135120 0.815991 -0.515625
v -1.141168 0.980852 -0.515625
v -1.132925 1.143416 -0.515625
v -1.088976 1.306441 -0.515625
v -1.007473 1.461846 -0.515625
v -0.907649 1.614335 -0.515625
v -0.790785 1.767381 -0.515625
v -0.642873 1.911426 -0.515625
v -0.477097 2.059977 -0.515625
v -0.266889 2.182319 -0.515625
v 0.000000 2.347326 -0.515625
v 0.290100 2.214576 -0.515625
v 0.484242 2.068495 -0.515625
v 0.632447 1.900979 -0.515625
v 0.738014 1.724103 -0.515625
v 0.815065 1.554395 -0.515625
v 0.873051 1.396640 -0.515625
v 0.926736 1.252107 -0.515625
v 0.967869 1.110460 -0.515625
v 0.987283 0.967692 -0.515625
v 0.995786 0.824641 -0.515625
v 0.960078 0.547398 -0.515625
v 0.890891 0.274187 -0.515625
v -0.963410 0.086430 -0.515625
v -1.030813 0.406737 -0.234375
v -1.104121 0.683325 -0.234375
v -1.129957 0.910127 -0.234375
v -1.119174 1.067483 -0.234375
v -1.087218 1.227899 -0.234375
v -1.025966 1.386122 -0.234375
v -0.945379 1.543742 -0.234375
v -0.841851 1.699818 -0.234375
v -0.706787 1.847571 -0.234375
v -0.567697 1.975154 -0.234375
v -0.389428 2.121363 -0.234375
v -0.159768 2.229538 -0.234375
v 0.119819 2.227440 -0.234375
v 0.346404 2.113329 -0.234375
v 0.528918 1.971863 -0.234375
v 0.674622 1.785539 -0.234375
v 0.760994 1.612959 -0.234375
v 0.824521 1.451770 -0.234375
v 0.882011 1.306498 -0.234375
v 0.925499 1.166110 -0.234375
v 0.952192 1.026519 -0.234375
v 0.964826 0.886543 -0.234375
v 0.948363 0.673013 -0.234375
v 0.916990 0.394621 -0.234375
v 0.834974 0.108042 -0.234375
v 0.171692 0.154687 0.882903
v 0.111071 0.275000 0.874582
v 0.085960 0.395313 0.862141
v -0.118245 0.550000 0.838544
v 0.098977 0.670313 0.846779
v -0.123750 0.825000 0.858948
v 0.125921 0.887344 0.848828
v -0.123130 0.967500 0.879183
v 0.131649 1.029844 0.861533
v -0.137169 1.172344 0.892164
v 0.115989 1.252500 0.878144
v -0.141469 1.314844 0.892396
v 0.108709 1.395000 0.879356
v 0.063314 1.475156 0.879379
v 0.098621 1.537500 0.872661
v -0.120696 1.110000 0.891295
v 0.750000 0.000000 0.609375
v -0.750000 0.000000 0.609375
v -1.021641 0.228487 0.609375
v -1.064262 0.528194 0.609375
v -1.086588 0.819004 0.609375
v -1.076130 0.975290 0.609375
v -1.060824 1.129020 0.609375
v -1.029555 1.286541 0.609375
v -0.971310 1.444304 0.609375
v -0.878164 1.595246 0.609375
v -0.761543 1.743399 0.609375
v -0.621399 1.889908 0.609375
v -0.446716 2.023759 0.609375
v -0.255661 2.166716 0.609375
v 0.000000 2.345858 0.609375
v 0.255495 2.166485 0.609375
v 0.435513 2.010404 0.609375
v 0.607609 1.876091 0.609375
v 0.739444 1.725275 0.609375
v 0.837580 1.568972 0.609375
v 0.917821 1.418357 0.609375
v 0.981948 1.270597 0.609375
v 1.014903 1.119851 0.609375
v 1.023279 0.970770 0.609375
v 1.016056 0.823382 0.609375
v 0.972147 0.545173 0.609375
v 0.929177 0.260805 0.609375
v -0.799937 -0.003611 0.609375
v -0.918062 0.286780 -1.359375
v -0.980157 0.562152 -1.359375
v -1.016583 0.834843 -1.359375
v -1.006683 0.979530 -1.359375
v -0.985700 1.124849 -1.359375
v -0.948933 1.271486 -1.359375
v -0.890463 1.418538 -1.359375
v -0.808327 1.565445 -1.359375
v -0.699753 1.710497 -1.359375
v -0.427656 1.978566 -1.359375
v -0.244820 2.124789 -1.359375
v -0.032221 2.269358 -1.359375
v 0.219464 2.145903 -1.359375
v 0.412339 2.008111 -1.359375
v 0.578390 1.868858 -1.359375
v 0.599563 1.847655 -1.359375
v 0.727800 1.698299 -1.359375
v 0.832756 1.550536 -1.359375
v 0.911898 1.401865 -1.359375
v 0.963822 1.252461 -1.359375
v 0.995271 1.104987 -1.359375
v 1.009120 0.959421 -1.359375
v 1.005020 0.804966 -1.359375
v 0.947962 0.531646 -1.359375
v 0.874150 0.260712 -1.359375
v -0.647590 0.017188 0.793323
v -0.777494 0.275000 0.893609
v -0.831301 0.532812 0.895916
v 0.827714 0.550000 0.791073
v -0.869003 0.807812 0.884252
v 0.866250 0.825000 0.808925
v -0.861598 0.958594 0.890830
v 0.861908 0.967500 0.816124
v -0.843653 1.101094 0.901863
v 0.809569 1.243594 0.815342
v -0.811922 1.252500 0.897342
v 0.757321 1.386094 0.814372
v -0.760961 1.395000 0.881226
v -0.766005 1.403906 0.879649
v -0.690347 1.537500 0.867927
v 0.844870 1.110000 0.818063
v 0.101730 0.687500 0.846219
v 0.846982 0.704687 0.799610
v 0.802604 0.429688 0.792208
v 0.799017 0.412500 0.793158
v -0.120997 0.567188 0.838697
v -0.140265 0.687500 0.845401
v -0.114658 0.292188 0.844973
v -0.139768 0.412500 0.840512
v -0.041788 0.137500 0.868899
v -0.102410 0.257812 0.848548
v 0.716872 0.120313 0.850663
v 0.841955 0.126076 -0.234375
v 0.892571 0.251430 -0.234375
v 0.919385 0.412057 -0.234375
v 0.934439 0.534468 -0.234375
v 0.950538 0.690293 -0.234375
v 0.965672 0.811268 -0.234375
v 0.668134 1.795946 -0.234375
v 0.621005 1.867234 -0.234375
v 0.561469 1.987982 -0.515625
v 0.498603 1.938527 -1.359375
v 0.388300 2.143720 -0.515625
v 0.317256 2.075616 -1.359375
v 0.175186 2.281403 -0.515625
v 0.111754 2.215382 -1.359375
v -0.152986 2.248213 -0.515625
v -0.139499 2.199235 -1.359375
v -0.374755 2.126195 -0.515625
v -0.336176 2.052463 -1.359375
v -0.558958 1.985220 -0.515625
v -0.504971 1.906177 -1.359375
v -0.715451 1.839150 -0.234375
v -0.776013 1.780127 -0.234375
v -1.100286 0.666311 -0.234375
v -1.071704 0.547490 -0.234375
v -1.026111 0.389782 -0.234375
v -0.999155 0.269855 -0.234375
v -0.930714 0.081353 -0.234375
v -0.964816 0.085721 0.609375
v 0.759805 0.016611 -0.515625
v 0.811754 0.141293 -1.359375
v 0.895780 0.291430 -0.515625
v 0.916742 0.412609 -1.359375
v 0.962627 0.564959 -0.515625
v 0.980733 0.685458 -1.359375
v 0.729379 1.737548 -0.515625
v 0.655345 1.784269 -1.359375
v 0.532504 1.936455 0.609375
v 0.521869 1.944436 0.609375
v 0.352759 2.073919 0.609375
v 0.341837 2.083604 0.609375
v 0.167085 2.240478 0.609375
v 0.154372 2.250285 0.609375
v -0.145058 2.265174 0.609375
v -0.157360 2.254753 0.609375
v -0.335118 2.098726 0.609375
v -0.346696 2.089891 0.609375
v -0.524059 1.966520 0.609375
v -0.534686 1.958530 0.609375
v -0.655516 1.898744 -0.515625
v -0.641150 1.771308 -1.359375
v -1.130043 0.784944 -0.515625
v -0.998766 0.682570 -1.359375
v -1.079724 0.504146 -0.515625
v -0.945780 0.406548 -1.359375
v -0.828471 0.111319 -1.359375
v -0.837690 0.128225 -1.359375
vn -0.5774 -0.5773 0.5774
vn -0.5774 0.5773 0.5773
vn 0.3970 -0.4165 -0.8179
vn -0.5774 -0.5773 -0.5773
vn 0.7152 0.2390 -0.6568
vn -0.5774 0.5774 -0.5773
vn 0.7559 0.0737 -0.6506
vn 0.5774 -0.5774 0.5773
vn 0.7974 0.0003 -0.6035
vn 0.5773 0.5774 0.5774
vn 0.7965 -0.0468 -0.6028
vn 0.5774 -0.5773 -0.5773
vn 0.7961 -0.0977 -0.5972
vn 0.5774 0.5774 -0.5773
vn 0.7558 -0.2321 -0.6123
vn 0.6765 -0.3754 -0.6336
vn 0.6139 -0.4584 -0.6427
vn 0.5825 -0.4843 -0.6528
vn 0.5042 -0.5594 -0.6580
vn 0.4462 -0.6054 -0.6591
vn 0.5201 -0.5786 -0.6283
vn -0.0046 -0.8426 -0.5385
vn -0.5556 -0.5517 -0.6220
vn -0.4813 -0.6016 -0.6374
vn -0.5043 -0.5674 -0.6510
vn -0.6176 -0.4417 -0.6507
vn -0.6641 -0.3691 -0.6502
vn -0.6717 -0.3272 -0.6646
vn -0.7121 -0.2226 -0.6659
vn -0.7580 -0.0820 -0.6471
vn -0.7781 0.0137 -0.6280
vn -0.7941 0.0839 -0.6020
vn -0.7382 0.1216 -0.6635
vn -0.7639 0.1005 -0.6375
vn -0.4594 -0.5404 -0.7049
vn 0.7517 0.0412 -0.6582
vn 0.7508 -0.0695 -0.6569
vn 0.7351 -0.1464 -0.6620
vn 0.6873 -0.3288 -0.6477
vn 0.7169 -0.2352 -0.6563
vn 0.7617 0.1439 -0.6318
vn 0.4576 -0.6302 -0.6273
vn -0.0024 -0.6178 -0.7863
vn -0.5081 -0.6186 -0.5993
vn -0.4544 -0.6393 -0.6203
vn 0.5962 -0.4893 -0.6365
vn 0.5402 -0.5426 -0.6433
vn 0.4972 -0.5895 -0.6366
vn 0.6470 -0.4149 -0.6397
vn 0.6980 0.2461 -0.6725
vn 0.7325 -0.4165 -0.5384
vn -0.6695 -0.4313 -0.6047
vn -0.6225 -0.5050 -0.5979
vn -0.6966 -0.4437 -0.5637
vn -0.5722 -0.5731 -0.5867
vn -0.7525 -0.1419 -0.6432
vn -0.7314 0.0533 -0.6799
vn -0.7542 -0.0576 -0.6541
vn -0.6233 0.2247 -0.7490
vn -0.7074 0.1395 -0.6929
vn -0.7411 -0.2381 -0.6277
vn -0.7132 -0.3416 -0.6121
vn 0.6742 0.3480 -0.6514
vn -0.6126 0.3112 -0.7266
vn -0.6922 0.1541 -0.7051
vn -0.7306 0.1253 -0.6712
vn -0.6045 -0.5478 -0.5783
vn -0.5463 -0.6058 -0.5785
vn -0.4823 -0.6359 -0.6026
vn -0.4343 -0.6550 -0.6184
vn 0.4364 -0.6560 -0.6159
vn 0.4799 -0.6175 -0.6232
vn 0.5238 -0.5725 -0.6307
vn 0.5719 -0.5277 -0.6281
vn 0.7703 0.1217 -0.6259
vn 0.7570 0.1625 -0.6328
vn -0.8763 -0.4806 0.0335
vn 0.9758 -0.1566 -0.1524
vn 0.0416 -0.3656 -0.9299
vn 0.9461 0.2991 -0.1238
vn 0.4835 0.5767 -0.6585
vn 0.9676 0.2467 -0.0541
vn 0.7254 0.1385 -0.6743
vn 0.9947 0.1006 -0.0228
vn 0.7607 0.0318 -0.6483
vn 0.9975 -0.0524 -0.0478
vn 0.9792 -0.1851 -0.0836
vn 0.9143 -0.3945 -0.0918
vn 0.8706 -0.4894 -0.0507
vn 0.8422 -0.5392 -0.0048
vn 0.7341 -0.6790 -0.0094
vn 0.6509 -0.7591 -0.0051
vn 0.5371 -0.5070 -0.6741
vn 0.6373 -0.7706 -0.0052
vn 0.4522 -0.5849 -0.6734
vn 0.4469 -0.8946 0.0092
vn 0.4637 -0.5920 -0.6592
vn 0.0467 -0.9828 -0.1787
vn 0.4736 -0.5915 -0.6525
vn -0.4983 -0.8390 -0.2189
vn -0.4821 -0.5949 -0.6432
vn -0.6353 -0.7600 -0.1371
vn -0.5323 -0.5532 -0.6408
vn -0.7876 -0.6073 -0.1042
vn -0.4557 -0.6019 -0.6558
vn -0.8960 -0.4353 -0.0880
vn -0.5512 -0.5067 -0.6629
vn -0.9402 -0.3245 -0.1033
vn -0.9410 -0.3274 -0.0855
vn -0.9469 -0.3111 -0.0817
vn -0.9694 -0.2287 -0.0888
vn -0.9894 -0.1131 -0.0908
vn -0.9934 0.0496 -0.1031
vn -0.9855 0.1491 -0.0812
vn -0.7554 0.1237 -0.6435
vn -0.9507 0.3074 0.0408
vn -0.7220 0.0988 -0.6848
vn -0.6194 0.4151 -0.6664
vn 0.7096 0.7000 -0.0804
vn 0.9664 0.2367 -0.1000
vn 0.9773 0.2106 -0.0236
vn 0.9995 0.0037 -0.0319
vn 0.9924 -0.1036 -0.0660
vn 0.9522 -0.2912 -0.0922
vn 0.8843 -0.4606 -0.0769
vn 0.8619 -0.5065 -0.0223
vn 0.7996 -0.6005 -0.0033
vn 0.6684 -0.7437 -0.0135
vn 0.6632 -0.7484 -0.0033
vn 0.5311 -0.8473 0.0069
vn 0.4636 -0.8842 -0.0565
vn -0.4350 -0.8670 -0.2429
vn -0.5499 -0.8183 -0.1673
vn -0.7128 -0.6898 -0.1272
vn -0.8504 -0.5190 -0.0860
vn -0.9267 -0.3627 -0.0986
vn -0.9399 -0.3280 -0.0950
vn -0.9417 -0.3269 -0.0799
vn -0.9558 -0.2813 -0.0851
vn -0.9821 -0.1655 -0.0895
vn -0.9939 -0.0551 -0.0952
vn -0.9851 0.1373 -0.1032
vn -0.9836 0.1780 -0.0290
vn -0.8920 0.4422 0.0936
vn 0.1022 0.2481 -0.9633
vn 0.1283 -0.0899 -0.9877
vn 0.0892 -0.0547 -0.9945
vn 0.0566 -0.0311 -0.9979
vn 0.0049 0.0465 -0.9989
vn -0.0480 0.0818 -0.9955
vn -0.0805 0.1221 -0.9892
vn -0.0945 0.1261 -0.9875
vn -0.1014 0.1029 -0.9895
vn -0.0719 0.0370 -0.9967
vn -0.0762 0.0183 -0.9969
vn -0.0436 -0.0182 -0.9989
vn -0.0530 -0.0444 -0.9976
vn -0.0104 -0.0802 -0.9967
vn -0.0258 -0.0974 -0.9949
vn 0.0158 -0.1001 -0.9949
vn 0.0008 -0.0652 -0.9979
vn -0.0548 -0.0350 -0.9979
vn 0.0468 -0.0179 -0.9987
vn -0.0527 0.0028 -0.9986
vn 0.1144 0.0353 -0.9928
vn 0.0238 0.0025 -0.9997
vn 0.0553 0.0109 -0.9984
vn -0.0968 0.0703 -0.9928
vn -0.6472 -0.7623 -0.0083
vn 0.9713 -0.1418 0.1910
vn -0.0845 -0.2087 -0.9743
vn 0.9286 0.3508 0.1209
vn 0.9662 0.2500 0.0626
vn 0.9978 0.0616 0.0233
vn 0.9941 -0.0719 0.0814
vn 0.9812 -0.1408 0.1317
vn 0.9488 -0.2764 0.1526
vn 0.9084 -0.3840 0.1653
vn 0.8618 -0.4750 0.1782
vn 0.7945 -0.5673 0.2166
vn 0.7561 -0.6255 0.1925
vn 0.6038 -0.7875 0.1235
vn 0.4061 -0.9082 0.1013
vn 0.0203 -0.9974 0.0698
vn -0.5695 -0.8160 0.0991
vn -0.6415 -0.7671 0.0002
vn -0.7388 -0.6545 -0.1606
vn -0.8320 -0.5241 -0.1819
vn -0.8777 -0.4413 -0.1868
vn -0.8881 -0.4032 -0.2208
vn -0.9167 -0.3278 -0.2284
vn -0.9532 -0.2135 -0.2143
vn -0.9736 -0.0804 -0.2136
vn -0.9711 0.1191 -0.2068
vn -0.9195 0.3772 -0.1102
vn -0.8485 0.5281 0.0347
vn 0.8861 0.4475 0.1207
vn 0.9681 0.2503 -0.0139
vn 0.9890 0.1463 0.0216
vn 0.9992 -0.0156 -0.0372
vn 0.9918 -0.0893 -0.0910
vn 0.9812 -0.1684 -0.0944
vn 0.9323 -0.3578 -0.0534
vn 0.8194 -0.5727 0.0261
vn 0.7359 -0.6729 0.0749
vn 0.6779 -0.7301 -0.0863
vn 0.6138 -0.7698 -0.1751
vn 0.5727 -0.7891 -0.2220
vn 0.6152 -0.7871 -0.0449
vn -0.5331 -0.8444 0.0524
vn -0.5986 -0.8009 0.0125
vn -0.7037 -0.7102 0.0205
vn -0.7950 -0.6047 0.0473
vn -0.8575 -0.5016 0.1146
vn -0.8998 -0.4006 0.1727
vn -0.9374 -0.3197 0.1383
vn -0.9670 -0.2264 0.1172
vn -0.9878 -0.0840 0.1308
vn -0.9922 0.0552 0.1114
vn -0.9867 0.1478 0.0672
vn -0.9927 0.0823 0.0878
vn -0.8370 0.5388 0.0952
vn -0.0578 -0.2029 -0.9775
vn -0.0318 -0.1986 -0.9796
vn -0.0351 -0.1554 -0.9872
vn 0.0442 0.0573 -0.9974
vn -0.0413 0.0689 -0.9968
vn -0.0150 0.0824 -0.9965
vn -0.1295 0.0844 -0.9880
vn -0.0210 0.0423 -0.9989
vn -0.1875 0.0298 -0.9818
vn -0.0166 0.0011 -0.9999
vn -0.1826 -0.0349 -0.9826
vn -0.0014 0.0007 -1.0000
vn -0.1009 -0.0393 -0.9941
vn -0.0238 -0.0637 -0.9977
vn 0.0036 -0.0457 -0.9989
vn -0.0169 -0.0974 -0.9951
vn 0.0009 -0.0421 -0.9991
vn 0.0334 -0.0620 -0.9975
vn -0.0648 -0.0983 -0.9930
vn -0.0355 -0.0588 -0.9976
vn 0.0535 -0.0422 -0.9977
vn -0.2487 0.1048 -0.9629
vn 0.0374 0.0223 -0.9991
vn -0.0215 -0.0032 -0.9998
vn -0.9417 -0.3149 0.1188
vn 0.9310 -0.0709 0.3581
vn -0.0834 -0.2073 -0.9747
vn 0.9492 0.3036 -0.0832
vn 0.9747 0.2235 0.0101
vn 0.9977 0.0683 0.0022
vn 0.9970 -0.0482 -0.0599
vn 0.9876 -0.1210 -0.0998
vn 0.9624 -0.2578 -0.0851
vn 0.8748 -0.4835 -0.0305
vn 0.7636 -0.6436 0.0523
vn 0.7058 -0.7057 0.0620
vn 0.6395 -0.7569 -0.1346
vn 0.6021 -0.7622 -0.2376
vn 0.6055 -0.7891 -0.1029
vn -0.0023 -0.9976 0.0685
vn -0.5745 -0.8182 0.0225
vn -0.6676 -0.7445 0.0076
vn -0.7529 -0.6569 0.0404
vn -0.8302 -0.5541 0.0609
vn -0.8868 -0.4384 0.1465
vn -0.9155 -0.3649 0.1696
vn -0.9526 -0.2776 0.1247
vn -0.9792 -0.1631 0.1208
vn -0.9916 -0.0141 0.1283
vn -0.9853 0.1379 0.1009
vn -0.9897 0.1204 0.0769
vn -0.9797 0.1859 0.0745
vn 0.6516 0.7567 0.0532
vn 0.9572 0.2653 0.1160
vn 0.9795 0.1985 0.0327
vn 0.9985 -0.0372 0.0407
vn 0.9892 -0.1061 0.1016
vn 0.9687 -0.2040 0.1411
vn 0.9272 -0.3391 0.1591
vn 0.8875 -0.4287 0.1687
vn 0.8261 -0.5303 0.1906
vn 0.7720 -0.5954 0.2226
vn 0.6698 -0.7299 0.1361
vn 0.4392 -0.8924 0.1037
vn 0.4621 -0.8839 0.0712
vn -0.5375 -0.8374 0.0991
vn -0.6091 -0.7922 0.0376
vn -0.6953 -0.7076 -0.1258
vn -0.7892 -0.5880 -0.1772
vn -0.8590 -0.4798 -0.1788
vn -0.8831 -0.4265 -0.1957
vn -0.8984 -0.3753 -0.2281
vn -0.9368 -0.2677 -0.2251
vn -0.9667 -0.1432 -0.2119
vn -0.9764 -0.0050 -0.2158
vn -0.9486 0.2512 -0.1926
vn -0.8974 0.4355 -0.0709
vn -0.8313 0.5544 0.0400
vn -0.0943 0.4222 -0.9016
vn 0.0227 -0.0833 -0.9963
vn 0.0299 0.0393 -0.9988
vn -0.0374 0.0041 -0.9993
vn -0.0145 0.0911 -0.9957
vn -0.1135 0.0964 -0.9888
vn -0.0238 0.0677 -0.9974
vn -0.1670 0.0700 -0.9835
vn -0.0203 0.0119 -0.9997
vn -0.1869 -0.0310 -0.9819
vn -0.0131 0.0136 -0.9998
vn -0.1129 -0.0577 -0.9919
vn -0.0109 -0.0231 -0.9997
vn 0.0030 -0.0490 -0.9988
vn -0.0372 -0.0854 -0.9957
vn -0.0389 -0.0467 -0.9982
vn -0.0534 -0.1210 -0.9912
vn -0.0079 -0.1251 -0.9921
vn -0.0989 -0.0548 -0.9936
vn 0.1121 -0.0057 -0.9937
vn -0.0613 -0.0018 -0.9981
vn 0.1224 -0.0081 -0.9924
vn -0.1905 -0.0269 -0.9813
vn -0.2053 0.0082 -0.9787
vn -0.1494 -0.0066 -0.9888
vn -0.1055 -0.0221 -0.9942
vn -0.1233 -0.0222 -0.9921
vn -0.1684 -0.0014 -0.9857
vn -0.0103 -0.0730 -0.9973
vn 0.1333 -0.0434 -0.9901
vn 0.1544 0.0080 -0.9880
vn -0.0344 -0.0557 -0.9979
vn 0.0038 -0.0857 -0.9963
vn -0.0219 -0.0953 -0.9952
vn 0.0389 -0.0325 -0.9987
vn -0.0601 -0.1597 -0.9853
vn -0.0514 -0.1572 -0.9862
vn -0.0648 0.1016 -0.9927
vn -0.0927 0.1097 -0.9896
vn -0.0269 -0.0465 -0.9986
vn -0.0323 -0.1001 -0.9945
vn 0.0174 0.0697 -0.9974
vn -0.0035 0.0830 -0.9965
vn 0.0357 -0.0348 -0.9988
vn 0.0435 0.0023 -0.9991
vn -0.0126 -0.1596 -0.9871
vn 0.0121 -0.1228 -0.9924
vn -0.0405 -0.2104 -0.9768
vn -0.0874 0.4319 -0.8977
vn -0.9553 0.2900 0.0576
vn -0.9541 0.2929 0.0625
vn -0.9909 0.0947 0.0956
vn -0.9899 0.1098 0.0894
vn -0.9811 0.1809 0.0683
vn -0.9762 0.2006 0.0824
vn -0.7936 -0.6069 0.0436
vn -0.7865 -0.6162 0.0412
vn -0.6803 -0.7281 -0.0844
vn -0.6726 -0.7388 -0.0418
vn -0.6076 -0.7912 0.0695
vn -0.5976 -0.7970 0.0871
vn -0.5170 -0.8509 0.0927
vn -0.4476 -0.8905 0.0821
vn 0.4647 -0.8813 0.0855
vn 0.4053 -0.9092 0.0950
vn 0.4660 -0.8783 0.1065
vn 0.5205 -0.8463 0.1136
vn 0.6974 -0.7005 0.1513
vn 0.7163 -0.6769 0.1695
vn 0.6699 -0.7418 -0.0327
vn 0.6716 -0.7406 0.0194
vn 0.9867 0.1600 0.0295
vn 0.9833 0.1803 0.0226
vn 0.9704 0.2378 -0.0433
vn 0.9754 0.2097 -0.0683
vn 0.9396 0.3396 -0.0420
vn 0.9223 0.3799 -0.0714
vn -0.9911 0.1332 -0.0003
vn -0.8971 0.4407 0.0325
vn -0.8975 0.4409 0.0084
vn -0.8905 0.4540 -0.0290
vn -0.9376 0.3176 -0.1414
vn -0.9418 0.2895 -0.1709
vn -0.8065 -0.5612 -0.1861
vn -0.8021 -0.5674 -0.1862
vn -0.7173 -0.6956 0.0389
vn -0.7106 -0.7029 0.0328
vn -0.6233 -0.7820 0.0014
vn -0.6125 -0.7904 0.0048
vn -0.5643 -0.8251 0.0273
vn -0.5858 -0.8097 0.0340
vn 0.5351 -0.8436 0.0438
vn 0.6203 -0.7843 0.0112
vn 0.5949 -0.7899 -0.1490
vn 0.5810 -0.7906 -0.1932
vn 0.6272 -0.7445 -0.2289
vn 0.6166 -0.7589 -0.2094
vn 0.7944 -0.5695 0.2111
vn 0.7903 -0.5711 0.2218
vn 0.9880 0.1542 0.0122
vn 0.9838 0.1790 0.0141
vn 0.9534 0.2877 0.0913
vn 0.9526 0.2833 0.1109
vn 0.6671 0.7327 0.1349
vn 0.8877 0.4438 0.1225
vn -0.7402 -0.6715 -0.0341
vn 0.9308 -0.3586 0.0708
vn -0.1149 -0.3170 -0.9414
vn 0.9087 0.3902 0.1485
vn 0.9441 0.2416 0.2244
vn 0.9679 -0.0031 0.2513
vn 0.9625 -0.1425 0.2307
vn 0.9587 -0.1703 0.2277
vn 0.9362 -0.2581 0.2387
vn 0.8915 -0.3804 0.2460
vn 0.8286 -0.4937 0.2639
vn 0.7327 -0.6222 0.2756
vn 0.6912 -0.6352 0.3446
vn 0.6064 -0.6932 0.3895
vn 0.5412 -0.7892 0.2904
vn -0.0482 -0.9734 0.2239
vn -0.5088 -0.8240 0.2495
vn -0.5104 -0.8082 0.2937
vn -0.6546 -0.6797 0.3308
vn -0.7811 -0.5543 0.2874
vn -0.8375 -0.4966 0.2281
vn -0.9043 -0.3762 0.2016
vn -0.9443 -0.2488 0.2154
vn -0.9628 -0.1383 0.2322
vn -0.9711 -0.0148 0.2381
vn -0.9626 0.1495 0.2259
vn -0.9387 0.3270 0.1093
vn -0.8732 0.4701 -0.1283
vn 0.8494 0.5086 0.1410
vn 0.9714 0.2068 0.1167
vn 0.9969 0.0771 0.0152
vn 0.9960 -0.0891 0.0083
vn 0.9918 -0.1250 0.0258
vn 0.9823 -0.1869 0.0155
vn 0.9412 -0.3378 -0.0082
vn 0.8651 -0.5009 -0.0256
vn 0.7805 -0.6251 -0.0061
vn 0.6470 -0.7553 0.1041
vn 0.5656 -0.8130 0.1383
vn 0.5596 -0.8163 0.1431
vn 0.6597 -0.7445 0.1028
vn -0.5483 -0.8306 0.0976
vn -0.6304 -0.7758 0.0279
vn -0.6149 -0.7884 -0.0172
vn -0.7713 -0.6323 0.0727
vn -0.8311 -0.5536 0.0533
vn -0.8919 -0.4465 0.0718
vn -0.9349 -0.3280 0.1356
vn -0.9653 -0.2143 0.1492
vn -0.9899 -0.0698 0.1236
vn -0.9908 0.0625 0.1198
vn -0.9795 0.1315 0.1526
vn -0.9867 0.1151 0.1149
vn -0.5749 0.8182 0.0107
vn -0.1178 -0.1797 -0.9766
vn -0.1132 -0.1757 -0.9779
vn -0.1158 -0.1428 -0.9830
vn -0.1579 0.0308 -0.9870
vn -0.0657 0.0341 -0.9973
vn -0.0082 0.0452 -0.9989
vn -0.0419 0.0768 -0.9962
vn -0.0010 0.0504 -0.9987
vn -0.0371 0.0109 -0.9993
vn -0.0286 -0.0197 -0.9994
vn -0.0623 -0.0122 -0.9980
vn -0.0055 -0.0714 -0.9974
vn -0.1041 0.0420 -0.9937
vn -0.1117 0.0501 -0.9925
vn -0.1169 0.0114 -0.9931
vn 0.1100 -0.1245 -0.9861
vn -0.0650 0.0035 -0.9979
vn -0.1039 -0.0297 -0.9941
vn 0.0775 -0.0494 -0.9958
vn -0.0890 -0.0243 -0.9957
vn 0.1411 0.1180 -0.9829
vn -0.0392 0.0059 -0.9992
vn -0.9215 -0.3883 0.0029
vn 0.9864 -0.1472 0.0728
vn -0.1089 -0.3151 -0.9428
vn 0.9570 0.2890 -0.0260
vn 0.9733 0.2014 -0.1100
vn 0.9807 0.1143 -0.1589
vn 0.9909 -0.0043 -0.1348
vn 0.9856 -0.1370 -0.0995
vn 0.9530 -0.2988 -0.0504
vn 0.8700 -0.4904 -0.0512
vn 0.7609 -0.6316 -0.1486
vn 0.7574 -0.6236 -0.1935
vn 0.7518 -0.6527 -0.0934
vn 0.5846 -0.8083 -0.0697
vn 0.4318 -0.8980 -0.0850
vn -0.0815 -0.9966 0.0139
vn -0.4322 -0.9002 -0.0525
vn -0.6658 -0.7368 -0.1176
vn -0.7659 -0.6343 -0.1048
vn -0.8684 -0.4947 -0.0358
vn -0.9285 -0.3713 -0.0006
vn -0.9186 -0.3952 0.0010
vn -0.9495 -0.3137 0.0107
vn -0.9874 -0.1579 -0.0054
vn -0.9970 -0.0707 -0.0317
vn -0.9979 0.0374 -0.0531
vn -0.9859 0.1370 -0.0963
vn -0.9772 0.1953 -0.0834
vn 0.6876 0.7261 0.0022
vn 0.9699 0.2126 0.1188
vn 0.9906 0.0956 0.0980
vn 0.9900 0.0189 0.1397
vn 0.9874 -0.0378 0.1537
vn 0.9698 -0.1974 0.1430
vn 0.9232 -0.3765 0.0771
vn 0.8690 -0.4944 -0.0184
vn 0.8242 -0.5581 -0.0959
vn 0.7351 -0.6578 -0.1641
vn 0.6415 -0.7342 -0.2223
vn 0.4637 -0.8622 -0.2041
vn 0.4800 -0.8671 -0.1331
vn -0.4587 -0.8883 -0.0219
vn -0.6227 -0.7824 -0.0039
vn -0.7960 -0.6050 0.0169
vn -0.8552 -0.5183 -0.0073
vn -0.8744 -0.4813 -0.0614
vn -0.9223 -0.3717 -0.1058
vn -0.9295 -0.3473 -0.1241
vn -0.9591 -0.2527 -0.1276
vn -0.9892 -0.0812 -0.1222
vn -0.9959 -0.0112 -0.0903
vn -0.9903 0.1353 -0.0319
vn -0.9633 0.2596 0.0684
vn -0.8365 0.5274 0.1489
vn -0.0498 0.3444 -0.9375
vn -0.0748 -0.0410 -0.9964
vn -0.0935 0.0376 -0.9949
vn -0.1534 -0.0032 -0.9882
vn -0.1019 0.0564 -0.9932
vn 0.0051 0.1120 -0.9937
vn -0.0468 0.0754 -0.9961
vn 0.0521 0.1075 -0.9928
vn 0.0020 0.0397 -0.9992
vn 0.0060 0.0200 -0.9998
vn 0.0225 0.0090 -0.9997
vn -0.0621 -0.0362 -0.9974
vn 0.0103 -0.0518 -0.9986
vn -0.0212 -0.0797 -0.9966
vn 0.0104 -0.1021 -0.9947
vn -0.0901 -0.0925 -0.9916
vn 0.0036 -0.0931 -0.9957
vn 0.0784 -0.0541 -0.9955
vn -0.1069 0.0374 -0.9936
vn 0.1062 0.0343 -0.9938
vn -0.0451 -0.0456 -0.9979
vn 0.0374 0.0466 -0.9982
vn -0.0862 -0.1125 -0.9899
vn -0.0423 -0.1308 -0.9905
vn -0.2537 0.0304 -0.9668
vn -0.1276 0.0089 -0.9918
vn -0.1210 -0.0029 -0.9926
vn -0.0205 -0.1438 -0.9894
vn -0.0159 -0.1166 -0.9931
vn 0.0378 -0.1442 -0.9888
vn 0.0157 -0.1492 -0.9887
vn -0.0460 0.0833 -0.9955
vn -0.0214 0.0858 -0.9961
vn -0.1660 -0.0571 -0.9845
vn -0.1541 -0.0961 -0.9834
vn -0.1012 0.0195 -0.9947
vn -0.0687 0.0315 -0.9971
vn -0.1892 -0.0268 -0.9816
vn -0.1931 -0.0025 -0.9812
vn -0.0122 0.1407 -0.9900
vn -0.1196 -0.1301 -0.9843
vn 0.0014 -0.0731 -0.9973
vn 0.0923 0.6932 -0.7148
vn -0.9509 0.2874 0.1151
vn -0.9607 0.2472 0.1262
vn -0.9839 0.1311 0.1213
vn -0.9809 0.1443 0.1306
vn -0.9721 0.1824 0.1477
vn -0.9686 0.2061 0.1393
vn -0.7645 -0.6408 0.0698
vn -0.7458 -0.6632 0.0626
vn -0.5548 -0.7690 0.3177
vn -0.7360 -0.6768 0.0119
vn -0.4984 -0.8237 0.2704
vn -0.5650 -0.8249 -0.0172
vn -0.5028 -0.8311 0.2378
vn -0.3782 -0.9246 -0.0454
vn 0.4948 -0.8372 0.2327
vn 0.4486 -0.8731 -0.1910
vn 0.5564 -0.7504 0.3568
vn 0.5241 -0.8255 -0.2094
vn 0.6558 -0.6507 0.3828
vn 0.6517 -0.7254 -0.2216
vn 0.6441 -0.7617 0.0697
vn 0.6710 -0.7402 0.0441
vn 0.9946 0.0984 0.0327
vn 0.9908 0.1247 0.0519
vn 0.9663 0.1971 0.1656
vn 0.9679 0.1688 0.1860
vn 0.9037 0.3977 0.1586
vn 0.9221 0.3858 -0.0304
vn -0.9363 0.3151 -0.1552
vn -0.8823 0.4416 0.1630
vn -0.9331 0.3549 -0.0577
vn -0.9533 0.2893 0.0866
vn -0.9476 0.2760 0.1606
vn -0.9895 0.1439 -0.0133
vn -0.7444 -0.5919 0.3090
vn -0.8473 -0.5310 -0.0143
vn -0.7348 -0.6694 -0.1098
vn -0.7266 -0.6766 -0.1194
vn -0.5726 -0.8122 -0.1115
vn -0.4993 -0.8612 -0.0951
vn -0.4448 -0.8951 -0.0306
vn -0.5295 -0.8483 -0.0004
vn 0.4011 -0.9160 -0.0022
vn 0.4087 -0.9123 -0.0249
vn 0.4588 -0.8837 -0.0925
vn 0.4482 -0.8892 -0.0913
vn 0.6617 -0.7467 -0.0681
vn 0.6873 -0.7234 -0.0655
vn 0.7009 -0.6406 0.3137
vn 0.7309 -0.6581 -0.1809
vn 0.9614 0.1004 0.2560
vn 0.9873 0.1155 0.1089
vn 0.9433 0.2694 0.1937
vn 0.9769 0.1901 0.0979
vn 0.3499 0.9368 0.0073
vn 0.8042 0.5701 0.1681
vn -0.7064 -0.7074 0.0237
vn -0.9947 -0.0303 -0.0987
vn 0.0209 -0.1657 -0.9860
vn 0.9188 0.3634 0.1542
vn 0.9902 0.1120 0.0835
vn 0.9875 0.0829 0.1338
vn 0.9887 -0.0032 0.1496
vn 0.9819 -0.1116 0.1530
vn 0.9501 -0.2906 0.1138
vn 0.8902 -0.4550 0.0227
vn 0.8485 -0.5251 -0.0662
vn 0.7813 -0.6092 -0.1355
vn 0.6857 -0.6947 -0.2172
vn 0.5929 -0.7763 -0.2141
vn 0.4528 -0.8675 -0.2058
vn 0.0523 -0.9959 -0.0732
vn -0.5196 -0.8542 -0.0207
vn -0.6812 -0.7320 0.0068
vn -0.8278 -0.5609 0.0090
vn -0.8390 -0.5422 -0.0455
vn -0.9064 -0.4129 -0.0887
vn -0.9269 -0.3563 -0.1181
vn -0.9418 -0.3109 -0.1277
vn -0.9781 -0.1650 -0.1273
vn -0.9933 -0.0376 -0.1093
vn -0.9964 0.0571 -0.0622
vn -0.9744 0.2217 0.0363
vn -0.8852 0.4480 0.1256
vn 0.8574 0.4803 0.1849
vn 0.9766 0.2004 -0.0775
vn 0.9701 0.1871 -0.1545
vn 0.9881 0.0422 -0.1481
vn 0.9914 -0.0626 -0.1153
vn 0.9758 -0.2066 -0.0715
vn 0.9184 -0.3938 -0.0378
vn 0.8053 -0.5837 -0.1037
vn 0.7425 -0.6423 -0.1899
vn 0.7831 -0.6095 -0.1230
vn 0.6993 -0.7109 -0.0754
vn 0.4915 -0.8668 -0.0844
vn 0.3883 -0.9202 -0.0495
vn -0.5481 -0.8362 0.0164
vn -0.4567 -0.8860 -0.0801
vn -0.7180 -0.6855 -0.1205
vn -0.8240 -0.5632 -0.0622
vn -0.9113 -0.4116 -0.0092
vn -0.9218 -0.3875 -0.0019
vn -0.9282 -0.3720 0.0086
vn -0.9727 -0.2319 0.0047
vn -0.9945 -0.1021 -0.0211
vn -0.9984 -0.0354 -0.0448
vn -0.9895 0.1217 -0.0781
vn -0.9882 0.1103 -0.1058
vn -0.8667 0.4989 0.0051
vn -0.0935 -0.1637 -0.9821
vn -0.1298 -0.1345 -0.9824
vn -0.1383 -0.1178 -0.9834
vn -0.1233 0.0176 -0.9922
vn -0.1119 0.0081 -0.9937
vn -0.0826 0.0801 -0.9934
vn 0.0297 0.1107 -0.9934
vn -0.0278 0.0552 -0.9981
vn 0.0517 0.0891 -0.9947
vn 0.0114 0.0121 -0.9999
vn -0.0187 -0.0293 -0.9994
vn 0.0015 -0.0099 -0.9999
vn -0.0815 -0.0722 -0.9941
vn -0.1129 -0.0742 -0.9908
vn -0.1177 -0.0766 -0.9901
vn -0.0285 -0.1105 -0.9935
vn -0.1070 -0.0846 -0.9907
vn -0.0885 -0.0463 -0.9950
vn 0.0788 -0.0778 -0.9939
vn -0.1572 -0.0094 -0.9875
vn 0.1482 0.0257 -0.9886
vn 0.0151 0.0110 -0.9998
vn -0.9969 -0.0351 -0.0705
vn -0.9939 -0.0756 -0.0807
vn 0.0063 -0.1617 -0.9868
vn 0.9452 0.2479 0.2126
vn 0.9781 0.1880 0.0890
vn 0.9999 -0.0089 0.0075
vn 0.9934 -0.1139 0.0117
vn 0.9887 -0.1470 0.0280
vn 0.9683 -0.2496 0.0102
vn 0.9056 -0.4240 -0.0112
vn 0.8252 -0.5643 -0.0247
vn 0.7259 -0.6878 0.0067
vn 0.6117 -0.7815 0.1231
vn 0.5647 -0.8108 0.1540
vn 0.6638 -0.7407 0.1036
vn 0.0158 -0.9950 0.0990
vn -0.6072 -0.7928 0.0531
vn -0.5942 -0.8040 -0.0248
vn -0.6981 -0.7147 0.0432
vn -0.8017 -0.5935 0.0712
vn -0.8638 -0.5013 0.0506
vn -0.9210 -0.3801 0.0857
vn -0.9535 -0.2619 0.1492
vn -0.9770 -0.1570 0.1443
vn -0.9929 -0.0029 0.1188
vn -0.9814 0.1470 0.1232
vn -0.9814 0.1216 0.1484
vn -0.9746 0.1905 0.1176
vn 0.3788 0.9252 -0.0234
vn 0.9510 0.2652 0.1588
vn 0.9541 0.1804 0.2391
vn 0.9646 -0.0965 0.2455
vn 0.9613 -0.1531 0.2292
vn 0.9510 -0.2041 0.2324
vn 0.9155 -0.3226 0.2405
vn 0.8620 -0.4412 0.2498
vn 0.7836 -0.5610 0.2669
vn 0.6851 -0.6718 0.2815
vn 0.6455 -0.6564 0.3905
vn 0.5681 -0.7579 0.3207
vn 0.4365 -0.8738 0.2144
vn -0.4970 -0.8326 0.2445
vn -0.4910 -0.8230 0.2856
vn -0.5989 -0.7311 0.3268
vn -0.7032 -0.6295 0.3305
vn -0.8017 -0.5314 0.2738
vn -0.8672 -0.4503 0.2125
vn -0.9292 -0.3093 0.2021
vn -0.9556 -0.1916 0.2238
vn -0.9688 -0.0778 0.2355
vn -0.9704 0.0429 0.2375
vn -0.9448 0.2472 0.2149
vn -0.9320 0.3556 0.0695
vn -0.8342 0.5282 -0.1585
vn 0.1392 0.6621 -0.7364
vn -0.1630 -0.0736 -0.9839
vn -0.1660 0.0071 -0.9861
vn -0.0588 -0.0107 -0.9982
vn -0.0148 0.0218 -0.9997
vn -0.0354 0.1005 -0.9943
vn -0.0001 0.0526 -0.9986
vn -0.0427 0.0393 -0.9983
vn -0.0379 0.0183 -0.9991
vn -0.0692 -0.0192 -0.9974
vn -0.0324 -0.0414 -0.9986
vn -0.1186 0.0214 -0.9927
vn 0.0344 -0.0731 -0.9967
vn 0.0566 -0.0939 -0.9940
vn 0.0660 -0.0948 -0.9933
vn -0.0350 -0.0321 -0.9989
vn 0.0729 -0.1325 -0.9885
vn -0.0318 -0.1168 -0.9926
vn 0.0004 -0.0773 -0.9970
vn -0.0108 -0.0048 -0.9999
vn -0.1325 -0.1022 -0.9859
vn -0.0387 -0.0155 -0.9991
vn -0.1352 -0.0081 -0.9908
vn -0.1669 0.0155 -0.9858
vn 0.0612 -0.0550 -0.9966
vn -0.0158 -0.1334 -0.9909
vn -0.0266 -0.1229 -0.9921
vn 0.1231 -0.0344 -0.9918
vn 0.1280 -0.0118 -0.9917
vn 0.0315 -0.0818 -0.9962
vn 0.0564 -0.0660 -0.9962
vn -0.0807 0.0408 -0.9959
vn -0.0367 0.1038 -0.9939
vn -0.0875 -0.0544 -0.9947
vn -0.0970 -0.0951 -0.9907
vn -0.1195 0.0272 -0.9925
vn -0.1113 0.0432 -0.9928
vn -0.0813 -0.0143 -0.9966
vn -0.0984 0.0295 -0.9947
vn -0.0139 -0.1484 -0.9888
vn -0.0603 -0.0854 -0.9945
vn -0.1215 -0.2396 -0.9632
vn -0.1457 0.2783 -0.9494
vn -0.9545 0.2976 -0.0193
vn -0.9499 0.3066 -0.0601
vn -0.9847 0.1323 -0.1137
vn -0.9837 0.1446 -0.1069
vn -0.9900 0.1242 -0.0671
vn -0.9913 0.1182 -0.0579
vn -0.8112 -0.5796 -0.0778
vn -0.8008 -0.5913 -0.0954
vn -0.7751 -0.6317 0.0161
vn -0.5411 -0.7822 0.3088
vn -0.5901 -0.8073 -0.0124
vn -0.5199 -0.8126 0.2633
vn -0.4243 -0.9052 -0.0252
vn -0.4931 -0.8381 0.2333
vn 0.4723 -0.8670 -0.1591
vn 0.5132 -0.8219 0.2472
vn 0.4774 -0.8550 -0.2026
vn 0.5661 -0.7338 0.3757
vn 0.6476 -0.7279 -0.2253
vn 0.6542 -0.6577 0.3734
vn 0.7849 -0.6021 -0.1462
vn 0.7544 -0.6321 -0.1767
vn 0.9718 0.1842 -0.1469
vn 0.9732 0.1942 -0.1229
vn 0.9845 0.1649 -0.0590
vn 0.9845 0.1717 -0.0368
vn 0.9273 0.3713 -0.0473
vn 0.9285 0.3080 0.2076
vn -0.9807 0.1634 0.1070
vn -0.8702 0.4579 -0.1821
vn -0.9440 0.3101 0.1131
vn -0.9251 0.3796 -0.0080
vn -0.9858 0.1670 0.0165
vn -0.9433 0.2758 0.1849
vn -0.8286 -0.5588 -0.0339
vn -0.7305 -0.6028 0.3209
vn -0.6370 -0.7707 0.0164
vn -0.6233 -0.7820 0.0010
vn -0.5913 -0.8062 -0.0188
vn -0.6104 -0.7920 -0.0080
vn -0.6013 -0.7946 0.0834
vn -0.6199 -0.7791 0.0934
vn 0.5468 -0.8327 0.0873
vn 0.6396 -0.7623 0.0992
vn 0.6502 -0.7514 0.1124
vn 0.6085 -0.7840 0.1230
vn 0.5711 -0.8053 0.1592
vn 0.5549 -0.8170 0.1567
vn 0.7184 -0.6649 -0.2047
vn 0.6871 -0.6634 0.2964
vn 0.9800 0.1545 0.1253
vn 0.9579 0.1334 0.2542
vn 0.9836 0.1583 0.0864
vn 0.9452 0.2738 0.1776
vn 0.7856 0.6043 0.1329
vn 0.8400 0.5247 0.1384
vn -0.8156 -0.5761 -0.0539
vn 0.8952 -0.4431 0.0481
vn 0.9154 0.3483 0.2019
vn 0.9445 0.1947 0.2646
vn 0.9675 0.0331 0.2506
vn 0.9714 -0.1088 0.2110
vn 0.9622 -0.1834 0.2012
vn 0.9324 -0.2825 0.2254
vn 0.8799 -0.4018 0.2538
vn 0.8160 -0.5067 0.2782
vn 0.7377 -0.6139 0.2811
vn 0.6813 -0.6807 0.2692
vn 0.6226 -0.7232 0.2989
vn 0.5691 -0.7671 0.2962
vn -0.0588 -0.9610 0.2701
vn -0.5377 -0.7915 0.2906
vn -0.5575 -0.7428 0.3707
vn -0.6405 -0.6374 0.4283
vn -0.7211 -0.5608 0.4069
vn -0.7775 -0.4977 0.3845
vn -0.8496 -0.3879 0.3573
vn -0.9128 -0.2620 0.3133
vn -0.9485 -0.1560 0.2758
vn -0.9694 -0.0477 0.2410
vn -0.9754 0.1020 0.1954
vn -0.9684 0.2377 0.0750
vn -0.9229 0.3750 -0.0871
vn 0.8650 0.4641 0.1910
vn 0.9894 0.1450 -0.0065
vn 0.9961 0.0803 -0.0353
vn 0.9982 -0.0584 -0.0125
vn 0.9935 -0.1132 0.0140
vn 0.9756 -0.2194 0.0029
vn 0.9270 -0.3737 -0.0313
vn 0.8460 -0.5285 -0.0700
vn 0.7886 -0.6104 -0.0743
vn 0.7093 -0.7049 -0.0074
vn 0.6309 -0.7758 0.0054
vn 0.5507 -0.8325 0.0615
vn 0.6526 -0.7567 0.0383
vn -0.5057 -0.8608 0.0571
vn -0.6858 -0.7267 0.0399
vn -0.6167 -0.7870 -0.0184
vn -0.7738 -0.6334 -0.0045
vn -0.8408 -0.5414 -0.0064
vn -0.8758 -0.4823 0.0164
vn -0.9222 -0.3819 0.0604
vn -0.9772 -0.2021 0.0651
vn -0.9970 -0.0561 0.0538
vn -0.9967 0.0406 0.0697
vn -0.9863 0.1245 0.1081
vn -0.9891 0.1255 0.0769
vn -0.4066 0.9110 -0.0688
vn -0.1014 -0.1745 -0.9794
vn -0.0935 -0.2296 -0.9688
vn -0.0904 -0.1559 -0.9836
vn 0.0547 -0.0182 -0.9983
vn -0.0128 0.0189 -0.9997
vn 0.1769 0.0198 -0.9840
vn -0.0981 0.0602 -0.9933
vn 0.2118 0.0529 -0.9759
vn -0.1006 0.0234 -0.9947
vn 0.2037 -0.0229 -0.9788
vn -0.0488 -0.0150 -0.9987
vn 0.1744 -0.1036 -0.9792
vn -0.0937 0.0557 -0.9940
vn -0.1288 0.0765 -0.9887
vn -0.1520 0.0445 -0.9874
vn 0.1801 0.0075 -0.9836
vn -0.9040 -0.4266 0.0289
vn 0.9854 -0.1684 0.0248
vn 0.9450 0.3027 -0.1236
vn 0.9506 0.2491 -0.1850
vn 0.9720 0.0956 -0.2147
vn 0.9793 -0.0571 -0.1943
vn 0.9693 -0.1828 -0.1643
vn 0.9306 -0.3512 -0.1036
vn 0.8906 -0.4524 -0.0471
vn 0.8293 -0.5491 -0.1038
vn 0.7475 -0.6441 -0.1622
vn 0.6900 -0.7229 -0.0373
vn 0.6234 -0.7819 -0.0072
vn 0.4165 -0.9073 -0.0581
vn -0.0860 -0.9822 -0.1670
vn -0.4202 -0.8854 -0.1988
vn -0.6534 -0.7416 -0.1519
vn -0.7655 -0.6216 -0.1662
vn -0.8851 -0.4506 -0.1162
vn -0.9297 -0.3626 -0.0644
vn -0.9287 -0.3694 -0.0315
vn -0.9524 -0.3048 -0.0084
vn -0.9803 -0.1948 -0.0316
vn -0.9934 -0.0942 -0.0660
vn -0.9965 0.0359 -0.0758
vn -0.9930 0.1064 -0.0505
vn -0.9679 0.2514 -0.0067
vn 0.7044 0.7072 -0.0605
vn 0.9829 0.1843 0.0015
vn 0.9761 0.1727 0.1317
vn 0.9842 0.0333 0.1739
vn 0.9879 -0.0519 0.1462
vn 0.9632 -0.2505 0.0973
vn 0.8899 -0.4556 0.0252
vn 0.8421 -0.5392 -0.0083
vn 0.8009 -0.5986 -0.0169
vn 0.6916 -0.7192 -0.0671
vn 0.6735 -0.7274 -0.1316
vn 0.4719 -0.8784 -0.0756
vn 0.5580 -0.8243 -0.0956
vn -0.4799 -0.8728 -0.0888
vn -0.6012 -0.7946 -0.0852
vn -0.7629 -0.6462 -0.0174
vn -0.8569 -0.5148 0.0266
vn -0.9079 -0.4171 -0.0421
vn -0.9336 -0.3410 -0.1104
vn -0.9309 -0.3401 -0.1337
vn -0.9525 -0.2728 -0.1353
vn -0.9864 -0.1310 -0.0992
vn -0.9968 -0.0560 -0.0570
vn -0.9902 0.1264 -0.0585
vn -0.9736 0.2277 -0.0169
vn -0.8761 0.4646 0.1290
vn 0.0263 0.3230 -0.9460
vn 0.0482 -0.0816 -0.9955
vn -0.0613 -0.0004 -0.9981
vn -0.0365 -0.0278 -0.9989
vn -0.0953 0.0895 -0.9914
vn -0.0174 0.0458 -0.9988
vn -0.0732 0.1332 -0.9884
vn -0.0264 0.0972 -0.9949
vn -0.0300 0.0858 -0.9959
vn -0.0694 0.0558 -0.9960
vn 0.0087 0.0044 -1.0000
vn -0.0844 -0.0029 -0.9964
vn 0.0150 -0.0603 -0.9981
vn 0.0289 -0.0944 -0.9951
vn 0.0273 -0.1003 -0.9946
vn -0.0440 0.0745 -0.9963
vn -0.0345 0.0732 -0.9967
vn -0.0370 0.0198 -0.9991
vn -0.0282 -0.0583 -0.9979
vn 0.0096 -0.0778 -0.9969
vn 0.1162 -0.0254 -0.9929
vn 0.1360 -0.0136 -0.9906
vn 0.0260 0.0244 -0.9994
vn 0.0320 0.0183 -0.9993
vn 0.0131 0.3038 -0.9526
vn 0.0454 -0.0102 -0.9989
vn 0.1383 0.8217 -0.5529
vn -0.8956 0.4449 -0.0019
vn -0.9673 0.2475 0.0551
vn -0.9857 0.1464 0.0838
vn -0.9816 0.1690 0.0892
vn -0.9831 0.1501 0.1044
vn -0.9814 0.1654 0.0979
vn -0.7622 -0.6473 -0.0107
vn -0.7395 -0.6730 -0.0123
vn -0.5911 -0.6938 0.4114
vn -0.7052 -0.7069 -0.0534
vn -0.5451 -0.7730 0.3245
vn -0.5739 -0.8130 -0.0986
vn -0.5205 -0.8114 0.2660
vn -0.3555 -0.9313 -0.0791
vn 0.5256 -0.8014 0.2853
vn 0.4661 -0.8807 -0.0848
vn 0.5896 -0.7500 0.2996
vn 0.5664 -0.8170 -0.1083
vn 0.6560 -0.6989 0.2851
vn 0.6501 -0.7498 -0.1230
vn 0.7096 -0.7039 -0.0306
vn 0.7248 -0.6875 -0.0441
vn 0.9971 0.0660 -0.0376
vn 0.9966 0.0749 -0.0340
vn 0.9909 0.1340 0.0117
vn 0.9893 0.1448 0.0160
vn 0.7659 0.6333 -0.1114
vn 0.9180 0.3773 -0.1221
vn -0.8965 0.4230 -0.1317
vn -0.8963 0.4201 0.1417
vn -0.9693 0.2433 -0.0358
vn -0.9653 0.2610 -0.0006
vn -0.9732 0.1966 0.1191
vn -0.9898 0.1290 -0.0611
vn -0.6865 -0.5951 0.4178
vn -0.8642 -0.5024 0.0267
vn -0.7378 -0.6546 -0.1649
vn -0.7276 -0.6661 -0.1640
vn -0.5714 -0.8067 -0.1505
vn -0.5003 -0.8513 -0.1578
vn -0.4254 -0.8802 -0.2102
vn -0.4784 -0.8497 -0.2218
vn 0.4001 -0.9083 -0.1221
vn 0.3799 -0.9212 -0.0838
vn 0.4765 -0.8770 -0.0612
vn 0.4962 -0.8667 -0.0501
vn 0.6800 -0.7332 0.0037
vn 0.6768 -0.7361 0.0089
vn 0.7007 -0.6629 0.2637
vn 0.6886 -0.7205 -0.0814
vn 0.9538 0.1301 0.2709
vn 0.9724 0.1759 0.1532
vn 0.9462 0.2154 0.2415
vn 0.9833 0.1816 0.0088
vn 0.1731 0.9830 -0.0619
vn 0.7195 0.6935 0.0361
vn -0.6317 -0.7750 0.0160
vn 0.8733 -0.0393 0.4855
vn 0.9063 0.3731 0.1986
vn 0.9813 0.1586 0.1092
vn 0.9962 0.0766 0.0425
vn 0.9971 -0.0236 0.0727
vn 0.9878 -0.1137 0.1066
vn 0.9589 -0.2591 0.1161
vn 0.9141 -0.3946 0.0934
vn 0.8765 -0.4790 0.0487
vn 0.8125 -0.5824 0.0233
vn 0.7227 -0.6894 -0.0490
vn 0.6000 -0.7944 -0.0942
vn 0.4322 -0.8987 -0.0749
vn 0.0201 -0.9988 -0.0457
vn -0.5525 -0.8330 0.0287
vn -0.6816 -0.7305 0.0434
vn -0.7916 -0.6079 -0.0611
vn -0.8285 -0.5502 -0.1045
vn -0.9010 -0.4210 -0.1047
vn -0.9212 -0.3603 -0.1471
vn -0.9341 -0.3140 -0.1698
vn -0.9636 -0.1910 -0.1873
vn -0.9737 -0.0392 -0.2245
vn -0.9697 0.1076 -0.2195
vn -0.9549 0.2904 -0.0625
vn -0.8734 0.4746 0.1093
vn 0.8615 0.4756 0.1777
vn 0.9827 0.1837 -0.0253
vn 0.9861 0.1647 -0.0196
vn 0.9979 0.0374 -0.0532
vn 0.9952 -0.0580 -0.0784
vn 0.9796 -0.1877 -0.0715
vn 0.9166 -0.3970 -0.0469
vn 0.7858 -0.6177 -0.0312
vn 0.7551 -0.6551 -0.0276
vn 0.7921 -0.5986 -0.1193
vn 0.6874 -0.6993 -0.1958
vn 0.5071 -0.8398 -0.1938
vn 0.4771 -0.8786 -0.0220
vn -0.5299 -0.8397 0.1188
vn -0.5422 -0.8401 0.0137
vn -0.7172 -0.6948 -0.0541
vn -0.7995 -0.6003 -0.0207
vn -0.9003 -0.4343 0.0275
vn -0.9186 -0.3891 0.0683
vn -0.9300 -0.3634 0.0544
vn -0.9749 -0.2195 0.0371
vn -0.9958 -0.0832 0.0373
vn -1.0000 0.0026 0.0091
vn -0.9860 0.1552 -0.0614
vn -0.9963 0.0777 -0.0363
vn -0.8628 0.5055 -0.0011
vn -0.0313 -0.2270 -0.9734
vn -0.0868 -0.1752 -0.9807
vn -0.1265 -0.1432 -0.9816
vn 0.0038 0.0317 -0.9995
vn -0.0772 0.0786 -0.9939
vn -0.0250 0.0571 -0.9981
vn -0.0566 0.1388 -0.9887
vn -0.0300 0.0345 -0.9990
vn -0.0829 0.0685 -0.9942
vn -0.0241 0.0095 -0.9997
vn -0.0833 -0.0635 -0.9945
vn -0.0250 0.0050 -0.9997
vn -0.0615 -0.0904 -0.9940
vn -0.0771 -0.0902 -0.9929
vn -0.0553 -0.0848 -0.9949
vn -0.0229 -0.0020 -0.9997
vn -0.9765 -0.1400 0.1638
vn -0.8520 -0.0388 0.5221
vn 0.9512 0.2874 0.1127
vn 0.9684 0.2416 0.0613
vn 0.9998 0.0216 -0.0041
vn 0.9934 -0.1020 -0.0524
vn 0.9881 -0.1337 -0.0764
vn 0.9676 -0.2380 -0.0843
vn 0.8981 -0.4354 -0.0616
vn 0.8042 -0.5943 -0.0010
vn 0.6769 -0.7342 0.0525
vn 0.5720 -0.8188 0.0486
vn 0.6074 -0.7943 -0.0080
vn 0.6699 -0.7424 0.0096
vn 0.0014 -0.9997 0.0244
vn -0.5650 -0.8243 -0.0356
vn -0.6248 -0.7806 -0.0164
vn -0.7367 -0.6723 0.0724
vn -0.8008 -0.5871 0.1185
vn -0.8600 -0.4884 0.1475
vn -0.9271 -0.3371 0.1641
vn -0.9539 -0.2497 0.1667
vn -0.9703 -0.1816 0.1598
vn -0.9884 -0.0096 0.1516
vn -0.9771 0.1558 0.1451
vn -0.9849 0.1053 0.1373
vn -0.9737 0.2038 0.1021
vn 0.5926 0.7938 0.1371
vn 0.9591 0.2770 0.0585
vn 0.9738 0.2163 0.0697
vn 0.9880 -0.0929 0.1232
vn 0.9745 -0.1536 0.1635
vn 0.9606 -0.2092 0.1830
vn 0.9234 -0.3410 0.1763
vn 0.8803 -0.4407 0.1760
vn 0.8046 -0.5590 0.2001
vn 0.7401 -0.6224 0.2547
vn 0.6669 -0.6756 0.3145
vn 0.4713 -0.8528 0.2248
vn 0.4528 -0.8840 0.1160
vn -0.5119 -0.8446 0.1569
vn -0.5193 -0.8511 0.0769
vn -0.6380 -0.7695 -0.0282
vn -0.7714 -0.6341 -0.0533
vn -0.8581 -0.5024 -0.1058
vn -0.8844 -0.4422 -0.1495
vn -0.9259 -0.3564 -0.1254
vn -0.9689 -0.2385 -0.0660
vn -0.9934 -0.1136 -0.0138
vn -0.9994 0.0181 0.0297
vn -0.9603 0.2736 0.0549
vn -0.8899 0.4558 0.0175
vn -0.8248 0.5618 -0.0644
vn 0.0204 0.4883 -0.8725
vn -0.0858 -0.1010 -0.9912
vn -0.1411 0.0310 -0.9895
vn -0.1085 -0.0108 -0.9940
vn -0.0863 0.0656 -0.9941
vn -0.1044 0.0831 -0.9911
vn -0.0492 0.0548 -0.9973
vn -0.1132 0.0353 -0.9929
vn -0.0490 0.0061 -0.9988
vn -0.1778 -0.0118 -0.9840
vn -0.0148 -0.0037 -0.9999
vn -0.1647 0.0010 -0.9863
vn 0.0257 -0.0329 -0.9991
vn 0.0377 -0.0589 -0.9976
vn 0.0289 -0.1030 -0.9943
vn -0.1405 -0.0071 -0.9901
vn -0.0444 0.1201 -0.9918
vn -0.1157 0.0838 -0.9897
vn -0.1013 -0.0543 -0.9934
vn -0.0974 -0.1004 -0.9902
vn 0.0068 0.0382 -0.9992
vn 0.0027 0.0492 -0.9988
vn -0.0088 -0.0072 -0.9999
vn 0.0197 0.0223 -0.9996
vn -0.0695 -0.1501 -0.9862
vn -0.0572 -0.0968 -0.9937
vn -0.1609 0.3193 -0.9339
vn -0.9614 0.2736 -0.0304
vn -0.9629 0.2682 -0.0311
vn -0.9923 0.1153 -0.0454
vn -0.9868 0.1508 -0.0583
vn -0.9858 0.1602 -0.0496
vn -0.9877 0.1544 -0.0264
vn -0.7897 -0.6129 -0.0269
vn -0.7824 -0.6219 -0.0335
vn -0.7511 -0.6602 0.0030
vn -0.5816 -0.8132 0.0191
vn -0.6176 -0.7848 0.0518
vn -0.5378 -0.8335 0.1265
vn -0.4799 -0.8772 -0.0136
vn -0.4701 -0.8678 0.1610
vn 0.4357 -0.8990 -0.0437
vn 0.4371 -0.8877 0.1445
vn 0.4836 -0.8699 -0.0969
vn 0.5292 -0.7990 0.2855
vn 0.6677 -0.7402 -0.0799
vn 0.7084 -0.6307 0.3169
vn 0.7989 -0.5949 -0.0882
vn 0.7811 -0.6218 -0.0573
vn 0.9879 0.1546 -0.0140
vn 0.9865 0.1638 -0.0099
vn 0.9863 0.1602 -0.0403
vn 0.9850 0.1628 -0.0570
vn 0.9178 0.3911 -0.0690
vn 0.9376 0.3213 0.1328
vn -0.9920 0.1062 0.0680
vn -0.8962 0.4379 -0.0707
vn -0.9309 0.3551 0.0853
vn -0.8768 0.4807 -0.0102
vn -0.9661 0.2363 -0.1038
vn -0.9455 0.3211 0.0545
vn -0.8081 -0.5799 -0.1033
vn -0.8031 -0.5919 -0.0686
vn -0.6921 -0.7199 0.0517
vn -0.6798 -0.7327 0.0322
vn -0.5927 -0.8047 -0.0348
vn -0.5912 -0.8053 -0.0438
vn -0.5720 -0.8199 -0.0241
vn -0.6109 -0.7916 -0.0129
vn 0.5629 -0.8260 0.0280
vn 0.6633 -0.7476 0.0329
vn 0.6653 -0.7466 -0.0088
vn 0.6424 -0.7661 -0.0207
vn 0.6046 -0.7965 0.0092
vn 0.5727 -0.8193 0.0259
vn 0.7683 -0.6393 -0.0319
vn 0.7626 -0.5835 0.2792
vn 0.9883 0.1470 0.0408
vn 0.9823 0.1690 0.0806
vn 0.9669 0.2109 0.1433
vn 0.9508 0.3043 0.0583
vn 0.7322 0.6688 0.1293
vn 0.8653 0.4880 0.1145
vn -0.6791 -0.7339 -0.0132
vn 0.9616 -0.2537 0.1046
vn 0.9239 0.3773 0.0640
vn 0.9568 0.2832 0.0660
vn 0.9936 0.0162 0.1117
vn 0.9792 -0.1349 0.1513
vn 0.9694 -0.1680 0.1790
vn 0.9429 -0.2808 0.1790
vn 0.9043 -0.3902 0.1728
vn 0.8486 -0.4941 0.1890
vn 0.7692 -0.5950 0.2332
vn 0.7491 -0.5850 0.3109
vn 0.6026 -0.7369 0.3064
vn 0.4371 -0.8794 0.1885
vn -0.0068 -0.9903 0.1391
vn -0.5266 -0.8378 0.1443
vn -0.5519 -0.8324 0.0501
vn -0.7077 -0.7053 -0.0421
vn -0.8417 -0.5320 -0.0922
vn -0.8724 -0.4668 -0.1451
vn -0.9020 -0.4082 -0.1403
vn -0.9468 -0.3110 -0.0828
vn -0.9820 -0.1862 -0.0305
vn -0.9980 -0.0605 0.0168
vn -0.9889 0.1404 0.0495
vn -0.9147 0.4027 0.0333
vn -0.8379 0.5431 -0.0539
vn 0.8717 0.4831 0.0826
vn 0.9585 0.2760 0.0712
vn 0.9935 0.1124 0.0163
vn 0.9965 -0.0743 -0.0376
vn 0.9898 -0.1233 -0.0716
vn 0.9822 -0.1679 -0.0844
vn 0.9413 -0.3291 -0.0747
vn 0.8584 -0.5124 -0.0217
vn 0.7501 -0.6597 0.0458
vn 0.5987 -0.7996 0.0470
vn 0.5502 -0.8339 0.0436
vn 0.6058 -0.7954 -0.0175
vn 0.6738 -0.7386 0.0229
vn -0.5582 -0.8296 0.0110
vn -0.5876 -0.8081 -0.0408
vn -0.6609 -0.7504 0.0055
vn -0.7767 -0.6207 0.1069
vn -0.8207 -0.5542 0.1392
vn -0.8987 -0.4065 0.1647
vn -0.9439 -0.2860 0.1648
vn -0.9603 -0.2290 0.1594
vn -0.9838 -0.0892 0.1555
vn -0.9868 0.0654 0.1480
vn -0.9811 0.1353 0.1381
vn -0.9884 0.1079 0.1067
vn -0.7362 0.6660 0.1200
vn -0.1294 -0.1986 -0.9715
vn -0.1157 -0.1789 -0.9770
vn -0.0924 -0.1471 -0.9848
vn -0.1100 0.0631 -0.9919
vn -0.1047 0.0406 -0.9937
vn -0.0644 0.0698 -0.9955
vn -0.0997 0.0619 -0.9931
vn -0.0516 0.0371 -0.9980
vn -0.1128 0.0059 -0.9936
vn -0.0526 -0.0135 -0.9985
vn -0.1636 -0.0073 -0.9865
vn -0.0089 -0.0275 -0.9996
vn -0.1465 0.0228 -0.9889
vn -0.0587 -0.0056 -0.9983
vn -0.0583 0.0081 -0.9983
vn -0.0506 -0.0107 -0.9987
vn -0.9258 -0.3772 0.0248
vn 0.9912 -0.1083 0.0758
vn 0.9549 0.2899 -0.0643
vn 0.9830 0.1833 -0.0135
vn 0.9940 0.1038 -0.0342
vn 0.9979 -0.0011 -0.0649
vn 0.9894 -0.1198 -0.0819
vn 0.9550 -0.2894 -0.0646
vn 0.8528 -0.5206 -0.0411
vn 0.7451 -0.6665 -0.0239
vn 0.7797 -0.6250 -0.0373
vn 0.7359 -0.6577 -0.1607
vn 0.5833 -0.7836 -0.2140
vn 0.4902 -0.8671 -0.0890
vn -0.0335 -0.9925 0.1172
vn -0.5256 -0.8486 0.0594
vn -0.6724 -0.7379 -0.0580
vn -0.7470 -0.6636 -0.0410
vn -0.8507 -0.5256 -0.0085
vn -0.9242 -0.3787 0.0506
vn -0.9181 -0.3901 0.0697
vn -0.9515 -0.3045 0.0433
vn -0.9890 -0.1434 0.0368
vn -0.9986 -0.0417 0.0320
vn -0.9970 0.0775 -0.0074
vn -0.9848 0.1606 -0.0666
vn -0.9870 0.1576 -0.0311
vn 0.6600 0.7512 -0.0066
vn 0.9450 0.2622 0.1957
vn 0.9905 0.1178 0.0705
vn 0.9987 0.0013 0.0516
vn 0.9945 -0.0576 0.0877
vn 0.9759 -0.1870 0.1128
vn 0.9371 -0.3306 0.1120
vn 0.8955 -0.4387 0.0745
vn 0.8499 -0.5256 0.0376
vn 0.7769 -0.6295 0.0072
vn 0.6527 -0.7523 -0.0892
vn 0.4650 -0.8807 -0.0900
vn 0.4389 -0.8974 -0.0458
vn -0.5036 -0.8639 0.0061
vn -0.6391 -0.7674 0.0516
vn -0.7673 -0.6408 -0.0250
vn -0.8237 -0.5606 -0.0858
vn -0.8660 -0.4896 -0.1019
vn -0.9155 -0.3842 -0.1196
vn -0.9230 -0.3515 -0.1567
vn -0.9487 -0.2642 -0.1735
vn -0.9733 -0.1083 -0.2022
vn -0.9735 0.0119 -0.2285
vn -0.9616 0.2032 -0.1844
vn -0.9440 0.3298 -0.0059
vn -0.8332 0.5414 0.1126
vn -0.1535 0.3530 -0.9229
vn -0.0305 -0.0508 -0.9982
vn 0.0402 0.0412 -0.9983
vn -0.0760 0.0224 -0.9969
vn -0.0046 0.0630 -0.9980
vn -0.0407 0.1549 -0.9871
vn -0.0274 0.0532 -0.9982
vn -0.0579 0.1162 -0.9915
vn -0.0259 0.0118 -0.9996
vn -0.0569 -0.0358 -0.9977
vn -0.0216 0.0179 -0.9996
vn -0.0569 -0.0824 -0.9950
vn -0.0341 -0.0296 -0.9990
vn -0.0400 -0.0550 -0.9977
vn -0.0564 -0.1040 -0.9930
vn -0.0779 0.0163 -0.9968
vn -0.1134 0.0722 -0.9909
vn -0.0243 0.1518 -0.9881
vn -0.0939 -0.0475 -0.9944
vn -0.1160 -0.1091 -0.9872
vn -0.1133 0.0748 -0.9907
vn -0.1049 0.0801 -0.9912
vn -0.1072 -0.0450 -0.9932
vn -0.1238 -0.0010 -0.9923
vn 0.0239 -0.0976 -0.9949
vn -0.0399 -0.1501 -0.9879
vn 0.0101 0.5075 -0.8616
vn -0.9578 0.2583 0.1263
vn -0.9532 0.2807 0.1121
vn -0.9870 0.1089 0.1180
vn -0.9854 0.1118 0.1285
vn -0.9721 0.1892 0.1390
vn -0.9652 0.2204 0.1404
vn -0.7802 -0.6178 0.0985
vn -0.7703 -0.6316 0.0877
vn -0.5967 -0.8025 -0.0051
vn -0.7284 -0.6846 0.0275
vn -0.5262 -0.8437 0.1063
vn -0.5918 -0.8050 0.0407
vn -0.5104 -0.8439 0.1656
vn -0.4201 -0.9069 -0.0323
vn 0.4703 -0.8741 0.1219
vn 0.4097 -0.9104 -0.0574
vn 0.4839 -0.8347 0.2630
vn 0.5270 -0.8443 -0.0970
vn 0.6945 -0.6447 0.3194
vn 0.6815 -0.7291 -0.0633
vn 0.5830 -0.8107 0.0528
vn 0.6054 -0.7939 0.0556
vn 0.9883 0.1477 0.0370
vn 0.9822 0.1815 0.0486
vn 0.9591 0.2700 0.0850
vn 0.9700 0.2248 0.0930
vn 0.9526 0.2641 0.1509
vn 0.9138 0.4003 -0.0691
vn -0.9800 0.1882 -0.0654
vn -0.8832 0.4572 0.1042
vn -0.8885 0.4579 -0.0293
vn -0.9362 0.3492 0.0404
vn -0.9377 0.3440 0.0486
vn -0.9636 0.2198 -0.1522
vn -0.8154 -0.5734 -0.0802
vn -0.8180 -0.5670 -0.0967
vn -0.7169 -0.6956 -0.0468
vn -0.7166 -0.6956 -0.0516
vn -0.6021 -0.7970 -0.0469
vn -0.5681 -0.8227 -0.0191
vn -0.5227 -0.8480 0.0879
vn -0.5583 -0.8217 0.1145
vn 0.4548 -0.8869 0.0805
vn 0.4972 -0.8670 0.0329
vn 0.4916 -0.8613 -0.1280
vn 0.4834 -0.8591 -0.1683
vn 0.6472 -0.7305 -0.2178
vn 0.6688 -0.7131 -0.2103
vn 0.7730 -0.5601 0.2978
vn 0.7783 -0.6279 -0.0083
vn 0.9879 0.1243 0.0923
vn 0.9905 0.1287 0.0487
vn 0.9470 0.3154 0.0616
vn 0.9520 0.2482 0.1793
vn 0.5534 0.8247 0.1171
vn 0.8693 0.4658 0.1655
vn -0.8684 -0.4958 -0.0000
vn -1.0000 -0.0087 -0.0000
vn 0.9487 0.3160 0.0134
vn 0.9828 0.1668 0.0791
vn 0.9803 0.0944 0.1734
vn 0.9865 -0.0049 0.1634
vn 0.9824 -0.1410 0.1221
vn 0.9281 -0.3677 0.0589
vn 0.8575 -0.5144 -0.0021
vn 0.8261 -0.5634 -0.0124
vn 0.7524 -0.6576 -0.0395
vn 0.6767 -0.7269 -0.1175
vn 0.6281 -0.7688 -0.1199
vn 0.4520 -0.8890 -0.0733
vn 0.1132 -0.9903 -0.0811
vn -0.5389 -0.8365 -0.0996
vn -0.6563 -0.7519 -0.0630
vn -0.8193 -0.5732 0.0117
vn -0.8710 -0.4913 -0.0047
vn -0.9293 -0.3585 -0.0883
vn -0.9323 -0.3393 -0.1252
vn -0.9376 -0.3185 -0.1397
vn -0.9718 -0.2022 -0.1209
vn -0.9931 -0.0926 -0.0722
vn -0.9982 0.0312 -0.0507
vn -0.9816 0.1850 -0.0480
vn -0.9151 0.3974 0.0688
vn 0.8976 0.4349 0.0718
vn 0.9499 0.2688 -0.1595
vn 0.9565 0.1977 -0.2145
vn 0.9786 -0.0002 -0.2056
vn 0.9782 -0.1080 -0.1775
vn 0.9543 -0.2655 -0.1374
vn 0.9090 -0.4115 -0.0663
vn 0.8629 -0.5008 -0.0680
vn 0.7772 -0.6113 -0.1492
vn 0.6941 -0.7139 -0.0924
vn 0.6603 -0.7510 0.0030
vn 0.5464 -0.8368 -0.0354
vn 0.3630 -0.9288 -0.0742
vn -0.4946 -0.8459 -0.1996
vn -0.4674 -0.8673 -0.1713
vn -0.7085 -0.6870 -0.1614
vn -0.8471 -0.5126 -0.1403
vn -0.9186 -0.3857 -0.0861
vn -0.9260 -0.3745 -0.0475
vn -0.9381 -0.3462 -0.0145
vn -0.9671 -0.2538 -0.0160
vn -0.9893 -0.1367 -0.0519
vn -0.9962 -0.0458 -0.0736
vn -0.9917 0.1160 -0.0549
vn -0.9894 0.1405 -0.0358
vn -0.8769 0.4753 0.0716
vn -0.0440 -0.0253 -0.9987
vn 0.0025 -0.1013 -0.9948
vn 0.0325 -0.0947 -0.9950
vn -0.0529 -0.0053 -0.9986
vn -0.0070 -0.0275 -0.9996
vn -0.0797 0.1203 -0.9895
vn -0.0107 0.0747 -0.9971
vn -0.0473 0.1144 -0.9923
vn -0.0225 0.0941 -0.9953
vn 0.0183 0.0174 -0.9997
vn -0.0601 0.0206 -0.9980
vn 0.0277 -0.0265 -0.9993
vn -0.0865 -0.0373 -0.9956
vn -0.0735 -0.0613 -0.9954
vn -0.0892 -0.0764 -0.9931
vn -0.0072 0.0363 -0.9993
vn -0.9984 -0.0559 -0.0000
vn -0.9993 -0.0361 -0.0000
vn 0.9657 0.2597 0.0035
vn 0.9923 0.1226 -0.0145
vn 0.9996 0.0070 -0.0276
vn 0.9969 -0.0780 -0.0040
vn 0.9871 -0.1597 0.0141
vn 0.9572 -0.2895 -0.0056
vn 0.8885 -0.4568 -0.0435
vn 0.8155 -0.5739 -0.0753
vn 0.7607 -0.6460 -0.0631
vn 0.6779 -0.7351 -0.0010
vn 0.5681 -0.8211 0.0556
vn 0.6472 -0.7608 0.0479
vn 0.0608 -0.9960 0.0661
vn -0.6578 -0.7515 0.0498
vn -0.6128 -0.7902 -0.0087
vn -0.6809 -0.7322 -0.0187
vn -0.8122 -0.5833 -0.0036
vn -0.8638 -0.5038 -0.0002
vn -0.8979 -0.4392 0.0305
vn -0.9544 -0.2919 0.0631
vn -0.9902 -0.1263 0.0601
vn -0.9984 -0.0007 0.0560
vn -0.9904 0.1124 0.0803
vn -0.9852 0.1369 0.1030
vn -0.9780 0.1946 0.0746
vn 0.1517 0.9811 -0.1201
vn 0.9520 0.2250 0.2075
vn 0.9490 0.1578 0.2729
vn 0.9697 -0.0527 0.2386
vn 0.9693 -0.1391 0.2027
vn 0.9507 -0.2332 0.2043
vn 0.9079 -0.3485 0.2331
vn 0.8474 -0.4628 0.2603
vn 0.7779 -0.5616 0.2819
vn 0.6983 -0.6606 0.2756
vn 0.6521 -0.6984 0.2949
vn 0.5933 -0.7479 0.2977
vn 0.4589 -0.8500 0.2586
vn -0.5203 -0.8066 0.2804
vn -0.5410 -0.7635 0.3528
vn -0.6055 -0.6728 0.4250
vn -0.6726 -0.6048 0.4263
vn -0.7456 -0.5338 0.3989
vn -0.8071 -0.4540 0.3774
vn -0.8782 -0.3322 0.3440
vn -0.9293 -0.2149 0.3005
vn -0.9579 -0.1087 0.2659
vn -0.9734 -0.0055 0.2289
vn -0.9662 0.1879 0.1766
vn -0.9665 0.2518 0.0503
vn -0.8742 0.4731 -0.1095
vn 0.1099 0.8159 -0.5676
vn 0.0499 0.0245 -0.9985
vn 0.0818 -0.0173 -0.9965
vn -0.0225 -0.0187 -0.9996
vn 0.1843 -0.0142 -0.9828
vn -0.0880 0.0700 -0.9937
vn 0.1933 0.0453 -0.9801
vn -0.0957 0.0395 -0.9946
vn 0.1759 0.0228 -0.9841
vn -0.0369 -0.0187 -0.9991
vn 0.1238 -0.0843 -0.9887
vn -0.0665 0.0363 -0.9971
vn 0.1072 -0.1266 -0.9861
vn 0.1682 -0.1159 -0.9789
vn 0.1419 -0.2216 -0.9648
vn -0.0652 -0.0091 -0.9978
vn -0.0267 -0.0019 -0.9996
vn -0.0478 0.0950 -0.9943
vn -0.0339 -0.0305 -0.9990
vn -0.0541 -0.0674 -0.9963
vn -0.0749 0.0112 -0.9971
vn -0.0993 0.0628 -0.9931
vn 0.0297 -0.0662 -0.9974
vn -0.0325 -0.0106 -0.9994
vn 0.1018 -0.1227 -0.9872
vn 0.0740 -0.0950 -0.9927
vn -0.2375 -0.1526 -0.9593
vn -0.9317 0.3587 0.0579
vn -0.9262 0.3769 0.0108
vn -0.9905 0.1311 -0.0415
vn -0.9912 0.1230 -0.0484
vn -0.9906 0.1235 -0.0592
vn -0.9899 0.1228 -0.0710
vn -0.8302 -0.5366 -0.1512
vn -0.8053 -0.5703 -0.1617
vn -0.7441 -0.6673 -0.0318
vn -0.5899 -0.7026 0.3980
vn -0.5879 -0.8039 -0.0901
vn -0.5597 -0.7681 0.3110
vn -0.4232 -0.9018 -0.0879
vn -0.5179 -0.8159 0.2572
vn 0.5497 -0.8298 -0.0960
vn 0.5376 -0.7913 0.2912
vn 0.5035 -0.8600 -0.0827
vn 0.5892 -0.7498 0.3011
vn 0.6669 -0.7329 -0.1342
vn 0.6518 -0.7049 0.2798
vn 0.6994 -0.7048 -0.1183
vn 0.7043 -0.6934 -0.1520
vn 0.9533 0.2174 -0.2095
vn 0.9536 0.2288 -0.1958
vn 0.9612 0.2341 -0.1463
vn 0.9693 0.2114 -0.1260
vn 0.9313 0.3431 -0.1221
vn 0.9264 0.3747 -0.0371
vn -0.8923 0.4485 0.0524
vn -0.8813 0.4531 -0.1341
vn -0.9647 0.2599 0.0434
vn -0.9648 0.2629 -0.0077
vn -0.9887 0.1394 -0.0545
vn -0.9689 0.2046 0.1393
vn -0.8545 -0.5193 0.0096
vn -0.6835 -0.5953 0.4225
vn -0.6145 -0.7885 -0.0235
vn -0.6030 -0.7974 -0.0238
vn -0.6360 -0.7717 0.0052
vn -0.6723 -0.7400 0.0177
vn -0.6236 -0.7790 0.0645
vn -0.6150 -0.7861 0.0621
vn 0.5759 -0.8168 0.0354
vn 0.6576 -0.7527 0.0304
vn 0.6271 -0.7768 0.0577
vn 0.5815 -0.8111 0.0628
vn 0.6007 -0.7984 0.0417
vn 0.6034 -0.7970 0.0265
vn 0.6918 -0.7141 -0.1072
vn 0.6934 -0.6693 0.2670
vn 0.9702 0.1742 0.1683
vn 0.9512 0.1391 0.2756
vn 0.9783 0.2008 0.0513
vn 0.9472 0.2231 0.2303
vn 0.8508 0.5087 0.1314
vn 0.8633 0.4793 0.1582
s 1
f 2//2 4//4 1//1
f 6//6 14//14 43//43
f 14//14 8//8 12//12
f 10//10 1//1 8//8
f 8//8 1//1 35//35
f 6//6 10//10 14//14
f 1506//1506 119//119 1068//1068
f 1507//1507 82//82 936//936
f 1508//1508 84//84 937//937
f 1578//1578 37//37 869//869
f 1579//1579 38//38 870//870
f 1580//1580 40//40 871//871
f 1581//1581 39//39 872//872
f 1582//1582 49//49 873//873
f 1583//1583 46//46 874//874
f 1515//1515 92//92 944//944
f 1516//1516 129//129 1060//1060
f 1517//1517 130//130 1058//1058
f 1518//1518 131//131 1056//1056
f 1519//1519 132//132 1054//1054
f 1520//1520 133//133 1052//1052
f 1521//1521 134//134 1050//1050
f 1522//1522 106//106 951//951
f 1592//1592 52//52 883//883
f 1593//1593 62//62 884//884
f 1594//1594 61//61 885//885
f 1595//1595 56//56 886//886
f 1596//1596 58//58 887//887
f 1597//1597 57//57 888//888
f 1529//1529 114//114 958//958
f 1530//1530 116//116 959//959
f 1531//1531 77//77 933//933
f 924//924 1607//1607 11//11
f 2//2 6//6 4//4
f 63//63 4//4 50//50
f 12//12 64//64 59//59
f 12//12 65//65 60//60
f 4//4 76//76 50//50
f 4//4 6//6 38//38
f 4//4 75//75 41//41
f 36//36 4//4 37//37
f 14//14 12//12 56//56
f 12//12 66//66 57//57
f 12//12 57//57 58//58
f 37//37 4//4 38//38
f 12//12 58//58 56//56
f 40//40 38//38 6//6
f 14//14 56//56 61//61
f 14//14 61//61 62//62
f 39//39 40//40 6//6
f 49//49 39//39 6//6
f 14//14 62//62 52//52
f 14//14 52//52 53//53
f 46//46 49//49 6//6
f 74//74 6//6 47//47
f 14//14 67//67 55//55
f 14//14 68//68 44//44
f 73//73 6//6 48//48
f 72//72 6//6 42//42
f 14//14 69//69 45//45
f 71//71 6//6 43//43
f 14//14 70//70 43//43
f 14//14 10//10 8//8
f 10//10 2//2 1//1
f 77//77 1479//1479 12//12
f 1//1 4//4 3//3
f 4//4 78//78 934//934
f 35//35 12//12 8//8
f 1//1 79//79 637//637
f 6//6 2//2 10//10
f 80//80 1506//1506 1481//1481
f 1507//1507 1652//1652 120//120
f 1508//1508 1650//1650 121//121
f 1578//1578 868//868 36//36
f 1579//1579 869//869 37//37
f 1580//1580 870//870 38//38
f 1581//1581 871//871 40//40
f 1582//1582 872//872 39//39
f 1583//1583 873//873 49//49
f 1515//1515 1648//1648 128//128
f 92//92 1516//1516 944//944
f 94//94 1517//1517 945//945
f 96//96 1518//1518 946//946
f 98//98 1519//1519 947//947
f 100//100 1520//1520 948//948
f 102//102 1521//1521 949//949
f 1522//1522 1634//1634 135//135
f 1592//1592 882//882 53//53
f 1593//1593 883//883 52//52
f 1594//1594 884//884 62//62
f 1595//1595 885//885 61//61
f 1596//1596 886//886 56//56
f 1597//1597 887//887 58//58
f 1529//1529 1632//1632 142//142
f 1530//1530 1630//1630 143//143
f 1531//1531 1628//1628 144//144
f 637//637 1012//1012 578//578
f 986//986 1625//1625 145//145
f 987//987 1623//1623 146//146
f 1535//1535 1621//1621 148//148
f 1534//1534 147//147 1005//1005
f 1606//1606 923//923 32//32
f 1608//1608 925//925 31//31
f 1537//1537 149//149 990//990
f 1610//1610 927//927 29//29
f 1612//1612 929//929 28//28
f 1613//1613 16//16 1614//1614
f 930//930 931//931 27//27
f 780//780 476//476 26//26
f 552//552 794//794 161//161
f 707//707 792//792 163//163
f 706//706 162//162 562//562
f 243//243 330//330 165//165
f 99//99 322//322 21//21
f 321//321 789//789 165//165
f 556//556 787//787 167//167
f 475//475 1615//1615 17//17
f 28//28 927//927 1612//1612
f 926//926 932//932 13//13
f 932//932 1609//1609 13//13
f 1001//1001 153//153 168//168
f 995//995 168//168 154//154
f 156//156 996//996 1543//1543
f 1546//1546 159//159 551//551
f 480//480 784//784 20//20
f 558//558 105//105 559//559
f 788//788 708//708 164//164
f 243//243 480//480 20//20
f 560//560 328//328 327//327
f 328//328 556//556 167//167
f 101//101 244//244 166//166
f 166//166 329//329 101//101
f 22//22 329//329 99//99
f 321//321 244//244 23//23
f 330//330 97//97 331//331
f 331//331 322//322 166//166
f 561//561 163//163 554//554
f 162//162 561//561 562//562
f 782//782 19//19 478//478
f 783//783 479//479 25//25
f 563//563 95//95 564//564
f 793//793 555//555 164//164
f 476//476 477//477 26//26
f 565//565 93//93 566//566
f 795//795 553//553 162//162
f 552//552 160//160 704//704
f 1000//1000 158//158 999//999
f 157//157 1545//1545 1544//1544
f 998//998 156//156 1543//1543
f 996//996 154//154 1541//1541
f 1002//1002 33//33 921//921
f 1002//1002 1618//1618 115//115
f 1606//1606 115//115 1618//1618
f 994//994 152//152 1539//1539
f 1537//1537 151//151 150//150
f 1004//1004 148//148 989//989
f 1005//1005 148//148 1004//1004
f 1603//1603 7//7 920//920
f 1604//1604 921//921 33//33
f 1006//1006 85//85 1007//1007
f 1622//1622 990//990 149//149
f 918//918 919//919 34//34
f 1008//1008 83//83 1009//1009
f 1624//1624 988//988 147//147
f 917//917 918//918 34//34
f 1010//1010 81//81 1011//1011
f 1626//1626 987//987 146//146
f 577//577 1532//1532 689//689
f 1012//1012 79//79 145//145
f 713//713 1601//1601 765//765
f 1600//1600 890//890 59//59
f 1013//1013 118//118 1014//1014
f 1629//1629 959//959 116//116
f 1599//1599 889//889 60//60
f 1015//1015 117//117 1016//1016
f 1631//1631 958//958 114//114
f 1598//1598 888//888 57//57
f 1017//1017 115//115 1018//1018
f 1633//1633 957//957 113//113
f 956//956 141//141 1528//1528
f 955//955 140//140 1527//1527
f 954//954 139//139 1526//1526
f 953//953 138//138 1525//1525
f 952//952 137//137 1524//1524
f 951//951 136//136 1523//1523
f 1591//1591 881//881 55//55
f 1019//1019 107//107 1020//1020
f 1635//1635 950//950 104//104
f 68//68 1590//1590 1021//1021
f 1021//1021 1637//1637 68//68
f 44//44 1637//1637 880//880
f 69//69 1589//1589 1023//1023
f 1023//1023 1639//1639 69//69
f 45//45 1639//1639 879//879
f 70//70 1588//1588 1025//1025
f 1025//1025 1641//1641 70//70
f 43//43 1641//1641 878//878
f 71//71 1587//1587 1027//1027
f 1027//1027 1643//1643 71//71
f 42//42 1643//1643 877//877
f 72//72 1586//1586 1029//1029
f 1029//1029 1645//1645 72//72
f 48//48 1645//1645 876//876
f 73//73 1585//1585 1031//1031
f 1031//1031 1647//1647 73//73
f 47//47 1647//1647 875//875
f 1584//1584 874//874 46//46
f 1033//1033 93//93 1034//1034
f 1649//1649 943//943 91//91
f 942//942 127//127 1514//1514
f 941//941 126//126 1513//1513
f 940//940 125//125 1512//1512
f 939//939 124//124 1511//1511
f 938//938 123//123 1510//1510
f 937//937 122//122 1509//1509
f 1577//1577 867//867 41//41
f 1035//1035 85//85 1036//1036
f 1651//1651 936//936 82//82
f 1576//1576 866//866 50//50
f 1037//1037 83//83 1038//1038
f 1653//1653 935//935 80//80
f 81//81 1575//1575 1039//1039
f 1039//1039 1655//1655 81//81
f 5//5 1655//1655 1550//1550
f 993//993 151//151 152//152
f 1041//1041 54//54 864//864
f 1041//1041 1657//1657 64//64
f 1600//1600 64//64 1657//1657
f 1043//1043 59//59 890//890
f 1043//1043 1659//1659 65//65
f 1599//1599 65//65 1659//1659
f 1045//1045 60//60 889//889
f 1045//1045 1661//1661 66//66
f 1598//1598 66//66 1661//1661
f 1528//1528 113//113 957//957
f 1527//1527 112//112 956//956
f 1526//1526 111//111 955//955
f 1525//1525 110//110 954//954
f 1524//1524 109//109 953//953
f 1523//1523 108//108 952//952
f 1047//1047 53//53 882//882
f 1047//1047 1663//1663 67//67
f 1591//1591 67//67 1663//1663
f 1049//1049 104//104 950//950
f 134//134 1049//1049 1050//1050
f 1590//1590 55//55 881//881
f 1051//1051 102//102 949//949
f 133//133 1051//1051 1052//1052
f 1589//1589 44//44 880//880
f 1053//1053 100//100 948//948
f 132//132 1053//1053 1054//1054
f 1588//1588 45//45 879//879
f 1055//1055 98//98 947//947
f 131//131 1055//1055 1056//1056
f 1587//1587 43//43 878//878
f 1057//1057 96//96 946//946
f 130//130 1057//1057 1058//1058
f 1586//1586 42//42 877//877
f 1059//1059 94//94 945//945
f 129//129 1059//1059 1060//1060
f 1585//1585 48//48 876//876
f 1061//1061 47//47 875//875
f 1061//1061 1677//1677 74//74
f 1584//1584 74//74 1677//1677
f 1514//1514 91//91 943//943
f 1513//1513 90//90 942//942
f 1512//1512 89//89 941//941
f 1511//1511 88//88 940//940
f 1510//1510 87//87 939//939
f 1509//1509 86//86 938//938
f 1063//1063 36//36 868//868
f 1063//1063 1679//1679 75//75
f 1577//1577 75//75 1679//1679
f 1065//1065 41//41 867//867
f 1065//1065 1681//1681 76//76
f 1576//1576 76//76 1681//1681
f 1067//1067 78//78 1480//1480
f 119//119 1067//1067 1068//1068
f 1575//1575 3//3 1549//1549
f 275//275 1344//1344 1370//1370
f 405//405 1272//1272 1273//1273
f 404//404 1275//1275 1272//1272
f 1371//1371 403//403 1476//1476
f 1476//1476 402//402 1270//1270
f 1270//1270 173//173 1072//1072
f 1372//1372 401//401 1474//1474
f 1474//1474 400//400 1268//1268
f 1268//1268 174//174 1073//1073
f 1304//1304 253//253 1143//1143
f 1305//1305 254//254 1144//1144
f 1306//1306 255//255 1145//1145
f 1307//1307 256//256 1146//1146
f 1308//1308 257//257 1147//1147
f 1309//1309 258//258 1148//1148
f 1379//1379 399//399 1472//1472
f 1472//1472 398//398 1266//1266
f 1266//1266 181//181 1080//1080
f 285//285 1081//1081 1380//1380
f 397//397 1264//1264 1265//1265
f 396//396 1150//1150 1264//1264
f 286//286 1082//1082 1381//1381
f 395//395 1262//1262 1263//1263
f 394//394 1151//1151 1262//1262
f 287//287 1083//1083 1382//1382
f 393//393 1260//1260 1261//1261
f 392//392 1152//1152 1260//1260
f 288//288 1084//1084 1383//1383
f 391//391 1258//1258 1259//1259
f 390//390 1153//1153 1258//1258
f 289//289 1085//1085 1384//1384
f 389//389 1256//1256 1257//1257
f 388//388 1154//1154 1256//1256
f 290//290 1086//1086 1385//1385
f 387//387 1254//1254 1255//1255
f 386//386 1155//1155 1254//1254
f 1386//1386 385//385 1458//1458
f 1458//1458 384//384 1252//1252
f 1252//1252 188//188 1087//1087
f 1318//1318 267//267 1157//1157
f 1319//1319 268//268 1158//1158
f 1320//1320 269//269 1159//1159
f 1321//1321 270//270 1160//1160
f 1322//1322 271//271 1161//1161
f 1323//1323 272//272 1162//1162
f 1393//1393 383//383 1456//1456
f 1456//1456 382//382 1250//1250
f 1250//1250 195//195 1094//1094
f 1394//1394 381//381 1454//1454
f 1454//1454 380//380 1248//1248
f 1248//1248 196//196 1095//1095
f 1395//1395 379//379 1452//1452
f 1452//1452 378//378 1246//1246
f 1246//1246 169//169 1069//1069
f 1198//1198 229//229 308//308
f 250//250 1450//1450 1345//1345
f 1244//1244 377//377 376//376
f 376//376 1370//1370 1244//1244
f 1140//1140 375//375 1448//1448
f 1242//1242 375//375 1243//1243
f 1071//1071 276//276 1371//1371
f 1141//1141 373//373 1446//1446
f 1240//1240 373//373 1241//1241
f 1072//1072 277//277 1372//1372
f 1142//1142 200//200 1304//1304
f 1143//1143 201//201 1305//1305
f 1144//1144 202//202 1306//1306
f 1145//1145 203//203 1307//1307
f 1146//1146 204//204 1308//1308
f 1147//1147 205//205 1309//1309
f 1148//1148 371//371 1444//1444
f 1238//1238 371//371 1239//1239
f 1079//1079 284//284 1379//1379
f 181//181 1442//1442 1080//1080
f 1236//1236 369//369 368//368
f 368//368 1380//1380 1236//1236
f 182//182 1440//1440 1081//1081
f 1234//1234 367//367 366//366
f 366//366 1381//1381 1234//1234
f 183//183 1438//1438 1082//1082
f 1232//1232 365//365 364//364
f 364//364 1382//1382 1232//1232
f 184//184 1436//1436 1083//1083
f 1230//1230 363//363 362//362
f 362//362 1383//1383 1230//1230
f 185//185 1434//1434 1084//1084
f 1228//1228 361//361 360//360
f 360//360 1384//1384 1228//1228
f 186//186 1432//1432 1085//1085
f 1226//1226 359//359 358//358
f 358//358 1385//1385 1226//1226
f 1155//1155 357//357 1430//1430
f 1224//1224 357//357 1225//1225
f 1086//1086 291//291 1386//1386
f 1156//1156 214//214 1318//1318
f 1157//1157 215//215 1319//1319
f 1158//1158 216//216 1320//1320
f 1159//1159 217//217 1321//1321
f 1160//1160 218//218 1322//1322
f 1161//1161 219//219 1323//1323
f 1162//1162 355//355 1428//1428
f 1222//1222 355//355 1223//1223
f 1093//1093 298//298 1393//1393
f 1163//1163 353//353 1426//1426
f 1220//1220 353//353 1221//1221
f 1094//1094 299//299 1394//1394
f 1164//1164 351//351 1424//1424
f 1218//1218 351//351 1219//1219
f 1095//1095 300//300 1395//1395
f 1396//1396 484//484 301//301
f 1217//1217 348//348 806//806
f 1327//1327 806//806 223//223
f 1421//1421 302//302 347//347
f 346//346 1216//1216 1215//1215
f 1122//1122 224//224 223//223
f 1419//1419 303//303 345//345
f 344//344 1214//1214 1213//1213
f 1123//1123 225//225 224//224
f 1417//1417 305//305 343//343
f 342//342 1212//1212 1211//1211
f 1399//1399 227//227 304//304
f 1398//1398 226//226 1125//1125
f 1210//1210 340//340 1209//1209
f 1209//1209 304//304 1194//1194
f 1332//1332 307//307 228//228
f 1199//1199 230//230 1334//1334
f 1401//1401 339//339 1413//1413
f 1413//1413 338//338 1207//1207
f 1207//1207 227//227 1126//1126
f 1201//1201 232//232 1336//1336
f 1203//1203 234//234 1338//1338
f 235//235 1340//1340 1339//1339
f 1205//1205 314//314 1204//1204
f 781//781 238//238 475//475
f 782//782 337//337 566//566
f 794//794 337//337 795//795
f 706//706 239//239 705//705
f 784//784 335//335 564//564
f 792//792 335//335 793//793
f 708//708 319//319 554//554
f 318//318 707//707 553//553
f 333//333 790//790 791//791
f 332//332 783//783 790//790
f 21//21 331//331 97//97
f 165//165 331//331 166//166
f 166//166 321//321 165//165
f 785//785 323//323 103//103
f 327//327 328//328 167//167
f 709//709 245//245 165//165
f 559//559 242//242 326//326
f 325//325 788//788 787//787
f 709//709 320//320 245//245
f 1341//1341 237//237 780//780
f 234//234 1201//1201 1338//1338
f 1200//1200 324//324 310//310
f 1206//1206 231//231 324//324
f 1137//1137 309//309 246//246
f 1131//1131 246//246 232//232
f 312//312 1132//1132 1407//1407
f 1410//1410 315//315 238//238
f 785//785 325//325 323//323
f 560//560 327//327 23//23
f 97//97 243//243 20//20
f 240//240 791//791 477//477
f 563//563 241//241 478//478
f 565//565 317//317 781//781
f 705//705 316//316 551//551
f 1136//1136 236//236 1135//1135
f 313//313 1409//1409 1408//1408
f 1134//1134 312//312 1407//1407
f 1132//1132 310//310 1405//1405
f 1332//1332 305//305 1195//1195
f 1130//1130 308//308 1403//1403
f 1401//1401 229//229 306//306
f 1329//1329 341//341 1210//1210
f 1330//1330 342//342 226//226
f 1192//1192 344//344 302//302
f 1191//1191 346//346 301//301
f 1217//1217 408//408 349//349
f 1423//1423 222//222 1326//1326
f 1425//1425 221//221 1325//1325
f 1427//1427 220//220 1324//1324
f 1092//1092 297//297 1392//1392
f 1091//1091 296//296 1391//1391
f 1090//1090 295//295 1390//1390
f 1089//1089 294//294 1389//1389
f 1088//1088 293//293 1388//1388
f 1087//1087 292//292 1387//1387
f 1429//1429 213//213 1317//1317
f 264//264 1316//1316 1154//1154
f 263//263 1315//1315 1153//1153
f 262//262 1314//1314 1152//1152
f 261//261 1313//1313 1151//1151
f 260//260 1312//1312 1150//1150
f 259//259 1311//1311 1149//1149
f 1443//1443 206//206 1310//1310
f 1078//1078 283//283 1378//1378
f 1077//1077 282//282 1377//1377
f 1076//1076 281//281 1376//1376
f 1075//1075 280//280 1375//1375
f 1074//1074 279//279 1374//1374
f 1073//1073 278//278 1373//1373
f 1445//1445 199//199 1303//1303
f 1447//1447 198//198 1302//1302
f 172//172 1301//1301 1276//1276
f 1129//1129 307//307 230//230
f 1326//1326 247//247 1138//1138
f 1325//1325 274//274 1164//1164
f 1324//1324 273//273 1163//1163
f 1392//1392 194//194 1093//1093
f 1391//1391 193//193 1092//1092
f 1390//1390 192//192 1091//1091
f 1389//1389 191//191 1090//1090
f 1388//1388 190//190 1089//1089
f 1387//1387 189//189 1088//1088
f 1317//1317 266//266 1156//1156
f 212//212 1255//1255 1316//1316
f 211//211 1257//1257 1315//1315
f 210//210 1259//1259 1314//1314
f 209//209 1261//1261 1313//1313
f 208//208 1263//1263 1312//1312
f 207//207 1265//1265 1311//1311
f 1310//1310 259//259 1149//1149
f 1378//1378 180//180 1079//1079
f 1377//1377 179//179 1078//1078
f 1376//1376 178//178 1077//1077
f 1375//1375 177//177 1076//1076
f 1374//1374 176//176 1075//1075
f 1373//1373 175//175 1074//1074
f 1303//1303 252//252 1142//1142
f 1302//1302 251//251 1141//1141
f 197//197 1273//1273 1301//1301
f 434//434 1683//1683 891//891
f 892//892 715//715 1551//1551
f 893//893 716//716 1552//1552
f 963//963 641//641 1484//1484
f 964//964 642//642 1485//1485
f 965//965 643//643 1486//1486
f 966//966 644//644 1487//1487
f 967//967 645//645 1488//1488
f 968//968 646//646 1489//1489
f 900//900 723//723 1559//1559
f 444//444 1675//1675 901//901
f 445//445 1673//1673 902//902
f 446//446 1671//1671 903//903
f 447//447 1669//1669 904//904
f 448//448 1667//1667 905//905
f 449//449 1665//1665 906//906
f 907//907 730//730 1566//1566
f 977//977 655//655 1498//1498
f 978//978 656//656 1499//1499
f 979//979 657//657 1500//1500
f 980//980 658//658 1501//1501
f 981//981 659//659 1502//1502
f 982//982 660//660 1503//1503
f 914//914 737//737 1573//1573
f 915//915 738//738 1574//1574
f 916//916 711//711 1548//1548
f 1539//1539 542//542 696//696
f 409//409 891//891 866//866
f 1037//1037 435//435 892//892
f 1035//1035 436//436 893//893
f 1483//1483 513//513 963//963
f 1484//1484 514//514 964//964
f 1485//1485 515//515 965//965
f 1486//1486 516//516 966//966
f 1487//1487 517//517 967//967
f 1488//1488 518//518 968//968
f 1033//1033 443//443 900//900
f 723//723 901//901 1559//1559
f 724//724 902//902 1560//1560
f 725//725 903//903 1561//1561
f 726//726 904//904 1562//1562
f 727//727 905//905 1563//1563
f 728//728 906//906 1564//1564
f 1019//1019 450//450 907//907
f 1497//1497 527//527 977//977
f 1498//1498 528//528 978//978
f 1499//1499 529//529 979//979
f 1500//1500 530//530 980//980
f 1501//1501 531//531 981//981
f 1502//1502 532//532 982//982
f 1017//1017 457//457 914//914
f 1015//1015 458//458 915//915
f 1013//1013 459//459 916//916
f 1627//1627 35//35 807//807
f 1601//1601 575//575 765//765
f 1602//1602 573//573 766//766
f 920//920 571//571 463//463
f 919//919 799//799 1620//1620
f 991//991 695//695 541//541
f 1540//1540 543//543 993//993
f 922//922 769//769 1605//1605
f 1542//1542 545//545 995//995
f 1544//1544 547//547 997//997
f 548//548 999//999 998//998
f 1546//1546 702//702 1545//1545
f 161//161 551//551 160//160
f 93//93 781//781 18//18
f 95//95 478//478 19//19
f 477//477 107//107 26//26
f 24//24 558//558 785//785
f 1000//1000 550//550 704//704
f 547//547 1542//1542 997//997
f 1541//1541 710//710 698//698
f 1547//1547 544//544 710//710
f 1616//1616 468//468 786//786
f 1610//1610 786//786 774//774
f 471//471 1611//1611 928//928
f 931//931 474//474 26//26
f 167//167 555//555 709//709
f 787//787 164//164 167//167
f 105//105 479//479 559//559
f 790//790 25//25 107//107
f 107//107 791//791 790//790
f 553//553 163//163 162//162
f 164//164 554//554 163//163
f 163//163 793//793 164//164
f 20//20 564//564 95//95
f 162//162 705//705 161//161
f 161//161 795//795 162//162
f 19//19 566//566 93//93
f 18//18 475//475 17//17
f 1615//1615 778//778 1614//1614
f 472//472 930//930 929//929
f 1613//1613 471//471 928//928
f 1611//1611 469//469 926//926
f 1617//1617 693//693 1536//1536
f 1003//1003 796//796 1617//1617
f 991//991 568//568 1003//1003
f 1609//1609 467//467 924//924
f 922//922 771//771 465//465
f 1619//1619 768//768 1604//1604
f 1620//1620 798//798 1619//1619
f 988//988 692//692 1535//1535
f 989//989 693//693 539//539
f 800//800 1622//1622 1621//1621
f 1007//1007 769//769 572//572
f 1533//1533 691//691 690//690
f 802//802 1624//1624 1623//1623
f 1009//1009 767//767 574//574
f 1532//1532 690//690 689//689
f 804//804 1626//1626 1625//1625
f 1011//1011 766//766 576//576
f 917//917 118//118 460//460
f 1627//1627 806//806 118//118
f 986//986 79//79 536//536
f 1505//1505 535//535 985//985
f 1628//1628 809//809 1629//1629
f 1574//1574 580//580 1014//1014
f 1504//1504 534//534 984//984
f 1630//1630 811//811 1631//1631
f 1573//1573 582//582 1016//1016
f 1503//1503 533//533 983//983
f 1632//1632 813//813 1633//1633
f 1572//1572 584//584 1018//1018
f 1571//1571 456//456 913//913
f 1570//1570 455//455 912//912
f 1569//1569 454//454 911//911
f 1568//1568 453//453 910//910
f 1567//1567 452//452 909//909
f 1566//1566 451//451 908//908
f 1496//1496 526//526 976//976
f 1634//1634 815//815 1635//1635
f 1565//1565 586//586 1020//1020
f 816//816 975//975 1636//1636
f 1636//1636 588//588 816//816
f 652//652 1022//1022 1495//1495
f 818//818 974//974 1638//1638
f 1638//1638 590//590 818//818
f 651//651 1024//1024 1494//1494
f 820//820 973//973 1640//1640
f 1640//1640 592//592 820//820
f 650//650 1026//1026 1493//1493
f 822//822 972//972 1642//1642
f 1642//1642 594//594 822//822
f 649//649 1028//1028 1492//1492
f 824//824 971//971 1644//1644
f 1644//1644 596//596 824//824
f 648//648 1030//1030 1491//1491
f 826//826 970//970 1646//1646
f 1646//1646 598//598 826//826
f 647//647 1032//1032 1490//1490
f 1489//1489 519//519 969//969
f 1648//1648 829//829 1649//1649
f 1558//1558 600//600 1034//1034
f 1557//1557 442//442 899//899
f 1556//1556 441//441 898//898
f 1555//1555 440//440 897//897
f 1554//1554 439//439 896//896
f 1553//1553 438//438 895//895
f 1552//1552 437//437 894//894
f 1482//1482 512//512 962//962
f 1650//1650 831//831 1651//1651
f 1551//1551 602//602 1036//1036
f 1481//1481 511//511 961//961
f 1652//1652 833//833 1653//1653
f 1550//1550 604//604 1038//1038
f 834//834 960//960 1654//1654
f 1654//1654 606//606 834//834
f 485//485 1040//1040 935//935
f 1608//1608 466//466 772//772
f 1656//1656 635//635 1479//1479
f 1042//1042 836//836 1656//1656
f 985//985 608//608 1042//1042
f 1658//1658 662//662 1505//1505
f 1044//1044 838//838 1658//1658
f 984//984 610//610 1044//1044
f 1660//1660 661//661 1504//1504
f 1046//1046 840//840 1660//1660
f 983//983 612//612 1046//1046
f 913//913 736//736 1572//1572
f 912//912 735//735 1571//1571
f 911//911 734//734 1570//1570
f 910//910 733//733 1569//1569
f 909//909 732//732 1568//1568
f 908//908 731//731 1567//1567
f 1662//1662 654//654 1497//1497
f 1048//1048 842//842 1662//1662
f 976//976 614//614 1048//1048
f 844//844 1565//1565 1664//1664
f 845//845 1664//1664 1665//1665
f 525//525 1496//1496 975//975
f 846//846 1564//1564 1666//1666
f 847//847 1666//1666 1667//1667
f 524//524 1495//1495 974//974
f 848//848 1563//1563 1668//1668
f 849//849 1668//1668 1669//1669
f 523//523 1494//1494 973//973
f 850//850 1562//1562 1670//1670
f 851//851 1670//1670 1671//1671
f 522//522 1493//1493 972//972
f 852//852 1561//1561 1672//1672
f 853//853 1672//1672 1673//1673
f 521//521 1492//1492 971//971
f 854//854 1560//1560 1674//1674
f 855//855 1674//1674 1675//1675
f 520//520 1491//1491 970//970
f 1676//1676 647//647 1490//1490
f 1062//1062 856//856 1676//1676
f 969//969 628//628 1062//1062
f 899//899 722//722 1558//1558
f 898//898 721//721 1557//1557
f 897//897 720//720 1556//1556
f 896//896 719//719 1555//1555
f 895//895 718//718 1554//1554
f 894//894 717//717 1553//1553
f 1678//1678 640//640 1483//1483
f 1064//1064 858//858 1678//1678
f 962//962 630//630 1064//1064
f 1680//1680 639//639 1482//1482
f 1066//1066 860//860 1680//1680
f 961//961 632//632 1066//1066
f 862//862 865//865 1682//1682
f 863//863 1682//1682 1683//1683
f 510//510 934//934 960//960
f 739//739 1139//1139 1165//1165
f 634//634 1477//1477 1478//1478
f 633//633 1070//1070 1477//1477
f 1166//1166 861//861 1271//1271
f 1271//1271 631//631 1475//1475
f 1475//1475 410//410 1277//1277
f 1167//1167 859//859 1269//1269
f 1269//1269 629//629 1473//1473
f 1473//1473 411//411 1278//1278
f 1099//1099 488//488 1348//1348
f 1100//1100 489//489 1349//1349
f 1101//1101 490//490 1350//1350
f 1102//1102 491//491 1351//1351
f 1103//1103 492//492 1352//1352
f 1104//1104 493//493 1353//1353
f 1174//1174 857//857 1267//1267
f 1267//1267 627//627 1471//1471
f 1471//1471 418//418 1285//1285
f 749//749 1286//1286 1175//1175
f 626//626 1469//1469 1470//1470
f 625//625 1355//1355 1469//1469
f 750//750 1287//1287 1176//1176
f 624//624 1467//1467 1468//1468
f 623//623 1356//1356 1467//1467
f 751//751 1288//1288 1177//1177
f 622//622 1465//1465 1466//1466
f 621//621 1357//1357 1465//1465
f 752//752 1289//1289 1178//1178
f 620//620 1463//1463 1464//1464
f 619//619 1358//1358 1463//1463
f 753//753 1290//1290 1179//1179
f 618//618 1461//1461 1462//1462
f 617//617 1359//1359 1461//1461
f 754//754 1291//1291 1180//1180
f 616//616 1459//1459 1460//1460
f 615//615 1360//1360 1459//1459
f 1181//1181 843//843 1253//1253
f 1253//1253 613//613 1457//1457
f 1457//1457 425//425 1292//1292
f 1113//1113 502//502 1362//1362
f 1114//1114 503//503 1363//1363
f 1115//1115 504//504 1364//1364
f 1116//1116 505//505 1365//1365
f 1117//1117 506//506 1366//1366
f 1118//1118 507//507 1367//1367
f 1188//1188 841//841 1251//1251
f 1251//1251 611//611 1455//1455
f 1455//1455 432//432 1299//1299
f 1189//1189 839//839 1249//1249
f 1249//1249 609//609 1453//1453
f 1453//1453 433//433 1300//1300
f 1190//1190 837//837 1247//1247
f 1247//1247 607//607 1451//1451
f 1451//1451 406//406 1274//1274
f 1403//1403 695//695 543//543
f 714//714 1245//1245 1140//1140
f 1449//1449 835//835 605//605
f 605//605 1165//1165 1449//1449
f 1345//1345 833//833 1243//1243
f 1447//1447 604//604 1448//1448
f 1276//1276 740//740 1166//1166
f 1346//1346 831//831 1241//1241
f 1445//1445 602//602 1446//1446
f 1277//1277 741//741 1167//1167
f 1347//1347 666//666 1099//1099
f 1348//1348 667//667 1100//1100
f 1349//1349 668//668 1101//1101
f 1350//1350 669//669 1102//1102
f 1351//1351 670//670 1103//1103
f 1352//1352 671//671 1104//1104
f 1353//1353 829//829 1239//1239
f 1443//1443 600//600 1444//1444
f 1284//1284 748//748 1174//1174
f 418//418 1237//1237 1285//1285
f 1441//1441 827//827 597//597
f 597//597 1175//1175 1441//1441
f 419//419 1235//1235 1286//1286
f 1439//1439 825//825 595//595
f 595//595 1176//1176 1439//1439
f 420//420 1233//1233 1287//1287
f 1437//1437 823//823 593//593
f 593//593 1177//1177 1437//1437
f 421//421 1231//1231 1288//1288
f 1435//1435 821//821 591//591
f 591//591 1178//1178 1435//1435
f 422//422 1229//1229 1289//1289
f 1433//1433 819//819 589//589
f 589//589 1179//1179 1433//1433
f 423//423 1227//1227 1290//1290
f 1431//1431 817//817 587//587
f 587//587 1180//1180 1431//1431
f 1360//1360 815//815 1225//1225
f 1429//1429 586//586 1430//1430
f 1291//1291 755//755 1181//1181
f 1361//1361 680//680 1113//1113
f 1362//1362 681//681 1114//1114
f 1363//1363 682//682 1115//1115
f 1364//1364 683//683 1116//1116
f 1365//1365 684//684 1117//1117
f 1366//1366 685//685 1118//1118
f 1367//1367 813//813 1223//1223
f 1427//1427 584//584 1428//1428
f 1298//1298 762//762 1188//1188
f 1368//1368 811//811 1221//1221
f 1425//1425 582//582 1426//1426
f 1299//1299 763//763 1189//1189
f 1369//1369 809//809 1219//1219
f 1423//1423 580//580 1424//1424
f 1300//1300 764//764 1190//1190
f 713//713 765//765 1191//1191
f 1422//1422 578//578 577//577
f 577//577 689//689 1122//1122
f 1216//1216 537//537 805//805
f 575//575 1421//1421 1420//1420
f 1327//1327 461//461 460//460
f 1214//1214 538//538 803//803
f 573//573 1419//1419 1418//1418
f 1328//1328 462//462 461//461
f 1212//1212 540//540 801//801
f 571//571 1417//1417 1416//1416
f 1194//1194 464//464 768//768
f 1193//1193 463//463 1330//1330
f 1415//1415 569//569 1414//1414
f 1414//1414 539//539 1399//1399
f 1127//1127 542//542 694//694
f 1404//1404 696//696 1129//1129
f 1196//1196 797//797 1208//1208
f 1208//1208 567//567 1412//1412
f 1412//1412 464//464 1331//1331
f 1406//1406 698//698 1131//1131
f 1408//1408 700//700 1133//1133
f 701//701 1135//1135 1134//1134
f 1410//1410 549//549 1409//1409
f 317//317 704//704 238//238
f 318//318 795//795 337//337
f 336//336 566//566 337//337
f 240//240 476//476 239//239
f 320//320 793//793 335//335
f 334//334 564//564 335//335
f 242//242 783//783 319//319
f 782//782 241//241 318//318
f 562//562 332//332 333//333
f 561//561 319//319 332//332
f 326//326 708//708 788//788
f 558//558 326//326 325//325
f 245//245 784//784 480//480
f 1136//1136 703//703 316//316
f 700//700 1406//1406 1133//1133
f 1405//1405 557//557 545//545
f 1411//1411 697//697 557//557
f 1342//1342 773//773 481//481
f 1336//1336 481//481 469//469
f 776//776 1337//1337 1202//1202
f 1205//1205 779//779 475//475
f 323//323 787//787 556//556
f 706//706 333//333 240//240
f 334//334 707//707 241//241
f 336//336 552//552 317//317
f 239//239 780//780 316//316
f 1341//1341 473//473 1340//1340
f 777//777 1204//1204 1203//1203
f 1339//1339 776//776 1202//1202
f 1337//1337 774//774 1200//1200
f 1127//1127 540//540 1400//1400
f 1335//1335 772//772 1198//1198
f 1196//1196 466//466 770//770
f 1124//1124 570//570 1415//1415
f 1125//1125 800//800 692//692
f 1397//1397 802//802 537//537
f 1396//1396 804//804 536//536
f 637//637 578//578 1422//1422
f 1218//1218 688//688 1121//1121
f 1220//1220 687//687 1120//1120
f 1222//1222 686//686 1119//1119
f 1297//1297 761//761 1187//1187
f 1296//1296 760//760 1186//1186
f 1295//1295 759//759 1185//1185
f 1294//1294 758//758 1184//1184
f 1293//1293 757//757 1183//1183
f 1292//1292 756//756 1182//1182
f 1224//1224 679//679 1112//1112
f 499//499 1111//1111 1359//1359
f 498//498 1110//1110 1358//1358
f 497//497 1109//1109 1357//1357
f 496//496 1108//1108 1356//1356
f 495//495 1107//1107 1355//1355
f 494//494 1106//1106 1354//1354
f 1238//1238 672//672 1105//1105
f 1283//1283 747//747 1173//1173
f 1282//1282 746//746 1172//1172
f 1281//1281 745//745 1171//1171
f 1280//1280 744//744 1170//1170
f 1279//1279 743//743 1169//1169
f 1278//1278 742//742 1168//1168
f 1240//1240 665//665 1098//1098
f 1242//1242 664//664 1097//1097
f 638//638 1096//1096 1071//1071
f 1334//1334 771//771 467//467
f 1121//1121 482//482 1343//1343
f 1120//1120 509//509 1369//1369
f 1119//1119 508//508 1368//1368
f 1187//1187 431//431 1298//1298
f 1186//1186 430//430 1297//1297
f 1185//1185 429//429 1296//1296
f 1184//1184 428//428 1295//1295
f 1183//1183 427//427 1294//1294
f 1182//1182 426//426 1293//1293
f 1112//1112 501//501 1361//1361
f 678//678 1460//1460 1111//1111
f 677//677 1462//1462 1110//1110
f 676//676 1464//1464 1109//1109
f 675//675 1466//1466 1108//1108
f 674//674 1468//1468 1107//1107
f 673//673 1470//1470 1106//1106
f 1105//1105 494//494 1354//1354
f 1173//1173 417//417 1284//1284
f 1172//1172 416//416 1283//1283
f 1171//1171 415//415 1282//1282
f 1170//1170 414//414 1281//1281
f 1169//1169 413//413 1280//1280
f 1168//1168 412//412 1279//1279
f 1098//1098 487//487 1347//1347
f 1097//1097 486//486 1346//1346
f 663//663 1478//1478 1096//1096
f 1096//1096 405//405 197//197
f 198//198 1346//1346 251//251
f 199//199 1347//1347 252//252
f 278//278 1279//1279 175//175
f 279//279 1280//1280 176//176
f 280//280 1281//1281 177//177
f 281//281 1282//1282 178//178
f 282//282 1283//1283 179//179
f 283//283 1284//1284 180//180
f 206//206 1354//1354 259//259
f 1106//1106 397//397 207//207
f 1107//1107 395//395 208//208
f 1108//1108 393//393 209//209
f 1109//1109 391//391 210//210
f 1110//1110 389//389 211//211
f 1111//1111 387//387 212//212
f 213//213 1361//1361 266//266
f 292//292 1293//1293 189//189
f 293//293 1294//1294 190//190
f 294//294 1295//1295 191//191
f 295//295 1296//1296 192//192
f 296//296 1297//1297 193//193
f 297//297 1298//1298 194//194
f 220//220 1368//1368 273//273
f 221//221 1369//1369 274//274
f 222//222 1343//1343 247//247
f 230//230 1197//1197 1334//1334
f 1071//1071 197//197 172//172
f 374//374 1097//1097 198//198
f 372//372 1098//1098 199//199
f 174//174 1168//1168 278//278
f 175//175 1169//1169 279//279
f 176//176 1170//1170 280//280
f 177//177 1171//1171 281//281
f 178//178 1172//1172 282//282
f 179//179 1173//1173 283//283
f 370//370 1105//1105 206//206
f 1354//1354 207//207 259//259
f 1355//1355 208//208 260//260
f 1356//1356 209//209 261//261
f 1357//1357 210//210 262//262
f 1358//1358 211//211 263//263
f 1359//1359 212//212 264//264
f 356//356 1112//1112 213//213
f 188//188 1182//1182 292//292
f 189//189 1183//1183 293//293
f 190//190 1184//1184 294//294
f 191//191 1185//1185 295//295
f 192//192 1186//1186 296//296
f 193//193 1187//1187 297//297
f 354//354 1119//1119 220//220
f 352//352 1120//1120 221//221
f 350//350 1121//1121 222//222
f 301//301 1215//1215 1396//1396
f 302//302 1213//1213 1397//1397
f 226//226 1211//1211 1125//1125
f 225//225 1415//1415 341//341
f 306//306 1333//1333 1196//1196
f 231//231 1198//1198 308//308
f 228//228 1400//1400 305//305
f 233//233 1200//1200 310//310
f 235//235 1202//1202 312//312
f 1203//1203 314//314 313//313
f 237//237 1340//1340 236//236
f 1202//1202 233//233 312//312
f 232//232 1342//1342 1336//1336
f 246//246 1199//1199 1342//1342
f 324//324 1130//1130 1411//1411
f 310//310 1411//1411 1405//1405
f 1133//1133 311//311 234//234
f 315//315 1409//1409 314//314
f 1134//1134 236//236 235//235
f 313//313 1133//1133 234//234
f 311//311 1131//1131 232//232
f 338//338 1331//1331 227//227
f 339//339 1412//1412 338//338
f 306//306 1208//1208 339//339
f 309//309 1129//1129 230//230
f 228//228 1402//1402 1127//1127
f 340//340 1399//1399 304//304
f 341//341 1414//1414 340//340
f 303//303 1330//1330 226//226
f 304//304 1331//1331 1194//1194
f 1416//1416 343//343 342//342
f 343//343 1400//1400 1212//1212
f 224//224 1329//1329 1328//1328
f 1418//1418 345//345 344//344
f 345//345 1398//1398 1214//1214
f 223//223 1328//1328 1327//1327
f 1420//1420 347//347 346//346
f 347//347 1397//1397 1216//1216
f 196//196 1190//1190 300//300
f 350//350 1424//1424 351//351
f 274//274 1219//1219 351//351
f 195//195 1189//1189 299//299
f 352//352 1426//1426 353//353
f 273//273 1221//1221 353//353
f 194//194 1188//1188 298//298
f 354//354 1428//1428 355//355
f 272//272 1223//1223 355//355
f 271//271 1118//1118 219//219
f 270//270 1117//1117 218//218
f 269//269 1116//1116 217//217
f 268//268 1115//1115 216//216
f 267//267 1114//1114 215//215
f 266//266 1113//1113 214//214
f 187//187 1181//1181 291//291
f 356//356 1430//1430 357//357
f 265//265 1225//1225 357//357
f 1431//1431 290//290 358//358
f 358//358 1227//1227 1431//1431
f 1290//1290 359//359 186//186
f 1433//1433 289//289 360//360
f 360//360 1229//1229 1433//1433
f 1289//1289 361//361 185//185
f 1435//1435 288//288 362//362
f 362//362 1231//1231 1435//1435
f 1288//1288 363//363 184//184
f 1437//1437 287//287 364//364
f 364//364 1233//1233 1437//1437
f 1287//1287 365//365 183//183
f 1439//1439 286//286 366//366
f 366//366 1235//1235 1439//1439
f 1286//1286 367//367 182//182
f 1441//1441 285//285 368//368
f 368//368 1237//1237 1441//1441
f 1285//1285 369//369 181//181
f 180//180 1174//1174 284//284
f 370//370 1444//1444 371//371
f 258//258 1239//1239 371//371
f 257//257 1104//1104 205//205
f 256//256 1103//1103 204//204
f 255//255 1102//1102 203//203
f 254//254 1101//1101 202//202
f 253//253 1100//1100 201//201
f 252//252 1099//1099 200//200
f 173//173 1167//1167 277//277
f 372//372 1446//1446 373//373
f 251//251 1241//1241 373//373
f 172//172 1166//1166 276//276
f 374//374 1448//1448 375//375
f 250//250 1243//1243 375//375
f 1449//1449 275//275 376//376
f 376//376 1245//1245 1449//1449
f 1140//1140 377//377 250//250
f 308//308 1128//1128 1403//1403
f 378//378 1274//1274 169//169
f 379//379 1451//1451 378//378
f 300//300 1247//1247 379//379
f 380//380 1300//1300 196//196
f 381//381 1453//1453 380//380
f 299//299 1249//1249 381//381
f 382//382 1299//1299 195//195
f 383//383 1455//1455 382//382
f 298//298 1251//1251 383//383
f 219//219 1367//1367 272//272
f 218//218 1366//1366 271//271
f 217//217 1365//1365 270//270
f 216//216 1364//1364 269//269
f 215//215 1363//1363 268//268
f 214//214 1362//1362 267//267
f 384//384 1292//1292 188//188
f 385//385 1457//1457 384//384
f 291//291 1253//1253 385//385
f 1459//1459 265//265 386//386
f 1460//1460 386//386 387//387
f 1180//1180 187//187 290//290
f 1461//1461 264//264 388//388
f 1462//1462 388//388 389//389
f 1179//1179 186//186 289//289
f 1463//1463 263//263 390//390
f 1464//1464 390//390 391//391
f 1178//1178 185//185 288//288
f 1465//1465 262//262 392//392
f 1466//1466 392//392 393//393
f 1177//1177 184//184 287//287
f 1467//1467 261//261 394//394
f 1468//1468 394//394 395//395
f 1176//1176 183//183 286//286
f 1469//1469 260//260 396//396
f 1470//1470 396//396 397//397
f 1175//1175 182//182 285//285
f 398//398 1285//1285 181//181
f 399//399 1471//1471 398//398
f 284//284 1267//1267 399//399
f 205//205 1353//1353 258//258
f 204//204 1352//1352 257//257
f 203//203 1351//1351 256//256
f 202//202 1350//1350 255//255
f 201//201 1349//1349 254//254
f 200//200 1348//1348 253//253
f 400//400 1278//1278 174//174
f 401//401 1473//1473 400//400
f 277//277 1269//1269 401//401
f 402//402 1277//1277 173//173
f 403//403 1475//1475 402//402
f 276//276 1271//1271 403//403
f 1477//1477 170//170 404//404
f 1478//1478 404//404 405//405
f 1165//1165 248//248 275//275
f 960//960 78//78 119//119
f 63//63 1683//1683 1682//1682
f 1682//1682 51//51 63//63
f 120//120 961//961 1066//1066
f 120//120 1680//1680 82//82
f 82//82 1680//1680 1482//1482
f 121//121 962//962 1064//1064
f 121//121 1678//1678 84//84
f 84//84 1678//1678 1483//1483
f 11//11 894//894 1553//1553
f 13//13 895//895 1554//1554
f 15//15 896//896 1555//1555
f 16//16 897//897 1556//1556
f 17//17 898//898 1557//1557
f 18//18 899//899 1558//1558
f 128//128 969//969 1062//1062
f 128//128 1676//1676 92//92
f 92//92 1676//1676 1490//1490
f 970//970 94//94 129//129
f 95//95 1675//1675 1674//1674
f 1674//1674 20//20 95//95
f 971//971 96//96 130//130
f 97//97 1673//1673 1672//1672
f 1672//1672 21//21 97//97
f 972//972 98//98 131//131
f 99//99 1671//1671 1670//1670
f 1670//1670 22//22 99//99
f 973//973 100//100 132//132
f 101//101 1669//1669 1668//1668
f 1668//1668 23//23 101//101
f 974//974 102//102 133//133
f 103//103 1667//1667 1666//1666
f 1666//1666 24//24 103//103
f 975//975 104//104 134//134
f 105//105 1665//1665 1664//1664
f 1664//1664 25//25 105//105
f 135//135 976//976 1048//1048
f 135//135 1662//1662 106//106
f 106//106 1662//1662 1497//1497
f 27//27 908//908 1567//1567
f 28//28 909//909 1568//1568
f 29//29 910//910 1569//1569
f 30//30 911//911 1570//1570
f 31//31 912//912 1571//1571
f 32//32 913//913 1572//1572
f 142//142 983//983 1046//1046
f 142//142 1660//1660 114//114
f 114//114 1660//1660 1504//1504
f 143//143 984//984 1044//1044
f 143//143 1658//1658 116//116
f 116//116 1658//1658 1505//1505
f 144//144 985//985 1042//1042
f 144//144 1656//1656 77//77
f 77//77 1656//1656 1479//1479
f 31//31 923//923 1608//1608
f 80//80 935//935 1040//1040
f 119//119 1040//1040 1654//1654
f 119//119 1654//1654 960//960
f 5//5 1038//1038 83//83
f 120//120 1653//1653 80//80
f 80//80 961//961 120//120
f 7//7 1036//1036 85//85
f 121//121 1651//1651 82//82
f 82//82 962//962 121//121
f 9//9 894//894 11//11
f 11//11 895//895 13//13
f 13//13 896//896 15//15
f 15//15 897//897 16//16
f 16//16 898//898 17//17
f 17//17 899//899 18//18
f 18//18 1034//1034 93//93
f 128//128 1649//1649 91//91
f 91//91 969//969 128//128
f 92//92 1490//1490 1032//1032
f 129//129 1032//1032 1646//1646
f 129//129 1646//1646 970//970
f 94//94 1491//1491 1030//1030
f 130//130 1030//1030 1644//1644
f 130//130 1644//1644 971//971
f 96//96 1492//1492 1028//1028
f 131//131 1028//1028 1642//1642
f 131//131 1642//1642 972//972
f 98//98 1493//1493 1026//1026
f 132//132 1026//1026 1640//1640
f 132//132 1640//1640 973//973
f 100//100 1494//1494 1024//1024
f 133//133 1024//1024 1638//1638
f 133//133 1638//1638 974//974
f 102//102 1495//1495 1022//1022
f 134//134 1022//1022 1636//1636
f 134//134 1636//1636 975//975
f 25//25 1020//1020 107//107
f 135//135 1635//1635 104//104
f 104//104 976//976 135//135
f 26//26 908//908 27//27
f 27//27 909//909 28//28
f 28//28 910//910 29//29
f 29//29 911//911 30//30
f 30//30 912//912 31//31
f 31//31 913//913 32//32
f 32//32 1018//1018 115//115
f 142//142 1633//1633 113//113
f 113//113 983//983 142//142
f 33//33 1016//1016 117//117
f 143//143 1631//1631 114//114
f 114//114 984//984 143//143
f 34//34 1014//1014 118//118
f 144//144 1629//1629 116//116
f 116//116 985//985 144//144
f 81//81 1602//1602 1011//1011
f 1625//1625 146//146 145//145
f 145//145 1533//1533 1532//1532
f 83//83 1603//1603 1009//1009
f 1623//1623 147//147 146//146
f 146//146 1534//1534 1533//1533
f 85//85 1605//1605 1007//1007
f 1621//1621 149//149 148//148
f 148//148 1536//1536 989//989
f 147//147 1535//1535 148//148
f 117//117 1620//1620 1619//1619
f 117//117 1604//1604 33//33
f 9//9 1607//1607 922//922
f 13//13 924//924 11//11
f 150//150 991//991 1003//1003
f 150//150 1617//1617 149//149
f 149//149 1617//1617 1536//1536
f 15//15 926//926 13//13
f 16//16 928//928 15//15
f 929//929 27//27 28//28
f 17//17 1614//1614 16//16
f 15//15 928//928 1611//1611
f 29//29 1616//1616 1610//1610
f 30//30 925//925 1616//1616
f 168//168 994//994 1547//1547
f 154//154 1547//1547 1541//1541
f 997//997 155//155 156//156
f 159//159 1545//1545 158//158
f 998//998 158//158 157//157
f 157//157 997//997 156//156
f 155//155 995//995 154//154
f 9//9 922//922 1605//1605
f 153//153 993//993 152//152
f 150//150 1538//1538 991//991
f 34//34 1620//1620 117//117
f 7//7 1006//1006 920//920
f 5//5 1008//1008 1602//1602
f 3//3 1010//1010 1601//1601
f 118//118 916//916 35//35
f 117//117 915//915 34//34
f 115//115 914//914 33//33
f 112//112 982//982 141//141
f 111//111 981//981 140//140
f 110//110 980//980 139//139
f 109//109 979//979 138//138
f 108//108 978//978 137//137
f 106//106 977//977 136//136
f 107//107 907//907 26//26
f 24//24 1564//1564 906//906
f 23//23 1563//1563 905//905
f 22//22 1562//1562 904//904
f 21//21 1561//1561 903//903
f 20//20 1560//1560 902//902
f 19//19 1559//1559 901//901
f 93//93 900//900 19//19
f 90//90 968//968 127//127
f 89//89 967//967 126//126
f 88//88 966//966 125//125
f 87//87 965//965 124//124
f 86//86 964//964 123//123
f 84//84 963//963 122//122
f 85//85 893//893 9//9
f 83//83 892//892 7//7
f 50//50 866//866 891//891
f 152//152 992//992 1539//1539
f 35//35 916//916 1548//1548
f 34//34 915//915 1574//1574
f 33//33 914//914 1573//1573
f 141//141 1503//1503 113//113
f 140//140 1502//1502 112//112
f 139//139 1501//1501 111//111
f 138//138 1500//1500 110//110
f 137//137 1499//1499 109//109
f 136//136 1498//1498 108//108
f 26//26 907//907 1566//1566
f 906//906 105//105 24//24
f 905//905 103//103 23//23
f 904//904 101//101 22//22
f 903//903 99//99 21//21
f 902//902 97//97 20//20
f 901//901 95//95 19//19
f 19//19 900//900 1559//1559
f 127//127 1489//1489 91//91
f 126//126 1488//1488 90//90
f 125//125 1487//1487 89//89
f 124//124 1486//1486 88//88
f 123//123 1485//1485 87//87
f 122//122 1484//1484 86//86
f 9//9 893//893 1552//1552
f 7//7 892//892 1551//1551
f 891//891 63//63 50//50
f 1301//1301 863//863 434//434
f 435//435 1141//1141 715//715
f 436//436 1142//1142 716//716
f 513//513 1074//1074 641//641
f 514//514 1075//1075 642//642
f 515//515 1076//1076 643//643
f 516//516 1077//1077 644//644
f 517//517 1078//1078 645//645
f 518//518 1079//1079 646//646
f 443//443 1149//1149 723//723
f 1311//1311 855//855 444//444
f 1312//1312 853//853 445//445
f 1313//1313 851//851 446//446
f 1314//1314 849//849 447//447
f 1315//1315 847//847 448//448
f 1316//1316 845//845 449//449
f 450//450 1156//1156 730//730
f 527//527 1088//1088 655//655
f 528//528 1089//1089 656//656
f 529//529 1090//1090 657//657
f 530//530 1091//1091 658//658
f 531//531 1092//1092 659//659
f 532//532 1093//1093 660//660
f 457//457 1163//1163 737//737
f 458//458 1164//1164 738//738
f 459//459 1138//1138 711//711
f 696//696 1402//1402 1129//1129
f 1276//1276 434//434 409//409
f 603//603 1302//1302 435//435
f 601//601 1303//1303 436//436
f 640//640 1373//1373 513//513
f 641//641 1374//1374 514//514
f 642//642 1375//1375 515//515
f 643//643 1376//1376 516//516
f 644//644 1377//1377 517//517
f 645//645 1378//1378 518//518
f 599//599 1310//1310 443//443
f 1149//1149 444//444 723//723
f 1150//1150 445//445 724//724
f 1151//1151 446//446 725//725
f 1152//1152 447//447 726//726
f 1153//1153 448//448 727//727
f 1154//1154 449//449 728//728
f 585//585 1317//1317 450//450
f 654//654 1387//1387 527//527
f 655//655 1388//1388 528//528
f 656//656 1389//1389 529//529
f 657//657 1390//1390 530//530
f 658//658 1391//1391 531//531
f 659//659 1392//1392 532//532
f 583//583 1324//1324 457//457
f 581//581 1325//1325 458//458
f 579//579 1326//1326 459//459
f 765//765 1420//1420 1191//1191
f 766//766 1418//1418 1192//1192
f 463//463 1416//1416 1330//1330
f 462//462 1210//1210 799//799
f 541//541 1128//1128 1401//1401
f 697//697 1403//1403 543//543
f 465//465 1195//1195 769//769
f 699//699 1405//1405 545//545
f 701//701 1407//1407 547//547
f 1408//1408 549//549 548//548
f 703//703 1135//1135 702//702
f 1407//1407 699//699 547//547
f 698//698 1137//1137 1131//1131
f 710//710 1404//1404 1137//1137
f 786//786 1335//1335 1206//1206
f 774//774 1206//1206 1200//1200
f 1338//1338 775//775 471//471
f 779//779 1204//1204 778//778
f 1339//1339 473//473 472//472
f 777//777 1338//1338 471//471
f 775//775 1336//1336 469//469
f 796//796 1126//1126 693//693
f 568//568 1207//1207 796//796
f 541//541 1413//1413 568//568
f 773//773 1334//1334 467//467
f 465//465 1197//1197 1332//1332
f 798//798 1194//1194 768//768
f 799//799 1209//1209 798//798
f 538//538 1125//1125 692//692
f 539//539 1126//1126 1399//1399
f 1211//1211 801//801 800//800
f 572//572 1195//1195 1417//1417
f 690//690 1124//1124 1123//1123
f 1213//1213 803//803 802//802
f 574//574 1193//1193 1419//1419
f 689//689 1123//1123 1122//1122
f 1215//1215 805//805 804//804
f 576//576 1192//1192 1421//1421
f 662//662 1395//1395 535//535
f 808//808 1219//1219 809//809
f 738//738 1424//1424 580//580
f 661//661 1394//1394 534//534
f 810//810 1221//1221 811//811
f 737//737 1426//1426 582//582
f 660//660 1393//1393 533//533
f 812//812 1223//1223 813//813
f 736//736 1428//1428 584//584
f 735//735 1323//1323 456//456
f 734//734 1322//1322 455//455
f 733//733 1321//1321 454//454
f 732//732 1320//1320 453//453
f 731//731 1319//1319 452//452
f 730//730 1318//1318 451//451
f 653//653 1386//1386 526//526
f 814//814 1225//1225 815//815
f 729//729 1430//1430 586//586
f 1226//1226 525//525 816//816
f 816//816 1432//1432 1226//1226
f 1085//1085 588//588 652//652
f 1228//1228 524//524 818//818
f 818//818 1434//1434 1228//1228
f 1084//1084 590//590 651//651
f 1230//1230 523//523 820//820
f 820//820 1436//1436 1230//1230
f 1083//1083 592//592 650//650
f 1232//1232 522//522 822//822
f 822//822 1438//1438 1232//1232
f 1082//1082 594//594 649//649
f 1234//1234 521//521 824//824
f 824//824 1440//1440 1234//1234
f 1081//1081 596//596 648//648
f 1236//1236 520//520 826//826
f 826//826 1442//1442 1236//1236
f 1080//1080 598//598 647//647
f 646//646 1379//1379 519//519
f 828//828 1239//1239 829//829
f 722//722 1444//1444 600//600
f 721//721 1309//1309 442//442
f 720//720 1308//1308 441//441
f 719//719 1307//1307 440//440
f 718//718 1306//1306 439//439
f 717//717 1305//1305 438//438
f 716//716 1304//1304 437//437
f 639//639 1372//1372 512//512
f 830//830 1241//1241 831//831
f 715//715 1446//1446 602//602
f 638//638 1371//1371 511//511
f 832//832 1243//1243 833//833
f 714//714 1448//1448 604//604
f 1244//1244 510//510 834//834
f 834//834 1450//1450 1244//1244
f 1345//1345 606//606 485//485
f 772//772 1333//1333 1198//1198
f 836//836 1069//1069 635//635
f 608//608 1246//1246 836//836
f 535//535 1452//1452 608//608
f 838//838 1095//1095 662//662
f 610//610 1248//1248 838//838
f 534//534 1454//1454 610//610
f 840//840 1094//1094 661//661
f 612//612 1250//1250 840//840
f 533//533 1456//1456 612//612
f 456//456 1162//1162 736//736
f 455//455 1161//1161 735//735
f 454//454 1160//1160 734//734
f 453//453 1159//1159 733//733
f 452//452 1158//1158 732//732
f 451//451 1157//1157 731//731
f 842//842 1087//1087 654//654
f 614//614 1252//1252 842//842
f 526//526 1458//1458 614//614
f 1254//1254 729//729 844//844
f 1255//1255 844//844 845//845
f 1385//1385 653//653 525//525
f 1256//1256 728//728 846//846
f 1257//1257 846//846 847//847
f 1384//1384 652//652 524//524
f 1258//1258 727//727 848//848
f 1259//1259 848//848 849//849
f 1383//1383 651//651 523//523
f 1260//1260 726//726 850//850
f 1261//1261 850//850 851//851
f 1382//1382 650//650 522//522
f 1262//1262 725//725 852//852
f 1263//1263 852//852 853//853
f 1381//1381 649//649 521//521
f 1264//1264 724//724 854//854
f 1265//1265 854//854 855//855
f 1380//1380 648//648 520//520
f 856//856 1080//1080 647//647
f 628//628 1266//1266 856//856
f 519//519 1472//1472 628//628
f 442//442 1148//1148 722//722
f 441//441 1147//1147 721//721
f 440//440 1146//1146 720//720
f 439//439 1145//1145 719//719
f 438//438 1144//1144 718//718
f 437//437 1143//1143 717//717
f 858//858 1073//1073 640//640
f 630//630 1268//1268 858//858
f 512//512 1474//1474 630//630
f 860//860 1072//1072 639//639
f 632//632 1270//1270 860//860
f 511//511 1476//1476 632//632
f 1272//1272 407//407 862//862
f 1273//1273 862//862 863//863
f 1370//1370 483//483 510//510
f 1575//1575 712//712 739//739
f 1068//1068 633//633 634//634
f 1067//1067 636//636 633//633
f 740//740 1681//1681 861//861
f 861//861 1065//1065 631//631
f 631//631 867//867 410//410
f 741//741 1679//1679 859//859
f 859//859 1063//1063 629//629
f 629//629 868//868 411//411
f 666//666 938//938 488//488
f 667//667 939//939 489//489
f 668//668 940//940 490//490
f 669//669 941//941 491//491
f 670//670 942//942 492//492
f 671//671 943//943 493//493
f 748//748 1677//1677 857//857
f 857//857 1061//1061 627//627
f 627//627 875//875 418//418
f 1585//1585 419//419 749//749
f 1060//1060 625//625 626//626
f 1059//1059 495//495 625//625
f 1586//1586 420//420 750//750
f 1058//1058 623//623 624//624
f 1057//1057 496//496 623//623
f 1587//1587 421//421 751//751
f 1056//1056 621//621 622//622
f 1055//1055 497//497 621//621
f 1588//1588 422//422 752//752
f 1054//1054 619//619 620//620
f 1053//1053 498//498 619//619
f 1589//1589 423//423 753//753
f 1052//1052 617//617 618//618
f 1051//1051 499//499 617//617
f 1590//1590 424//424 754//754
f 1050//1050 615//615 616//616
f 1049//1049 500//500 615//615
f 755//755 1663//1663 843//843
f 843//843 1047//1047 613//613
f 613//613 882//882 425//425
f 680//680 952//952 502//502
f 681//681 953//953 503//503
f 682//682 954//954 504//504
f 683//683 955//955 505//505
f 684//684 956//956 506//506
f 685//685 957//957 507//507
f 762//762 1661//1661 841//841
f 841//841 1045//1045 611//611
f 611//611 889//889 432//432
f 763//763 1659//1659 839//839
f 839//839 1043//1043 609//609
f 609//609 890//890 433//433
f 764//764 1657//1657 837//837
f 837//837 1041//1041 607//607
f 607//607 864//864 406//406
f 543//543 1538//1538 993//993
f 1550//1550 835//835 714//714
f 605//605 1655//1655 1039//1039
f 1039//1039 739//739 605//605
f 485//485 1653//1653 833//833
f 603//603 1038//1038 604//604
f 409//409 1576//1576 740//740
f 486//486 1651//1651 831//831
f 601//601 1036//1036 602//602
f 410//410 1577//1577 741//741
f 487//487 1509//1509 666//666
f 488//488 1510//1510 667//667
f 489//489 1511//1511 668//668
f 490//490 1512//1512 669//669
f 491//491 1513//1513 670//670
f 492//492 1514//1514 671//671
f 493//493 1649//1649 829//829
f 599//599 1034//1034 600//600
f 417//417 1584//1584 748//748
f 875//875 827//827 418//418
f 597//597 1647//1647 1031//1031
f 1031//1031 749//749 597//597
f 876//876 825//825 419//419
f 595//595 1645//1645 1029//1029
f 1029//1029 750//750 595//595
f 877//877 823//823 420//420
f 593//593 1643//1643 1027//1027
f 1027//1027 751//751 593//593
f 878//878 821//821 421//421
f 591//591 1641//1641 1025//1025
f 1025//1025 752//752 591//591
f 879//879 819//819 422//422
f 589//589 1639//1639 1023//1023
f 1023//1023 753//753 589//589
f 880//880 817//817 423//423
f 587//587 1637//1637 1021//1021
f 1021//1021 754//754 587//587
f 500//500 1635//1635 815//815
f 585//585 1020//1020 586//586
f 424//424 1591//1591 755//755
f 501//501 1523//1523 680//680
f 502//502 1524//1524 681//681
f 503//503 1525//1525 682//682
f 504//504 1526//1526 683//683
f 505//505 1527//1527 684//684
f 506//506 1528//1528 685//685
f 507//507 1633//1633 813//813
f 583//583 1018//1018 584//584
f 431//431 1598//1598 762//762
f 508//508 1631//1631 811//811
f 581//581 1016//1016 582//582
f 432//432 1599//1599 763//763
f 509//509 1629//1629 809//809
f 579//579 1014//1014 580//580
f 433//433 1600//1600 764//764
f 805//805 987//987 1626//1626
f 1010//1010 576//576 575//575
f 460//460 918//918 917//917
f 803//803 988//988 1624//1624
f 1008//1008 574//574 573//573
f 461//461 919//919 918//918
f 801//801 990//990 1622//1622
f 1006//1006 572//572 571//571
f 768//768 921//921 1604//1604
f 767//767 920//920 463//463
f 570//570 1004//1004 569//569
f 569//569 989//989 539//539
f 694//694 992//992 1537//1537
f 544//544 1539//1539 696//696
f 770//770 1618//1618 797//797
f 797//797 1002//1002 567//567
f 567//567 921//921 464//464
f 546//546 1541//1541 698//698
f 548//548 1543//1543 700//700
f 1544//1544 702//702 701//701
f 550//550 999//999 549//549
f 1543//1543 546//546 700//700
f 545//545 1001//1001 995//995
f 557//557 1540//1540 1001//1001
f 481//481 1609//1609 932//932
f 469//469 932//932 926//926
f 1612//1612 470//470 776//776
f 474//474 930//930 473//473
f 1613//1613 778//778 777//777
f 472//472 1612//1612 776//776
f 470//470 1610//1610 774//774
f 694//694 990//990 540//540
f 468//468 1608//1608 772//772
f 770//770 923//923 1606//1606
f 691//691 1005//1005 570//570
f 692//692 1621//1621 1535//1535
f 537//537 1623//1623 987//987
f 536//536 1625//1625 986//986
f 808//808 1531//1531 688//688
f 810//810 1530//1530 687//687
f 812//812 1529//1529 686//686
f 430//430 1597//1597 761//761
f 429//429 1596//1596 760//760
f 428//428 1595//1595 759//759
f 427//427 1594//1594 758//758
f 426//426 1593//1593 757//757
f 425//425 1592//1592 756//756
f 814//814 1522//1522 679//679
f 949//949 678//678 499//499
f 948//948 677//677 498//498
f 947//947 676//676 497//497
f 946//946 675//675 496//496
f 945//945 674//674 495//495
f 944//944 673//673 494//494
f 828//828 1515//1515 672//672
f 416//416 1583//1583 747//747
f 415//415 1582//1582 746//746
f 414//414 1581//1581 745//745
f 413//413 1580//1580 744//744
f 412//412 1579//1579 743//743
f 411//411 1578//1578 742//742
f 830//830 1508//1508 665//665
f 832//832 1507//1507 664//664
f 1481//1481 663//663 638//638
f 467//467 1607//1607 924//924
f 688//688 933//933 482//482
f 687//687 959//959 509//509
f 686//686 958//958 508//508
f 761//761 888//888 431//431
f 760//760 887//887 430//430
f 759//759 886//886 429//429
f 758//758 885//885 428//428
f 757//757 884//884 427//427
f 756//756 883//883 426//426
f 679//679 951//951 501//501
f 1521//1521 616//616 678//678
f 1520//1520 618//618 677//677
f 1519//1519 620//620 676//676
f 1518//1518 622//622 675//675
f 1517//1517 624//624 674//674
f 1516//1516 626//626 673//673
f 672//672 944//944 494//494
f 747//747 874//874 417//417
f 746//746 873//873 416//416
f 745//745 872//872 415//415
f 744//744 871//871 414//414
f 743//743 870//870 413//413
f 742//742 869//869 412//412
f 665//665 937//937 487//487
f 664//664 936//936 486//486
f 1506//1506 634//634 663//663
f 1507//1507 120//120 82//82
f 1508//1508 121//121 84//84
f 1578//1578 36//36 37//37
f 1579//1579 37//37 38//38
f 1580//1580 38//38 40//40
f 1581//1581 40//40 39//39
f 1582//1582 39//39 49//49
f 1583//1583 49//49 46//46
f 1515//1515 128//128 92//92
f 1522//1522 135//135 106//106
f 1592//1592 53//53 52//52
f 1593//1593 52//52 62//62
f 1594//1594 62//62 61//61
f 1595//1595 61//61 56//56
f 1596//1596 56//56 58//58
f 1597//1597 58//58 57//57
f 1529//1529 142//142 114//114
f 1530//1530 143//143 116//116
f 1531//1531 144//144 77//77
f 63//63 51//51 4//4
f 12//12 54//54 64//64
f 12//12 59//59 65//65
f 4//4 41//41 76//76
f 4//4 36//36 75//75
f 12//12 60//60 66//66
f 74//74 46//46 6//6
f 14//14 53//53 67//67
f 14//14 55//55 68//68
f 73//73 47//47 6//6
f 72//72 48//48 6//6
f 14//14 44//44 69//69
f 71//71 42//42 6//6
f 14//14 45//45 70//70
f 12//12 35//35 1548//1548
f 12//12 1548//1548 711//711
f 864//864 54//54 12//12
f 406//406 864//864 12//12
f 12//12 711//711 1138//1138
f 12//12 1138//1138 247//247
f 1274//1274 406//406 12//12
f 169//169 1274//1274 12//12
f 12//12 247//247 1343//1343
f 12//12 1343//1343 482//482
f 1069//1069 169//169 12//12
f 635//635 1069//1069 12//12
f 12//12 482//482 933//933
f 12//12 933//933 77//77
f 1479//1479 635//635 12//12
f 4//4 51//51 865//865
f 4//4 865//865 407//407
f 1549//1549 3//3 4//4
f 712//712 1549//1549 4//4
f 4//4 407//407 1275//1275
f 4//4 1275//1275 170//170
f 1139//1139 712//712 4//4
f 248//248 1139//1139 4//4
f 4//4 170//170 1070//1070
f 4//4 1070//1070 636//636
f 1344//1344 248//248 4//4
f 483//483 1344//1344 4//4
f 4//4 636//636 1480//1480
f 4//4 1480//1480 78//78
f 934//934 483//483 4//4
f 1//1 3//3 713//713
f 1//1 713//713 249//249
f 408//408 35//35 1//1
f 171//171 408//408 1//1
f 1//1 249//249 484//484
f 1//1 484//484 79//79
f 637//637 171//171 1//1
f 80//80 119//119 1506//1506
f 92//92 129//129 1516//1516
f 94//94 130//130 1517//1517
f 96//96 131//131 1518//1518
f 98//98 132//132 1519//1519
f 100//100 133//133 1520//1520
f 102//102 134//134 1521//1521
f 637//637 79//79 1012//1012
f 1537//1537 150//150 149//149
f 99//99 166//166 322//322
f 321//321 327//327 789//789
f 475//475 779//779 1615//1615
f 28//28 29//29 927//927
f 1001//1001 1540//1540 153//153
f 995//995 1001//1001 168//168
f 156//156 155//155 996//996
f 160//160 551//551 159//159
f 551//551 703//703 1546//1546
f 243//243 245//245 480//480
f 560//560 103//103 328//328
f 328//328 323//323 556//556
f 101//101 23//23 244//244
f 166//166 99//99 329//329
f 22//22 101//101 329//329
f 162//162 163//163 561//561
f 552//552 161//161 160//160
f 1000//1000 159//159 158//158
f 157//157 158//158 1545//1545
f 998//998 157//157 156//156
f 996//996 155//155 154//154
f 1002//1002 115//115 33//33
f 1606//1606 32//32 115//115
f 994//994 153//153 152//152
f 1537//1537 992//992 151//151
f 1005//1005 147//147 148//148
f 577//577 145//145 1532//1532
f 577//577 578//578 145//145
f 578//578 1012//1012 145//145
f 713//713 3//3 1601//1601
f 956//956 112//112 141//141
f 955//955 111//111 140//140
f 954//954 110//110 139//139
f 953//953 109//109 138//138
f 952//952 108//108 137//137
f 951//951 106//106 136//136
f 68//68 55//55 1590//1590
f 44//44 68//68 1637//1637
f 69//69 44//44 1589//1589
f 45//45 69//69 1639//1639
f 70//70 45//45 1588//1588
f 43//43 70//70 1641//1641
f 71//71 43//43 1587//1587
f 42//42 71//71 1643//1643
f 72//72 42//42 1586//1586
f 48//48 72//72 1645//1645
f 73//73 48//48 1585//1585
f 47//47 73//73 1647//1647
f 942//942 90//90 127//127
f 941//941 89//89 126//126
f 940//940 88//88 125//125
f 939//939 87//87 124//124
f 938//938 86//86 123//123
f 937//937 84//84 122//122
f 81//81 3//3 1575//1575
f 5//5 81//81 1655//1655
f 993//993 1538//1538 151//151
f 1041//1041 64//64 54//54
f 1600//1600 59//59 64//64
f 1043//1043 65//65 59//59
f 1599//1599 60//60 65//65
f 1045//1045 66//66 60//60
f 1598//1598 57//57 66//66
f 1528//1528 141//141 113//113
f 1527//1527 140//140 112//112
f 1526//1526 139//139 111//111
f 1525//1525 138//138 110//110
f 1524//1524 137//137 109//109
f 1523//1523 136//136 108//108
f 1047//1047 67//67 53//53
f 1591//1591 55//55 67//67
f 134//134 104//104 1049//1049
f 133//133 102//102 1051//1051
f 132//132 100//100 1053//1053
f 131//131 98//98 1055//1055
f 130//130 96//96 1057//1057
f 129//129 94//94 1059//1059
f 1061//1061 74//74 47//47
f 1584//1584 46//46 74//74
f 1514//1514 127//127 91//91
f 1513//1513 126//126 90//90
f 1512//1512 125//125 89//89
f 1511//1511 124//124 88//88
f 1510//1510 123//123 87//87
f 1509//1509 122//122 86//86
f 1063//1063 75//75 36//36
f 1577//1577 41//41 75//75
f 1065//1065 76//76 41//41
f 1576//1576 50//50 76//76
f 119//119 78//78 1067//1067
f 275//275 248//248 1344//1344
f 405//405 404//404 1272//1272
f 404//404 170//170 1275//1275
f 1371//1371 276//276 403//403
f 1476//1476 403//403 402//402
f 1270//1270 402//402 173//173
f 1372//1372 277//277 401//401
f 1474//1474 401//401 400//400
f 1268//1268 400//400 174//174
f 1304//1304 200//200 253//253
f 1305//1305 201//201 254//254
f 1306//1306 202//202 255//255
f 1307//1307 203//203 256//256
f 1308//1308 204//204 257//257
f 1309//1309 205//205 258//258
f 1379//1379 284//284 399//399
f 1472//1472 399//399 398//398
f 1266//1266 398//398 181//181
f 285//285 182//182 1081//1081
f 397//397 396//396 1264//1264
f 396//396 260//260 1150//1150
f 286//286 183//183 1082//1082
f 395//395 394//394 1262//1262
f 394//394 261//261 1151//1151
f 287//287 184//184 1083//1083
f 393//393 392//392 1260//1260
f 392//392 262//262 1152//1152
f 288//288 185//185 1084//1084
f 391//391 390//390 1258//1258
f 390//390 263//263 1153//1153
f 289//289 186//186 1085//1085
f 389//389 388//388 1256//1256
f 388//388 264//264 1154//1154
f 290//290 187//187 1086//1086
f 387//387 386//386 1254//1254
f 386//386 265//265 1155//1155
f 1386//1386 291//291 385//385
f 1458//1458 385//385 384//384
f 1252//1252 384//384 188//188
f 1318//1318 214//214 267//267
f 1319//1319 215//215 268//268
f 1320//1320 216//216 269//269
f 1321//1321 217//217 270//270
f 1322//1322 218//218 271//271
f 1323//1323 219//219 272//272
f 1393//1393 298//298 383//383
f 1456//1456 383//383 382//382
f 1250//1250 382//382 195//195
f 1394//1394 299//299 381//381
f 1454//1454 381//381 380//380
f 1248//1248 380//380 196//196
f 1395//1395 300//300 379//379
f 1452//1452 379//379 378//378
f 1246//1246 378//378 169//169
f 1198//1198 1333//1333 229//229
f 250//250 377//377 1450//1450
f 1244//1244 1450//1450 377//377
f 376//376 275//275 1370//1370
f 1140//1140 250//250 375//375
f 1242//1242 374//374 375//375
f 1071//1071 172//172 276//276
f 1141//1141 251//251 373//373
f 1240//1240 372//372 373//373
f 1072//1072 173//173 277//277
f 1142//1142 252//252 200//200
f 1143//1143 253//253 201//201
f 1144//1144 254//254 202//202
f 1145//1145 255//255 203//203
f 1146//1146 256//256 204//204
f 1147//1147 257//257 205//205
f 1148//1148 258//258 371//371
f 1238//1238 370//370 371//371
f 1079//1079 180//180 284//284
f 181//181 369//369 1442//1442
f 1236//1236 1442//1442 369//369
f 368//368 285//285 1380//1380
f 182//182 367//367 1440//1440
f 1234//1234 1440//1440 367//367
f 366//366 286//286 1381//1381
f 183//183 365//365 1438//1438
f 1232//1232 1438//1438 365//365
f 364//364 287//287 1382//1382
f 184//184 363//363 1436//1436
f 1230//1230 1436//1436 363//363
f 362//362 288//288 1383//1383
f 185//185 361//361 1434//1434
f 1228//1228 1434//1434 361//361
f 360//360 289//289 1384//1384
f 186//186 359//359 1432//1432
f 1226//1226 1432//1432 359//359
f 358//358 290//290 1385//1385
f 1155//1155 265//265 357//357
f 1224//1224 356//356 357//357
f 1086//1086 187//187 291//291
f 1156//1156 266//266 214//214
f 1157//1157 267//267 215//215
f 1158//1158 268//268 216//216
f 1159//1159 269//269 217//217
f 1160//1160 270//270 218//218
f 1161//1161 271//271 219//219
f 1162//1162 272//272 355//355
f 1222//1222 354//354 355//355
f 1093//1093 194//194 298//298
f 1163//1163 273//273 353//353
f 1220//1220 352//352 353//353
f 1094//1094 195//195 299//299
f 1164//1164 274//274 351//351
f 1218//1218 350//350 351//351
f 1095//1095 196//196 300//300
f 536//536 484//484 1396//1396
f 484//484 249//249 301//301
f 806//806 807//807 1217//1217
f 1217//1217 349//349 348//348
f 460//460 806//806 1327//1327
f 806//806 348//348 223//223
f 1421//1421 1192//1192 302//302
f 346//346 347//347 1216//1216
f 1122//1122 1123//1123 224//224
f 1419//1419 1193//1193 303//303
f 344//344 345//345 1214//1214
f 1123//1123 1124//1124 225//225
f 1417//1417 1195//1195 305//305
f 342//342 343//343 1212//1212
f 1399//1399 1126//1126 227//227
f 1398//1398 303//303 226//226
f 1210//1210 341//341 340//340
f 1209//1209 340//340 304//304
f 1332//1332 1197//1197 307//307
f 1199//1199 309//309 230//230
f 1401//1401 306//306 339//339
f 1413//1413 339//339 338//338
f 1207//1207 338//338 227//227
f 1201//1201 311//311 232//232
f 1203//1203 313//313 234//234
f 235//235 236//236 1340//1340
f 1205//1205 315//315 314//314
f 781//781 317//317 238//238
f 782//782 318//318 337//337
f 794//794 336//336 337//337
f 706//706 240//240 239//239
f 784//784 320//320 335//335
f 792//792 334//334 335//335
f 708//708 242//242 319//319
f 318//318 241//241 707//707
f 333//333 332//332 790//790
f 332//332 319//319 783//783
f 21//21 322//322 331//331
f 165//165 330//330 331//331
f 166//166 244//244 321//321
f 328//328 103//103 323//323
f 103//103 24//24 785//785
f 167//167 165//165 789//789
f 789//789 327//327 167//167
f 243//243 165//165 245//245
f 165//165 167//167 709//709
f 559//559 479//479 242//242
f 325//325 326//326 788//788
f 709//709 555//555 320//320
f 316//316 780//780 237//237
f 780//780 474//474 1341//1341
f 234//234 311//311 1201//1201
f 1200//1200 1206//1206 324//324
f 1206//1206 1335//1335 231//231
f 1137//1137 1404//1404 309//309
f 1131//1131 1137//1137 246//246
f 312//312 233//233 1132//1132
f 238//238 704//704 1410//1410
f 704//704 550//550 1410//1410
f 785//785 558//558 325//325
f 321//321 23//23 327//327
f 23//23 103//103 560//560
f 97//97 330//330 243//243
f 240//240 333//333 791//791
f 563//563 334//334 241//241
f 565//565 336//336 317//317
f 705//705 239//239 316//316
f 1136//1136 237//237 236//236
f 313//313 314//314 1409//1409
f 1134//1134 235//235 312//312
f 1132//1132 233//233 310//310
f 1332//1332 228//228 305//305
f 1130//1130 231//231 308//308
f 1401//1401 1128//1128 229//229
f 1329//1329 225//225 341//341
f 1330//1330 1416//1416 342//342
f 1192//1192 1418//1418 344//344
f 1191//1191 1420//1420 346//346
f 807//807 408//408 1217//1217
f 408//408 171//171 349//349
f 1423//1423 350//350 222//222
f 1425//1425 352//352 221//221
f 1427//1427 354//354 220//220
f 1092//1092 193//193 297//297
f 1091//1091 192//192 296//296
f 1090//1090 191//191 295//295
f 1089//1089 190//190 294//294
f 1088//1088 189//189 293//293
f 1087//1087 188//188 292//292
f 1429//1429 356//356 213//213
f 264//264 212//212 1316//1316
f 263//263 211//211 1315//1315
f 262//262 210//210 1314//1314
f 261//261 209//209 1313//1313
f 260//260 208//208 1312//1312
f 259//259 207//207 1311//1311
f 1443//1443 370//370 206//206
f 1078//1078 179//179 283//283
f 1077//1077 178//178 282//282
f 1076//1076 177//177 281//281
f 1075//1075 176//176 280//280
f 1074//1074 175//175 279//279
f 1073//1073 174//174 278//278
f 1445//1445 372//372 199//199
f 1447//1447 374//374 198//198
f 172//172 197//197 1301//1301
f 1129//1129 1402//1402 307//307
f 1326//1326 222//222 247//247
f 1325//1325 221//221 274//274
f 1324//1324 220//220 273//273
f 1392//1392 297//297 194//194
f 1391//1391 296//296 193//193
f 1390//1390 295//295 192//192
f 1389//1389 294//294 191//191
f 1388//1388 293//293 190//190
f 1387//1387 292//292 189//189
f 1317//1317 213//213 266//266
f 212//212 387//387 1255//1255
f 211//211 389//389 1257//1257
f 210//210 391//391 1259//1259
f 209//209 393//393 1261//1261
f 208//208 395//395 1263//1263
f 207//207 397//397 1265//1265
f 1310//1310 206//206 259//259
f 1378//1378 283//283 180//180
f 1377//1377 282//282 179//179
f 1376//1376 281//281 178//178
f 1375//1375 280//280 177//177
f 1374//1374 279//279 176//176
f 1373//1373 278//278 175//175
f 1303//1303 199//199 252//252
f 1302//1302 198//198 251//251
f 197//197 405//405 1273//1273
f 434//434 863//863 1683//1683
f 892//892 435//435 715//715
f 893//893 436//436 716//716
f 963//963 513//513 641//641
f 964//964 514//514 642//642
f 965//965 515//515 643//643
f 966//966 516//516 644//644
f 967//967 517//517 645//645
f 968//968 518//518 646//646
f 900//900 443//443 723//723
f 444//444 855//855 1675//1675
f 445//445 853//853 1673//1673
f 446//446 851//851 1671//1671
f 447//447 849//849 1669//1669
f 448//448 847//847 1667//1667
f 449//449 845//845 1665//1665
f 907//907 450//450 730//730
f 977//977 527//527 655//655
f 978//978 528//528 656//656
f 979//979 529//529 657//657
f 980//980 530//530 658//658
f 981//981 531//531 659//659
f 982//982 532//532 660//660
f 914//914 457//457 737//737
f 915//915 458//458 738//738
f 916//916 459//459 711//711
f 1539//1539 992//992 542//542
f 409//409 434//434 891//891
f 1037//1037 603//603 435//435
f 1035//1035 601//601 436//436
f 1483//1483 640//640 513//513
f 1484//1484 641//641 514//514
f 1485//1485 642//642 515//515
f 1486//1486 643//643 516//516
f 1487//1487 644//644 517//517
f 1488//1488 645//645 518//518
f 1033//1033 599//599 443//443
f 723//723 444//444 901//901
f 724//724 445//445 902//902
f 725//725 446//446 903//903
f 726//726 447//447 904//904
f 727//727 448//448 905//905
f 728//728 449//449 906//906
f 1019//1019 585//585 450//450
f 1497//1497 654//654 527//527
f 1498//1498 655//655 528//528
f 1499//1499 656//656 529//529
f 1500//1500 657//657 530//530
f 1501//1501 658//658 531//531
f 1502//1502 659//659 532//532
f 1017//1017 583//583 457//457
f 1015//1015 581//581 458//458
f 1013//1013 579//579 459//459
f 118//118 35//35 1627//1627
f 35//35 408//408 807//807
f 1601//1601 1010//1010 575//575
f 1602//1602 1008//1008 573//573
f 920//920 1006//1006 571//571
f 919//919 462//462 799//799
f 991//991 1538//1538 695//695
f 1540//1540 697//697 543//543
f 922//922 465//465 769//769
f 1542//1542 699//699 545//545
f 1544//1544 701//701 547//547
f 548//548 549//549 999//999
f 1546//1546 703//703 702//702
f 161//161 705//705 551//551
f 93//93 565//565 781//781
f 95//95 563//563 478//478
f 477//477 791//791 107//107
f 24//24 105//105 558//558
f 704//704 160//160 1000//1000
f 160//160 159//159 1000//1000
f 547//547 699//699 1542//1542
f 1541//1541 1547//1547 710//710
f 1547//1547 994//994 544//544
f 1616//1616 925//925 468//468
f 1610//1610 1616//1616 786//786
f 471//471 775//775 1611//1611
f 780//780 26//26 474//474
f 26//26 27//27 931//931
f 167//167 164//164 555//555
f 787//787 788//788 164//164
f 105//105 25//25 479//479
f 790//790 783//783 25//25
f 553//553 707//707 163//163
f 164//164 708//708 554//554
f 163//163 792//792 793//793
f 20//20 784//784 564//564
f 162//162 706//706 705//705
f 161//161 794//794 795//795
f 19//19 782//782 566//566
f 18//18 781//781 475//475
f 1615//1615 779//779 778//778
f 472//472 473//473 930//930
f 1613//1613 777//777 471//471
f 1611//1611 775//775 469//469
f 1617//1617 796//796 693//693
f 1003//1003 568//568 796//796
f 991//991 541//541 568//568
f 1609//1609 773//773 467//467
f 922//922 1607//1607 771//771
f 1619//1619 798//798 768//768
f 1620//1620 799//799 798//798
f 988//988 538//538 692//692
f 989//989 1536//1536 693//693
f 800//800 801//801 1622//1622
f 1007//1007 1605//1605 769//769
f 1533//1533 1534//1534 691//691
f 802//802 803//803 1624//1624
f 1009//1009 1603//1603 767//767
f 1532//1532 1533//1533 690//690
f 804//804 805//805 1626//1626
f 1011//1011 1602//1602 766//766
f 34//34 118//118 917//917
f 118//118 806//806 460//460
f 1627//1627 807//807 806//806
f 145//145 79//79 986//986
f 79//79 484//484 536//536
f 1505//1505 662//662 535//535
f 1628//1628 808//808 809//809
f 1574//1574 738//738 580//580
f 1504//1504 661//661 534//534
f 1630//1630 810//810 811//811
f 1573//1573 737//737 582//582
f 1503//1503 660//660 533//533
f 1632//1632 812//812 813//813
f 1572//1572 736//736 584//584
f 1571//1571 735//735 456//456
f 1570//1570 734//734 455//455
f 1569//1569 733//733 454//454
f 1568//1568 732//732 453//453
f 1567//1567 731//731 452//452
f 1566//1566 730//730 451//451
f 1496//1496 653//653 526//526
f 1634//1634 814//814 815//815
f 1565//1565 729//729 586//586
f 816//816 525//525 975//975
f 1636//1636 1022//1022 588//588
f 652//652 588//588 1022//1022
f 818//818 524//524 974//974
f 1638//1638 1024//1024 590//590
f 651//651 590//590 1024//1024
f 820//820 523//523 973//973
f 1640//1640 1026//1026 592//592
f 650//650 592//592 1026//1026
f 822//822 522//522 972//972
f 1642//1642 1028//1028 594//594
f 649//649 594//594 1028//1028
f 824//824 521//521 971//971
f 1644//1644 1030//1030 596//596
f 648//648 596//596 1030//1030
f 826//826 520//520 970//970
f 1646//1646 1032//1032 598//598
f 647//647 598//598 1032//1032
f 1489//1489 646//646 519//519
f 1648//1648 828//828 829//829
f 1558//1558 722//722 600//600
f 1557//1557 721//721 442//442
f 1556//1556 720//720 441//441
f 1555//1555 719//719 440//440
f 1554//1554 718//718 439//439
f 1553//1553 717//717 438//438
f 1552//1552 716//716 437//437
f 1482//1482 639//639 512//512
f 1650//1650 830//830 831//831
f 1551//1551 715//715 602//602
f 1481//1481 638//638 511//511
f 1652//1652 832//832 833//833
f 1550//1550 714//714 604//604
f 834//834 510//510 960//960
f 1654//1654 1040//1040 606//606
f 485//485 606//606 1040//1040
f 1608//1608 923//923 466//466
f 1656//1656 836//836 635//635
f 1042//1042 608//608 836//836
f 985//985 535//535 608//608
f 1658//1658 838//838 662//662
f 1044//1044 610//610 838//838
f 984//984 534//534 610//610
f 1660//1660 840//840 661//661
f 1046//1046 612//612 840//840
f 983//983 533//533 612//612
f 913//913 456//456 736//736
f 912//912 455//455 735//735
f 911//911 454//454 734//734
f 910//910 453//453 733//733
f 909//909 452//452 732//732
f 908//908 451//451 731//731
f 1662//1662 842//842 654//654
f 1048//1048 614//614 842//842
f 976//976 526//526 614//614
f 844//844 729//729 1565//1565
f 845//845 844//844 1664//1664
f 525//525 653//653 1496//1496
f 846//846 728//728 1564//1564
f 847//847 846//846 1666//1666
f 524//524 652//652 1495//1495
f 848//848 727//727 1563//1563
f 849//849 848//848 1668//1668
f 523//523 651//651 1494//1494
f 850//850 726//726 1562//1562
f 851//851 850//850 1670//1670
f 522//522 650//650 1493//1493
f 852//852 725//725 1561//1561
f 853//853 852//852 1672//1672
f 521//521 649//649 1492//1492
f 854//854 724//724 1560//1560
f 855//855 854//854 1674//1674
f 520//520 648//648 1491//1491
f 1676//1676 856//856 647//647
f 1062//1062 628//628 856//856
f 969//969 519//519 628//628
f 899//899 442//442 722//722
f 898//898 441//441 721//721
f 897//897 440//440 720//720
f 896//896 439//439 719//719
f 895//895 438//438 718//718
f 894//894 437//437 717//717
f 1678//1678 858//858 640//640
f 1064//1064 630//630 858//858
f 962//962 512//512 630//630
f 1680//1680 860//860 639//639
f 1066//1066 632//632 860//860
f 961//961 511//511 632//632
f 862//862 407//407 865//865
f 863//863 862//862 1682//1682
f 510//510 483//483 934//934
f 739//739 712//712 1139//1139
f 634//634 633//633 1477//1477
f 633//633 636//636 1070//1070
f 1166//1166 740//740 861//861
f 1271//1271 861//861 631//631
f 1475//1475 631//631 410//410
f 1167//1167 741//741 859//859
f 1269//1269 859//859 629//629
f 1473//1473 629//629 411//411
f 1099//1099 666//666 488//488
f 1100//1100 667//667 489//489
f 1101//1101 668//668 490//490
f 1102//1102 669//669 491//491
f 1103//1103 670//670 492//492
f 1104//1104 671//671 493//493
f 1174//1174 748//748 857//857
f 1267//1267 857//857 627//627
f 1471//1471 627//627 418//418
f 749//749 419//419 1286//1286
f 626//626 625//625 1469//1469
f 625//625 495//495 1355//1355
f 750//750 420//420 1287//1287
f 624//624 623//623 1467//1467
f 623//623 496//496 1356//1356
f 751//751 421//421 1288//1288
f 622//622 621//621 1465//1465
f 621//621 497//497 1357//1357
f 752//752 422//422 1289//1289
f 620//620 619//619 1463//1463
f 619//619 498//498 1358//1358
f 753//753 423//423 1290//1290
f 618//618 617//617 1461//1461
f 617//617 499//499 1359//1359
f 754//754 424//424 1291//1291
f 616//616 615//615 1459//1459
f 615//615 500//500 1360//1360
f 1181//1181 755//755 843//843
f 1253//1253 843//843 613//613
f 1457//1457 613//613 425//425
f 1113//1113 680//680 502//502
f 1114//1114 681//681 503//503
f 1115//1115 682//682 504//504
f 1116//1116 683//683 505//505
f 1117//1117 684//684 506//506
f 1118//1118 685//685 507//507
f 1188//1188 762//762 841//841
f 1251//1251 841//841 611//611
f 1455//1455 611//611 432//432
f 1189//1189 763//763 839//839
f 1249//1249 839//839 609//609
f 1453//1453 609//609 433//433
f 1190//1190 764//764 837//837
f 1247//1247 837//837 607//607
f 1451//1451 607//607 406//406
f 1403//1403 1128//1128 695//695
f 714//714 835//835 1245//1245
f 1449//1449 1245//1245 835//835
f 605//605 739//739 1165//1165
f 1345//1345 485//485 833//833
f 1447//1447 603//603 604//604
f 1276//1276 409//409 740//740
f 1346//1346 486//486 831//831
f 1445//1445 601//601 602//602
f 1277//1277 410//410 741//741
f 1347//1347 487//487 666//666
f 1348//1348 488//488 667//667
f 1349//1349 489//489 668//668
f 1350//1350 490//490 669//669
f 1351//1351 491//491 670//670
f 1352//1352 492//492 671//671
f 1353//1353 493//493 829//829
f 1443//1443 599//599 600//600
f 1284//1284 417//417 748//748
f 418//418 827//827 1237//1237
f 1441//1441 1237//1237 827//827
f 597//597 749//749 1175//1175
f 419//419 825//825 1235//1235
f 1439//1439 1235//1235 825//825
f 595//595 750//750 1176//1176
f 420//420 823//823 1233//1233
f 1437//1437 1233//1233 823//823
f 593//593 751//751 1177//1177
f 421//421 821//821 1231//1231
f 1435//1435 1231//1231 821//821
f 591//591 752//752 1178//1178
f 422//422 819//819 1229//1229
f 1433//1433 1229//1229 819//819
f 589//589 753//753 1179//1179
f 423//423 817//817 1227//1227
f 1431//1431 1227//1227 817//817
f 587//587 754//754 1180//1180
f 1360//1360 500//500 815//815
f 1429//1429 585//585 586//586
f 1291//1291 424//424 755//755
f 1361//1361 501//501 680//680
f 1362//1362 502//502 681//681
f 1363//1363 503//503 682//682
f 1364//1364 504//504 683//683
f 1365//1365 505//505 684//684
f 1366//1366 506//506 685//685
f 1367//1367 507//507 813//813
f 1427//1427 583//583 584//584
f 1298//1298 431//431 762//762
f 1368//1368 508//508 811//811
f 1425//1425 581//581 582//582
f 1299//1299 432//432 763//763
f 1369//1369 509//509 809//809
f 1423//1423 579//579 580//580
f 1300//1300 433//433 764//764
f 301//301 249//249 1191//1191
f 249//249 713//713 1191//1191
f 348//348 349//349 577//577
f 349//349 1422//1422 577//577
f 223//223 348//348 1122//1122
f 348//348 577//577 1122//1122
f 1216//1216 1397//1397 537//537
f 575//575 576//576 1421//1421
f 1327//1327 1328//1328 461//461
f 1214//1214 1398//1398 538//538
f 573//573 574//574 1419//1419
f 1328//1328 1329//1329 462//462
f 1212//1212 1400//1400 540//540
f 571//571 572//572 1417//1417
f 1194//1194 1331//1331 464//464
f 1193//1193 767//767 463//463
f 1415//1415 570//570 569//569
f 1414//1414 569//569 539//539
f 1127//1127 1402//1402 542//542
f 1404//1404 544//544 696//696
f 1196//1196 770//770 797//797
f 1208//1208 797//797 567//567
f 1412//1412 567//567 464//464
f 1406//1406 546//546 698//698
f 1408//1408 548//548 700//700
f 701//701 702//702 1135//1135
f 1410//1410 550//550 549//549
f 317//317 552//552 704//704
f 318//318 553//553 795//795
f 336//336 565//565 566//566
f 240//240 477//477 476//476
f 320//320 555//555 793//793
f 334//334 563//563 564//564
f 242//242 479//479 783//783
f 782//782 478//478 241//241
f 562//562 561//561 332//332
f 561//561 554//554 319//319
f 326//326 242//242 708//708
f 558//558 559//559 326//326
f 245//245 320//320 784//784
f 551//551 316//316 703//703
f 316//316 237//237 1136//1136
f 700//700 546//546 1406//1406
f 1405//1405 1411//1411 557//557
f 1411//1411 1130//1130 697//697
f 1342//1342 1199//1199 773//773
f 1336//1336 1342//1342 481//481
f 776//776 470//470 1337//1337
f 475//475 238//238 1205//1205
f 238//238 315//315 1205//1205
f 323//323 325//325 787//787
f 706//706 562//562 333//333
f 334//334 792//792 707//707
f 336//336 794//794 552//552
f 239//239 476//476 780//780
f 1341//1341 474//474 473//473
f 777//777 778//778 1204//1204
f 1339//1339 472//472 776//776
f 1337//1337 470//470 774//774
f 1127//1127 694//694 540//540
f 1335//1335 468//468 772//772
f 1196//1196 1333//1333 466//466
f 1124//1124 691//691 570//570
f 1125//1125 1211//1211 800//800
f 1397//1397 1213//1213 802//802
f 1396//1396 1215//1215 804//804
f 349//349 171//171 1422//1422
f 171//171 637//637 1422//1422
f 1218//1218 808//808 688//688
f 1220//1220 810//810 687//687
f 1222//1222 812//812 686//686
f 1297//1297 430//430 761//761
f 1296//1296 429//429 760//760
f 1295//1295 428//428 759//759
f 1294//1294 427//427 758//758
f 1293//1293 426//426 757//757
f 1292//1292 425//425 756//756
f 1224//1224 814//814 679//679
f 499//499 678//678 1111//1111
f 498//498 677//677 1110//1110
f 497//497 676//676 1109//1109
f 496//496 675//675 1108//1108
f 495//495 674//674 1107//1107
f 494//494 673//673 1106//1106
f 1238//1238 828//828 672//672
f 1283//1283 416//416 747//747
f 1282//1282 415//415 746//746
f 1281//1281 414//414 745//745
f 1280//1280 413//413 744//744
f 1279//1279 412//412 743//743
f 1278//1278 411//411 742//742
f 1240//1240 830//830 665//665
f 1242//1242 832//832 664//664
f 638//638 663//663 1096//1096
f 1334//1334 1197//1197 771//771
f 1121//1121 688//688 482//482
f 1120//1120 687//687 509//509
f 1119//1119 686//686 508//508
f 1187//1187 761//761 431//431
f 1186//1186 760//760 430//430
f 1185//1185 759//759 429//429
f 1184//1184 758//758 428//428
f 1183//1183 757//757 427//427
f 1182//1182 756//756 426//426
f 1112//1112 679//679 501//501
f 678//678 616//616 1460//1460
f 677//677 618//618 1462//1462
f 676//676 620//620 1464//1464
f 675//675 622//622 1466//1466
f 674//674 624//624 1468//1468
f 673//673 626//626 1470//1470
f 1105//1105 672//672 494//494
f 1173//1173 747//747 417//417
f 1172//1172 746//746 416//416
f 1171//1171 745//745 415//415
f 1170//1170 744//744 414//414
f 1169//1169 743//743 413//413
f 1168//1168 742//742 412//412
f 1098//1098 665//665 487//487
f 1097//1097 664//664 486//486
f 663//663 634//634 1478//1478
f 1096//1096 1478//1478 405//405
f 198//198 1097//1097 1346//1346
f 199//199 1098//1098 1347//1347
f 278//278 1168//1168 1279//1279
f 279//279 1169//1169 1280//1280
f 280//280 1170//1170 1281//1281
f 281//281 1171//1171 1282//1282
f 282//282 1172//1172 1283//1283
f 283//283 1173//1173 1284//1284
f 206//206 1105//1105 1354//1354
f 1106//1106 1470//1470 397//397
f 1107//1107 1468//1468 395//395
f 1108//1108 1466//1466 393//393
f 1109//1109 1464//1464 391//391
f 1110//1110 1462//1462 389//389
f 1111//1111 1460//1460 387//387
f 213//213 1112//1112 1361//1361
f 292//292 1182//1182 1293//1293
f 293//293 1183//1183 1294//1294
f 294//294 1184//1184 1295//1295
f 295//295 1185//1185 1296//1296
f 296//296 1186//1186 1297//1297
f 297//297 1187//1187 1298//1298
f 220//220 1119//1119 1368//1368
f 221//221 1120//1120 1369//1369
f 222//222 1121//1121 1343//1343
f 230//230 307//307 1197//1197
f 1071//1071 1096//1096 197//197
f 374//374 1242//1242 1097//1097
f 372//372 1240//1240 1098//1098
f 174//174 1278//1278 1168//1168
f 175//175 1279//1279 1169//1169
f 176//176 1280//1280 1170//1170
f 177//177 1281//1281 1171//1171
f 178//178 1282//1282 1172//1172
f 179//179 1283//1283 1173//1173
f 370//370 1238//1238 1105//1105
f 1354//1354 1106//1106 207//207
f 1355//1355 1107//1107 208//208
f 1356//1356 1108//1108 209//209
f 1357//1357 1109//1109 210//210
f 1358//1358 1110//1110 211//211
f 1359//1359 1111//1111 212//212
f 356//356 1224//1224 1112//1112
f 188//188 1292//1292 1182//1182
f 189//189 1293//1293 1183//1183
f 190//190 1294//1294 1184//1184
f 191//191 1295//1295 1185//1185
f 192//192 1296//1296 1186//1186
f 193//193 1297//1297 1187//1187
f 354//354 1222//1222 1119//1119
f 352//352 1220//1220 1120//1120
f 350//350 1218//1218 1121//1121
f 301//301 346//346 1215//1215
f 302//302 344//344 1213//1213
f 226//226 342//342 1211//1211
f 225//225 1124//1124 1415//1415
f 306//306 229//229 1333//1333
f 231//231 1335//1335 1198//1198
f 228//228 1127//1127 1400//1400
f 233//233 1337//1337 1200//1200
f 235//235 1339//1339 1202//1202
f 1203//1203 1204//1204 314//314
f 237//237 1341//1341 1340//1340
f 1202//1202 1337//1337 233//233
f 232//232 246//246 1342//1342
f 246//246 309//309 1199//1199
f 324//324 231//231 1130//1130
f 310//310 324//324 1411//1411
f 1133//1133 1406//1406 311//311
f 315//315 1410//1410 1409//1409
f 1134//1134 1135//1135 236//236
f 313//313 1408//1408 1133//1133
f 311//311 1406//1406 1131//1131
f 338//338 1412//1412 1331//1331
f 339//339 1208//1208 1412//1412
f 306//306 1196//1196 1208//1208
f 309//309 1404//1404 1129//1129
f 228//228 307//307 1402//1402
f 340//340 1414//1414 1399//1399
f 341//341 1415//1415 1414//1414
f 303//303 1193//1193 1330//1330
f 304//304 227//227 1331//1331
f 1416//1416 1417//1417 343//343
f 343//343 305//305 1400//1400
f 224//224 225//225 1329//1329
f 1418//1418 1419//1419 345//345
f 345//345 303//303 1398//1398
f 223//223 224//224 1328//1328
f 1420//1420 1421//1421 347//347
f 347//347 302//302 1397//1397
f 196//196 1300//1300 1190//1190
f 350//350 1423//1423 1424//1424
f 274//274 1369//1369 1219//1219
f 195//195 1299//1299 1189//1189
f 352//352 1425//1425 1426//1426
f 273//273 1368//1368 1221//1221
f 194//194 1298//1298 1188//1188
f 354//354 1427//1427 1428//1428
f 272//272 1367//1367 1223//1223
f 271//271 1366//1366 1118//1118
f 270//270 1365//1365 1117//1117
f 269//269 1364//1364 1116//1116
f 268//268 1363//1363 1115//1115
f 267//267 1362//1362 1114//1114
f 266//266 1361//1361 1113//1113
f 187//187 1291//1291 1181//1181
f 356//356 1429//1429 1430//1430
f 265//265 1360//1360 1225//1225
f 1431//1431 1180//1180 290//290
f 358//358 359//359 1227//1227
f 1290//1290 1227//1227 359//359
f 1433//1433 1179//1179 289//289
f 360//360 361//361 1229//1229
f 1289//1289 1229//1229 361//361
f 1435//1435 1178//1178 288//288
f 362//362 363//363 1231//1231
f 1288//1288 1231//1231 363//363
f 1437//1437 1177//1177 287//287
f 364//364 365//365 1233//1233
f 1287//1287 1233//1233 365//365
f 1439//1439 1176//1176 286//286
f 366//366 367//367 1235//1235
f 1286//1286 1235//1235 367//367
f 1441//1441 1175//1175 285//285
f 368//368 369//369 1237//1237
f 1285//1285 1237//1237 369//369
f 180//180 1284//1284 1174//1174
f 370//370 1443//1443 1444//1444
f 258//258 1353//1353 1239//1239
f 257//257 1352//1352 1104//1104
f 256//256 1351//1351 1103//1103
f 255//255 1350//1350 1102//1102
f 254//254 1349//1349 1101//1101
f 253//253 1348//1348 1100//1100
f 252//252 1347//1347 1099//1099
f 173//173 1277//1277 1167//1167
f 372//372 1445//1445 1446//1446
f 251//251 1346//1346 1241//1241
f 172//172 1276//1276 1166//1166
f 374//374 1447//1447 1448//1448
f 250//250 1345//1345 1243//1243
f 1449//1449 1165//1165 275//275
f 376//376 377//377 1245//1245
f 1140//1140 1245//1245 377//377
f 308//308 229//229 1128//1128
f 378//378 1451//1451 1274//1274
f 379//379 1247//1247 1451//1451
f 300//300 1190//1190 1247//1247
f 380//380 1453//1453 1300//1300
f 381//381 1249//1249 1453//1453
f 299//299 1189//1189 1249//1249
f 382//382 1455//1455 1299//1299
f 383//383 1251//1251 1455//1455
f 298//298 1188//1188 1251//1251
f 219//219 1118//1118 1367//1367
f 218//218 1117//1117 1366//1366
f 217//217 1116//1116 1365//1365
f 216//216 1115//1115 1364//1364
f 215//215 1114//1114 1363//1363
f 214//214 1113//1113 1362//1362
f 384//384 1457//1457 1292//1292
f 385//385 1253//1253 1457//1457
f 291//291 1181//1181 1253//1253
f 1459//1459 1360//1360 265//265
f 1460//1460 1459//1459 386//386
f 1180//1180 1291//1291 187//187
f 1461//1461 1359//1359 264//264
f 1462//1462 1461//1461 388//388
f 1179//1179 1290//1290 186//186
f 1463//1463 1358//1358 263//263
f 1464//1464 1463//1463 390//390
f 1178//1178 1289//1289 185//185
f 1465//1465 1357//1357 262//262
f 1466//1466 1465//1465 392//392
f 1177//1177 1288//1288 184//184
f 1467//1467 1356//1356 261//261
f 1468//1468 1467//1467 394//394
f 1176//1176 1287//1287 183//183
f 1469//1469 1355//1355 260//260
f 1470//1470 1469//1469 396//396
f 1175//1175 1286//1286 182//182
f 398//398 1471//1471 1285//1285
f 399//399 1267//1267 1471//1471
f 284//284 1174//1174 1267//1267
f 205//205 1104//1104 1353//1353
f 204//204 1103//1103 1352//1352
f 203//203 1102//1102 1351//1351
f 202//202 1101//1101 1350//1350
f 201//201 1100//1100 1349//1349
f 200//200 1099//1099 1348//1348
f 400//400 1473//1473 1278//1278
f 401//401 1269//1269 1473//1473
f 277//277 1167//1167 1269//1269
f 402//402 1475//1475 1277//1277
f 403//403 1271//1271 1475//1475
f 276//276 1166//1166 1271//1271
f 1477//1477 1070//1070 170//170
f 1478//1478 1477//1477 404//404
f 1165//1165 1139//1139 248//248
f 960//960 934//934 78//78
f 1682//1682 865//865 51//51
f 120//120 1066//1066 1680//1680
f 121//121 1064//1064 1678//1678
f 128//128 1062//1062 1676//1676
f 970//970 1491//1491 94//94
f 1674//1674 1560//1560 20//20
f 971//971 1492//1492 96//96
f 1672//1672 1561//1561 21//21
f 972//972 1493//1493 98//98
f 1670//1670 1562//1562 22//22
f 973//973 1494//1494 100//100
f 1668//1668 1563//1563 23//23
f 974//974 1495//1495 102//102
f 1666//1666 1564//1564 24//24
f 975//975 1496//1496 104//104
f 1664//1664 1565//1565 25//25
f 135//135 1048//1048 1662//1662
f 142//142 1046//1046 1660//1660
f 143//143 1044//1044 1658//1658
f 144//144 1042//1042 1656//1656
f 31//31 32//32 923//923
f 119//119 80//80 1040//1040
f 5//5 1550//1550 1038//1038
f 120//120 1652//1652 1653//1653
f 80//80 1481//1481 961//961
f 7//7 1551//1551 1036//1036
f 121//121 1650//1650 1651//1651
f 82//82 1482//1482 962//962
f 9//9 1552//1552 894//894
f 11//11 1553//1553 895//895
f 13//13 1554//1554 896//896
f 15//15 1555//1555 897//897
f 16//16 1556//1556 898//898
f 17//17 1557//1557 899//899
f 18//18 1558//1558 1034//1034
f 128//128 1648//1648 1649//1649
f 91//91 1489//1489 969//969
f 129//129 92//92 1032//1032
f 130//130 94//94 1030//1030
f 131//131 96//96 1028//1028
f 132//132 98//98 1026//1026
f 133//133 100//100 1024//1024
f 134//134 102//102 1022//1022
f 25//25 1565//1565 1020//1020
f 135//135 1634//1634 1635//1635
f 104//104 1496//1496 976//976
f 26//26 1566//1566 908//908
f 27//27 1567//1567 909//909
f 28//28 1568//1568 910//910
f 29//29 1569//1569 911//911
f 30//30 1570//1570 912//912
f 31//31 1571//1571 913//913
f 32//32 1572//1572 1018//1018
f 142//142 1632//1632 1633//1633
f 113//113 1503//1503 983//983
f 33//33 1573//1573 1016//1016
f 143//143 1630//1630 1631//1631
f 114//114 1504//1504 984//984
f 34//34 1574//1574 1014//1014
f 144//144 1628//1628 1629//1629
f 116//116 1505//1505 985//985
f 81//81 5//5 1602//1602
f 1625//1625 1626//1626 146//146
f 145//145 146//146 1533//1533
f 83//83 7//7 1603//1603
f 1623//1623 1624//1624 147//147
f 146//146 147//147 1534//1534
f 85//85 9//9 1605//1605
f 1621//1621 1622//1622 149//149
f 148//148 149//149 1536//1536
f 147//147 988//988 1535//1535
f 117//117 1619//1619 1604//1604
f 9//9 11//11 1607//1607
f 13//13 1609//1609 924//924
f 150//150 1003//1003 1617//1617
f 15//15 1611//1611 926//926
f 16//16 1613//1613 928//928
f 929//929 930//930 27//27
f 17//17 1615//1615 1614//1614
f 29//29 30//30 1616//1616
f 30//30 31//31 925//925
f 168//168 153//153 994//994
f 154//154 168//168 1547//1547
f 997//997 1542//1542 155//155
f 159//159 1546//1546 1545//1545
f 998//998 999//999 158//158
f 157//157 1544//1544 997//997
f 155//155 1542//1542 995//995
f 153//153 1540//1540 993//993
f 150//150 151//151 1538//1538
f 34//34 919//919 1620//1620
f 7//7 85//85 1006//1006
f 5//5 83//83 1008//1008
f 3//3 81//81 1010//1010
f 118//118 1013//1013 916//916
f 117//117 1015//1015 915//915
f 115//115 1017//1017 914//914
f 112//112 1502//1502 982//982
f 111//111 1501//1501 981//981
f 110//110 1500//1500 980//980
f 109//109 1499//1499 979//979
f 108//108 1498//1498 978//978
f 106//106 1497//1497 977//977
f 107//107 1019//1019 907//907
f 93//93 1033//1033 900//900
f 90//90 1488//1488 968//968
f 89//89 1487//1487 967//967
f 88//88 1486//1486 966//966
f 87//87 1485//1485 965//965
f 86//86 1484//1484 964//964
f 84//84 1483//1483 963//963
f 85//85 1035//1035 893//893
f 83//83 1037//1037 892//892
f 152//152 151//151 992//992
f 141//141 982//982 1503//1503
f 140//140 981//981 1502//1502
f 139//139 980//980 1501//1501
f 138//138 979//979 1500//1500
f 137//137 978//978 1499//1499
f 136//136 977//977 1498//1498
f 906//906 1665//1665 105//105
f 905//905 1667//1667 103//103
f 904//904 1669//1669 101//101
f 903//903 1671//1671 99//99
f 902//902 1673//1673 97//97
f 901//901 1675//1675 95//95
f 127//127 968//968 1489//1489
f 126//126 967//967 1488//1488
f 125//125 966//966 1487//1487
f 124//124 965//965 1486//1486
f 123//123 964//964 1485//1485
f 122//122 963//963 1484//1484
f 891//891 1683//1683 63//63
f 1301//1301 1273//1273 863//863
f 435//435 1302//1302 1141//1141
f 436//436 1303//1303 1142//1142
f 513//513 1373//1373 1074//1074
f 514//514 1374//1374 1075//1075
f 515//515 1375//1375 1076//1076
f 516//516 1376//1376 1077//1077
f 517//517 1377//1377 1078//1078
f 518//518 1378//1378 1079//1079
f 443//443 1310//1310 1149//1149
f 1311//1311 1265//1265 855//855
f 1312//1312 1263//1263 853//853
f 1313//1313 1261//1261 851//851
f 1314//1314 1259//1259 849//849
f 1315//1315 1257//1257 847//847
f 1316//1316 1255//1255 845//845
f 450//450 1317//1317 1156//1156
f 527//527 1387//1387 1088//1088
f 528//528 1388//1388 1089//1089
f 529//529 1389//1389 1090//1090
f 530//530 1390//1390 1091//1091
f 531//531 1391//1391 1092//1092
f 532//532 1392//1392 1093//1093
f 457//457 1324//1324 1163//1163
f 458//458 1325//1325 1164//1164
f 459//459 1326//1326 1138//1138
f 696//696 542//542 1402//1402
f 1276//1276 1301//1301 434//434
f 603//603 1447//1447 1302//1302
f 601//601 1445//1445 1303//1303
f 640//640 1073//1073 1373//1373
f 641//641 1074//1074 1374//1374
f 642//642 1075//1075 1375//1375
f 643//643 1076//1076 1376//1376
f 644//644 1077//1077 1377//1377
f 645//645 1078//1078 1378//1378
f 599//599 1443//1443 1310//1310
f 1149//1149 1311//1311 444//444
f 1150//1150 1312//1312 445//445
f 1151//1151 1313//1313 446//446
f 1152//1152 1314//1314 447//447
f 1153//1153 1315//1315 448//448
f 1154//1154 1316//1316 449//449
f 585//585 1429//1429 1317//1317
f 654//654 1087//1087 1387//1387
f 655//655 1088//1088 1388//1388
f 656//656 1089//1089 1389//1389
f 657//657 1090//1090 1390//1390
f 658//658 1091//1091 1391//1391
f 659//659 1092//1092 1392//1392
f 583//583 1427//1427 1324//1324
f 581//581 1425//1425 1325//1325
f 579//579 1423//1423 1326//1326
f 765//765 575//575 1420//1420
f 766//766 573//573 1418//1418
f 463//463 571//571 1416//1416
f 462//462 1329//1329 1210//1210
f 541//541 695//695 1128//1128
f 697//697 1130//1130 1403//1403
f 465//465 1332//1332 1195//1195
f 699//699 1132//1132 1405//1405
f 701//701 1134//1134 1407//1407
f 1408//1408 1409//1409 549//549
f 703//703 1136//1136 1135//1135
f 1407//1407 1132//1132 699//699
f 698//698 710//710 1137//1137
f 710//710 544//544 1404//1404
f 786//786 468//468 1335//1335
f 774//774 786//786 1206//1206
f 1338//1338 1201//1201 775//775
f 779//779 1205//1205 1204//1204
f 1339//1339 1340//1340 473//473
f 777//777 1203//1203 1338//1338
f 775//775 1201//1201 1336//1336
f 796//796 1207//1207 1126//1126
f 568//568 1413//1413 1207//1207
f 541//541 1401//1401 1413//1413
f 773//773 1199//1199 1334//1334
f 465//465 771//771 1197//1197
f 798//798 1209//1209 1194//1194
f 799//799 1210//1210 1209//1209
f 538//538 1398//1398 1125//1125
f 539//539 693//693 1126//1126
f 1211//1211 1212//1212 801//801
f 572//572 769//769 1195//1195
f 690//690 691//691 1124//1124
f 1213//1213 1214//1214 803//803
f 574//574 767//767 1193//1193
f 689//689 690//690 1123//1123
f 1215//1215 1216//1216 805//805
f 576//576 766//766 1192//1192
f 662//662 1095//1095 1395//1395
f 808//808 1218//1218 1219//1219
f 738//738 1164//1164 1424//1424
f 661//661 1094//1094 1394//1394
f 810//810 1220//1220 1221//1221
f 737//737 1163//1163 1426//1426
f 660//660 1093//1093 1393//1393
f 812//812 1222//1222 1223//1223
f 736//736 1162//1162 1428//1428
f 735//735 1161//1161 1323//1323
f 734//734 1160//1160 1322//1322
f 733//733 1159//1159 1321//1321
f 732//732 1158//1158 1320//1320
f 731//731 1157//1157 1319//1319
f 730//730 1156//1156 1318//1318
f 653//653 1086//1086 1386//1386
f 814//814 1224//1224 1225//1225
f 729//729 1155//1155 1430//1430
f 1226//1226 1385//1385 525//525
f 816//816 588//588 1432//1432
f 1085//1085 1432//1432 588//588
f 1228//1228 1384//1384 524//524
f 818//818 590//590 1434//1434
f 1084//1084 1434//1434 590//590
f 1230//1230 1383//1383 523//523
f 820//820 592//592 1436//1436
f 1083//1083 1436//1436 592//592
f 1232//1232 1382//1382 522//522
f 822//822 594//594 1438//1438
f 1082//1082 1438//1438 594//594
f 1234//1234 1381//1381 521//521
f 824//824 596//596 1440//1440
f 1081//1081 1440//1440 596//596
f 1236//1236 1380//1380 520//520
f 826//826 598//598 1442//1442
f 1080//1080 1442//1442 598//598
f 646//646 1079//1079 1379//1379
f 828//828 1238//1238 1239//1239
f 722//722 1148//1148 1444//1444
f 721//721 1147//1147 1309//1309
f 720//720 1146//1146 1308//1308
f 719//719 1145//1145 1307//1307
f 718//718 1144//1144 1306//1306
f 717//717 1143//1143 1305//1305
f 716//716 1142//1142 1304//1304
f 639//639 1072//1072 1372//1372
f 830//830 1240//1240 1241//1241
f 715//715 1141//1141 1446//1446
f 638//638 1071//1071 1371//1371
f 832//832 1242//1242 1243//1243
f 714//714 1140//1140 1448//1448
f 1244//1244 1370//1370 510//510
f 834//834 606//606 1450//1450
f 1345//1345 1450//1450 606//606
f 772//772 466//466 1333//1333
f 836//836 1246//1246 1069//1069
f 608//608 1452//1452 1246//1246
f 535//535 1395//1395 1452//1452
f 838//838 1248//1248 1095//1095
f 610//610 1454//1454 1248//1248
f 534//534 1394//1394 1454//1454
f 840//840 1250//1250 1094//1094
f 612//612 1456//1456 1250//1250
f 533//533 1393//1393 1456//1456
f 456//456 1323//1323 1162//1162
f 455//455 1322//1322 1161//1161
f 454//454 1321//1321 1160//1160
f 453//453 1320//1320 1159//1159
f 452//452 1319//1319 1158//1158
f 451//451 1318//1318 1157//1157
f 842//842 1252//1252 1087//1087
f 614//614 1458//1458 1252//1252
f 526//526 1386//1386 1458//1458
f 1254//1254 1155//1155 729//729
f 1255//1255 1254//1254 844//844
f 1385//1385 1086//1086 653//653
f 1256//1256 1154//1154 728//728
f 1257//1257 1256//1256 846//846
f 1384//1384 1085//1085 652//652
f 1258//1258 1153//1153 727//727
f 1259//1259 1258//1258 848//848
f 1383//1383 1084//1084 651//651
f 1260//1260 1152//1152 726//726
f 1261//1261 1260//1260 850//850
f 1382//1382 1083//1083 650//650
f 1262//1262 1151//1151 725//725
f 1263//1263 1262//1262 852//852
f 1381//1381 1082//1082 649//649
f 1264//1264 1150//1150 724//724
f 1265//1265 1264//1264 854//854
f 1380//1380 1081//1081 648//648
f 856//856 1266//1266 1080//1080
f 628//628 1472//1472 1266//1266
f 519//519 1379//1379 1472//1472
f 442//442 1309//1309 1148//1148
f 441//441 1308//1308 1147//1147
f 440//440 1307//1307 1146//1146
f 439//439 1306//1306 1145//1145
f 438//438 1305//1305 1144//1144
f 437//437 1304//1304 1143//1143
f 858//858 1268//1268 1073//1073
f 630//630 1474//1474 1268//1268
f 512//512 1372//1372 1474//1474
f 860//860 1270//1270 1072//1072
f 632//632 1476//1476 1270//1270
f 511//511 1371//1371 1476//1476
f 1272//1272 1275//1275 407//407
f 1273//1273 1272//1272 862//862
f 1370//1370 1344//1344 483//483
f 1575//1575 1549//1549 712//712
f 1068//1068 1067//1067 633//633
f 1067//1067 1480//1480 636//636
f 740//740 1576//1576 1681//1681
f 861//861 1681//1681 1065//1065
f 631//631 1065//1065 867//867
f 741//741 1577//1577 1679//1679
f 859//859 1679//1679 1063//1063
f 629//629 1063//1063 868//868
f 666//666 1509//1509 938//938
f 667//667 1510//1510 939//939
f 668//668 1511//1511 940//940
f 669//669 1512//1512 941//941
f 670//670 1513//1513 942//942
f 671//671 1514//1514 943//943
f 748//748 1584//1584 1677//1677
f 857//857 1677//1677 1061//1061
f 627//627 1061//1061 875//875
f 1585//1585 876//876 419//419
f 1060//1060 1059//1059 625//625
f 1059//1059 945//945 495//495
f 1586//1586 877//877 420//420
f 1058//1058 1057//1057 623//623
f 1057//1057 946//946 496//496
f 1587//1587 878//878 421//421
f 1056//1056 1055//1055 621//621
f 1055//1055 947//947 497//497
f 1588//1588 879//879 422//422
f 1054//1054 1053//1053 619//619
f 1053//1053 948//948 498//498
f 1589//1589 880//880 423//423
f 1052//1052 1051//1051 617//617
f 1051//1051 949//949 499//499
f 1590//1590 881//881 424//424
f 1050//1050 1049//1049 615//615
f 1049//1049 950//950 500//500
f 755//755 1591//1591 1663//1663
f 843//843 1663//1663 1047//1047
f 613//613 1047//1047 882//882
f 680//680 1523//1523 952//952
f 681//681 1524//1524 953//953
f 682//682 1525//1525 954//954
f 683//683 1526//1526 955//955
f 684//684 1527//1527 956//956
f 685//685 1528//1528 957//957
f 762//762 1598//1598 1661//1661
f 841//841 1661//1661 1045//1045
f 611//611 1045//1045 889//889
f 763//763 1599//1599 1659//1659
f 839//839 1659//1659 1043//1043
f 609//609 1043//1043 890//890
f 764//764 1600//1600 1657//1657
f 837//837 1657//1657 1041//1041
f 607//607 1041//1041 864//864
f 543//543 695//695 1538//1538
f 1550//1550 1655//1655 835//835
f 605//605 835//835 1655//1655
f 1039//1039 1575//1575 739//739
f 485//485 935//935 1653//1653
f 603//603 1037//1037 1038//1038
f 409//409 866//866 1576//1576
f 486//486 936//936 1651//1651
f 601//601 1035//1035 1036//1036
f 410//410 867//867 1577//1577
f 487//487 937//937 1509//1509
f 488//488 938//938 1510//1510
f 489//489 939//939 1511//1511
f 490//490 940//940 1512//1512
f 491//491 941//941 1513//1513
f 492//492 942//942 1514//1514
f 493//493 943//943 1649//1649
f 599//599 1033//1033 1034//1034
f 417//417 874//874 1584//1584
f 875//875 1647//1647 827//827
f 597//597 827//827 1647//1647
f 1031//1031 1585//1585 749//749
f 876//876 1645//1645 825//825
f 595//595 825//825 1645//1645
f 1029//1029 1586//1586 750//750
f 877//877 1643//1643 823//823
f 593//593 823//823 1643//1643
f 1027//1027 1587//1587 751//751
f 878//878 1641//1641 821//821
f 591//591 821//821 1641//1641
f 1025//1025 1588//1588 752//752
f 879//879 1639//1639 819//819
f 589//589 819//819 1639//1639
f 1023//1023 1589//1589 753//753
f 880//880 1637//1637 817//817
f 587//587 817//817 1637//1637
f 1021//1021 1590//1590 754//754
f 500//500 950//950 1635//1635
f 585//585 1019//1019 1020//1020
f 424//424 881//881 1591//1591
f 501//501 951//951 1523//1523
f 502//502 952//952 1524//1524
f 503//503 953//953 1525//1525
f 504//504 954//954 1526//1526
f 505//505 955//955 1527//1527
f 506//506 956//956 1528//1528
f 507//507 957//957 1633//1633
f 583//583 1017//1017 1018//1018
f 431//431 888//888 1598//1598
f 508//508 958//958 1631//1631
f 581//581 1015//1015 1016//1016
f 432//432 889//889 1599//1599
f 509//509 959//959 1629//1629
f 579//579 1013//1013 1014//1014
f 433//433 890//890 1600//1600
f 805//805 537//537 987//987
f 1010//1010 1011//1011 576//576
f 460//460 461//461 918//918
f 803//803 538//538 988//988
f 1008//1008 1009//1009 574//574
f 461//461 462//462 919//919
f 801//801 540//540 990//990
f 1006//1006 1007//1007 572//572
f 768//768 464//464 921//921
f 767//767 1603//1603 920//920
f 570//570 1005//1005 1004//1004
f 569//569 1004//1004 989//989
f 694//694 542//542 992//992
f 544//544 994//994 1539//1539
f 770//770 1606//1606 1618//1618
f 797//797 1618//1618 1002//1002
f 567//567 1002//1002 921//921
f 546//546 996//996 1541//1541
f 548//548 998//998 1543//1543
f 1544//1544 1545//1545 702//702
f 550//550 1000//1000 999//999
f 1543//1543 996//996 546//546
f 545//545 557//557 1001//1001
f 557//557 697//697 1540//1540
f 481//481 773//773 1609//1609
f 469//469 481//481 932//932
f 1612//1612 927//927 470//470
f 474//474 931//931 930//930
f 1613//1613 1614//1614 778//778
f 472//472 929//929 1612//1612
f 470//470 927//927 1610//1610
f 694//694 1537//1537 990//990
f 468//468 925//925 1608//1608
f 770//770 466//466 923//923
f 691//691 1534//1534 1005//1005
f 692//692 800//800 1621//1621
f 537//537 802//802 1623//1623
f 536//536 804//804 1625//1625
f 808//808 1628//1628 1531//1531
f 810//810 1630//1630 1530//1530
f 812//812 1632//1632 1529//1529
f 430//430 887//887 1597//1597
f 429//429 886//886 1596//1596
f 428//428 885//885 1595//1595
f 427//427 884//884 1594//1594
f 426//426 883//883 1593//1593
f 425//425 882//882 1592//1592
f 814//814 1634//1634 1522//1522
f 949//949 1521//1521 678//678
f 948//948 1520//1520 677//677
f 947//947 1519//1519 676//676
f 946//946 1518//1518 675//675
f 945//945 1517//1517 674//674
f 944//944 1516//1516 673//673
f 828//828 1648//1648 1515//1515
f 416//416 873//873 1583//1583
f 415//415 872//872 1582//1582
f 414//414 871//871 1581//1581
f 413//413 870//870 1580//1580
f 412//412 869//869 1579//1579
f 411//411 868//868 1578//1578
f 830//830 1650//1650 1508//1508
f 832//832 1652//1652 1507//1507
f 1481//1481 1506//1506 663//663
f 467//467 771//771 1607//1607
f 688//688 1531//1531 933//933
f 687//687 1530//1530 959//959
f 686//686 1529//1529 958//958
f 761//761 1597//1597 888//888
f 760//760 1596//1596 887//887
f 759//759 1595//1595 886//886
f 758//758 1594//1594 885//885
f 757//757 1593//1593 884//884
f 756//756 1592//1592 883//883
f 679//679 1522//1522 951//951
f 1521//1521 1050//1050 616//616
f 1520//1520 1052//1052 618//618
f 1519//1519 1054//1054 620//620
f 1518//1518 1056//1056 622//622
f 1517//1517 1058//1058 624//624
f 1516//1516 1060//1060 626//626
f 672//672 1515//1515 944//944
f 747//747 1583//1583 874//874
f 746//746 1582//1582 873//873
f 745//745 1581//1581 872//872
f 744//744 1580//1580 871//871
f 743//743 1579//1579 870//870
f 742//742 1578//1578 869//869
f 665//665 1508//1508 937//937
f 664//664 1507//1507 936//936
f 1506//1506 1068//1068 634//634
