# Blender 5.2.0 LTS
# www.blender.org
o Cave
v -1.500000 0.000000 1.500000
v -1.500000 2.700000 1.500000
v -0.750000 0.000000 0.750000
v -1.500000 0.000000 -1.500000
v 0.750000 1.740366 0.757844
v -1.500000 2.700000 -1.500000
v 0.750000 1.903630 0.635092
v 0.750000 2.042642 0.462556
v 0.750000 2.135339 0.233083
v -0.808272 1.781723 -0.750000
v 0.750000 2.252985 -0.000000
v -0.657085 1.925666 -0.750000
v 0.750000 2.113429 -0.217317
v 0.750000 1.990636 -0.418931
v 0.750000 1.863882 -0.595425
v -0.491069 2.076634 -0.750000
v 0.750000 1.739587 -0.756895
v 1.500000 0.000000 1.500000
v -0.286400 2.209434 -0.750000
v -0.000001 2.331453 -0.750000
v 0.243263 2.149487 -0.750000
v 0.416566 1.987816 -0.750000
v 0.601162 1.869631 -0.750000
v 1.500000 2.700000 1.500000
v -0.750000 1.757149 0.778308
v 0.759842 1.742004 -0.750000
v -0.750000 1.912923 0.644368
v 1.500000 0.000000 -1.500000
v -0.750000 2.054696 0.472667
v -0.750000 2.169433 0.257616
v 1.500000 2.700000 -1.500000
v -0.750000 2.315317 -0.000000
v -0.750000 2.199384 -0.279168
v -0.750000 2.072977 -0.488002
v -0.773169 1.752934 0.750000
v -0.750000 1.924403 -0.655825
v -0.644774 1.913331 0.750000
v -0.750000 1.780752 -0.807088
v -0.480664 2.064230 0.750000
v -0.283361 2.205210 0.750000
v 0.000000 2.338189 0.750000
v 0.237639 2.141671 0.750000
v 0.428787 2.002386 0.750000
v 0.601565 1.870034 0.750000
v 0.741407 1.726885 0.750000
v -0.750000 0.000000 -0.750000
v 0.750000 0.000000 0.750000
v -0.990000 0.825000 -1.500000
v -0.985038 0.967500 -1.500000
v -0.965565 1.110000 -1.500000
v -0.869670 1.395000 -1.500000
v -0.927911 1.252500 -1.500000
v -0.945959 0.550000 -1.500000
v -0.213050 2.107500 -1.500000
v 0.000000 2.250000 -1.500000
v 0.397427 1.965000 -1.500000
v 0.213050 2.107500 -1.500000
v -0.684238 1.680000 -1.500000
v -0.554126 1.822500 -1.500000
v -0.397427 1.965000 -1.500000
v -0.788968 1.537500 -1.500000
v -0.888564 0.275000 -1.500000
v -0.750000 0.000000 -1.500000
v 0.788968 1.537500 -1.500000
v 0.684238 1.680000 -1.500000
v 0.750000 0.000000 -1.500000
v 0.554126 1.822500 -1.500000
v 0.965565 1.110000 -1.500000
v 0.990000 0.825000 -1.500000
v 0.985038 0.967500 -1.500000
v 0.888564 0.275000 -1.500000
v 0.945959 0.550000 -1.500000
v 0.927911 1.252500 -1.500000
v 0.869670 1.395000 -1.500000
v 1.500000 1.965000 0.397427
v 1.500000 2.107500 0.213050
v 1.500000 2.250000 0.000000
v 1.500000 1.822500 -0.554126
v 1.500000 1.965000 -0.397427
v 1.500000 2.107500 -0.213050
v 1.500000 1.537500 -0.788968
v 1.500000 1.395000 -0.869670
v 1.500000 1.110000 -0.965565
v 1.500000 0.825000 -0.990000
v 1.500000 0.967500 -0.985038
v 1.500000 0.550000 -0.945959
v 1.500000 1.252500 -0.927911
v 1.500000 1.680000 -0.684238
v 1.500000 0.967500 0.985038
v 1.500000 0.825000 0.990000
v 1.500000 0.275000 0.888564
v 1.500000 1.252500 0.927911
v 1.500000 0.550000 0.945959
v 1.500000 1.110000 0.965565
v 1.500000 1.680000 0.684238
v 1.500000 1.537500 0.788968
v 1.500000 0.275000 -0.888564
v 1.500000 0.000000 -0.750000
v 1.500000 0.000000 0.750000
v 1.500000 1.822500 0.554126
v 1.500000 1.395000 0.869670
v 0.750000 0.000000 -0.750000
v -0.739031 1.773360 0.739031
v -0.753940 1.798762 -0.753938
v -0.608422 1.935285 0.608421
v -0.605081 1.928344 -0.605080
v -0.426499 2.036682 0.426499
v -0.433825 2.054744 -0.433825
v -0.224932 2.141571 0.224931
v -0.233663 2.166611 -0.233664
v -0.000000 2.260967 0.000000
v 0.206488 2.088683 0.206489
v 0.226347 2.145631 -0.226347
v 0.395885 1.961199 0.395885
v 0.412041 2.001032 -0.412041
v 0.576124 1.868194 0.576124
v 0.580589 1.877470 -0.580589
v 0.721017 1.742666 0.721017
v 0.728459 1.755346 -0.728458
v 0.846322 1.614776 -0.846322
v 0.930560 1.456519 -0.930560
v 0.999178 1.302179 -0.999178
v 1.057508 1.148102 -1.057508
v 1.092022 0.986366 -1.092022
v 1.097252 0.810918 -1.097252
v 1.038143 0.515513 -1.038143
v 0.949293 0.229199 -0.949293
v -0.397427 1.965000 1.500000
v -0.213050 2.107500 1.500000
v 0.000000 2.250000 1.500000
v 0.554126 1.822500 1.500000
v 0.397427 1.965000 1.500000
v 0.213050 2.107500 1.500000
v 0.788968 1.537500 1.500000
v 0.869670 1.395000 1.500000
v 0.965565 1.110000 1.500000
v 0.990000 0.825000 1.500000
v 0.985038 0.967500 1.500000
v 0.945959 0.550000 1.500000
v 0.927911 1.252500 1.500000
v 0.684238 1.680000 1.500000
v -0.985038 0.967500 1.500000
v -0.990000 0.825000 1.500000
v -0.888564 0.275000 1.500000
v -0.927911 1.252500 1.500000
v -0.945959 0.550000 1.500000
v -0.965565 1.110000 1.500000
v -0.684238 1.680000 1.500000
v -0.788968 1.537500 1.500000
v 0.888564 0.275000 1.500000
v 0.750000 0.000000 1.500000
v -0.750000 0.000000 1.500000
v -0.554126 1.822500 1.500000
v -0.869670 1.395000 1.500000
v -0.822983 1.764277 -0.750000
v -0.541547 2.011773 0.750000
v -0.134123 2.286935 0.750000
v -0.354564 2.155385 0.750000
v 0.357504 2.048561 0.750000
v 0.690068 1.778043 0.750000
v 0.540225 1.918922 0.750000
v 0.983983 0.203036 0.983983
v 1.078156 0.500544 1.078156
v 1.132279 0.806319 1.132279
v 1.126940 0.992524 1.126940
v 1.099599 1.165546 1.099599
v 1.043103 1.332798 1.043103
v 0.953646 1.479844 0.953646
v 0.840119 1.606419 0.840119
v -0.664912 1.866759 0.664913
v 0.287067 2.020276 0.287067
v 0.075864 2.200008 0.075864
v 0.067548 2.221621 -0.067548
v 0.750000 1.656550 -0.839842
v 0.735504 1.747332 -0.735504
v 0.614215 1.861717 -0.610769
v 0.690112 1.782720 0.708740
v 0.079963 2.279154 -0.294118
v 0.096438 2.174646 0.357143
v -0.703072 1.852679 0.633449
v -0.125169 2.224422 0.502253
v -0.550588 2.011438 0.674102
v -0.350039 2.125362 0.602530
v 0.765877 1.735405 -0.701319
v -1.500000 0.825000 0.990000
v -1.500000 0.967500 0.985038
v -1.500000 1.110000 0.965565
v -1.500000 1.395000 0.869670
v -1.500000 1.252500 0.927911
v -1.500000 0.550000 0.945959
v -1.500000 2.107500 0.213050
v -1.500000 2.250000 0.000000
v -1.500000 1.965000 -0.397427
v -1.500000 2.107500 -0.213050
v -1.500000 1.680000 0.684238
v -1.500000 1.822500 0.554126
v -1.500000 1.965000 0.397427
v -1.500000 1.537500 0.788968
v -1.500000 0.275000 0.888564
v -1.500000 0.000000 0.750000
v -1.500000 1.537500 -0.788968
v -1.500000 1.680000 -0.684238
v -1.500000 0.000000 -0.750000
v -1.500000 1.822500 -0.554126
v -1.500000 1.110000 -0.965565
v -1.500000 0.825000 -0.990000
v -1.500000 0.967500 -0.985038
v -1.500000 0.275000 -0.888564
v -1.500000 0.550000 -0.945959
v -1.500000 1.252500 -0.927911
v -1.500000 1.395000 -0.869670
v -0.874084 0.285921 -0.874084
v -0.983784 0.535849 -0.983784
v -1.061891 0.815561 -1.061891
v -1.068892 0.982288 -1.068892
v -1.057157 1.147957 -1.057157
v -1.027945 1.322231 -1.027945
v -0.970894 1.497271 -0.970894
v -0.878362 1.657945 -0.878362
v -0.824405 1.711103 -0.839665
v -0.885112 1.689821 -0.750000
v -0.694556 1.853100 -0.694556
v -0.524549 1.986800 -0.524549
v -0.516579 1.995907 0.516578
v -0.324744 2.117775 -0.324745
v -0.332385 2.080012 0.332384
v -0.085703 2.229429 -0.085703
v -0.139057 2.182047 0.139057
v 0.489463 1.909635 0.489463
v 0.594638 1.866154 -0.594638
v 0.833839 1.662625 -0.764269
v 0.706258 1.497759 -0.706258
v 0.780328 1.699480 -0.780328
v 0.750000 1.938241 0.600094
v 0.750000 2.077376 0.390102
v 0.750000 2.174707 0.129345
v 0.750000 2.185876 -0.111291
v 0.750000 1.836422 -0.628636
v 0.750000 1.686718 -0.812426
v -0.750000 1.977876 -0.593837
v -0.750000 2.122107 -0.414347
v -0.750000 2.254556 0.112466
v -0.952372 0.226876 0.952372
v -1.034259 0.516966 1.034259
v -1.088275 0.812097 1.088275
v -1.084394 0.985021 1.084394
v -1.061895 1.149921 1.061895
v -1.015061 1.313250 1.015061
v -0.942887 1.468974 0.942887
v -0.848960 1.618330 0.848960
v 0.793073 1.653833 0.793073
v -0.684218 1.451018 -0.684218
v -0.468575 2.101700 0.348720
v -0.357143 2.212000 -0.121422
v -0.674102 1.834514 -0.742574
v -0.552485 1.999401 0.554617
v -1.500000 0.137500 0.819282
v -1.500000 0.137500 -0.819282
v -1.500000 0.412500 -0.917262
v -1.500000 0.687500 -0.967980
v -1.500000 1.751250 -0.619182
v -1.500000 1.893750 -0.475776
v -1.500000 2.036250 -0.305238
v -1.500000 2.178750 -0.106525
v -1.500000 2.178750 0.106525
v -1.500000 2.036250 0.305238
v -1.500000 1.893750 0.475776
v -1.500000 1.751250 0.619182
v -1.500000 0.687500 0.967980
v -1.500000 0.412500 0.917262
v -0.917262 0.412500 -1.500000
v -0.819282 0.137500 -1.500000
v 0.819282 0.137500 -1.500000
v 0.917262 0.412500 -1.500000
v 0.967980 0.687500 -1.500000
v 0.619182 1.751250 -1.500000
v 0.475776 1.893750 -1.500000
v 0.305238 2.036250 -1.500000
v 0.106525 2.178750 -1.500000
v -0.106525 2.178750 -1.500000
v -0.305238 2.036250 -1.500000
v -0.475776 1.893750 -1.500000
v -0.619182 1.751250 -1.500000
v -0.967980 0.687500 -1.500000
v 1.500000 0.412500 -0.917262
v 1.500000 0.137500 -0.819282
v 1.500000 0.137500 0.819282
v 1.500000 0.412500 0.917262
v 1.500000 0.687500 0.967980
v 1.500000 1.751250 0.619182
v 1.500000 1.893750 0.475776
v 1.500000 2.036250 0.305238
v 1.500000 2.178750 0.106525
v 1.500000 2.178750 -0.106525
v 1.500000 2.036250 -0.305238
v 1.500000 1.893750 -0.475776
v 1.500000 1.751250 -0.619182
v 1.500000 0.687500 -0.967980
v 0.917262 0.412500 1.500000
v 0.819282 0.137500 1.500000
v -0.819282 0.137500 1.500000
v -0.917262 0.412500 1.500000
v -0.967980 0.687500 1.500000
v -0.619182 1.751250 1.500000
v -0.475776 1.893750 1.500000
v -0.305238 2.036250 1.500000
v -0.106525 2.178750 1.500000
v 0.106525 2.178750 1.500000
v 0.305238 2.036250 1.500000
v 0.475776 1.893750 1.500000
v 0.619182 1.751250 1.500000
v 0.967980 0.687500 1.500000
v 1.125000 0.000000 -0.750000
v 0.750000 0.000000 -1.125000
v 0.750000 0.000000 1.125000
v 1.125000 0.000000 0.750000
v -1.125000 0.000000 -0.750000
v -0.750000 0.000000 -1.125000
v -1.125000 0.000000 0.750000
v -0.750000 0.000000 1.125000
v -0.890710 0.274250 -1.194282
v -0.793299 0.163685 -0.793299
v -0.980181 0.543692 -1.222980
v -0.928624 0.407757 -0.928624
v -1.066476 0.820253 -1.245000
v -1.024811 0.669297 -1.024811
v -1.083433 0.975914 -1.242519
v -1.080612 1.132971 -1.232783
v -1.057166 1.295788 -1.213956
v -1.014980 1.465487 -1.184835
v -0.938894 1.634562 -1.144484
v -0.806031 1.779885 -1.125000
v -0.650697 1.919266 0.652063
v -0.708102 1.832440 0.750000
v -0.730993 1.853341 -0.750000
v -0.637969 1.906512 -1.125000
v -0.655055 1.923632 -0.652063
v -0.471468 2.053267 -1.125000
v -0.574215 2.001998 -0.750000
v -0.482009 2.065833 -0.573713
v -0.471454 2.053250 0.573713
v -0.272088 2.189545 -1.125000
v -0.388887 2.144480 -0.750000
v -0.275990 2.194967 -0.481525
v -0.247871 2.155890 0.481525
v 0.000000 2.352412 -1.125000
v -0.167630 2.270108 -0.750000
v -0.000001 2.327567 -0.375000
v -0.160608 2.202051 -0.160609
v -0.089362 2.277246 0.626127
v -0.130562 2.257047 0.626127
v -0.070924 2.220196 0.070924
v -0.000000 2.263043 0.375000
v 0.259871 2.172566 -1.125000
v 0.142965 2.233231 -0.750000
v 0.157893 2.210351 -0.253584
v 0.077342 2.252316 -0.178537
v 0.249512 2.158170 -0.481525
v 0.147892 2.187264 -0.147892
v 0.081733 2.180569 0.216401
v 0.141814 2.145851 0.141814
v 0.207110 2.099245 0.481525
v 0.142329 2.232280 0.750000
v 0.047545 2.211316 0.178571
v 0.421363 1.993535 -1.125000
v 0.328655 2.066549 -0.750000
v 0.425874 1.998912 -0.573713
v 0.320433 2.075571 -0.320433
v 0.310417 2.024840 0.523000
v 0.403060 1.971715 0.573713
v 0.590397 1.858844 -1.125000
v 0.504783 1.925647 -0.750000
v 0.603154 1.871626 -0.652063
v 0.494057 1.933955 -0.494057
v 0.514047 1.908392 0.615175
v 0.595874 1.864332 0.652063
v 0.651315 1.809928 0.651314
v 0.737998 1.724089 -1.125000
v 0.682081 1.808681 -0.750000
v 0.661295 1.812991 -0.661296
v 0.845817 1.574304 -1.144484
v 0.933825 1.426120 -1.184835
v 1.012901 1.280964 -1.213956
v 1.065861 1.130026 -1.232783
v 1.088548 0.976352 -1.242519
v 1.088534 0.818883 -1.245000
v 1.067088 0.655756 -1.067088
v 1.035832 0.533434 -1.222980
v 0.999331 0.378243 -0.999331
v 0.960832 0.249741 -1.194282
v 0.858304 0.098176 -0.858304
v 0.896626 0.059557 0.896626
v 1.194282 0.234874 1.003367
v 1.036146 0.362875 1.036146
v 1.222980 0.527172 1.069805
v 1.106952 0.642987 1.106952
v 1.245000 0.816076 1.133754
v 1.242519 0.980907 1.141816
v 1.232783 1.142457 1.128123
v 1.213956 1.305662 1.086649
v 1.184835 1.465759 1.015540
v 1.144484 1.618357 0.913863
v 1.125000 1.752869 0.773090
v -0.717119 1.836992 0.713088
v -0.652063 1.917610 0.649045
v 1.125000 1.889205 0.620697
v 0.750000 1.821975 0.696642
v 1.125000 2.047337 0.466494
v 0.481525 2.092755 0.202440
v 1.125000 2.171627 0.259195
v 0.573713 2.019706 0.392619
v 0.375000 2.239452 0.000000
v 1.125000 2.303795 0.000000
v 0.481525 2.120214 0.157225
v 0.481525 2.117263 -0.220075
v 1.125000 2.163047 -0.253021
v 0.375000 2.211396 -0.051270
v 1.125000 2.035212 -0.456323
v 0.750000 2.047770 -0.314142
v 1.125000 1.900890 -0.632358
v 0.750000 1.928299 -0.507195
v 1.125000 1.772738 -0.797316
v 1.144484 1.624877 -0.923933
v 1.184835 1.456097 -0.995621
v 1.213956 1.294541 -1.053444
v 1.232783 1.136637 -1.098974
v 1.242519 0.978762 -1.116729
v 1.245000 0.817528 -1.110362
v 1.222980 0.529487 -1.057247
v 1.194282 0.235084 -1.002767
v -0.874133 0.082225 0.874133
v -0.951818 0.252891 1.194282
v -0.995392 0.379887 0.995392
v -1.027114 0.535041 1.222980
v -1.060814 0.657765 1.060814
v -1.069920 0.820039 1.245000
v -1.069662 0.974737 1.242519
v -1.057780 1.128412 1.232783
v -1.031385 1.287154 1.213956
v -0.979100 1.448082 1.184835
v -0.889285 1.602445 1.144484
v -0.772973 1.752774 1.125000
v -0.793827 1.692863 0.793827
v -0.624101 1.892615 1.125000
v -0.450343 2.028083 1.125000
v -0.273130 2.190993 1.125000
v -0.000000 2.348312 1.125000
v 0.257881 2.169801 1.125000
v 0.433500 2.008004 1.125000
v 0.595438 1.863895 1.125000
v 0.764604 1.745910 1.125000
v 0.903985 1.611962 1.144484
v 0.993430 1.455034 1.184835
v 1.055710 1.295300 1.213956
v 1.092023 1.135249 1.232783
v 1.111226 0.978291 1.242519
v 1.119182 0.816981 1.245000
v 1.078633 0.525545 1.222980
v 1.013777 0.231236 1.194282
v -1.194282 0.230331 1.016365
v -1.222980 0.528840 1.060759
v -1.245000 0.818877 1.088635
v -1.242519 0.976280 1.087711
v -1.232783 1.131415 1.072818
v -1.213956 1.285307 1.025871
v -1.184835 1.437028 0.956310
v -1.144484 1.589357 0.869068
v -1.125000 1.736611 0.753266
v -1.125000 1.889000 0.620492
v -0.750000 1.836253 0.712278
v 0.652063 1.884623 0.616124
v -1.125000 2.054245 0.472289
v -0.750000 1.986852 0.560442
v 0.652063 1.902640 0.597361
v 0.573713 2.000687 0.427362
v -0.573713 2.058461 0.475825
v -1.125000 2.207739 0.285180
v -0.750000 2.114006 0.365334
v -0.481525 2.158292 0.249599
v -1.125000 2.335217 0.000000
v -0.375000 2.273722 0.000000
v -0.441105 2.212093 0.125033
v -1.125000 2.237576 -0.306651
v -0.750000 2.252601 -0.155921
v -0.178571 2.245577 -0.070461
v -0.216401 2.225630 -0.111873
v -0.481525 2.154137 -0.246609
v -1.125000 2.121755 -0.528919
v 0.573713 1.986985 -0.415868
v -0.573713 2.043284 -0.463094
v -0.523000 2.094546 -0.364291
v -1.125000 1.947717 -0.679091
v 0.652063 1.866873 -0.598410
v -0.652063 1.914968 -0.646409
v -0.615175 1.968064 -0.568313
v -1.125000 1.774948 -0.800011
v -0.750000 1.852930 -0.730543
v 0.652063 1.852226 -0.616314
v -1.144484 1.613898 -0.906974
v -1.184835 1.449480 -0.981981
v -1.213956 1.286233 -1.028635
v -1.232783 1.127457 -1.052996
v -1.242519 0.973829 -1.059053
v -1.245000 0.821171 -1.051689
v -1.222980 0.540250 -0.998855
v -1.194282 0.271665 -0.898105
v -0.814930 0.139693 -1.194282
v -0.935915 0.408607 -1.222980
v -1.020888 0.679027 -1.245000
v -1.075755 0.899322 -1.245000
v -1.080596 1.053138 -1.242519
v -1.063977 1.212229 -1.232783
v -1.028270 1.376669 -1.213956
v -0.970762 1.546354 -1.184835
v -0.872265 1.708453 -1.144484
v -0.816655 1.768473 -1.125000
v -0.719408 1.842763 -1.125000
v -0.551960 1.977525 -1.125000
v -0.572629 2.000254 -0.652063
v -0.532795 2.030560 -0.615175
v -0.552297 1.999620 0.572942
v -0.506006 2.023407 0.535764
v -0.373733 2.124873 -1.125000
v -0.380117 2.133134 -0.573713
v -0.323461 2.164639 -0.523000
v -0.419917 2.104937 0.676265
v -0.396150 2.074186 0.499979
v -0.343636 2.093359 0.457825
v -0.287285 2.123858 0.407790
v -0.162009 2.261703 -1.125000
v -0.164565 2.265525 -0.481525
v -0.087528 2.299001 -0.412829
v -0.203854 2.217907 0.626127
v -0.180271 2.182648 0.357652
v -0.133317 2.199916 0.317231
v -0.055924 2.227253 0.251127
v 0.160679 2.259714 -1.125000
v 0.042028 2.267637 -0.147059
v 0.071710 2.312014 -0.522059
v 0.170293 2.228890 -0.522059
v 0.145016 2.126529 0.285097
v 0.160735 2.150030 0.553571
v 0.067936 2.241802 0.553571
v 0.340206 2.081494 -1.125000
v 0.338309 2.079039 -0.573713
v 0.249674 2.069168 0.523000
v 0.367647 1.994077 0.573713
v 0.501057 1.921549 -1.125000
v 0.509251 1.930560 -0.652063
v 0.454128 1.944055 0.615175
v 0.561247 1.886184 0.652063
v 0.645483 1.823943 0.631433
v 0.666132 1.794118 -1.125000
v 0.682524 1.809085 -0.717119
v 0.686589 1.804973 -0.647504
v 0.792457 1.649799 -1.144484
v 0.884331 1.497405 -1.184835
v 0.970124 1.352904 -1.213956
v 1.037765 1.205303 -1.232783
v 1.077038 1.052652 -1.242519
v 1.088996 0.899783 -1.245000
v 1.058155 0.673059 -1.245000
v 0.997549 0.395743 -1.222980
v 0.883313 0.105237 -1.194282
v 1.194282 0.089122 0.915295
v 1.222980 0.388876 1.030454
v 1.245000 0.667151 1.095043
v 1.245000 0.901497 1.138213
v 1.242519 1.060340 1.133299
v 1.232783 1.222339 1.102236
v 1.213956 1.383061 1.043908
v 1.184835 1.538927 0.957647
v 1.144484 1.686013 0.841731
v 1.125000 1.817661 0.691916
v 1.125000 1.985464 0.529538
v 1.125000 1.907523 0.601802
v 0.523000 2.071816 0.251720
v 1.125000 2.133360 0.333204
v 1.125000 2.071978 0.433019
v 0.573713 2.054433 0.319291
v 0.481525 2.161291 0.094848
v 0.412829 2.212259 0.029510
v 1.125000 2.256165 0.093976
v 1.125000 2.195083 0.207302
v 0.406478 2.190727 -0.083006
v 0.481525 2.146236 -0.161868
v 1.125000 2.197724 -0.196306
v 1.125000 2.261849 -0.085016
v 1.125000 2.097679 -0.352715
v 1.125000 1.968153 -0.543438
v 1.125000 1.825311 -0.729926
v 1.125000 1.884327 -0.651471
v 1.144484 1.702191 -0.863743
v 1.184835 1.537720 -0.955516
v 1.213956 1.372308 -1.017598
v 1.232783 1.214399 -1.072187
v 1.242519 1.056781 -1.107253
v 1.245000 0.900650 -1.113891
v 1.245000 0.670172 -1.076179
v 1.222980 0.389540 -1.027269
v 1.194282 0.089939 -0.913674
v -0.869095 0.112401 1.194282
v -0.986530 0.398043 1.222980
v -1.043290 0.675439 1.245000
v -1.069130 0.899092 1.245000
v -1.061468 1.050525 1.242519
v -1.039534 1.205770 1.232783
v -1.000873 1.365472 1.213956
v -0.929240 1.522838 1.184835
v -0.827513 1.675564 1.144484
v -0.700546 1.825541 1.125000
v -0.480767 2.000791 1.125000
v -0.564460 1.935417 1.125000
v -0.306651 2.160999 1.125000
v -0.391326 2.080029 1.125000
v -0.094227 2.309082 1.125000
v -0.203289 2.241625 1.125000
v 0.159444 2.257869 1.125000
v 0.312637 2.113430 1.125000
v 0.399564 2.035373 1.125000
v 0.563528 1.888693 1.125000
v 0.484814 1.959542 1.125000
v 0.730035 1.768175 1.125000
v 0.646147 1.822230 1.125000
v 0.835960 1.681772 1.144484
v 0.942175 1.530164 1.184835
v 1.018003 1.372473 1.213956
v 1.069587 1.213712 1.232783
v 1.098469 1.055581 1.242519
v 1.114930 0.900686 1.245000
v 1.093808 0.667349 1.245000
v 1.039418 0.387005 1.222980
v 0.935092 0.079147 1.194282
v -1.194282 0.083225 0.926998
v -1.222980 0.387518 1.036960
v -1.245000 0.671659 1.066893
v -1.245000 0.899723 1.087258
v -1.242519 1.052982 1.079453
v -1.232783 1.207883 1.047528
v -1.213956 1.359404 0.986027
v -1.184835 1.510854 0.908078
v -1.144484 1.662763 0.810096
v -1.125000 1.811768 0.685462
v 0.717119 1.816833 0.691009
v -1.125000 1.970391 0.545473
v 0.652063 1.958533 0.534689
v 0.615175 1.978811 0.485735
v -0.651243 1.962646 0.601383
v -0.651243 2.029489 0.519024
v -1.125000 2.137437 0.383443
v -0.609287 2.091290 0.417854
v -0.609287 2.144073 0.311393
v -0.340813 2.113197 0.287529
v -1.125000 2.298848 0.087382
v -1.125000 2.245399 0.205813
v -0.441105 2.233841 0.084870
v -0.481525 2.195696 0.172569
v -1.125000 2.274590 -0.170628
v -0.553571 2.258916 -0.079383
v -0.553571 2.197491 -0.192480
v -0.285097 2.186506 -0.185132
v -1.125000 2.151814 -0.489559
v -1.125000 2.207683 -0.385483
v 0.573713 2.046776 -0.313374
v -0.573713 2.068602 -0.425246
v -0.523000 2.131609 -0.297933
v -1.125000 1.983523 -0.649765
v -1.125000 2.066802 -0.582354
v 0.652063 1.928848 -0.507694
v -0.652063 1.941262 -0.611334
v -0.615175 2.010755 -0.514784
v -1.125000 1.859886 -0.738161
v -1.144484 1.691638 -0.849385
v -1.184835 1.527407 -0.937306
v -1.213956 1.365048 -0.999836
v -1.232783 1.205057 -1.036833
v -1.242519 1.049583 -1.054578
v -1.245000 0.898601 -1.055036
v -1.245000 0.678809 -1.022246
v -1.222980 0.405160 -0.952431
v -1.194282 0.144942 -0.804513
v 0.937500 0.000000 -0.750000
v 0.750000 0.000000 -0.937500
v 0.750000 0.000000 1.312500
v 1.312500 0.000000 0.750000
v -1.312500 0.000000 -0.750000
v -0.750000 0.000000 -1.312500
v -1.312500 0.000000 0.750000
v -0.750000 0.000000 1.312500
v -0.863645 0.283710 -1.041423
v -0.985912 0.542636 -1.084469
v -1.095044 0.818479 -1.117500
v -1.120954 0.979123 -1.113779
v -1.121843 1.141203 -1.099174
v -1.098099 1.309497 -1.070933
v -1.042594 1.478883 -1.027253
v -0.946929 1.639764 -0.966726
v -0.737920 1.724026 -1.312500
v -0.595726 1.864184 -1.312500
v -0.430045 2.003886 -1.312500
v -0.241264 2.146708 -1.312500
v -0.268112 2.184019 -0.347288
v -0.243349 2.149606 0.347288
v 0.000000 2.299260 -1.312500
v -0.000001 2.299860 -0.187500
v -0.000000 2.251989 0.187500
v 0.233050 2.135294 -1.312500
v 0.242902 2.148985 -0.347288
v 0.200036 2.089415 0.347288
v 0.417720 1.989192 -1.312500
v 0.295357 2.023957 0.409500
v 0.577510 1.845931 -1.312500
v 0.709704 1.700885 -1.312500
v 0.858507 1.582520 -0.966726
v 0.946168 1.432108 -1.027253
v 1.030045 1.286705 -1.070933
v 1.099410 1.136724 -1.099174
v 1.132392 0.980101 -1.113779
v 1.131681 0.816205 -1.117500
v 1.064033 0.528236 -1.084469
v 0.974577 0.244937 -1.041423
v 1.041423 0.223766 1.035148
v 1.084469 0.516623 1.127038
v 1.117500 0.812463 1.191952
v 1.113779 0.985768 1.198657
v 1.099174 1.152667 1.179257
v 1.070933 1.317799 1.122889
v 1.027253 1.472293 1.029009
v 0.966726 1.615626 0.909644
v 1.312500 1.715173 0.727126
v 1.312500 1.856184 0.587743
v 1.312500 2.003377 0.429619
v 0.347288 2.087157 0.198412
v 1.312500 2.145899 0.240681
v 0.187500 2.258660 0.000000
v 1.312500 2.279580 0.000000
v 0.615763 2.144856 0.141543
v 0.347288 2.129698 -0.229024
v 1.312500 2.132366 -0.230943
v 0.562500 2.187353 -0.073734
v 1.312500 2.001022 -0.427643
v 1.312500 1.862776 -0.594321
v 1.312500 1.723930 -0.737803
v 0.966726 1.609158 -0.899652
v 1.027253 1.454007 -0.991313
v 1.070933 1.299155 -1.067221
v 1.099174 1.143746 -1.134580
v 1.113779 0.982967 -1.165901
v 1.117500 0.814398 -1.160784
v 1.084469 0.522929 -1.092824
v 1.041423 0.231436 -1.013203
v -0.977435 0.243938 1.041423
v -1.075597 0.526105 1.084469
v -1.127966 0.816435 1.117500
v -1.128774 0.979792 1.113779
v -1.115246 1.139886 1.099174
v -1.076166 1.302151 1.070933
v -1.000359 1.458395 1.027253
v -0.893248 1.605011 0.966726
v -0.718909 1.708434 1.312500
v -0.582987 1.851419 1.312500
v -0.420954 1.993047 1.312500
v -0.234308 2.137041 1.312500
v -0.000000 2.287938 1.312500
v 0.238063 2.142261 1.312500
v 0.415294 1.986300 1.312500
v 0.573336 1.841748 1.312500
v 0.715126 1.705331 1.312500
v 0.893233 1.605002 0.966726
v 1.016557 1.466253 1.027253
v 1.102678 1.311030 1.070933
v 1.151272 1.147079 1.099174
v 1.174952 0.983741 1.113779
v 1.183877 0.812965 1.117500
v 1.138676 0.514478 1.084469
v 1.043784 0.220748 1.041423
v -1.041423 0.229531 1.018655
v -1.084469 0.521654 1.099740
v -1.117500 0.816240 1.131114
v -1.113779 0.979294 1.122959
v -1.099174 1.136940 1.100493
v -1.070933 1.293596 1.050621
v -1.027253 1.447345 0.977579
v -0.966726 1.595628 0.878754
v -1.312500 1.706841 0.716967
v -1.312500 1.854192 0.585755
v -1.312500 2.005538 0.431431
v -1.312500 2.158892 0.250031
v -0.347288 2.142721 0.238395
v -1.312500 2.303960 0.000000
v -0.187500 2.277607 0.000000
v -0.595552 2.243082 0.125276
v -1.312500 2.165735 -0.254955
v -0.347288 2.153636 -0.246249
v -1.312500 2.034256 -0.455521
v -0.636500 2.108218 -0.389235
v -1.312500 1.880580 -0.612090
v -1.312500 1.723477 -0.737251
v -0.966726 1.633232 -0.936838
v -1.027253 1.466433 -1.016930
v -1.070933 1.298450 -1.065116
v -1.099174 1.134825 -1.089899
v -1.113779 0.977091 -1.097196
v -1.117500 0.818932 -1.087742
v -1.084469 0.537914 -1.011530
v -1.041423 0.278153 -0.879543
v -0.819011 0.223841 -1.041423
v -0.912142 0.341824 -1.361490
v -0.972327 0.616290 -1.372500
v -1.102710 0.864593 -1.117500
v -1.122158 1.022528 -1.113779
v -1.115655 1.187773 -1.099174
v -1.085190 1.358357 -1.070933
v -1.018124 1.526125 -1.027253
v -0.912875 1.683433 -0.966726
v -0.742450 1.718359 -1.312500
v -0.700655 1.760315 -1.312500
v -0.471572 1.967830 -1.312500
v -0.288804 2.110251 -1.312500
v -0.423674 2.094225 -0.485570
v -0.306366 2.185380 -0.636500
v -0.314182 2.118814 0.505160
v -0.081239 2.256202 -1.312500
v -0.211628 2.220632 -0.347288
v -0.074906 2.321061 -0.581415
v -0.090178 2.225287 0.376690
v 0.180754 2.174472 -1.312500
v 0.063652 2.322566 -0.636029
v 0.124670 2.253337 -0.408088
v 0.127483 2.160688 0.455357
v 0.079690 2.204491 0.455357
v 0.370920 2.025968 -1.312500
v 0.292437 2.114952 -0.661857
v 0.264719 2.045777 0.409500
v 0.536644 1.881979 -1.312500
v 0.676587 1.738339 -1.312500
v 0.828368 1.621325 -0.966726
v 0.828904 1.513066 -1.342417
v 0.909838 1.369841 -1.356978
v 0.969240 1.225308 -1.366391
v 1.005714 1.079196 -1.371260
v 1.021902 0.933115 -1.372500
v 1.112641 0.734846 -1.117500
v 1.043856 0.457823 -1.084469
v 0.923160 0.171364 -1.041423
v 1.041423 0.141097 0.983229
v 1.084469 0.445211 1.104286
v 1.117500 0.725103 1.173475
v 1.372500 0.933607 1.036030
v 1.371260 1.080957 1.018600
v 1.366391 1.229277 0.984261
v 1.356978 1.378284 0.930496
v 1.342417 1.527956 0.855196
v 0.966726 1.655166 0.874415
v 1.312500 1.750933 0.690380
v 0.937500 1.962932 0.565797
v 0.937500 1.926436 0.604180
v 0.409500 2.042064 0.261850
v 0.937500 2.114631 0.368813
v 0.937500 2.085438 0.419877
v 0.661857 2.098530 0.279745
v 0.347288 2.127214 0.149146
v 0.581415 2.221892 0.008577
v 0.937500 2.212735 0.109854
v 0.937500 2.188431 0.170689
v 0.578239 2.179653 -0.091364
v 0.615763 2.159822 -0.132411
v 0.937500 2.185109 -0.149323
v 0.937500 2.217608 -0.093970
v 1.312500 2.098431 -0.279668
v 1.312500 1.966811 -0.470645
v 0.937500 1.821029 -0.668507
v 0.937500 1.851422 -0.630249
v 0.966726 1.650639 -0.868254
v 1.027253 1.499275 -0.970712
v 1.070933 1.342790 -1.047102
v 1.099174 1.188384 -1.117971
v 1.113779 1.027690 -1.159935
v 1.117500 0.866715 -1.163654
v 1.372500 0.612694 -0.994784
v 1.361490 0.335765 -0.941170
v 1.347141 0.052837 -0.816223
v -0.928006 0.168922 1.041423
v -1.053290 0.455854 1.084469
v -1.113002 0.734788 1.117500
v -1.010416 0.932715 1.372500
v -0.996292 1.077908 1.371260
v -0.966213 1.224509 1.366391
v -0.917589 1.373009 1.356978
v -0.843934 1.521578 1.342417
v -0.860454 1.644906 0.966726
v -0.617709 1.815230 1.312500
v -0.499207 1.993141 0.937500
v -0.540850 1.960230 0.937500
v -0.325282 2.151303 0.937500
v -0.367084 2.110124 0.937500
v -0.112472 2.295462 0.937500
v -0.170658 2.267199 0.937500
v 0.183823 2.179060 1.312500
v 0.267938 2.117057 1.312500
v 0.389432 2.056067 0.937500
v 0.558526 1.911119 0.937500
v 0.521916 1.949565 0.937500
v 0.701088 1.764925 0.937500
v 0.664835 1.797149 0.937500
v 0.855367 1.641167 0.966726
v 0.844074 1.521657 1.342417
v 0.921953 1.374792 1.356978
v 0.976667 1.227271 1.366391
v 1.009269 1.079682 1.371260
v 1.025660 0.933246 1.372500
v 0.994242 0.612781 1.372500
v 0.940677 0.335868 1.361490
v 0.822507 0.049670 1.347141
v -1.347141 0.050998 0.819872
v -1.361490 0.335186 0.943947
v -1.372500 0.613580 0.989254
v -1.117500 0.865498 1.128700
v -1.113779 1.021815 1.116940
v -1.366391 1.226218 0.972681
v -1.356978 1.371465 0.913811
v -1.342417 1.517523 0.836774
v -0.966726 1.634378 0.846129
v -0.937500 1.787129 0.730022
v -0.937500 2.012036 0.511772
v -0.937500 2.091804 0.421802
v -1.312500 2.283289 0.049620
v -0.937500 2.238563 0.151505
v -0.595552 2.276535 0.065587
v -0.615763 2.232064 0.147158
v -0.937500 2.297987 -0.109187
v -0.455357 2.229920 -0.096699
v -0.455357 2.199011 -0.153115
v -1.312500 2.049039 -0.436252
v -0.937500 2.170920 -0.404572
v 0.485570 2.019520 -0.365936
v -0.636500 2.165537 -0.291030
v -1.312500 1.896705 -0.596210
v -0.937500 2.024185 -0.589774
v -0.937500 1.830141 -0.777130
v -0.966726 1.677077 -0.904227
v -1.342417 1.524626 -0.849315
v -1.356978 1.373125 -0.917872
v -1.366391 1.224157 -0.964882
v -1.371260 1.077556 -0.993715
v -1.372500 0.932560 -1.005942
v -1.117500 0.741722 -1.069704
v -1.084469 0.470687 -0.982220
v -1.347141 0.069177 -0.783794
v 1.312500 0.000000 -0.750000
v 0.750000 0.000000 -1.312500
v 0.750000 0.000000 0.937500
v 0.937500 0.000000 0.750000
v -0.937500 0.000000 -0.750000
v -0.750000 0.000000 -0.937500
v -0.937500 0.000000 0.750000
v -0.750000 0.000000 0.937500
v -0.897332 0.271935 -1.347141
v -0.960685 0.547286 -1.361490
v -1.015407 0.823423 -1.372500
v -1.016981 0.970232 -1.371260
v -1.002807 1.117436 -1.366391
v -0.969932 1.266573 -1.356978
v -0.918680 1.418774 -1.342417
v -0.847286 1.575255 -1.322242
v -0.816777 1.788698 -0.937500
v -0.648462 1.917026 -0.937500
v -0.477292 2.060209 -0.937500
v -0.272664 2.190345 -0.937500
v -0.280268 2.200912 -0.615763
v -0.265496 2.180384 0.615763
v 0.000000 2.321711 -0.937500
v -0.000001 2.345891 -0.562500
v -0.000000 2.294168 0.562500
v 0.250436 2.159455 -0.937500
v 0.251480 2.160906 -0.615763
v 0.218569 2.115169 0.615763
v 0.413790 1.984507 -0.937500
v 0.330026 2.031610 0.636500
v 0.589690 1.858135 -0.937500
v 0.745143 1.729949 -0.937500
v 0.811730 1.552236 -1.322242
v 0.896260 1.407898 -1.342417
v 0.961261 1.263669 -1.356978
v 1.001944 1.117264 -1.366391
v 1.021284 0.970599 -1.371260
v 1.024529 0.822857 -1.372500
v 0.980112 0.543705 -1.361490
v 0.918982 0.264368 -1.347141
v 1.347141 0.260385 0.930379
v 1.361490 0.541185 0.993782
v 1.372500 0.821934 1.039397
v 1.371260 0.971790 1.035209
v 1.366391 1.120062 1.015960
v 1.356978 1.269589 0.978937
v 1.342417 1.420140 0.921496
v 1.322242 1.571060 0.840806
v 0.937500 1.757850 0.779163
v 0.937500 1.900572 0.632041
v 0.937500 2.051668 0.470127
v 0.615763 2.112479 0.216633
v 0.937500 2.162906 0.252919
v 0.562500 2.229076 0.000000
v 0.937500 2.269535 -0.000000
v 0.347288 2.103199 0.178009
v 0.615763 2.110171 -0.214972
v 0.937500 2.133296 -0.231613
v 0.187500 2.242047 -0.033226
v 0.937500 2.005080 -0.431047
v 0.937500 1.873268 -0.604792
v 0.937500 1.746384 -0.765183
v 1.322242 1.575925 -0.848321
v 1.342417 1.419999 -0.921206
v 1.356978 1.268783 -0.976530
v 1.366391 1.119707 -1.014182
v 1.371260 0.971480 -1.031584
v 1.372500 0.822347 -1.032737
v 1.361490 0.542295 -0.987762
v 1.347141 0.260406 -0.930319
v -0.908646 0.267981 1.347141
v -0.969981 0.545572 1.361490
v -1.013110 0.823565 1.372500
v -1.009920 0.969628 1.371260
v -0.993208 1.115519 1.366391
v -0.960599 1.263448 1.356978
v -0.907980 1.413584 1.342417
v -0.828275 1.562948 1.322242
v -0.771013 1.751166 0.937500
v -0.627033 1.895554 0.937500
v -0.454080 2.032539 0.937500
v -0.277175 2.196614 0.937500
v 0.000001 2.337740 0.937500
v 0.249792 2.158560 0.937500
v 0.443672 2.020130 0.937500
v 0.599859 1.868325 0.937500
v 0.745482 1.730227 0.937500
v 0.829207 1.563551 1.322242
v 0.911482 1.415282 1.342417
v 0.970694 1.266828 1.356978
v 1.006553 1.118184 1.366391
v 1.024760 0.970897 1.371260
v 1.029895 0.822523 1.372500
v 0.987983 0.542254 1.361490
v 0.930581 0.260314 1.347141
v -1.347141 0.258718 0.935149
v -1.361490 0.542919 0.984374
v -1.372500 0.822960 1.022869
v -1.371260 0.970587 1.021132
v -1.366391 1.117897 1.005114
v -1.356978 1.264831 0.964730
v -1.342417 1.410448 0.901516
v -1.322242 1.558511 0.821422
v -0.937500 1.746157 0.764906
v -0.937500 1.897529 0.629004
v -0.937500 2.052577 0.470890
v -0.937500 2.180104 0.265295
v -0.615763 2.172230 0.259629
v -0.937500 2.331933 -0.000001
v -0.562500 2.299819 0.000000
v -0.286657 2.193058 0.132785
v -0.937500 2.230547 -0.301593
v -0.615763 2.176536 -0.262727
v -0.937500 2.100895 -0.511421
v -0.409500 2.097411 -0.352128
v -0.937500 1.940660 -0.672048
v -0.937500 1.789666 -0.817958
v -1.322242 1.568215 -0.836411
v -1.342417 1.414147 -0.909141
v -1.356978 1.263109 -0.959588
v -1.366391 1.115089 -0.991055
v -1.371260 0.969280 -1.005856
v -1.372500 0.823940 -1.007075
v -1.361490 0.547064 -0.961888
v -1.347141 0.273069 -0.894090
v -0.788421 0.066846 -1.347141
v -0.955083 0.476351 -1.084469
v -1.066877 0.742175 -1.117500
v -1.016554 0.932929 -1.372500
v -1.005043 1.079104 -1.371260
v -0.975201 1.226883 -1.366391
v -0.926397 1.376609 -1.356978
v -0.858299 1.529714 -1.342417
v -0.763541 1.683415 -1.322242
v -0.830178 1.773988 -0.937500
v -0.691423 1.882536 -0.937500
v -0.600869 1.952604 -0.937500
v -0.426021 2.097262 -0.937500
v -0.335385 2.170520 -0.661857
v -0.341316 2.144882 -0.409500
v -0.263298 2.132668 0.310420
v -0.211759 2.220827 -0.937500
v -0.113055 2.303771 -0.615763
v -0.095775 2.270401 -0.244244
v -0.028731 2.239776 0.125563
v 0.092681 2.273309 -0.937500
v 0.074917 2.294208 -0.408088
v 0.209976 2.195561 -0.636029
v 0.197950 2.145296 0.651786
v 0.061171 2.286572 0.651786
v 0.293754 2.116656 -0.937500
v 0.381555 2.039729 -0.485570
v 0.240985 2.100785 0.636500
v 0.453163 1.947587 -0.937500
v 0.631226 1.827572 -0.937500
v 0.734110 1.661785 -1.322242
v 0.920288 1.470718 -1.027253
v 1.005947 1.325970 -1.070933
v 1.081706 1.178802 -1.099174
v 1.125259 1.022952 -1.113779
v 1.133102 0.865651 -1.117500
v 0.987878 0.613800 -1.372500
v 0.931641 0.337754 -1.361490
v 0.813709 0.054104 -1.347141
v 1.347141 0.053196 0.815510
v 1.361490 0.335420 0.942823
v 1.372500 0.611679 1.001124
v 1.117500 0.867781 1.194264
v 1.113779 1.032451 1.194773
v 1.099174 1.200984 1.165652
v 1.070933 1.364287 1.099700
v 1.027253 1.514741 0.998021
v 1.322242 1.676672 0.754366
v 0.937500 1.861908 0.668831
v 1.312500 1.973648 0.462041
v 1.312500 1.865092 0.578037
v 0.636500 2.105576 0.244687
v 1.312500 2.121521 0.273971
v 1.312500 2.016070 0.413353
v 0.485570 2.006256 0.355684
v 0.615763 2.202209 0.045125
v 0.244244 2.215514 0.059063
v 1.312500 2.256506 0.049278
v 1.312500 2.160934 0.216626
v 0.234718 2.215535 -0.083834
v 0.347288 2.144948 -0.199552
v 1.312500 2.149877 -0.202849
v 1.312500 2.256015 -0.042568
v 0.937500 2.036566 -0.379110
v 0.937500 1.907330 -0.559698
v 1.312500 1.752752 -0.707188
v 1.312500 1.853787 -0.603207
v 1.322242 1.683925 -0.764235
v 1.342417 1.530562 -0.859797
v 1.356978 1.377985 -0.929764
v 1.366391 1.228833 -0.982579
v 1.371260 1.080746 -1.017057
v 1.372500 0.933453 -1.031586
v 1.117500 0.730304 -1.141001
v 1.084469 0.450818 -1.077421
v 1.041423 0.151751 -0.962084
v -0.802426 0.059789 1.347141
v -0.921798 0.339808 1.361490
v -0.978191 0.615351 1.372500
v -1.127904 0.865470 1.117500
v -1.124814 1.022891 1.113779
v -1.104337 1.184782 1.099174
v -1.057345 1.346977 1.070933
v -0.972138 1.500082 1.027253
v -0.744309 1.669281 1.322242
v -0.733732 1.790516 0.937500
v -0.436175 1.979682 1.312500
v -0.555916 1.875245 1.312500
v -0.251708 2.123714 1.312500
v -0.389854 2.016663 1.312500
v -0.039512 2.268177 1.312500
v -0.198723 2.160439 1.312500
v 0.099200 2.283055 0.937500
v 0.340673 2.088243 0.937500
v 0.398708 2.000462 1.312500
v 0.558088 1.854783 1.312500
v 0.440635 1.961737 1.312500
v 0.700979 1.718465 1.312500
v 0.596032 1.818617 1.312500
v 0.742265 1.667779 1.322242
v 0.985321 1.507548 1.027253
v 1.080309 1.356362 1.070933
v 1.137990 1.193674 1.099174
v 1.167826 1.028768 1.113779
v 1.181763 0.867345 1.117500
v 1.172301 0.725291 1.117500
v 1.117598 0.442433 1.084469
v 0.990892 0.137235 1.041423
v -1.041423 0.147203 0.971111
v -1.084469 0.449235 1.085004
v -1.117500 0.733391 1.121724
v -1.372500 0.933088 1.021122
v -1.371260 1.079510 1.008013
v -1.099174 1.180197 1.086985
v -1.070933 1.336010 1.030514
v -1.027253 1.487553 0.950016
v -1.322242 1.667448 0.741815
v -1.312500 1.816084 0.618645
v -1.312500 1.892776 0.546462
v -1.312500 2.120209 0.296500
v -0.937500 2.275686 0.099244
v -1.312500 2.183682 0.214269
v -0.286657 2.204253 0.112918
v -0.347288 2.161735 0.199590
v -1.312500 2.196416 -0.195432
v -0.651786 2.283522 -0.059131
v -0.651786 2.199127 -0.233955
v -0.937500 2.140994 -0.455070
v -1.312500 2.145295 -0.289763
v 0.661857 2.076528 -0.262740
v -0.409500 2.113926 -0.317390
v -0.937500 1.985740 -0.626385
v -1.312500 2.008737 -0.483376
v -1.312500 1.840086 -0.644931
v -1.322242 1.680579 -0.759681
v -1.027253 1.512400 -0.993888
v -1.070933 1.344568 -1.051453
v -1.099174 1.178874 -1.081978
v -1.113779 1.018821 -1.095028
v -1.117500 0.864169 -1.090543
v -1.372500 0.616425 -0.971489
v -1.361490 0.341985 -0.911369
v -1.041423 0.218755 -0.829105
v -1.006782 0.158030 -0.778537
v -0.972141 0.093594 -0.735335
v -1.361490 0.410070 -0.928903
v -1.361490 0.478286 -0.945812
v -1.372500 0.685060 -0.983217
v -1.372500 0.753687 -0.994996
v -0.937500 1.863945 -0.742608
v -0.937500 1.898779 -0.709213
v 0.661857 2.017010 -0.363996
v -0.419334 2.181417 -0.181729
v -0.383311 2.166600 -0.212199
v -0.651786 2.254075 -0.116526
v -0.651786 2.226433 -0.175128
v -0.366071 2.239945 -0.066694
v -0.276786 2.257072 -0.041440
v -1.312500 2.227631 -0.139220
v -1.312500 2.260823 -0.084329
v -0.253605 2.225426 0.079241
v -0.220552 2.248437 0.046793
v -0.475050 2.129334 0.300002
v -1.312500 2.082212 0.340761
v -1.312500 2.044332 0.385113
v -0.937500 1.974354 0.549077
v -0.937500 1.937299 0.586951
v -1.312500 1.779749 0.650394
v -1.312500 1.743904 0.682682
v -1.372500 0.682408 0.999776
v -1.372500 0.751141 1.010894
v -1.361490 0.404035 0.957821
v -1.361490 0.473008 0.971100
v -1.347141 0.117910 0.858161
v -1.347141 0.185134 0.895831
v 0.857533 0.118227 1.347141
v 0.892841 0.186640 1.347141
v 0.956342 0.404344 1.361490
v 0.972080 0.472804 1.361490
v 1.006328 0.681359 1.372500
v 1.018136 0.749981 1.372500
v 0.665389 1.751294 1.312500
v 0.630400 1.784673 1.312500
v 0.518249 1.889679 1.312500
v 0.479145 1.925381 1.312500
v 0.129331 2.212847 1.312500
v 0.074894 2.246716 1.312500
v -0.092019 2.231422 1.312500
v -0.145171 2.195632 1.312500
v -0.297784 2.088066 1.312500
v -0.343683 2.052189 1.312500
v -0.476084 1.944865 1.312500
v -0.516025 1.910082 1.312500
v -0.651254 1.780534 1.312500
v -0.684464 1.745531 1.312500
v -0.989695 0.684022 1.372500
v -1.001247 0.752686 1.372500
v -0.938037 0.408164 1.361490
v -0.954231 0.476529 1.361490
v -0.836417 0.128866 1.347141
v -0.871313 0.197488 1.347141
v 1.347141 0.120322 -0.853375
v 1.347141 0.187604 -0.890929
v 1.361490 0.404246 -0.956811
v 1.361490 0.472784 -0.972173
v 1.372500 0.681244 -1.007043
v 1.372500 0.749749 -1.019585
v 1.312500 1.785965 -0.672018
v 1.312500 1.819649 -0.637365
v 0.937500 1.939597 -0.517469
v 0.937500 1.972057 -0.475416
v 0.937500 2.066620 -0.328710
v 0.937500 2.098822 -0.279971
v 1.312500 2.184298 -0.148781
v 1.312500 2.219632 -0.095324
v 0.272241 2.192710 -0.122878
v 0.309764 2.168928 -0.161281
v 1.312500 2.225589 0.105689
v 1.312500 2.193857 0.161556
v 0.312940 2.156658 0.119126
v 0.278592 2.186728 0.089524
v 1.312500 2.086750 0.320724
v 1.312500 2.051530 0.367131
v 1.312500 1.937529 0.500767
v 1.312500 1.901177 0.539281
v 0.937500 1.828220 0.703481
v 0.937500 1.795498 0.739187
v 1.372500 0.680092 1.014234
v 1.372500 0.748574 1.026921
v 1.361490 0.403596 0.959924
v 1.361490 0.471817 0.976807
v 1.347141 0.121096 0.851838
v 1.347141 0.188255 0.889636
v 0.846853 0.123608 -1.347141
v 0.881406 0.192402 -1.347141
v 0.948003 0.406084 -1.361490
v 0.964183 0.474452 -1.361490
v 1.000086 0.682358 -1.372500
v 1.012228 0.750927 -1.372500
v 0.669744 1.797416 -0.937500
v 0.706772 1.765900 -0.937500
v 0.495788 1.915756 -0.937500
v 0.541413 1.887223 -0.937500
v 0.376441 2.033112 -0.661857
v 0.333191 2.072417 -0.937500
v 0.372193 2.027615 -0.937500
v 0.151776 2.191520 0.651786
v 0.106766 2.239483 0.651786
v 0.151365 2.136021 0.419334
v 0.175815 2.112204 0.383311
v 0.163081 2.218107 -0.387821
v 0.201656 2.183123 -0.367554
v 0.112942 2.281001 -0.636029
v 0.161441 2.238254 -0.636029
v 0.144849 2.236048 -0.937500
v 0.197718 2.199835 -0.937500
v -0.100590 2.204165 0.191668
v -0.185774 2.190875 0.491889
v -0.169083 2.272280 -0.615763
v -0.223171 2.237889 -0.615763
v -0.153874 2.249540 -0.937500
v -0.096728 2.279359 -0.937500
v -0.435877 2.110015 -0.661857
v -0.376629 2.128621 -0.937500
v -0.326261 2.158715 -0.937500
v -0.559935 1.986295 -0.937500
v -0.520431 2.021558 -0.937500
v -0.666025 1.794020 -1.312500
v -0.631896 1.828184 -1.312500
v -0.986484 0.684537 -1.372500
v -1.000853 0.752749 -1.372500
v -0.928034 0.410252 -1.361490
v -0.944095 0.478644 -1.361490
v -0.772413 0.161116 -1.006782
v -0.729463 0.096553 -0.972141
v -1.347141 0.205134 -0.856139
v -1.347141 0.137507 -0.819269
v -1.055772 0.341546 -0.913473
v -1.070121 0.405998 -0.948416
v -1.095479 0.606389 -1.034154
v -1.106490 0.673864 -1.053125
v -1.312500 1.764202 -0.704913
v -1.312500 1.802208 -0.674992
v -1.312500 1.934584 -0.559086
v -1.312500 1.972048 -0.521583
v 0.393382 2.093720 -0.276028
v 0.439476 2.056098 -0.320579
v -1.312500 2.083262 -0.389075
v -1.312500 2.115233 -0.340157
v -0.937500 2.258144 -0.236719
v -0.937500 2.279018 -0.173590
v -1.312500 2.251400 0.105382
v -1.312500 2.218535 0.160490
v -0.937500 2.152071 0.321126
v -0.937500 2.124117 0.373149
v -1.312500 1.967076 0.470887
v -1.312500 1.929957 0.508703
v -0.937500 1.858506 0.665105
v -0.937500 1.823045 0.697813
v -1.095479 0.594369 1.109210
v -1.106490 0.663833 1.115762
v -1.055772 0.313850 1.046175
v -1.070121 0.381254 1.066974
v -0.972141 0.020058 0.881277
v -1.006782 0.084513 0.924442
v 0.901300 0.009969 0.972141
v 0.943934 0.074692 1.006782
v 1.074582 0.307921 1.055772
v 1.097163 0.374953 1.070121
v 1.153443 0.587285 1.095479
v 1.164012 0.656106 1.106490
v 0.355053 2.039242 1.312500
v 0.311739 2.078465 1.312500
v 0.198762 2.201395 0.937500
v 0.149964 2.243695 0.937500
v -0.665798 1.859138 0.937500
v -0.700053 1.825090 0.937500
v -1.089446 0.597534 1.095479
v -1.101598 0.666101 1.106490
v -1.004340 0.322581 1.055772
v -1.029277 0.389121 1.070121
v -0.851946 0.034837 0.972141
v -0.889271 0.102235 1.006782
v 0.972141 0.030115 -0.861318
v 1.006782 0.091685 -0.910209
v 1.055772 0.314899 -1.041147
v 1.070121 0.382552 -1.060754
v 1.095479 0.594563 -1.108000
v 1.106490 0.662501 -1.124080
v 1.312500 1.898947 -0.552075
v 1.312500 1.933078 -0.511541
v 1.312500 2.034106 -0.377209
v 1.312500 2.065873 -0.328133
v 1.312500 1.819373 0.622246
v 1.312500 1.784795 0.655921
v 1.095479 0.588686 1.144696
v 1.106490 0.656851 1.159358
v 1.055772 0.310387 1.062765
v 1.070121 0.377693 1.084036
v 0.972141 0.010533 0.900182
v 1.006782 0.077040 0.939273
v 0.842347 0.039674 -0.972141
v 0.879950 0.106931 -1.006782
v 1.001431 0.323188 -1.055772
v 1.023693 0.390287 -1.070121
v 1.079999 0.599047 -1.095479
v 1.096412 0.666932 -1.106490
v 0.611563 1.809618 -1.312500
v 0.644265 1.774152 -1.312500
v 0.457663 1.952535 -1.312500
v 0.496971 1.917057 -1.312500
v 0.290431 2.112356 -0.393382
v 0.336754 2.077027 -0.439476
v 0.279187 2.097808 -1.312500
v 0.324934 2.061734 -1.312500
v 0.051050 2.216555 0.366071
v 0.023717 2.230574 0.276786
v 0.061568 2.296850 -0.334559
v 0.046923 2.297554 -0.261029
v 0.079389 2.253436 -1.312500
v 0.130046 2.213917 -1.312500
v -0.066287 2.242747 0.438627
v -0.044215 2.262925 0.500563
v -0.173317 2.237679 -0.312940
v -0.135058 2.254807 -0.278592
v -0.187127 2.184000 -1.312500
v -0.134345 2.220343 -1.312500
v -0.381914 2.040193 -1.312500
v -0.335431 2.075315 -1.312500
v -0.552826 1.899773 -1.312500
v -0.512007 1.933591 -1.312500
v -0.771582 1.825076 -0.937500
v -0.731443 1.853751 -0.937500
v -1.012466 0.609862 -1.095479
v -1.039666 0.676019 -1.106490
v -0.892978 0.345824 -1.055772
v -0.924134 0.411066 -1.070121
v -0.861422 0.202471 -1.347141
v -0.825243 0.134496 -1.347141
v 0.656250 2.187669 -0.093218
v -0.682767 1.711319 -1.406250
v -0.427490 1.958707 -1.406250
v -0.246055 2.102572 -1.406250
v -0.035474 2.245409 -1.406250
v 0.193368 2.135702 -1.406250
v 0.381985 1.992653 -1.406250
v 0.542414 1.848972 -1.406250
v 0.675584 1.704761 -1.406250
v 1.406250 1.710693 0.682081
v 0.843750 1.956558 0.588376
v 0.843750 2.098489 0.381378
v 0.843750 2.193524 0.119468
v 0.843750 2.182463 -0.128281
v 0.843750 2.199582 -0.101186
v 1.406250 2.097375 -0.242039
v 1.406250 1.957810 -0.426674
v 0.843750 1.824804 -0.644277
v -0.580395 1.813822 1.406250
v -0.540230 1.984937 0.843750
v -0.364305 2.137259 0.843750
v -0.154178 2.279739 0.843750
v 0.194544 2.137461 1.406250
v 0.236520 2.107136 1.406250
v 0.534487 1.938000 0.843750
v 0.675389 1.785712 0.843750
v -0.843750 1.777267 0.754994
v -0.843750 2.031046 0.493274
v -0.843750 2.070623 0.442246
v -0.843750 2.244153 0.130376
v -0.843750 2.299195 -0.071450
v -0.843750 2.145570 -0.408730
v -0.843750 2.002989 -0.593587
v -0.843750 1.810591 -0.791491
v 0.281250 2.230966 -0.045087
v -0.702772 1.860236 -1.031250
v -0.572660 1.960936 -1.031250
v -0.399805 2.110975 -1.031250
v -0.184203 2.237257 -1.031250
v 0.128459 2.269172 -1.031250
v 0.320270 2.103332 -1.031250
v 0.476011 1.933360 -1.031250
v 0.646634 1.808978 -1.031250
v 1.031250 1.835967 0.676192
v 1.218750 1.987016 0.502573
v 1.218750 2.133793 0.308497
v 1.218750 2.265152 0.077524
v 1.218750 2.179271 -0.203237
v 1.218750 2.265241 -0.068012
v 1.031250 2.068655 -0.367097
v 1.031250 1.939288 -0.552974
v 1.218750 1.798099 -0.728488
v -0.723856 1.814161 1.031250
v -0.562474 1.907844 1.218750
v -0.393256 2.051795 1.218750
v -0.201866 2.202318 1.218750
v 0.131823 2.274201 1.031250
v 0.326006 2.099998 1.031250
v 0.462187 1.960049 1.218750
v 0.623393 1.822527 1.218750
v -1.218750 1.819373 0.658018
v -1.218750 1.936706 0.550626
v -1.218750 2.135617 0.345222
v -1.218750 2.227154 0.218477
v -1.218750 2.241207 -0.186845
v -1.218750 2.181452 -0.341458
v -1.218750 2.049469 -0.543504
v -1.218750 1.859268 -0.701712
v -0.843750 1.877341 -0.721505
v -1.218750 2.297969 -0.070630
v -1.218750 2.056855 0.431605
v -0.843750 1.961236 0.572932
v -1.218750 1.748070 0.723017
v 0.637252 1.746676 1.406250
v 0.494884 1.889373 1.406250
v 0.087618 2.208112 1.406250
v -0.095848 2.199967 1.406250
v -0.296772 2.056026 1.406250
v -0.471134 1.914033 1.406250
v -0.646085 1.743151 1.406250
v 1.406250 1.777679 -0.619763
v 1.031250 2.003669 -0.468378
v 1.031250 2.132209 -0.268961
v 1.406250 2.176617 -0.124371
v 1.406250 2.194332 -0.097675
v 1.406250 2.179085 0.129212
v 1.406250 2.035338 0.329576
v 1.406250 1.890486 0.501184
v 1.031250 1.774788 0.752278
v 0.718308 1.743771 -1.031250
v 0.563614 1.872285 -1.031250
v 0.396315 2.011194 -1.031250
v 0.231956 2.193395 -1.031250
v -0.075603 2.305405 -1.031250
v -0.299384 2.171573 -1.031250
v -0.496018 2.034064 -1.031250
v -0.616276 1.781259 -1.406250
v -1.406250 1.748668 -0.652127
v -1.406250 1.900624 -0.505115
v -1.406250 2.045651 -0.336255
v -1.031250 2.254810 -0.273034
v -1.406250 2.207759 0.101060
v -1.031250 2.179159 0.305247
v -1.406250 1.922478 0.466116
v -1.031250 1.870100 0.642030
v 0.378320 2.038617 1.218750
v 0.170389 2.216604 0.843750
v -0.684741 1.843772 0.843750
v 1.218750 1.910063 -0.597969
v 1.218750 2.044326 -0.421922
v 1.218750 1.856462 0.627094
v 0.607448 1.838524 -1.218750
v 0.443077 1.975848 -1.218750
v 0.270644 2.134387 -1.218750
v 0.074230 2.303353 -1.218750
v -0.231622 2.192895 -1.218750
v -0.428778 2.053197 -1.218750
v -0.600095 1.912402 -1.218750
v -0.752574 1.840383 -0.843750
v 0.468750 2.194115 -0.058984
v -0.718737 1.809488 -1.218750
v -0.517810 1.979324 -1.218750
v -0.333968 2.121054 -1.218750
v -0.127257 2.267375 -1.218750
v 0.173626 2.221443 -1.218750
v 0.355857 2.054112 -1.218750
v 0.523568 1.906952 -1.218750
v 0.676724 1.771127 -1.218750
v 1.218750 1.787452 0.694603
v 1.031250 1.969528 0.543420
v 1.031250 2.124589 0.351467
v 1.031250 2.233764 0.101456
v 1.031250 2.193143 -0.173970
v 1.031250 2.240744 -0.090172
v 1.218750 2.104065 -0.320837
v 1.218750 1.976503 -0.515245
v 1.031250 1.825047 -0.701273
v -0.659211 1.820461 1.218750
v -0.553326 1.948562 1.031250
v -0.377531 2.092910 1.031250
v -0.189604 2.258345 1.031250
v 0.173702 2.221557 1.218750
v 0.294634 2.120867 1.218750
v 0.505877 1.957315 1.031250
v 0.656694 1.810788 1.031250
v -1.031250 1.797028 0.705091
v -1.031250 1.992514 0.529805
v -1.031250 2.116638 0.404183
v -1.031250 2.240053 0.177370
v -1.031250 2.290269 -0.142570
v -1.031250 2.196974 -0.400957
v -1.031250 2.047094 -0.587520
v -1.031250 1.843594 -0.756091
v 0.093750 2.246705 -0.017069
v -0.677947 1.902894 -0.843750
v -0.629653 1.944904 -0.843750
v -0.457633 2.090531 -0.843750
v -0.248597 2.218275 -0.843750
v 0.062950 2.286487 -0.843750
v 0.265656 2.127933 -0.843750
v 0.433330 1.965129 -0.843750
v 0.618024 1.848180 -0.843750
v 0.843750 1.885953 0.659393
v 1.406250 1.961360 0.422491
v 1.406250 2.106689 0.237465
v 1.406250 2.247246 0.020621
v 1.406250 2.123935 -0.204770
v 1.406250 2.248141 -0.018030
v 0.843750 2.010304 -0.395627
v 0.843750 1.882151 -0.572586
v 1.406250 1.707906 -0.686437
v -0.748073 1.770948 0.843750
v -0.550326 1.843709 1.406250
v -0.389125 1.984989 1.406250
v -0.201894 2.128001 1.406250
v 0.073417 2.302137 0.843750
v 0.352720 2.073101 0.843750
v 0.416796 1.960911 1.406250
v 0.571797 1.817562 1.406250
v -1.406250 1.813073 0.579574
v -1.406250 1.849969 0.543320
v -1.406250 2.105376 0.248222
v -1.406250 2.136154 0.207348
v -1.406250 2.143766 -0.198762
v -1.406250 2.114743 -0.242399
v -1.406250 1.972967 -0.427759
v -1.406250 1.820484 -0.587691
v -1.031250 1.918716 -0.695275
v -1.406250 2.213153 -0.090990
v -1.406250 2.032345 0.339034
v -1.031250 1.914131 0.601668
v -1.406250 1.741416 0.644184
v 0.701768 1.763438 1.218750
v 0.541084 1.889400 1.218750
v 0.066072 2.291155 1.218750
v -0.094403 2.272166 1.218750
v -0.304341 2.127281 1.218750
v -0.481572 1.976287 1.218750
v -0.727519 1.752181 1.218750
v 1.218750 1.861016 -0.654306
v 0.843750 1.946141 -0.487634
v 0.843750 2.069946 -0.294467
v 1.218750 2.196209 -0.176020
v 1.218750 2.247744 -0.094855
v 1.218750 2.202892 0.190062
v 1.218750 2.068678 0.405426
v 1.218750 1.910461 0.576099
v 0.843750 1.812429 0.721958
v 0.696315 1.789015 -0.843750
v 0.522497 1.905774 -0.843750
v 0.348318 2.044357 -0.843750
v 0.164945 2.208464 -0.843750
v -0.129259 2.270368 -0.843750
v -0.359241 2.153755 -0.843750
v -0.549356 2.014014 -0.843750
v -0.645642 1.873398 -1.218750
v -1.218750 1.778275 -0.756098
v -1.218750 1.971591 -0.615826
v -1.218750 2.126964 -0.446602
v -0.843750 2.254830 -0.195957
v -1.218750 2.284199 0.102452
v -0.843750 2.130101 0.340959
v -1.218750 2.013360 0.477190
v -0.843750 1.848854 0.690306
v 0.327300 2.034064 1.406250
v 0.228237 2.187835 1.031250
v -0.651726 1.878952 1.031250
v 1.406250 1.887845 -0.506193
v 1.406250 2.027801 -0.335522
v 1.406250 1.780494 0.615439
v 0.611164 1.776592 -1.406250
v 0.464319 1.920503 -1.406250
v 0.289637 2.063696 -1.406250
v 0.087931 2.208579 -1.406250
v -0.142270 2.174564 -1.406250
v -0.338127 2.031171 -1.406250
v -0.506137 1.887784 -1.406250
v -0.785664 1.805271 -1.031250
vn -0.5773 -0.5774 0.5773
vn -0.5773 0.5774 0.5773
vn 0.6981 -0.1593 -0.6981
vn -0.5774 -0.5773 -0.5774
vn 0.5328 -0.2633 -0.8042
vn -0.5773 0.5775 -0.5773
vn 0.1418 -0.6684 -0.7301
vn 0.1773 -0.8400 -0.5127
vn 0.1781 -0.9216 -0.3450
vn 0.5042 -0.4294 -0.7492
vn 0.1165 -0.9932 -0.0035
vn 0.7173 -0.6958 -0.0369
vn 0.0772 -0.8253 0.5594
vn 0.0449 -0.8492 0.5262
vn 0.0013 -0.7947 0.6070
vn 0.6133 -0.7896 0.0198
vn 0.5882 -0.2978 0.7519
vn 0.5773 -0.5774 0.5773
vn 0.5011 -0.8651 0.0222
vn -0.0930 -0.9900 0.1059
vn -0.6667 -0.7436 0.0502
vn -0.6297 -0.7740 0.0667
vn -0.5526 -0.8319 0.0509
vn 0.5773 0.5775 0.5773
vn -0.6849 -0.0542 -0.7266
vn -0.7403 -0.6719 -0.0229
vn 0.0547 -0.6892 -0.7226
vn 0.5773 -0.5774 -0.5773
vn 0.0421 -0.8338 -0.5504
vn -0.0184 -0.8789 -0.4767
vn 0.5773 0.5774 -0.5773
vn -0.0825 -0.9952 -0.0521
vn -0.1942 -0.8761 0.4414
vn -0.2033 -0.7734 0.6005
vn 0.7085 0.0131 0.7056
vn -0.1601 -0.7216 0.6735
vn 0.7296 -0.6744 -0.1134
vn -0.7682 0.1438 0.6239
vn 0.6182 -0.7819 -0.0800
vn 0.5369 -0.8404 0.0735
vn -0.1032 -0.9879 0.1159
vn -0.6351 -0.7504 0.1833
vn -0.5639 -0.8073 0.1742
vn -0.6650 -0.7462 0.0307
vn -0.8097 -0.5520 0.1992
vn 0.6334 -0.4444 0.6334
vn -0.7035 -0.1015 -0.7035
vn 0.7510 0.0599 -0.6576
vn 0.7762 -0.0591 -0.6277
vn 0.7711 -0.1490 -0.6190
vn 0.7245 -0.3412 -0.5989
vn 0.7523 -0.2459 -0.6112
vn 0.7253 0.1403 -0.6739
vn 0.4512 -0.6202 -0.6416
vn -0.0006 -0.5953 -0.8035
vn -0.4797 -0.5725 -0.6649
vn -0.4372 -0.6096 -0.6613
vn 0.5881 -0.5313 -0.6098
vn 0.5445 -0.5512 -0.6322
vn 0.4958 -0.5828 -0.6439
vn 0.6822 -0.4375 -0.5859
vn 0.6576 0.2327 -0.7165
vn 0.7140 -0.4319 -0.5511
vn -0.6287 -0.4016 -0.6659
vn -0.5672 -0.4818 -0.6679
vn -0.7572 -0.4087 -0.5095
vn -0.5253 -0.5268 -0.6682
vn -0.7652 -0.1589 -0.6239
vn -0.7733 0.0513 -0.6320
vn -0.7841 -0.0676 -0.6170
vn -0.7051 0.2489 -0.6640
vn -0.7691 0.1430 -0.6230
vn -0.7261 -0.2548 -0.6386
vn -0.6729 -0.3377 -0.6581
vn 0.6477 -0.5796 -0.4945
vn 0.6484 -0.6157 -0.4478
vn 0.8288 -0.5596 0.0020
vn 0.6322 -0.5519 0.5438
vn 0.6526 -0.5814 0.4859
vn 0.6758 -0.5994 0.4289
vn 0.5830 -0.4398 0.6832
vn 0.5920 -0.3464 0.7277
vn 0.5894 -0.1611 0.7916
vn 0.6080 0.0562 0.7920
vn 0.5874 -0.0667 0.8066
vn 0.6020 0.1450 0.7852
vn 0.5946 -0.2564 0.7620
vn 0.6093 -0.5318 0.5882
vn 0.5779 -0.0722 -0.8129
vn 0.5901 0.0521 -0.8056
vn 0.6371 0.2613 -0.7251
vn 0.5902 -0.2588 -0.7646
vn 0.5864 0.1507 -0.7959
vn 0.5847 -0.1616 -0.7950
vn 0.6248 -0.5139 -0.5878
vn 0.6007 -0.4394 -0.6679
vn 0.6375 0.2566 0.7265
vn 0.5051 -0.4066 0.7613
vn 0.5063 -0.4072 -0.7601
vn 0.6429 -0.5448 -0.5384
vn 0.5946 -0.3531 -0.7223
vn -0.6917 -0.2075 0.6917
vn -0.7494 0.6337 0.1919
vn -0.3822 0.8159 -0.4338
vn 0.2576 -0.9042 -0.3407
vn 0.3052 -0.9430 0.1330
vn 0.1433 -0.9697 -0.1976
vn 0.4244 -0.8989 0.1092
vn 0.2390 -0.9503 -0.1993
vn 0.3608 -0.9284 0.0883
vn -0.0775 -0.9897 -0.1207
vn -0.3517 -0.8565 -0.3777
vn -0.4060 -0.8987 0.1661
vn -0.1856 -0.9478 -0.2593
vn -0.4374 -0.8615 0.2578
vn -0.0599 -0.9311 -0.3599
vn -0.3038 -0.9157 0.2629
vn -0.0924 -0.8674 -0.4890
vn -0.2840 -0.9581 -0.0368
vn -0.3904 -0.6861 0.6139
vn -0.3409 -0.6055 0.7191
vn -0.3427 -0.6421 0.6858
vn 0.3643 -0.8438 -0.3940
vn 0.6163 0.0826 -0.7832
vn 0.6105 0.1226 -0.7825
vn -0.4147 0.5835 0.6982
vn -0.3434 0.7106 0.6141
vn 0.4753 -0.5765 0.6646
vn 0.4337 -0.6091 0.6640
vn 0.0009 -0.5865 0.8100
vn -0.5215 -0.5201 0.6764
vn -0.4811 -0.5642 0.6710
vn -0.4426 -0.6121 0.6553
vn -0.6480 -0.4272 0.6305
vn -0.7028 -0.3476 0.6207
vn -0.7774 -0.1549 0.6097
vn -0.7853 0.0484 0.6173
vn -0.7920 -0.0687 0.6066
vn -0.7850 0.1442 0.6025
vn -0.7484 -0.2546 0.6124
vn -0.5720 -0.4984 0.6515
vn 0.7588 -0.0621 0.6484
vn 0.7456 0.0489 0.6646
vn 0.6821 0.2411 0.6904
vn 0.7335 -0.2390 0.6364
vn 0.7467 0.1380 0.6507
vn 0.7503 -0.1452 0.6449
vn 0.5815 -0.4990 0.6426
vn 0.6503 -0.4250 0.6297
vn -0.7290 0.2532 0.6359
vn -0.7713 -0.4018 0.4936
vn 0.7383 -0.4185 0.5289
vn 0.5280 -0.5307 0.6630
vn 0.7003 -0.3387 0.6284
vn 0.6681 -0.4281 -0.6086
vn 0.6633 -0.7340 -0.1459
vn 0.4143 -0.9031 0.1131
vn 0.5638 -0.8256 0.0246
vn -0.5694 -0.7986 0.1952
vn -0.7067 -0.7054 -0.0554
vn -0.6071 -0.7850 0.1230
vn -0.3684 0.8774 -0.3073
vn 0.7125 -0.1367 0.6882
vn 0.7186 -0.0447 0.6939
vn 0.7336 0.0969 0.6727
vn 0.6941 0.1953 0.6929
vn 0.6565 0.0422 0.7531
vn -0.2443 -0.9005 -0.3596
vn -0.3037 -0.8290 -0.4696
vn -0.8050 0.3097 -0.5061
vn -0.3222 -0.8971 -0.3024
vn -0.3186 -0.8677 -0.3816
vn -0.3519 -0.9286 0.1174
vn 0.3645 0.0477 0.9300
vn 0.7817 0.6161 0.0967
vn -0.7367 -0.4212 -0.5291
vn -0.7681 -0.6308 0.1102
vn -0.5512 -0.8219 -0.1434
vn -0.6607 -0.7470 0.0736
vn 0.5145 0.2488 0.8206
vn 0.4576 -0.8706 0.1806
vn 0.6414 -0.7664 0.0332
vn 0.4878 -0.8460 0.2151
vn -0.2966 0.0480 -0.9538
vn -0.6357 0.0519 -0.7702
vn -0.6162 -0.0625 -0.7851
vn -0.6157 -0.1583 -0.7720
vn -0.6433 -0.3382 -0.6869
vn -0.6285 -0.2569 -0.7341
vn -0.6114 0.1357 -0.7796
vn -0.6296 -0.6296 -0.4551
vn -0.7835 -0.6213 0.0065
vn -0.5917 -0.6101 0.5269
vn -0.6179 -0.6399 0.4567
vn -0.6497 -0.4965 -0.5756
vn -0.6630 -0.5287 -0.5300
vn -0.6363 -0.5867 -0.5009
vn -0.6444 -0.4121 -0.6441
vn -0.6267 0.2562 -0.7360
vn -0.4985 -0.4038 -0.7671
vn -0.6062 -0.4225 0.6738
vn -0.6036 -0.5218 0.6027
vn -0.5579 -0.4365 0.7058
vn -0.6036 -0.5556 0.5718
vn -0.6509 -0.1422 0.7457
vn -0.6809 0.0508 0.7306
vn -0.6594 -0.0582 0.7495
vn -0.7243 0.2363 0.6477
vn -0.6722 0.1365 0.7277
vn -0.6385 -0.2359 0.7326
vn -0.6230 -0.3335 0.7076
vn 0.5061 0.6568 0.5590
vn 0.5155 0.5039 0.6930
vn 0.6682 0.4009 0.6267
vn 0.7707 0.2690 0.5777
vn 0.1000 0.9901 0.0985
vn -0.0690 -0.9901 -0.1219
vn 0.5383 -0.7707 0.3409
vn 0.4866 -0.7579 0.4346
vn -0.5535 0.7907 -0.2617
vn -0.0884 0.2013 0.9755
vn -0.0937 -0.9372 -0.3360
vn 0.4088 -0.8899 0.2022
vn -0.0522 -0.8964 -0.4402
vn 0.4293 -0.9013 0.0584
vn 0.2410 -0.9364 -0.2553
vn 0.2261 -0.9672 0.1156
vn 0.2321 -0.9392 -0.2532
vn -0.1230 -0.9327 -0.3390
vn -0.7138 -0.6861 -0.1405
vn -0.7879 -0.0598 -0.6129
vn 0.3427 0.8123 -0.4720
vn 0.5048 0.6195 -0.6012
vn 0.1397 -0.7331 -0.6656
vn 0.2003 -0.8942 -0.4003
vn 0.1460 -0.8894 -0.4331
vn 0.0746 -0.8402 0.5371
vn 0.0100 -0.7710 0.6367
vn 0.5434 -0.8285 0.1355
vn -0.1741 -0.7379 0.6521
vn -0.2015 -0.8337 0.5140
vn -0.0266 -0.8664 -0.4986
vn 0.3557 0.6622 -0.6595
vn 0.2670 0.8591 -0.4367
vn -0.6764 0.2207 0.7027
vn -0.7303 -0.0428 0.6817
vn -0.3030 -0.9009 0.3107
vn 0.6200 -0.6882 -0.3769
vn 0.5836 -0.7083 -0.3972
vn 0.5411 -0.7026 -0.4622
vn -0.2509 -0.7948 -0.5526
vn -0.1607 0.1341 0.9778
vn -0.1836 -0.8480 -0.4971
vn 0.0132 -0.8960 0.4438
vn -0.9417 0.0903 0.3241
vn -0.4555 -0.4678 -0.7574
vn -0.6032 0.3688 -0.7072
vn -0.7059 0.3229 0.6304
vn -0.6768 0.1594 0.7187
vn -0.6632 0.1209 0.7386
vn -0.6020 -0.5335 0.5941
vn -0.5886 -0.5891 0.5536
vn -0.5890 -0.6372 0.4971
vn -0.6142 -0.6609 0.4312
vn -0.6122 -0.6607 -0.4343
vn -0.6219 -0.6138 -0.4864
vn -0.6403 -0.5682 -0.5169
vn -0.6505 -0.5090 -0.5638
vn -0.6139 0.1242 -0.7796
vn -0.5978 0.1612 -0.7852
vn 0.7181 0.1552 -0.6784
vn 0.6419 0.3299 -0.6921
vn -0.6933 0.3464 -0.6319
vn -0.7634 0.1659 -0.6243
vn -0.7790 0.1290 -0.6136
vn -0.5558 -0.5074 -0.6585
vn -0.5072 -0.5585 -0.6564
vn -0.4606 -0.5994 -0.6546
vn -0.4261 -0.6356 -0.6437
vn 0.4333 -0.6424 -0.6320
vn 0.4763 -0.6099 -0.6334
vn 0.5233 -0.5710 -0.6326
vn 0.5736 -0.5355 -0.6198
vn 0.7455 0.1308 -0.6535
vn 0.6003 0.1672 0.7821
vn 0.6152 0.3628 0.7000
vn 0.6183 0.3608 -0.6982
vn 0.5918 0.1734 -0.7872
vn 0.5728 0.1363 -0.8083
vn 0.6299 -0.5290 -0.5686
vn 0.6393 -0.5665 -0.5200
vn 0.6395 -0.6043 -0.4752
vn 0.6522 -0.6313 -0.4197
vn 0.6754 -0.6140 0.4085
vn 0.6547 -0.5990 0.4610
vn 0.6342 -0.5720 0.5202
vn 0.6202 -0.5363 0.5725
vn 0.5929 0.1323 0.7943
vn -0.7813 0.1677 0.6012
vn -0.7110 0.3602 0.6040
vn 0.6706 0.3372 0.6608
vn 0.7414 0.1610 0.6514
vn 0.7550 0.1227 0.6442
vn 0.5652 -0.5154 0.6441
vn 0.5055 -0.5658 0.6514
vn 0.4567 -0.5993 0.6574
vn 0.4180 -0.6296 0.6549
vn -0.4218 -0.6388 0.6434
vn -0.4708 -0.5950 0.6514
vn -0.5037 -0.5502 0.6661
vn -0.5540 -0.5040 0.6627
vn -0.7927 0.1303 0.5955
vn -0.0767 -0.2432 0.9669
vn -0.9446 -0.3235 0.0550
vn -0.9626 -0.1844 -0.1987
vn -0.2268 -0.2153 -0.9499
vn -0.0797 -0.6119 0.7869
vn 0.7891 -0.6041 -0.1112
vn 0.1232 -0.2102 -0.9699
vn 0.9333 -0.3373 -0.1230
vn 0.9087 0.4016 -0.1136
vn 0.6131 0.4774 0.6295
vn 0.9468 0.3093 0.0892
vn 0.5303 0.5475 0.6473
vn 0.9374 0.2028 0.2831
vn 0.5660 0.4272 0.7051
vn 0.9295 0.0236 0.3680
vn 0.9078 -0.1158 0.4031
vn 0.8761 -0.2391 0.4187
vn 0.8429 -0.3757 0.3852
vn 0.7721 -0.5642 0.2924
vn 0.6609 -0.7126 0.2355
vn 0.7175 -0.6813 0.1451
vn 0.7737 -0.6280 -0.0836
vn 0.6632 -0.7150 -0.2213
vn 0.6191 -0.7728 0.1398
vn 0.7995 -0.4083 -0.4406
vn 0.6311 -0.7595 0.1575
vn 0.6701 -0.7417 0.0282
vn 0.6556 -0.7276 -0.2021
vn 0.5153 -0.8404 0.1681
vn 0.5380 -0.8357 0.1104
vn 0.5381 -0.8428 0.0130
vn 0.5484 -0.8331 -0.0716
vn 0.5000 -0.8545 0.1408
vn -0.0017 -0.9993 0.0362
vn 0.4109 -0.9084 0.0777
vn -0.0127 -0.9932 -0.1160
vn 0.3047 -0.9476 0.0960
vn 0.3816 -0.8974 0.2215
vn 0.4430 -0.8653 0.2343
vn 0.2145 -0.9269 -0.3081
vn -0.1558 -0.9790 0.1318
vn -0.6990 -0.7103 0.0829
vn -0.6157 -0.7832 0.0861
vn -0.6271 -0.7645 -0.1494
vn -0.5720 -0.7886 -0.2257
vn -0.6560 -0.7526 -0.0570
vn -0.3539 -0.9298 0.1010
vn -0.6419 -0.7664 -0.0246
vn -0.3294 -0.8538 -0.4031
vn -0.6307 -0.7681 0.1102
vn -0.6535 -0.7422 0.1483
vn -0.6338 -0.7727 -0.0358
vn -0.6955 -0.7181 -0.0240
vn -0.6892 -0.7231 0.0462
vn -0.6611 -0.7502 0.0132
vn -0.4369 -0.8671 0.2392
vn -0.5592 -0.8222 0.1063
vn -0.5399 -0.8310 0.1341
vn -0.6136 -0.7896 0.0111
vn -0.5420 -0.8374 0.0712
vn -0.6145 -0.7889 -0.0039
vn -0.3622 -0.8841 0.2952
vn -0.5054 -0.8540 0.1236
vn -0.5710 -0.8158 0.0921
vn 0.2580 0.8473 -0.4642
vn -0.7453 -0.6598 0.0956
vn -0.6240 -0.7801 0.0451
vn 0.8317 0.0913 0.5476
vn -0.8265 -0.5434 0.1470
vn -0.8299 -0.5317 0.1691
vn -0.8620 -0.4437 0.2452
vn -0.9064 -0.2540 0.3377
vn -0.9167 -0.0789 0.3918
vn -0.9193 0.0985 0.3809
vn 0.0942 0.9946 -0.0428
vn -0.9294 0.2266 0.2914
vn -0.4571 0.4392 0.7734
vn -0.9053 0.3838 0.1817
vn -0.3135 0.8637 0.3946
vn -0.1712 0.9721 -0.1606
vn -0.3340 0.3706 -0.8667
vn 0.7315 -0.2188 0.6458
vn -0.4381 0.2372 -0.8670
vn 0.6846 -0.2348 0.6901
vn -0.5030 0.1228 -0.8555
vn -0.5221 -0.0348 -0.8522
vn -0.5056 -0.1879 -0.8421
vn -0.4501 -0.3661 -0.8145
vn -0.3353 -0.5273 -0.7807
vn -0.2083 -0.6532 -0.7279
vn -0.1474 -0.7408 -0.6554
vn -0.3614 -0.4554 -0.8136
vn -0.2979 -0.4269 -0.8538
vn -0.1452 -0.7034 -0.6958
vn 0.1659 -0.6009 -0.7819
vn -0.1397 -0.7596 -0.6352
vn 0.1245 -0.8392 -0.5293
vn -0.0494 -0.9038 -0.4251
vn 0.2846 -0.8574 -0.4288
vn -0.1229 -0.9900 -0.0691
vn 0.0556 -0.9985 0.0015
vn 0.0680 -0.8472 -0.5269
vn -0.0926 -0.8624 0.4977
vn 0.0117 -0.8432 0.5375
vn -0.1323 -0.8751 0.4654
vn 0.0206 -0.8237 0.5667
vn 0.0610 -0.8536 0.5173
vn -0.0147 -0.7610 0.6486
vn 0.0139 -0.8136 0.5812
vn -0.0540 -0.7304 0.6809
vn -0.1401 -0.5282 0.8375
vn -0.2257 -0.3998 0.8884
vn -0.3111 -0.3675 0.8764
vn -0.3977 -0.2215 0.8904
vn -0.4530 -0.0465 0.8903
vn -0.4407 0.1190 0.8897
vn -0.3594 0.1920 0.9132
vn -0.2609 0.3695 0.8919
vn 0.2512 0.8888 -0.3834
vn 0.8909 0.3916 -0.2302
vn 0.4638 0.4802 -0.7445
vn 0.9074 0.2181 -0.3592
vn -0.5169 -0.5705 0.6383
vn 0.9084 0.0777 -0.4107
vn 0.9059 -0.0525 -0.4201
vn 0.8950 -0.1533 -0.4189
vn 0.8753 -0.2769 -0.3963
vn 0.8295 -0.4651 -0.3093
vn 0.7767 -0.5959 -0.2040
vn 0.7470 -0.6405 -0.1782
vn -0.5216 0.7194 0.4587
vn 0.6158 -0.7695 -0.1695
vn 0.6596 -0.7409 -0.1265
vn 0.6182 -0.7636 -0.1863
vn -0.0392 -0.9924 -0.1164
vn -0.6750 -0.7362 -0.0485
vn -0.6490 -0.7505 -0.1245
vn -0.6267 -0.7744 -0.0874
vn -0.5974 -0.7976 -0.0831
vn -0.7515 -0.6301 -0.1956
vn -0.8046 -0.4869 -0.3399
vn -0.8349 -0.3377 -0.4346
vn -0.8595 -0.1850 -0.4766
vn -0.8590 -0.0981 -0.5025
vn -0.8552 0.0473 -0.5161
vn -0.8529 0.2073 -0.4791
vn -0.8688 0.3475 -0.3529
vn 0.2589 0.3530 -0.8991
vn 0.3829 0.1378 -0.9135
vn 0.3899 0.0560 -0.9192
vn 0.3603 -0.0549 -0.9312
vn 0.3294 -0.2075 -0.9211
vn 0.2935 -0.3900 -0.8728
vn 0.2512 -0.4887 -0.8355
vn 0.1829 -0.5789 -0.7946
vn 0.1311 -0.6366 -0.7600
vn 0.1302 -0.6597 -0.7401
vn 0.0575 -0.6540 -0.7543
vn 0.4002 -0.5587 -0.7264
vn 0.1340 -0.6950 -0.7064
vn 0.0881 -0.7640 -0.6392
vn 0.3688 -0.6809 -0.6327
vn 0.3066 -0.7987 -0.5178
vn -0.1302 -0.8448 -0.5191
vn 0.0395 -0.8561 -0.5153
vn -0.0043 -0.8820 -0.4713
vn -0.1356 -0.8794 -0.4564
vn 0.0741 -0.9965 -0.0378
vn -0.0613 -0.9977 -0.0272
vn -0.1324 -0.8779 -0.4602
vn 0.1936 -0.9225 0.3340
vn -0.1587 -0.9121 0.3780
vn -0.0364 -0.8975 0.4396
vn 0.0203 -0.9075 0.4195
vn -0.1058 -0.8773 0.4681
vn 0.1788 -0.7528 0.6335
vn -0.0086 -0.8493 0.5279
vn -0.1376 -0.7928 0.5937
vn -0.1128 -0.8735 0.4736
vn 0.1910 -0.6053 0.7727
vn -0.0009 -0.7957 0.6057
vn -0.3900 -0.5207 0.7595
vn -0.1872 -0.7380 0.6484
vn 0.2450 -0.5667 0.7867
vn -0.0881 -0.7212 0.6871
vn 0.2732 0.4351 0.8579
vn 0.3099 -0.5158 0.7987
vn 0.3483 -0.3926 0.8512
vn 0.3577 -0.2496 0.8999
vn 0.3450 -0.1268 0.9300
vn 0.3305 -0.0098 0.9438
vn 0.2970 0.1185 0.9475
vn 0.1739 0.2674 0.9477
vn -0.0505 0.4810 0.8753
vn 0.8875 0.4409 -0.1339
vn 0.9497 0.3130 -0.0069
vn 0.9324 0.3011 0.2002
vn 0.9382 0.0923 0.3334
vn 0.9168 -0.0483 0.3964
vn 0.8803 -0.1834 0.4376
vn 0.8411 -0.2928 0.4548
vn 0.7965 -0.4486 0.4053
vn 0.6941 -0.6574 0.2933
vn 0.6931 -0.6801 0.2388
vn 0.5906 -0.7873 0.1773
vn 0.6572 -0.7409 0.1384
vn 0.6951 -0.6943 -0.1867
vn 0.6920 -0.6891 -0.2154
vn 0.7063 -0.6486 0.2836
vn 0.6019 -0.7398 0.3007
vn 0.5539 -0.8187 0.1516
vn 0.5372 -0.8382 -0.0937
vn 0.5579 -0.8273 -0.0650
vn 0.5400 -0.8322 0.1254
vn 0.4751 -0.8512 0.2229
vn 0.5135 -0.8425 0.1627
vn 0.5639 -0.8207 0.0923
vn 0.5340 -0.8434 0.0599
vn 0.4990 -0.8625 -0.0842
vn 0.4126 -0.9043 -0.1094
vn 0.4656 -0.8559 0.2251
vn 0.4430 -0.8911 0.0980
vn 0.4214 -0.9015 0.0980
vn 0.4185 -0.9066 0.0532
vn -0.5918 -0.8044 0.0524
vn -0.5354 -0.8156 -0.2195
vn -0.5271 -0.8469 -0.0700
vn -0.6477 -0.7602 -0.0518
vn -0.6116 -0.7912 0.0006
vn -0.6631 -0.7272 0.1772
vn -0.6456 -0.7329 0.2143
vn -0.7381 -0.6734 0.0413
vn -0.6810 -0.7316 0.0310
vn -0.6190 -0.7754 0.1253
vn -0.5319 -0.8342 0.1456
vn -0.6182 -0.7855 -0.0298
vn -0.5739 -0.8186 0.0205
vn -0.5506 -0.8194 0.1598
vn -0.5326 -0.8378 0.1201
vn -0.6887 0.0662 0.7220
vn -0.6748 -0.7362 0.0509
vn -0.6641 -0.7475 -0.0128
vn -0.5552 0.2130 -0.8040
vn -0.7966 -0.5870 0.1445
vn -0.8275 -0.5320 0.1797
vn -0.8461 -0.4841 0.2233
vn -0.8856 -0.3358 0.3209
vn -0.9112 -0.1653 0.3773
vn -0.9196 -0.0094 0.3927
vn -0.9163 0.1998 0.3470
vn -0.9274 0.2702 0.2589
vn -0.7836 0.6146 0.0907
vn -0.2313 0.6847 -0.6911
vn -0.4021 0.2489 -0.8811
vn -0.4838 0.2177 -0.8477
vn -0.5165 0.0259 -0.8559
vn -0.5301 -0.1126 -0.8404
vn -0.5228 -0.2604 -0.8117
vn -0.4555 -0.4156 -0.7872
vn -0.3385 -0.5625 -0.7544
vn -0.2003 -0.7052 -0.6801
vn -0.1359 -0.7382 -0.6607
vn -0.0993 -0.6936 -0.7135
vn -0.1372 -0.6934 -0.7073
vn 0.2088 -0.8583 -0.4687
vn -0.0923 -0.8621 -0.4983
vn -0.1339 -0.8126 -0.5672
vn 0.2746 -0.8701 -0.4093
vn 0.0086 -0.8257 -0.5640
vn -0.0647 -0.7898 -0.6099
vn 0.0681 -0.8809 -0.4684
vn 0.0094 -0.8941 -0.4477
vn -0.1090 -0.8995 0.4230
vn -0.0689 -0.8898 0.4511
vn 0.0185 -0.8588 0.5120
vn 0.0492 -0.8775 0.4770
vn 0.0201 -0.8469 0.5314
vn 0.0134 -0.7913 0.6113
vn -0.0312 -0.7907 0.6115
vn -0.0173 -0.7902 0.6126
vn -0.1530 -0.6462 0.7476
vn -0.2684 -0.4306 0.8617
vn -0.3247 -0.3640 0.8730
vn -0.4018 -0.2880 0.8693
vn -0.4428 -0.1391 0.8858
vn -0.4534 0.0211 0.8911
vn -0.4101 0.1995 0.8899
vn -0.3446 0.2139 0.9141
vn -0.1604 0.6857 0.7100
vn 0.7864 0.6008 -0.1437
vn 0.9104 0.2786 -0.3060
vn 0.9043 0.1702 -0.3916
vn 0.9099 -0.0097 -0.4148
vn 0.9010 -0.1016 -0.4217
vn 0.8808 -0.2009 -0.4287
vn 0.8530 -0.3459 -0.3908
vn 0.7948 -0.5261 -0.3026
vn 0.7628 -0.6097 -0.2154
vn 0.6713 -0.7153 -0.1944
vn 0.6315 -0.7652 -0.1253
vn 0.5970 -0.7899 -0.1398
vn 0.6664 -0.7273 -0.1638
vn 0.6626 -0.7388 -0.1229
vn 0.4394 -0.8857 -0.1496
vn 0.5482 -0.8119 -0.2007
vn -0.5894 -0.8033 -0.0854
vn -0.6990 -0.7131 -0.0528
vn -0.6382 -0.7642 -0.0938
vn -0.6487 -0.7528 -0.1122
vn -0.6704 -0.7277 -0.1451
vn -0.5620 -0.8233 -0.0793
vn -0.5969 -0.7988 -0.0752
vn -0.6855 -0.7080 -0.1695
vn -0.7815 -0.5222 -0.3414
vn -0.8121 -0.3896 -0.4344
vn -0.8416 -0.2449 -0.4813
vn -0.8570 -0.1387 -0.4962
vn -0.8585 -0.0503 -0.5103
vn -0.8426 0.1589 -0.5145
vn -0.8625 0.2423 -0.4444
vn -0.6882 0.6883 -0.2295
vn 0.1761 0.6983 -0.6938
vn 0.3593 0.1883 -0.9140
vn 0.4056 0.1234 -0.9057
vn 0.3763 -0.0174 -0.9263
vn 0.3556 -0.1181 -0.9272
vn 0.3335 -0.3045 -0.8922
vn 0.3033 -0.4358 -0.8474
vn 0.2537 -0.5213 -0.8148
vn 0.1748 -0.6146 -0.7692
vn 0.1240 -0.6519 -0.7481
vn 0.3893 -0.4694 -0.7925
vn 0.1338 -0.6676 -0.7324
vn 0.3396 -0.7280 -0.5956
vn 0.3439 -0.7491 -0.5661
vn -0.0556 -0.7186 -0.6932
vn 0.0278 -0.8094 -0.5866
vn 0.1103 -0.7756 -0.6215
vn -0.0450 -0.8865 -0.4606
vn -0.0612 -0.8857 -0.4603
vn -0.1310 -0.8347 -0.5349
vn 0.0190 -0.9138 -0.4058
vn -0.0164 -0.9073 -0.4202
vn -0.1209 -0.8708 -0.4766
vn -0.1481 -0.8831 -0.4452
vn 0.1514 -0.9376 0.3129
vn -0.1379 -0.8751 0.4640
vn -0.1745 -0.8761 0.4495
vn 0.0484 -0.9025 0.4280
vn 0.1835 -0.8070 0.5614
vn 0.1988 -0.8916 0.4068
vn -0.0391 -0.8465 0.5309
vn -0.1520 -0.8369 0.5258
vn -0.1492 -0.8586 0.4905
vn 0.1674 -0.6108 0.7739
vn 0.1596 -0.6595 0.7346
vn 0.0111 -0.8282 0.5603
vn -0.2099 -0.7576 0.6181
vn -0.1764 -0.7592 0.6266
vn 0.1872 -0.5675 0.8018
vn 0.3162 -0.5454 0.7763
vn 0.3664 -0.4544 0.8120
vn 0.3808 -0.3174 0.8685
vn 0.3696 -0.1882 0.9099
vn 0.3445 -0.0668 0.9364
vn 0.3173 0.0352 0.9477
vn 0.2570 0.2031 0.9448
vn 0.0754 0.3530 0.9326
vn -0.0960 0.4662 0.8794
vn 0.2929 -0.2568 0.9210
vn -0.9424 -0.2831 -0.1781
vn -0.9596 -0.2574 -0.1133
vn -0.0922 -0.2980 -0.9501
vn -0.0244 -0.5466 0.8370
vn 0.8559 -0.5166 -0.0236
vn 0.1034 -0.2727 -0.9565
vn 0.9181 -0.3948 -0.0341
vn 0.8571 0.5115 -0.0606
vn 0.9182 0.3954 0.0232
vn 0.9579 0.2478 -0.1451
vn 0.9534 0.0865 -0.2891
vn 0.9351 -0.0368 -0.3524
vn 0.9151 -0.1440 -0.3765
vn 0.8832 -0.2721 -0.3821
vn 0.8466 -0.4303 -0.3133
vn 0.6661 -0.6208 0.4135
vn 0.6273 -0.6835 0.3732
vn 0.5957 -0.7261 0.3434
vn 0.5576 -0.7703 0.3094
vn 0.5876 -0.7767 -0.2267
vn 0.5036 -0.8597 0.0858
vn -0.0001 -0.9428 0.3334
vn 0.0010 -0.9750 -0.2222
vn -0.1468 -0.9891 -0.0072
vn -0.6026 -0.7619 0.2374
vn -0.6453 -0.7586 -0.0899
vn -0.6054 -0.7945 0.0474
vn -0.6455 -0.7520 0.1336
vn -0.5510 -0.8315 0.0712
vn -0.6791 -0.7137 0.1716
vn -0.7643 -0.6101 0.2090
vn -0.8318 -0.5510 0.0668
vn -0.8694 -0.4940 0.0068
vn -0.9006 -0.4142 -0.1319
vn -0.9326 -0.2590 -0.2512
vn -0.9309 -0.0699 -0.3586
vn -0.9362 0.1162 -0.3316
vn -0.9636 0.2263 -0.1423
vn -0.8991 0.4349 -0.0495
vn 0.2221 0.3681 -0.9029
vn 0.5363 0.1666 -0.8274
vn 0.6177 0.0997 -0.7801
vn 0.6090 -0.0083 -0.7931
vn 0.5739 -0.1119 -0.8112
vn 0.5261 -0.2169 -0.8223
vn 0.3970 -0.3894 -0.8311
vn 0.2922 -0.5444 -0.7862
vn -0.3216 -0.6585 -0.6804
vn -0.2657 -0.6842 -0.6792
vn -0.3092 -0.7232 -0.6176
vn 0.0056 -0.7900 -0.6131
vn -0.2487 -0.8052 -0.5383
vn -0.0215 -0.9966 -0.0795
vn -0.2020 -0.9789 0.0294
vn 0.1331 -0.8832 -0.4497
vn -0.1084 -0.8621 0.4949
vn -0.2294 -0.8130 0.5352
vn 0.0424 -0.8900 0.4539
vn -0.3025 -0.7662 0.5669
vn -0.3171 -0.6908 0.6498
vn -0.4129 -0.6285 0.6592
vn 0.2856 -0.4615 0.8399
vn 0.3173 -0.3295 0.8892
vn 0.3647 -0.3030 0.8804
vn 0.3932 -0.2155 0.8939
vn 0.4344 -0.0413 0.8998
vn 0.4115 0.1266 0.9026
vn 0.3199 0.1662 0.9328
vn 0.2560 0.3861 0.8862
vn 0.9050 0.4253 0.0128
vn 0.9591 0.2182 0.1803
vn 0.9671 0.0836 0.2402
vn 0.9611 -0.0341 0.2743
vn 0.9519 -0.1220 0.2809
vn 0.9293 -0.2463 0.2752
vn 0.8780 -0.4132 0.2415
vn 0.8247 -0.5438 0.1554
vn 0.7224 -0.6172 -0.3119
vn 0.6578 -0.6949 -0.2907
vn 0.6130 -0.7522 -0.2417
vn 0.5500 -0.7855 -0.2836
vn -0.0168 -0.9584 -0.2848
vn -0.5935 -0.7657 -0.2479
vn -0.6693 -0.7267 -0.1548
vn -0.6697 -0.7215 -0.1759
vn -0.6840 -0.6701 -0.2883
vn -0.7554 -0.6141 0.2286
vn -0.8568 -0.4219 0.2966
vn -0.8700 -0.2104 0.4460
vn -0.8177 -0.1129 0.5645
vn -0.7727 -0.0713 0.6307
vn -0.7887 0.0398 0.6135
vn -0.8335 0.1457 0.5330
vn -0.8850 0.3775 0.2724
vn -0.3000 0.3552 -0.8854
vn -0.3328 0.1234 -0.9349
vn -0.3097 0.0289 -0.9504
vn -0.3129 -0.0774 -0.9466
vn -0.2873 -0.1745 -0.9418
vn -0.1861 -0.3044 -0.9342
vn -0.0873 -0.4540 -0.8867
vn -0.0391 -0.5714 -0.8197
vn 0.2714 -0.6102 -0.7443
vn 0.3043 -0.6510 -0.6954
vn 0.3473 -0.6967 -0.6277
vn 0.3793 -0.7403 -0.5550
vn -0.1020 -0.8762 -0.4711
vn 0.2559 -0.9662 0.0312
vn -0.0384 -0.9963 -0.0762
vn -0.1034 -0.8627 -0.4951
vn 0.4392 -0.7956 0.4173
vn 0.0457 -0.9034 0.4263
vn 0.5226 -0.6483 0.5538
vn -0.2154 -0.8338 0.5083
vn 0.4610 -0.5844 0.6678
vn 0.4112 -0.5384 0.7355
vn -0.1750 -0.4447 0.8784
vn -0.2128 -0.2924 0.9323
vn -0.2217 -0.1756 0.9592
vn -0.2006 -0.0837 0.9761
vn -0.1402 0.0067 0.9901
vn -0.0732 0.1413 0.9873
vn -0.0860 0.3465 0.9341
vn -0.0862 0.5553 0.8272
vn 0.8214 0.5595 -0.1108
vn 0.9723 0.2303 0.0408
vn 0.9654 0.2042 0.1623
vn 0.9733 0.1174 -0.1973
vn 0.9628 0.0076 -0.2701
vn 0.9589 -0.0917 -0.2685
vn 0.9373 -0.2191 -0.2712
vn 0.8770 -0.4144 -0.2432
vn 0.7619 -0.6242 -0.1728
vn 0.7117 -0.5736 0.4055
vn 0.6217 -0.6386 0.4536
vn 0.6050 -0.7056 0.3689
vn 0.5681 -0.7494 0.3401
vn 0.6591 -0.7206 -0.2151
vn 0.5371 -0.8395 -0.0818
vn 0.4895 -0.8523 0.1845
vn 0.4852 -0.8088 0.3323
vn 0.5305 -0.8303 -0.1707
vn 0.3735 -0.9275 -0.0128
vn 0.4019 -0.9102 0.1001
vn -0.5815 -0.7616 0.2862
vn -0.5013 -0.8589 0.1049
vn -0.6413 -0.7620 -0.0892
vn -0.6520 -0.7468 0.1311
vn -0.7011 -0.6963 0.1535
vn -0.6070 -0.7764 0.1697
vn -0.7011 -0.7070 0.0934
vn -0.5954 -0.7998 0.0759
vn -0.6532 -0.7396 0.1625
vn -0.7251 -0.6478 0.2337
vn -0.7884 -0.6106 0.0755
vn -0.8468 -0.4958 0.1927
vn -0.8792 -0.4061 0.2490
vn -0.9088 -0.2664 0.3211
vn -0.9240 -0.1374 0.3568
vn -0.9302 -0.0259 0.3661
vn -0.9662 0.1644 -0.1983
vn -0.9649 0.2551 -0.0629
vn -0.8423 0.5382 -0.0294
vn 0.0884 0.5133 -0.8536
vn 0.3453 0.1709 -0.9228
vn 0.5492 0.0944 -0.8304
vn -0.5010 -0.0275 -0.8650
vn -0.5048 -0.1240 -0.8543
vn -0.4884 -0.2326 -0.8411
vn -0.4553 -0.3460 -0.8204
vn -0.4059 -0.4623 -0.7884
vn 0.1966 -0.6539 -0.7306
vn -0.3212 -0.6771 -0.6621
vn -0.1130 -0.7243 -0.6802
vn -0.0755 -0.7198 -0.6900
vn 0.0992 -0.8341 -0.5427
vn 0.0541 -0.8959 -0.4410
vn 0.0331 -0.8495 -0.5265
vn 0.2393 -0.9020 -0.3593
vn -0.0451 -0.7659 -0.6413
vn 0.0629 -0.7690 -0.6362
vn 0.1533 -0.8987 -0.4108
vn 0.1387 -0.9286 -0.3442
vn 0.0418 -0.8903 0.4534
vn 0.0368 -0.8638 0.5024
vn 0.1725 -0.8416 0.5118
vn 0.1634 -0.8574 0.4880
vn -0.2575 -0.7976 0.5455
vn -0.3510 -0.7276 0.5894
vn 0.1845 -0.7737 0.6060
vn 0.1542 -0.7598 0.6316
vn 0.2421 -0.6255 0.7417
vn 0.2496 -0.3913 0.8858
vn 0.2653 -0.3529 0.8973
vn 0.3502 -0.2901 0.8906
vn 0.3882 -0.0994 0.9162
vn 0.4202 0.0376 0.9067
vn -0.3773 0.1596 0.9122
vn -0.3608 0.2044 0.9100
vn -0.1974 0.6460 0.7373
vn 0.8519 0.5220 -0.0412
vn 0.9584 0.2757 0.0738
vn 0.9799 0.1339 0.1480
vn 0.9529 -0.0236 -0.3023
vn 0.9418 -0.1185 -0.3146
vn 0.9184 -0.2235 -0.3265
vn 0.8749 -0.3407 -0.3443
vn 0.8181 -0.4734 -0.3265
vn 0.7756 -0.6247 0.0902
vn 0.6846 -0.6593 -0.3108
vn 0.6344 -0.7638 -0.1185
vn 0.6066 -0.7875 -0.1094
vn 0.6798 -0.7293 -0.0769
vn 0.6787 -0.7241 -0.1227
vn 0.3931 -0.9195 0.0032
vn 0.4957 -0.8685 -0.0055
vn -0.5191 -0.7999 -0.3011
vn -0.6323 -0.7335 -0.2492
vn -0.5675 -0.8227 0.0332
vn -0.7208 -0.6924 -0.0328
vn -0.6971 -0.7163 -0.0325
vn -0.6348 -0.7709 0.0524
vn -0.7022 -0.7115 0.0251
vn -0.6709 -0.7200 0.1776
vn -0.8042 -0.4742 -0.3583
vn -0.8459 -0.3650 -0.3890
vn -0.8803 -0.2360 -0.4115
vn -0.8991 -0.1231 -0.4201
vn -0.9007 -0.0365 -0.4330
vn -0.8927 0.1540 -0.4234
vn -0.8991 0.2026 -0.3879
vn -0.7079 0.6640 -0.2407
vn 0.2240 0.6656 -0.7119
vn 0.3909 0.1844 -0.9018
vn 0.3640 0.1320 -0.9220
vn -0.3074 -0.0312 -0.9511
vn -0.2752 -0.1009 -0.9561
vn 0.3503 -0.2652 -0.8983
vn 0.2995 -0.3912 -0.8702
vn 0.2680 -0.4720 -0.8399
vn 0.0062 -0.6182 -0.7860
vn 0.1300 -0.6524 -0.7466
vn 0.0074 -0.7068 -0.7074
vn -0.0784 -0.8054 -0.5875
vn 0.2506 -0.8684 -0.4278
vn -0.1103 -0.8494 -0.5161
vn -0.1060 -0.8912 -0.4410
vn -0.0611 -0.8707 -0.4880
vn -0.0641 -0.9552 0.2891
vn -0.1125 -0.8388 0.5327
vn -0.1136 -0.8865 0.4485
vn 0.5113 -0.6917 0.5101
vn -0.2108 -0.8435 0.4941
vn -0.0805 -0.8521 0.5171
vn -0.2120 -0.8472 0.4872
vn 0.4792 -0.6173 0.6240
vn -0.1407 -0.6952 0.7049
vn 0.0071 -0.7123 0.7018
vn -0.0698 -0.5865 0.8070
vn 0.3562 -0.4330 0.8280
vn 0.3437 -0.3273 0.8802
vn 0.3184 -0.2173 0.9227
vn 0.2947 -0.1073 0.9496
vn 0.2601 -0.0103 0.9655
vn -0.0367 0.2112 0.9768
vn -0.0710 0.3940 0.9164
vn -0.0399 0.4399 0.8972
vn -0.0842 -0.2970 0.9512
vn -0.9411 -0.3377 0.0152
vn -0.9003 -0.1427 0.4112
vn 0.4031 -0.1428 -0.9039
vn 0.0809 -0.7089 0.7007
vn 0.6863 -0.7218 0.0898
vn -0.3598 -0.2049 -0.9102
vn 0.9575 -0.2315 0.1723
vn 0.9417 0.3363 0.0040
vn 0.9699 0.2089 0.1254
vn 0.9489 0.1105 0.2956
vn 0.9314 -0.0463 0.3611
vn 0.8997 -0.1619 0.4054
vn 0.8603 -0.2703 0.4322
vn 0.8075 -0.3683 0.4608
vn 0.7391 -0.4892 0.4631
vn 0.6910 -0.7227 0.0147
vn 0.6147 -0.7833 0.0931
vn 0.6277 -0.7726 0.0949
vn 0.4858 -0.8711 0.0717
vn 0.5488 -0.8332 -0.0678
vn 0.4958 -0.8394 0.2229
vn -0.0477 -0.9965 -0.0690
vn -0.0225 -0.9992 -0.0327
vn -0.1101 -0.9655 0.2361
vn -0.6607 -0.7421 -0.1130
vn -0.6741 -0.7376 0.0395
vn -0.6497 -0.7357 0.1914
vn -0.6983 -0.7149 -0.0361
vn -0.5417 -0.8127 0.2148
vn -0.5560 -0.8296 0.0524
vn -0.7312 -0.6771 0.0829
vn -0.8256 -0.5285 0.1977
vn -0.8456 -0.4803 0.2329
vn -0.8817 -0.3592 0.3058
vn -0.9113 -0.2099 0.3543
vn -0.9248 -0.0804 0.3720
vn -0.9296 0.0701 0.3619
vn -0.9310 0.1834 0.3156
vn -0.9104 0.3330 0.2455
vn -0.3745 0.3427 -0.8616
vn -0.4156 0.1877 -0.8900
vn -0.4921 0.0658 -0.8681
vn -0.5149 -0.0797 -0.8535
vn -0.5203 -0.1831 -0.8341
vn -0.5051 -0.3016 -0.8086
vn -0.4661 -0.4222 -0.7775
vn -0.3991 -0.5457 -0.7368
vn 0.0684 -0.6518 -0.7553
vn -0.0764 -0.7133 -0.6967
vn -0.0064 -0.7881 -0.6155
vn 0.1937 -0.8930 -0.4062
vn 0.1113 -0.9334 -0.3413
vn 0.0247 -0.9964 -0.0809
vn 0.1527 -0.9882 0.0085
vn -0.0111 -0.7820 -0.6231
vn -0.0160 -0.8434 0.5371
vn 0.1733 -0.8177 0.5490
vn -0.0057 -0.8920 0.4520
vn 0.1729 -0.8181 0.5484
vn 0.1517 -0.7738 0.6150
vn 0.1740 -0.7164 0.6757
vn -0.4275 -0.4883 0.7608
vn -0.4207 -0.3829 0.8224
vn -0.4289 -0.3046 0.8504
vn -0.4511 -0.1895 0.8721
vn -0.4540 -0.0655 0.8886
vn -0.4286 0.0802 0.8999
vn -0.3801 0.1769 0.9079
vn -0.3731 0.3253 0.8689
vn 0.9143 0.3408 -0.2189
vn 0.9395 0.1854 -0.2880
vn 0.9519 0.0685 -0.2986
vn 0.9474 -0.0697 -0.3125
vn 0.9265 -0.1731 -0.3342
vn 0.8917 -0.2769 -0.3580
vn 0.8325 -0.4153 -0.3668
vn 0.7706 -0.5428 -0.3340
vn 0.7705 -0.6357 0.0463
vn 0.6518 -0.7564 -0.0542
vn 0.6519 -0.7478 -0.1259
vn 0.6233 -0.7812 -0.0335
vn -0.0604 -0.9980 0.0206
vn -0.6333 -0.7702 0.0758
vn -0.6016 -0.7987 0.0152
vn -0.7204 -0.6933 -0.0192
vn -0.6539 -0.7497 0.1017
vn -0.7485 -0.5481 -0.3733
vn -0.8022 -0.4350 -0.4090
vn -0.8484 -0.3087 -0.4301
vn -0.8830 -0.1797 -0.4335
vn -0.8971 -0.0831 -0.4339
vn -0.8939 0.0539 -0.4450
vn -0.8823 0.1747 -0.4370
vn -0.8610 0.3101 -0.4031
vn 0.4102 0.3088 -0.8581
vn 0.3894 0.1484 -0.9090
vn 0.3589 0.0696 -0.9308
vn 0.3709 -0.0607 -0.9267
vn 0.3787 -0.1947 -0.9048
vn 0.3463 -0.3485 -0.8710
vn 0.3019 -0.4508 -0.8400
vn 0.2724 -0.5257 -0.8059
vn 0.0847 -0.6053 -0.7915
vn 0.0950 -0.7014 -0.7064
vn -0.0178 -0.7426 -0.6695
vn -0.1231 -0.8836 -0.4518
vn -0.0512 -0.8822 -0.4681
vn -0.0683 -0.9932 -0.0947
vn -0.1392 -0.9902 0.0076
vn -0.0607 -0.8755 -0.4794
vn -0.1571 -0.8873 0.4336
vn -0.2068 -0.8605 0.4656
vn -0.1646 -0.7608 0.6278
vn 0.0281 -0.8961 0.4429
vn -0.0789 -0.6869 0.7225
vn -0.0117 -0.6211 0.7836
vn 0.3775 -0.4808 0.7914
vn 0.3745 -0.3843 0.8438
vn 0.3512 -0.2679 0.8972
vn 0.3205 -0.1629 0.9331
vn 0.2800 -0.0554 0.9584
vn 0.2392 0.0820 0.9675
vn 0.1935 0.1944 0.9617
vn 0.0327 0.3715 0.9279
vn 0.8788 0.4768 -0.0197
vn 0.9152 0.4030 -0.0011
vn 0.9493 0.3089 -0.0577
vn 0.9426 0.0043 0.3338
vn 0.9202 -0.1025 0.3778
vn 0.8903 -0.2219 0.3977
vn 0.8487 -0.3212 0.4202
vn 0.7974 -0.4135 0.4395
vn 0.7215 -0.5518 0.4182
vn 0.7804 -0.6237 -0.0438
vn 0.6021 -0.7921 0.1005
vn 0.6129 -0.7811 0.1195
vn 0.5592 -0.8249 0.0824
vn 0.5278 -0.8450 -0.0859
vn 0.6287 -0.7484 -0.2112
vn 0.5771 -0.8044 0.1409
vn 0.4451 -0.8933 0.0619
vn 0.4229 -0.9060 0.0179
vn 0.4510 -0.8712 -0.1940
vn 0.4431 -0.8962 -0.0232
vn -0.5204 -0.8476 -0.1035
vn -0.6492 -0.7550 -0.0917
vn -0.6533 -0.7543 0.0649
vn -0.6681 -0.7075 0.2303
vn -0.6130 -0.7793 0.1303
vn -0.7197 -0.6838 -0.1198
vn -0.6914 -0.7212 -0.0429
vn -0.6283 -0.7478 0.2146
vn -0.6421 -0.7664 -0.0163
vn -0.6029 -0.7943 0.0741
vn -0.8037 -0.5631 0.1921
vn -0.8454 -0.5311 0.0574
vn -0.8685 -0.4938 -0.0429
vn -0.9127 -0.3582 -0.1966
vn -0.9464 -0.1292 -0.2961
vn -0.9394 0.0115 -0.3426
vn -0.9337 0.1646 0.3181
vn -0.9395 0.2244 0.2588
vn -0.7806 0.6129 0.1231
vn -0.2027 0.6404 -0.7408
vn -0.3668 0.2201 -0.9039
vn -0.4221 0.1698 -0.8905
vn 0.6199 0.0596 -0.7824
vn 0.5651 -0.0168 -0.8248
vn 0.5113 -0.1746 -0.8415
vn 0.3879 -0.3757 -0.8416
vn 0.2431 -0.5484 -0.8001
vn -0.3370 -0.5921 -0.7320
vn -0.1229 -0.6980 -0.7055
vn -0.3637 -0.6839 -0.6325
vn -0.2740 -0.7067 -0.6523
vn 0.2279 -0.8989 -0.3742
vn -0.3229 -0.7615 -0.5620
vn -0.3038 -0.7550 -0.5811
vn 0.2544 -0.8694 -0.4237
vn 0.1094 -0.8433 -0.5262
vn -0.0544 -0.7964 -0.6023
vn -0.2172 -0.8705 -0.4417
vn -0.2213 -0.8311 -0.5102
vn -0.0592 -0.8943 0.4435
vn -0.1112 -0.8858 0.4506
vn -0.2382 -0.8218 0.5177
vn -0.2129 -0.8306 0.5145
vn 0.1848 -0.8423 0.5064
vn 0.1761 -0.7838 0.5955
vn -0.4500 -0.6498 0.6127
vn -0.3290 -0.6676 0.6679
vn -0.3985 -0.5645 0.7229
vn -0.4115 -0.4198 0.8090
vn -0.4013 -0.3367 0.8518
vn -0.4245 -0.2400 0.8730
vn -0.4456 -0.1226 0.8868
vn -0.4412 -0.0132 0.8973
vn 0.3221 0.1524 0.9343
vn 0.2269 0.1737 0.9583
vn 0.1959 0.5373 0.8203
vn 0.8205 0.5619 -0.1047
vn 0.9485 0.2255 -0.2223
vn 0.9483 0.1579 -0.2754
vn 0.9691 0.0012 0.2468
vn 0.9703 -0.0663 0.2326
vn 0.9623 -0.1807 0.2034
vn 0.9167 -0.3566 0.1804
vn 0.8351 -0.5341 0.1319
vn 0.7601 -0.5779 -0.2971
vn 0.7195 -0.6913 0.0663
vn 0.6439 -0.7281 -0.2350
vn 0.6314 -0.7203 -0.2873
vn 0.5928 -0.7563 -0.2767
vn 0.5823 -0.7617 -0.2841
vn 0.4922 -0.8312 -0.2583
vn 0.5216 -0.7935 -0.3134
vn -0.5488 -0.8347 0.0466
vn -0.5814 -0.8129 0.0338
vn -0.6400 -0.7511 -0.1622
vn -0.6432 -0.7499 -0.1548
vn -0.6821 -0.7131 -0.1618
vn -0.6532 -0.7077 -0.2693
vn -0.6927 -0.6904 -0.2088
vn -0.7346 -0.6018 -0.3133
vn -0.8018 -0.5718 0.1739
vn -0.8795 -0.3804 0.2860
vn -0.8629 -0.1509 0.4822
vn -0.8105 -0.0347 0.5847
vn -0.7832 -0.0244 0.6213
vn -0.8494 0.0186 0.5274
vn -0.9131 0.1608 0.3748
vn -0.8504 0.4989 0.1670
vn -0.2206 0.4884 -0.8443
vn -0.2530 0.1643 -0.9534
vn -0.2391 0.0745 -0.9681
vn 0.3614 -0.0159 -0.9323
vn 0.3699 -0.1174 -0.9216
vn -0.2097 -0.2614 -0.9422
vn -0.0742 -0.4118 -0.9083
vn -0.0114 -0.5434 -0.8394
vn 0.2476 -0.5666 -0.7860
vn 0.3201 -0.6212 -0.7153
vn 0.3363 -0.6715 -0.6603
vn 0.4158 -0.6945 -0.5872
vn -0.0873 -0.8468 -0.5246
vn 0.3995 -0.7614 -0.5105
vn -0.0555 -0.8487 -0.5259
vn -0.0926 -0.8872 -0.4521
vn 0.3931 -0.8107 0.4338
vn -0.0728 -0.9009 0.4280
vn -0.1899 -0.8870 0.4208
vn -0.1836 -0.8205 0.5414
vn 0.4983 -0.7461 0.4416
vn 0.0122 -0.8360 0.5486
vn 0.0141 -0.8924 0.4511
vn -0.1159 -0.6894 0.7150
vn 0.5840 -0.5920 0.5553
vn 0.5169 -0.5357 0.6677
vn 0.3675 -0.5147 0.7746
vn -0.0601 -0.4233 0.9040
vn -0.1061 -0.2546 0.9612
vn -0.1172 -0.1335 0.9841
vn -0.1214 -0.0479 0.9914
vn -0.0894 0.0468 0.9949
vn 0.1943 0.1686 0.9663
vn 0.0795 0.2627 0.9616
vn -0.1013 0.6162 0.7810
vn -0.1028 0.5191 0.8485
vn 0.0075 0.2234 0.9747
vn 0.1283 0.2430 0.9615
vn 0.1588 0.2401 0.9577
vn 0.2090 0.1651 0.9639
vn 0.2202 0.1684 0.9608
vn -0.0217 -0.6955 0.7182
vn -0.0467 -0.6773 0.7342
vn 0.0167 -0.8707 0.4916
vn -0.0417 -0.8933 0.4475
vn 0.0207 -0.9088 0.4167
vn -0.1324 -0.8931 0.4300
vn -0.1726 -0.8922 0.4175
vn -0.0263 -0.8870 0.4609
vn 0.0281 -0.8971 0.4410
vn 0.3332 -0.8195 0.4663
vn 0.3221 -0.8268 0.4612
vn -0.0237 -0.8336 -0.5519
vn -0.0182 -0.8245 -0.5656
vn -0.1421 -0.8675 -0.4767
vn 0.3773 -0.7011 -0.6051
vn 0.3862 -0.7043 -0.5957
vn 0.0460 -0.7096 -0.7031
vn 0.0746 -0.7187 -0.6913
vn 0.2947 -0.6339 -0.7150
vn 0.3171 -0.6394 -0.7004
vn 0.3602 0.1450 -0.9215
vn 0.3578 0.1486 -0.9219
vn 0.3982 0.1773 -0.9000
vn 0.3906 0.1726 -0.9042
vn 0.3634 0.4591 -0.8107
vn 0.3799 0.4453 -0.8108
vn -0.8211 0.4216 -0.3847
vn -0.8204 0.4209 -0.3870
vn -0.8919 0.2045 -0.4033
vn -0.8858 0.2062 -0.4159
vn -0.8864 0.1544 -0.4363
vn -0.8865 0.1475 -0.4386
vn -0.6554 -0.6987 -0.2870
vn -0.6721 -0.7043 -0.2286
vn -0.6578 -0.7355 -0.1622
vn -0.6694 -0.7263 -0.1561
vn -0.5104 -0.8125 -0.2817
vn -0.4808 -0.8209 -0.3082
vn 0.5404 -0.7870 -0.2978
vn 0.5287 -0.7966 -0.2932
vn 0.5840 -0.7509 -0.3083
vn 0.5935 -0.7574 -0.2723
vn 0.6316 -0.7246 -0.2757
vn 0.6321 -0.7276 -0.2664
vn 0.6874 -0.6574 -0.3087
vn 0.6884 -0.6461 -0.3298
vn 0.9460 0.1588 -0.2827
vn 0.9442 0.1596 -0.2882
vn 0.9433 0.2238 -0.2452
vn 0.9385 0.2230 -0.2635
vn 0.8799 0.4402 -0.1789
vn 0.8679 0.4572 -0.1944
vn -0.3241 0.4587 0.8274
vn -0.3421 0.4540 0.8227
vn -0.3723 0.2048 0.9052
vn -0.3737 0.1998 0.9058
vn -0.3907 0.1639 0.9058
vn -0.4050 0.1669 0.8990
vn -0.4019 -0.6639 0.6306
vn -0.4072 -0.6505 0.6411
vn 0.1658 -0.7844 0.5977
vn 0.1793 -0.7840 0.5942
vn 0.1833 -0.8345 0.5197
vn 0.1928 -0.8089 0.5554
vn -0.2335 -0.8150 0.5303
vn -0.2250 -0.8102 0.5413
vn -0.0962 -0.8912 0.4434
vn -0.1063 -0.8938 0.4358
vn -0.2132 -0.8480 -0.4852
vn -0.2631 -0.8335 -0.4858
vn -0.0754 -0.7605 -0.6450
vn -0.0832 -0.7578 -0.6471
vn -0.3096 -0.7623 -0.5683
vn -0.3607 -0.7415 -0.5658
vn -0.3241 -0.6851 -0.6524
vn -0.3312 -0.6884 -0.6453
vn -0.0631 -0.7246 -0.6863
vn -0.0369 -0.7321 -0.6802
vn -0.4451 0.1658 -0.8800
vn -0.4628 0.1622 -0.8715
vn -0.3821 0.2234 -0.8967
vn -0.3962 0.2189 -0.8917
vn -0.3280 0.4545 -0.8281
vn -0.3446 0.4589 -0.8190
vn -0.8745 0.4281 0.2281
vn -0.8645 0.4448 0.2340
vn -0.9331 0.2221 0.2827
vn -0.9294 0.2192 0.2970
vn -0.9279 0.1648 0.3343
vn -0.9243 0.1635 0.3448
vn -0.6313 -0.7715 0.0790
vn -0.6627 -0.7420 0.1013
vn -0.5641 -0.8255 0.0165
vn -0.5228 -0.8516 0.0374
vn -0.6688 -0.7386 0.0854
vn -0.7466 -0.6600 -0.0838
vn -0.7354 -0.6741 -0.0690
vn -0.7011 -0.6788 0.2185
vn -0.6832 -0.7050 0.1905
vn -0.6307 -0.7696 0.0995
vn -0.6186 -0.7809 0.0871
vn -0.6437 -0.7605 -0.0858
vn -0.6305 -0.7724 -0.0765
vn -0.6331 -0.7689 0.0890
vn -0.6595 -0.7490 0.0644
vn -0.5812 -0.8053 -0.1171
vn -0.5808 -0.8014 -0.1432
vn 0.4397 -0.8974 0.0371
vn 0.4618 -0.8735 0.1540
vn 0.5134 -0.8579 -0.0205
vn 0.5266 -0.8490 -0.0429
vn 0.4579 -0.8888 0.0196
vn 0.4313 -0.9011 -0.0446
vn 0.5482 -0.8325 -0.0799
vn 0.5250 -0.8479 0.0739
vn 0.5089 -0.8570 0.0808
vn 0.6546 -0.7478 0.1104
vn 0.6626 -0.7410 0.1091
vn 0.6358 -0.6536 0.4105
vn 0.6422 -0.6434 0.4167
vn 0.9581 0.2003 0.2047
vn 0.9477 0.2067 0.2431
vn 0.9715 0.2269 0.0686
vn 0.9663 0.2386 0.0965
vn 0.8553 0.5052 -0.1152
vn 0.9793 0.2018 0.0181
vn -0.0108 0.4957 0.8685
vn -0.0539 0.4691 0.8815
vn -0.0874 0.4329 0.8972
vn -0.0778 0.4548 0.8872
vn -0.0691 0.2545 0.9646
vn -0.0485 0.2456 0.9682
vn 0.4703 -0.5474 0.6923
vn 0.4688 -0.5440 0.6960
vn 0.5655 -0.5804 0.5860
vn 0.5462 -0.5957 0.5890
vn -0.1236 -0.8303 0.5434
vn -0.1176 -0.8270 0.5498
vn 0.5683 -0.6776 0.4668
vn 0.5075 -0.7294 0.4588
vn -0.1432 -0.9260 0.3494
vn -0.0848 -0.9505 0.2989
vn 0.3338 -0.8139 -0.4755
vn 0.3367 -0.8066 -0.4859
vn -0.1428 -0.8783 -0.4563
vn -0.1024 -0.8529 -0.5119
vn 0.3615 -0.6665 -0.6520
vn 0.3244 -0.6766 -0.6611
vn 0.1115 -0.6743 -0.7300
vn 0.1136 -0.6646 -0.7385
vn -0.2932 0.0560 -0.9544
vn -0.2668 0.0444 -0.9627
vn -0.3056 0.1868 -0.9336
vn -0.2791 0.2091 -0.9372
vn -0.0984 0.8017 -0.5896
vn -0.1208 0.5781 -0.8070
vn -0.5555 0.8277 0.0800
vn -0.7970 0.5986 0.0803
vn -0.9195 0.1754 0.3519
vn -0.9113 0.2158 0.3507
vn -0.8476 0.0281 0.5299
vn -0.8433 0.0313 0.5366
vn -0.6548 -0.7300 -0.1956
vn -0.6528 -0.7296 -0.2037
vn -0.6467 -0.7582 0.0832
vn -0.6434 -0.7609 0.0839
vn 0.6948 -0.7191 0.0126
vn 0.7093 -0.7047 0.0193
vn 0.9757 0.1374 0.1708
vn 0.9766 0.1414 0.1618
vn 0.9551 0.2919 0.0507
vn 0.9412 0.3331 0.0558
vn 0.6437 0.7653 -0.0017
vn 0.8279 0.5550 -0.0810
vn 0.1154 0.7917 0.6000
vn 0.1363 0.6144 0.7771
vn 0.2638 0.2015 0.9433
vn 0.2433 0.2011 0.9489
vn 0.3149 0.1302 0.9402
vn 0.3137 0.1762 0.9330
vn -0.3771 -0.7060 0.5995
vn -0.3344 -0.7200 0.6081
vn -0.3093 -0.7967 0.5192
vn -0.2568 -0.8036 0.5370
vn -0.3089 -0.6570 -0.6877
vn -0.2980 -0.6722 -0.6778
vn 0.5506 0.0679 -0.8320
vn 0.5633 0.0829 -0.8221
vn 0.3014 0.1806 -0.9363
vn 0.3055 0.2197 -0.9265
vn 0.0670 0.8172 -0.5725
vn 0.0159 0.5849 -0.8109
vn -0.6844 0.7282 -0.0361
vn -0.8182 0.5750 -0.0007
vn -0.9555 0.2880 -0.0644
vn -0.9560 0.2878 -0.0570
vn -0.9716 0.1741 -0.1602
vn -0.9640 0.2039 -0.1706
vn -0.7167 -0.6664 0.2057
vn -0.7164 -0.6664 0.2065
vn -0.6664 -0.7323 0.1401
vn -0.6571 -0.7414 0.1360
vn -0.6612 -0.7446 -0.0920
vn -0.6732 -0.7362 -0.0695
vn -0.6089 -0.7607 0.2250
vn -0.6156 -0.7673 0.1797
vn -0.6621 -0.7430 0.0975
vn -0.6499 -0.7591 0.0375
vn -0.5058 -0.8576 -0.0930
vn -0.6037 -0.7798 -0.1658
vn -0.5229 -0.7754 0.3539
vn -0.5809 -0.7605 0.2903
vn 0.4037 -0.9047 0.1360
vn 0.3527 -0.9177 0.1830
vn 0.5351 -0.8254 -0.1799
vn 0.5136 -0.8390 -0.1796
vn 0.5352 -0.7772 0.3310
vn 0.5404 -0.7816 0.3118
vn 0.5623 -0.7448 0.3591
vn 0.5693 -0.7535 0.3287
vn 0.5883 -0.7096 0.3879
vn 0.6065 -0.7125 0.3528
vn 0.6040 -0.7959 0.0423
vn 0.5848 -0.8085 0.0659
vn 0.9391 0.3436 0.0062
vn 0.9250 0.3798 -0.0035
vn 0.9139 0.4032 -0.0473
vn 0.9044 0.4262 -0.0189
vn 0.8846 0.4663 -0.0043
vn 0.8804 0.4739 -0.0159
vn 0.0986 -0.8370 0.5382
vn 0.5778 -0.7482 0.3262
vn 0.7150 -0.6479 0.2624
vn 0.6493 -0.7188 0.2485
vn 0.5396 -0.8083 0.2354
vn -0.5270 -0.8279 0.1918
vn -0.5768 -0.7996 0.1669
vn -0.6180 -0.7676 0.1698
vn -0.6776 -0.7146 0.1736
vn -0.2688 -0.7294 -0.6291
vn -0.0028 -0.6704 -0.7420
vn 0.1387 -0.8760 -0.4620
vn 0.1270 -0.8950 -0.4275
vn 0.1063 -0.8407 0.5309
vn 0.0913 -0.8492 0.5201
vn -0.1717 -0.7554 0.6324
vn -0.2515 -0.6609 0.7071
vn 0.0602 -0.7272 0.6838
vn 0.7684 -0.6026 -0.2154
vn 0.6397 -0.7431 -0.1962
vn 0.6001 -0.7871 -0.1426
vn 0.4434 -0.8963 -0.0086
vn -0.4868 -0.8453 -0.2201
vn -0.7063 -0.6759 -0.2106
vn -0.7247 -0.6853 0.0719
vn -0.6664 -0.7453 -0.0208
vn 0.0955 -0.6180 -0.7804
vn 0.0420 -0.7328 -0.6791
vn -0.0196 -0.8493 -0.5275
vn -0.0433 -0.8275 -0.5598
vn -0.1172 -0.9372 0.3285
vn -0.1938 -0.8544 0.4821
vn -0.1667 -0.6753 0.7184
vn -0.0795 -0.6970 0.7126
vn -0.1093 -0.8895 0.4437
vn 0.5641 -0.8219 0.0797
vn 0.6806 -0.7296 0.0661
vn 0.5636 -0.8252 0.0360
vn 0.5214 -0.8518 -0.0504
vn -0.5591 -0.8177 -0.1369
vn -0.7740 -0.6299 -0.0645
vn -0.6213 -0.7817 -0.0537
vn -0.5960 -0.8028 0.0155
vn -0.0817 -0.7563 -0.6491
vn -0.2752 -0.6260 -0.7297
vn -0.1991 -0.7784 -0.5953
vn -0.0979 -0.8351 -0.5413
vn -0.1937 -0.8092 0.5547
vn -0.1379 -0.8701 0.4731
vn 0.2025 -0.8500 0.4864
vn 0.2010 -0.7947 0.5728
vn -0.3389 -0.7852 0.5182
vn 0.6298 -0.7767 0.0065
vn 0.5857 -0.7641 -0.2705
vn 0.5790 -0.7766 -0.2482
vn 0.5188 -0.7829 -0.3433
vn -0.5912 -0.8038 0.0667
vn -0.6425 -0.7663 0.0077
vn -0.6748 -0.7222 -0.1518
vn -0.6940 -0.6968 -0.1811
vn 0.2458 -0.5526 -0.7964
vn 0.2700 -0.7301 -0.6277
vn 0.3299 -0.6807 -0.6541
vn 0.2475 -0.8807 -0.4038
vn 0.3293 -0.8864 0.3253
vn 0.4535 -0.7682 0.4519
vn 0.4916 -0.5329 0.6888
vn 0.4145 -0.4219 0.8063
vn -0.0974 -0.6720 0.7341
vn 0.2068 -0.9002 0.3834
vn 0.3297 -0.6669 -0.6683
vn 0.0991 -0.7156 -0.6914
vn 0.2433 -0.5847 -0.7739
vn -0.7549 -0.6329 -0.1719
vn -0.6928 -0.7087 -0.1331
vn -0.4714 -0.8586 -0.2014
vn 0.5010 -0.8461 -0.1817
vn 0.5374 -0.8236 -0.1814
vn 0.5866 -0.7871 -0.1904
vn 0.7755 -0.5892 -0.2267
vn -0.2928 -0.7565 0.5848
vn 0.2026 -0.7896 0.5792
vn 0.1977 -0.8223 0.5336
vn -0.1463 -0.8260 0.5444
vn -0.1466 -0.8224 0.5497
vn -0.2105 -0.7898 -0.5761
vn -0.2447 -0.6987 -0.6722
vn -0.2421 -0.6353 -0.7333
vn -0.0576 -0.7612 -0.6460
vn -0.6547 -0.7547 0.0417
vn -0.5234 -0.8519 -0.0190
vn -0.7297 -0.6807 -0.0641
vn -0.6650 -0.7396 -0.1044
vn 0.4506 -0.8863 -0.1070
vn 0.5352 -0.8446 0.0126
vn 0.6890 -0.7227 0.0536
vn 0.5793 -0.7558 0.3053
vn 0.3521 -0.4816 0.8025
vn 0.3901 -0.5316 0.7518
vn 0.4002 -0.6392 0.6567
vn -0.0155 -0.9224 0.3860
vn 0.2926 -0.8527 -0.4328
vn -0.1446 -0.8574 -0.4939
vn 0.2566 -0.7765 -0.5756
vn 0.0733 -0.6417 -0.7634
vn -0.6732 -0.7262 -0.1391
vn -0.6646 -0.7425 0.0838
vn 0.6998 -0.7095 -0.0832
vn -0.2623 -0.6785 0.6862
vn -0.2217 -0.7657 0.6038
vn -0.2454 -0.7131 -0.6567
vn -0.6349 -0.7635 0.1181
vn -0.6354 -0.7715 0.0313
vn -0.6592 -0.7246 0.2009
vn -0.4854 -0.8392 0.2451
vn 0.5816 -0.7690 0.2652
vn 0.6097 -0.7245 0.3215
vn 0.6748 -0.6735 0.3017
vn 0.6046 -0.7962 -0.0245
vn -0.0515 -0.9058 0.4206
vn 0.5058 -0.7782 0.3723
vn 0.7022 -0.6417 0.3085
vn 0.5896 -0.7494 0.3012
vn 0.5912 -0.7692 0.2426
vn -0.5657 -0.7800 0.2676
vn -0.6511 -0.7527 0.0972
vn -0.5663 -0.8224 0.0548
vn -0.6508 -0.7406 0.1672
vn -0.2666 -0.7506 -0.6046
vn -0.0541 -0.7156 -0.6964
vn 0.0069 -0.8850 -0.4655
vn 0.1529 -0.8837 -0.4423
vn 0.1842 -0.8401 0.5102
vn 0.1754 -0.8652 0.4697
vn -0.2055 -0.7652 0.6101
vn -0.2368 -0.6650 0.7083
vn 0.2100 -0.7772 0.5933
vn 0.6635 -0.6757 -0.3214
vn 0.6046 -0.7961 -0.0270
vn 0.6799 -0.7327 -0.0311
vn 0.5302 -0.8477 -0.0162
vn -0.5370 -0.8080 -0.2422
vn -0.7104 -0.6885 -0.1458
vn -0.6811 -0.7273 -0.0843
vn -0.6432 -0.7647 0.0379
vn 0.0864 -0.6255 -0.7754
vn 0.0151 -0.6736 -0.7390
vn -0.0587 -0.8071 -0.5874
vn -0.1448 -0.8795 -0.4533
vn 0.0151 -0.9369 0.3493
vn -0.1111 -0.8767 0.4680
vn -0.1193 -0.6731 0.7299
vn 0.0637 -0.6508 0.7565
vn -0.0043 -0.8549 0.5187
vn 0.6370 -0.7698 0.0407
vn 0.6638 -0.7431 0.0848
vn 0.5790 -0.8082 0.1076
vn 0.4648 -0.8765 0.1254
vn -0.5366 -0.8438 0.0030
vn -0.7425 -0.6673 -0.0581
vn -0.6593 -0.7505 0.0448
vn -0.5910 -0.8022 0.0849
vn 0.0030 -0.7151 -0.6990
vn -0.2514 -0.6032 -0.7570
vn -0.2446 -0.6705 -0.7004
vn -0.1574 -0.8199 -0.5505
vn -0.1532 -0.9009 0.4061
vn -0.1362 -0.7875 0.6010
vn 0.1075 -0.8799 0.4629
vn 0.0729 -0.8306 0.5521
vn -0.3217 -0.7760 0.5425
vn 0.7140 -0.6995 -0.0307
vn 0.5443 -0.8130 -0.2066
vn 0.4874 -0.8527 -0.1880
vn 0.4395 -0.8785 -0.1870
vn -0.5542 -0.8310 0.0483
vn -0.6352 -0.7621 0.1253
vn -0.7283 -0.6705 -0.1416
vn -0.7787 -0.6092 -0.1497
vn 0.2231 -0.5627 -0.7960
vn 0.2363 -0.7737 -0.5878
vn 0.3062 -0.6724 -0.6739
vn 0.3137 -0.8682 -0.3845
vn 0.3283 -0.8550 0.4015
vn 0.3684 -0.6285 0.6851
vn 0.4098 -0.4738 0.7795
vn 0.3760 -0.4790 0.7932
vn -0.0215 -0.6166 0.7870
vn 0.2812 -0.8574 0.4310
vn 0.2827 -0.6750 -0.6815
vn 0.0503 -0.7114 -0.7010
vn 0.2168 -0.5690 -0.7932
vn -0.6682 -0.6987 -0.2557
vn -0.6595 -0.7358 -0.1537
vn -0.4656 -0.8427 -0.2703
vn 0.5056 -0.7960 -0.3328
vn 0.5826 -0.7555 -0.2996
vn 0.5825 -0.7776 -0.2369
vn 0.6869 -0.6405 -0.3435
vn -0.2898 -0.8008 0.5241
vn 0.0876 -0.8350 0.5432
vn 0.1247 -0.8464 0.5177
vn -0.1822 -0.8354 0.5185
vn -0.1565 -0.8306 0.5344
vn -0.1109 -0.8098 -0.5761
vn -0.2620 -0.7311 -0.6300
vn -0.2489 -0.6230 -0.7416
vn 0.0837 -0.7402 -0.6672
vn -0.6267 -0.7741 0.0900
vn -0.5263 -0.8469 0.0755
vn -0.7434 -0.6687 -0.0147
vn -0.6685 -0.7428 -0.0368
vn 0.3608 -0.9272 0.1011
vn 0.5420 -0.8329 0.1118
vn 0.6898 -0.7151 0.1128
vn 0.5570 -0.7659 0.3210
vn 0.4015 -0.5032 0.7653
vn 0.4520 -0.4790 0.7525
vn 0.4957 -0.6633 0.5606
vn -0.1783 -0.9179 0.3544
vn 0.1751 -0.9102 -0.3753
vn -0.0687 -0.9008 -0.4287
vn 0.3052 -0.7004 -0.6452
vn 0.1077 -0.6468 -0.7550
vn -0.6769 -0.7164 -0.1691
vn -0.6618 -0.7454 0.0799
vn 0.6303 -0.7762 -0.0133
vn -0.2757 -0.6366 0.7202
vn -0.2113 -0.7444 0.6334
vn -0.2496 -0.7272 -0.6395
vn -0.6721 -0.7192 0.1759
vn -0.6307 -0.7582 0.1651
vn -0.5732 -0.8012 0.1718
vn -0.4853 -0.8448 0.2253
vn 0.6055 -0.7546 0.2529
vn 0.6556 -0.7108 0.2547
vn 0.7196 -0.6352 0.2806
vn 0.6046 -0.7925 0.0796
s 1
f 2//2 6//6 192//192
f 6//6 31//31 55//55
f 31//31 24//24 77//77
f 24//24 2//2 130//130
f 683//683 682//682 102//102
f 953//953 952//952 47//47
f 4//4 317//317 686//686
f 957//957 956//956 3//3
f 6//6 24//24 31//31
f 807//807 321//321 690//690
f 808//808 321//321 958//958
f 809//809 323//323 959//959
f 1078//1078 49//49 961//961
f 1079//1079 50//50 962//962
f 1080//1080 52//52 963//963
f 1081//1081 51//51 964//964
f 1082//1082 61//61 965//965
f 219//219 155//155 220//220
f 104//104 155//155 10//10
f 103//103 170//170 180//180
f 180//180 170//170 105//105
f 1574//1574 332//332 698//698
f 337//337 222//222 12//12
f 1575//1575 1445//1445 818//818
f 520//520 106//106 519//519
f 341//341 182//182 522//522
f 156//156 182//182 39//39
f 1576//1576 1443//1443 819//819
f 1089//1089 108//108 820//820
f 971//971 183//183 822//822
f 158//158 183//183 40//40
f 1577//1577 1441//1441 823//823
f 825//825 531//531 1092//1092
f 706//706 536//536 1094//1094
f 351//351 181//181 350//350
f 1578//1578 1435//1435 827//827
f 1096//1096 1432//1432 539//539
f 178//178 356//356 357//357
f 974//974 543//543 1099//1099
f 360//360 179//179 364//364
f 1579//1579 1429//1429 832//832
f 545//545 976//976 833//833
f 1102//1102 42//42 977//977
f 547//547 114//114 370//370
f 1580//1580 1425//1425 835//835
f 22//22 549//549 367//367
f 550//550 43//43 370//370
f 551//551 161//161 375//375
f 177//177 45//45 160//160
f 377//377 177//177 552//552
f 1581//1581 1423//1423 836//836
f 554//554 119//119 555//555
f 117//117 176//176 230//230
f 120//120 174//174 231//231
f 26//26 233//233 184//184
f 119//119 184//184 175//175
f 121//121 714//714 1106//1106
f 122//122 715//715 1107//1107
f 123//123 716//716 1108//1108
f 1109//1109 123//123 717//717
f 1110//1110 124//124 718//718
f 843//843 562//562 1421//1421
f 844//844 563//563 1419//1419
f 845//845 564//564 1417//1417
f 846//846 565//565 1415//1415
f 847//847 566//566 1413//1413
f 848//848 567//567 1411//1411
f 1117//1117 165//165 725//725
f 1118//1118 166//166 726//726
f 166//166 727//727 1119//1119
f 167//167 728//728 1120//1120
f 168//168 729//729 1121//1121
f 854//854 729//729 169//169
f 170//170 404//404 27//27
f 1582//1582 1409//1409 855//855
f 7//7 857//857 999//999
f 861//861 1126//1126 9//9
f 1005//1005 112//112 862//862
f 11//11 237//237 1468//1468
f 1588//1588 1407//1407 870//870
f 1589//1589 1405//1405 871//871
f 15//15 873//873 1010//1010
f 239//239 120//120 17//17
f 1143//1143 81//81 1012//1012
f 1144//1144 82//82 1013//1013
f 1145//1145 87//87 1014//1014
f 1146//1146 83//83 1015//1015
f 1147//1147 85//85 1016//1016
f 880//880 429//429 1018//1018
f 881//881 430//430 1019//1019
f 601//601 950//950 882//882
f 883//883 602//602 1397//1397
f 884//884 603//603 1395//1395
f 885//885 604//604 1393//1393
f 1154//1154 246//246 755//755
f 1155//1155 247//247 756//756
f 247//247 757//757 1156//1156
f 248//248 758//758 1157//1157
f 249//249 759//759 1158//1158
f 221//221 155//155 104//104
f 443//443 35//35 250//250
f 1591//1591 444//444 761//761
f 37//37 156//156 1473//1473
f 39//39 158//158 1474//1474
f 40//40 157//157 1475//1475
f 1595//1595 448//448 765//765
f 1596//1596 1387//1387 900//900
f 43//43 161//161 1478//1478
f 44//44 160//160 1479//1479
f 251//251 169//169 45//45
f 1175//1175 168//168 770//770
f 1176//1176 167//167 771//771
f 1177//1177 166//166 772//772
f 1178//1178 165//165 773//773
f 1179//1179 164//164 774//774
f 912//912 458//458 1043//1043
f 913//913 459//459 1044//1044
f 633//633 684//684 914//914
f 221//221 252//252 155//155
f 634//634 688//688 915//915
f 916//916 460//460 1045//1045
f 917//917 461//461 1046//1046
f 1186//1186 186//186 1048//1048
f 1187//1187 187//187 1049//1049
f 1188//1188 247//247 781//781
f 1189//1189 248//248 782//782
f 1190//1190 249//249 783//783
f 785//785 1191//1191 195//195
f 118//118 5//5 251//251
f 1599//1599 1373//1373 924//924
f 404//404 25//25 470//470
f 644//644 7//7 407//407
f 1600//1600 472//472 1055//1055
f 474//474 471//471 116//116
f 646//646 234//234 474//474
f 224//224 256//256 107//107
f 27//27 473//473 648//648
f 1601//1601 1369//1369 926//926
f 475//475 114//114 411//411
f 107//107 253//253 226//226
f 226//226 653//653 109//109
f 1602//1602 654//654 1195//1195
f 733//733 112//112 1005//1005
f 1197//1197 228//228 1060//1060
f 1198//1198 109//109 789//789
f 1603//1603 1365//1365 931//931
f 735//735 1607//1607 1008//1008
f 485//485 254//254 486//486
f 110//110 349//349 661//661
f 1604//1604 662//662 1202//1202
f 936//936 664//664 1361//1361
f 665//665 34//34 490//490
f 225//225 794//794 1205//1205
f 1605//1605 667//667 1206//1206
f 117//117 669//669 374//374
f 670//670 36//36 494//494
f 223//223 490//490 671//671
f 1606//1606 496//496 1066//1066
f 119//119 17//17 238//238
f 498//498 493//493 117//117
f 104//104 222//222 255//255
f 38//38 104//104 255//255
f 220//220 221//221 252//252
f 220//220 221//221 104//104
f 231//231 239//239 233//233
f 218//218 799//799 1210//1210
f 217//217 800//800 1211//1211
f 216//216 801//801 1212//1212
f 1213//1213 216//216 802//802
f 1214//1214 215//215 803//803
f 947//947 679//679 1355//1355
f 948//948 680//680 1353//1353
f 949//949 681//681 1351//1351
f 239//239 232//232 174//174
f 257//257 1//1 199//199
f 4//4 258//258 208//208
f 4//4 259//259 209//209
f 1//1 270//270 199//199
f 1//1 2//2 187//187
f 1//1 269//269 190//190
f 185//185 1//1 186//186
f 6//6 4//4 205//205
f 4//4 260//260 206//206
f 4//4 206//206 207//207
f 186//186 1//1 187//187
f 4//4 207//207 205//205
f 189//189 187//187 2//2
f 6//6 205//205 210//210
f 6//6 210//210 211//211
f 188//188 189//189 2//2
f 198//198 188//188 2//2
f 6//6 211//211 201//201
f 6//6 201//201 202//202
f 195//195 198//198 2//2
f 268//268 2//2 196//196
f 6//6 261//261 204//204
f 6//6 262//262 193//193
f 267//267 2//2 197//197
f 266//266 2//2 191//191
f 6//6 263//263 194//194
f 265//265 2//2 192//192
f 6//6 264//264 192//192
f 272//272 4//4 62//62
f 28//28 273//273 71//71
f 28//28 274//274 72//72
f 4//4 271//271 62//62
f 4//4 6//6 50//50
f 4//4 284//284 53//53
f 48//48 4//4 49//49
f 31//31 28//28 68//68
f 28//28 275//275 69//69
f 28//28 69//69 70//70
f 49//49 4//4 50//50
f 28//28 70//70 68//68
f 52//52 50//50 6//6
f 31//31 68//68 73//73
f 31//31 73//73 74//74
f 51//51 52//52 6//6
f 61//61 51//51 6//6
f 31//31 74//74 64//64
f 31//31 64//64 65//65
f 58//58 61//61 6//6
f 283//283 6//6 59//59
f 31//31 276//276 67//67
f 31//31 277//277 56//56
f 282//282 6//6 60//60
f 281//281 6//6 54//54
f 31//31 278//278 57//57
f 280//280 6//6 55//55
f 31//31 279//279 55//55
f 286//286 28//28 97//97
f 18//18 287//287 91//91
f 18//18 288//288 93//93
f 28//28 285//285 97//97
f 28//28 31//31 83//83
f 28//28 298//298 86//86
f 84//84 28//28 85//85
f 24//24 18//18 94//94
f 18//18 289//289 90//90
f 18//18 90//90 89//89
f 85//85 28//28 83//83
f 18//18 89//89 94//94
f 87//87 83//83 31//31
f 24//24 94//94 92//92
f 24//24 92//92 101//101
f 82//82 87//87 31//31
f 81//81 82//82 31//31
f 24//24 101//101 96//96
f 24//24 96//96 95//95
f 88//88 81//81 31//31
f 297//297 31//31 78//78
f 24//24 290//290 100//100
f 24//24 291//291 75//75
f 296//296 31//31 79//79
f 295//295 31//31 80//80
f 24//24 292//292 76//76
f 294//294 31//31 77//77
f 24//24 293//293 77//77
f 300//300 18//18 150//150
f 1//1 301//301 144//144
f 1//1 302//302 146//146
f 18//18 299//299 150//150
f 18//18 24//24 136//136
f 18//18 312//312 139//139
f 137//137 18//18 138//138
f 2//2 1//1 147//147
f 1//1 303//303 143//143
f 1//1 143//143 142//142
f 138//138 18//18 136//136
f 1//1 142//142 147//147
f 140//140 136//136 24//24
f 2//2 147//147 145//145
f 2//2 145//145 154//154
f 135//135 140//140 24//24
f 134//134 135//135 24//24
f 2//2 154//154 149//149
f 2//2 149//149 148//148
f 141//141 134//134 24//24
f 311//311 24//24 131//131
f 2//2 304//304 153//153
f 2//2 305//305 128//128
f 310//310 24//24 132//132
f 309//309 24//24 133//133
f 2//2 306//306 129//129
f 308//308 24//24 130//130
f 2//2 307//307 130//130
f 66//66 28//28 98//98
f 99//99 18//18 151//151
f 4//4 318//318 955//955
f 152//152 1//1 200//200
f 6//6 2//2 24//24
f 807//807 1348//1348 507//507
f 808//808 1346//1346 508//508
f 809//809 1344//1344 509//509
f 48//48 1078//1078 960//960
f 49//49 1079//1079 961//961
f 50//50 1080//1080 962//962
f 52//52 1081//1081 963//963
f 51//51 1082//1082 964//964
f 61//61 1083//1083 965//965
f 10//10 1084//1084 966//966
f 1083//1083 58//58 816//816
f 155//155 221//221 220//220
f 333//333 180//180 105//105
f 334//334 180//180 37//37
f 35//35 103//103 180//180
f 1342//1342 1574//1574 817//817
f 222//222 104//104 10//10
f 335//335 222//222 10//10
f 338//338 518//518 1575//1575
f 106//106 337//337 519//519
f 340//340 223//223 520//520
f 182//182 156//156 37//37
f 333//333 182//182 37//37
f 105//105 521//521 182//182
f 521//521 522//522 182//182
f 342//342 523//523 1576//1576
f 340//340 820//820 108//108
f 702//702 225//225 1089//1089
f 158//158 526//526 183//183
f 39//39 341//341 526//526
f 527//527 528//528 183//183
f 528//528 822//822 183//183
f 346//346 530//530 1577//1577
f 344//344 824//824 702//702
f 705//705 227//227 1093//1093
f 157//157 533//533 351//351
f 971//971 533//533 40//40
f 534//534 535//535 181//181
f 228//228 1331//1331 535//535
f 354//354 537//537 1578//1578
f 173//173 538//538 357//357
f 828//828 1327//1327 539//539
f 976//976 540//540 1097//1097
f 179//179 360//360 541//541
f 709//709 362//362 1324//1324
f 1098//1098 1321//1321 542//542
f 365//365 544//544 1579//1579
f 366//366 833//833 21//21
f 159//159 1102//1102 979//979
f 711//711 171//171 114//114
f 371//371 548//548 1580//1580
f 22//22 372//372 549//549
f 161//161 550//550 375//375
f 44//44 551//551 376//376
f 177//177 118//118 45//45
f 177//177 160//160 44//44
f 376//376 116//116 552//552
f 378//378 553//553 1581//1581
f 176//176 373//373 23//23
f 26//26 554//554 379//379
f 380//380 176//176 555//555
f 713//713 65//65 1105//1105
f 837//837 714//714 120//120
f 231//231 26//26 120//120
f 174//174 232//232 231//231
f 184//184 119//119 26//26
f 26//26 231//231 233//233
f 233//233 175//175 184//184
f 1106//1106 715//715 121//121
f 1107//1107 716//716 122//122
f 1108//1108 717//717 123//123
f 1109//1109 718//718 124//124
f 1110//1110 719//719 125//125
f 386//386 843//843 719//719
f 388//388 844//844 720//720
f 390//390 845//845 721//721
f 393//393 846//846 722//722
f 395//395 847//847 723//723
f 397//397 848//848 724//724
f 1117//1117 724//724 164//164
f 1118//1118 725//725 165//165
f 1119//1119 726//726 166//166
f 1120//1120 727//727 167//167
f 1121//1121 728//728 168//168
f 251//251 5//5 169//169
f 730//730 95//95 1122//1122
f 405//405 170//170 27//27
f 403//403 574//574 1582//1582
f 732//732 1617//1617 1124//1124
f 1298//1298 1498//1498 1124//1124
f 1126//1126 1001//1001 9//9
f 734//734 1618//1618 1127//1127
f 1296//1296 1499//1499 1127//1127
f 8//8 860//860 1000//1000
f 411//411 1129//1129 580//580
f 862//862 1294//1294 581//581
f 863//863 1003//1003 11//11
f 736//736 1619//1619 1132//1132
f 1292//1292 1500//1500 1132//1132
f 9//9 865//865 1002//1002
f 866//866 1454//1454 740//740
f 1134//1134 1290//1290 585//585
f 13//13 867//867 1006//1006
f 739//739 1620//1620 1136//1136
f 1501//1501 1656//1656 587//587
f 416//416 589//589 1588//1588
f 418//418 590//590 1589//1589
f 743//743 1624//1624 1140//1140
f 1282//1282 1505//1505 1140//1140
f 17//17 119//119 175//175
f 175//175 233//233 17//17
f 233//233 239//239 17//17
f 239//239 174//174 120//120
f 81//81 1142//1142 1012//1012
f 1011//1011 120//120 874//874
f 82//82 1143//1143 1013//1013
f 87//87 1144//1144 1014//1014
f 83//83 1145//1145 1015//1015
f 85//85 1146//1146 1016//1016
f 84//84 1147//1147 1017//1017
f 880//880 1280//1280 599//599
f 881//881 1278//1278 600//600
f 882//882 1276//1276 601//601
f 432//432 883//883 752//752
f 434//434 884//884 753//753
f 436//436 885//885 754//754
f 1154//1154 754//754 245//245
f 1155//1155 755//755 246//246
f 1156//1156 756//756 247//247
f 1157//1157 757//757 248//248
f 1158//1158 758//758 249//249
f 760//760 148//148 1159//1159
f 891//891 759//759 250//250
f 1268//1268 1591//1591 892//892
f 1161//1161 762//762 128//128
f 1161//1161 1651//1651 612//612
f 1163//1163 763//763 129//129
f 1163//1163 1650//1650 614//614
f 1165//1165 764//764 130//130
f 1165//1165 1649//1649 616//616
f 1260//1260 1595//1595 899//899
f 765//765 1477//1477 133//133
f 1169//1169 766//766 132//132
f 1170//1170 767//767 131//131
f 1170//1170 1647//1647 621//621
f 768//768 141//141 1172//1172
f 1172//1172 1646//1646 623//623
f 769//769 906//906 169//169
f 1036//1036 169//169 906//906
f 45//45 118//118 251//251
f 769//769 168//168 1175//1175
f 770//770 167//167 1176//1176
f 771//771 166//166 1177//1177
f 166//166 1178//1178 772//772
f 165//165 1179//1179 773//773
f 912//912 1254//1254 631//631
f 913//913 1252//1252 632//632
f 914//914 1250//1250 633//633
f 915//915 1248//1248 634//634
f 916//916 1246//1246 635//635
f 917//917 1244//1244 636//636
f 185//185 1186//1186 1047//1047
f 186//186 1187//1187 1048//1048
f 782//782 247//247 1188//1188
f 783//783 248//248 1189//1189
f 784//784 249//249 1190//1190
f 443//443 25//25 103//103
f 198//198 1191//1191 1052//1052
f 468//468 643//643 1599//1599
f 118//118 377//377 644//644
f 1240//1240 1600//1600 925//925
f 646//646 647//647 8//8
f 647//647 475//475 8//8
f 224//224 105//105 256//256
f 405//405 27//27 648//648
f 476//476 256//256 649//649
f 472//472 650//650 1601//1601
f 476//476 29//29 651//651
f 29//29 478//478 651//651
f 1057//1057 652//652 30//30
f 32//32 1195//1195 1058//1058
f 788//788 1636//1636 1196//1196
f 1059//1059 656//656 929//929
f 1060//1060 109//109 1198//1198
f 480//480 658//658 1603//1603
f 932//932 1231//1231 659//659
f 1200//1200 1229//1229 659//659
f 1062//1062 660//660 1201//1201
f 34//34 1202//1202 1063//1063
f 793//793 1638//1638 1203//1203
f 489//489 936//936 115//115
f 665//665 796//796 241//241
f 1205//1205 1064//1064 225//225
f 36//36 1206//1206 1065//1065
f 795//795 1639//1639 1207//1207
f 117//117 493//493 669//669
f 670//670 495//495 240//240
f 671//671 495//495 223//223
f 1224//1224 1606//1606 940//940
f 230//230 498//498 117//117
f 380//380 238//238 230//230
f 255//255 222//222 36//36
f 222//222 494//494 36//36
f 497//497 255//255 36//36
f 798//798 202//202 1209//1209
f 941//941 799//799 219//219
f 104//104 38//38 220//220
f 38//38 219//219 220//220
f 220//220 252//252 221//221
f 231//231 232//232 239//239
f 1210//1210 800//800 218//218
f 1211//1211 801//801 217//217
f 1212//1212 802//802 216//216
f 1213//1213 803//803 215//215
f 1214//1214 804//804 214//214
f 504//504 947//947 804//804
f 505//505 948//948 805//805
f 686//686 681//681 949//949
f 1218//1218 212//212 1217//1217
f 1218//1218 1219//1219 322//322
f 954//954 322//322 1219//1219
f 259//259 1216//1216 1220//1220
f 1220//1220 1221//1221 259//259
f 209//209 1221//1221 1073//1073
f 260//260 1215//1215 1222//1222
f 1222//1222 1223//1223 260//260
f 206//206 1223//1223 1072//1072
f 1072//1072 678//678 946//946
f 1071//1071 677//677 945//945
f 1070//1070 676//676 944//944
f 1069//1069 675//675 943//943
f 1068//1068 674//674 942//942
f 1067//1067 673//673 1209//1209
f 496//496 941//941 1066//1066
f 797//797 1640//1640 1208//1208
f 1224//1224 1522//1522 1225//1225
f 1065//1065 1641//1641 1225//1225
f 240//240 671//671 34//34
f 106//106 495//495 670//670
f 669//669 421//421 14//14
f 669//669 493//493 421//421
f 493//493 15//15 421//421
f 488//488 668//668 1605//1605
f 492//492 938//938 797//797
f 796//796 666//666 937//937
f 491//491 108//108 1064//1064
f 419//419 1204//1204 664//664
f 664//664 1226//1226 419//419
f 14//14 1226//1226 489//489
f 483//483 663//663 1604//1604
f 488//488 934//934 795//795
f 1227//1227 254//254 933//933
f 1227//1227 1228//1228 661//661
f 794//794 661//661 1228//1228
f 932//932 933//933 254//254
f 1229//1229 484//484 1230//1230
f 1230//1230 1201//1201 660//660
f 1200//1200 1059//1059 32//32
f 1231//1231 485//485 1232//1232
f 1232//1232 791//791 481//481
f 264//264 194//194 1637//1637
f 1233//1233 1642//1642 264//264
f 192//192 264//264 1642//1642
f 792//792 657//657 930//930
f 1235//1235 228//228 1197//1197
f 1235//1235 1236//1236 352//352
f 791//791 352//352 1236//1236
f 477//477 655//655 1602//1602
f 480//480 927//927 790//790
f 1237//1237 253//253 652//652
f 479//479 1237//1237 652//652
f 789//789 653//653 479//479
f 651//651 652//652 253//253
f 651//651 478//478 652//652
f 478//478 30//30 652//652
f 476//476 253//253 107//107
f 266//266 191//191 1635//1635
f 1238//1238 1643//1643 266//266
f 197//197 266//266 1643//1643
f 29//29 476//476 649//649
f 105//105 648//648 256//256
f 229//229 475//475 647//647
f 116//116 647//647 646//646
f 786//786 1634//1634 1193//1193
f 1240//1240 1525//1525 1241//1241
f 1054//1054 1644//1644 1241//1241
f 644//644 471//471 7//7
f 644//644 377//377 471//471
f 377//377 116//116 471//471
f 268//268 196//196 1633//1633
f 1242//1242 1645//1645 268//268
f 195//195 268//268 1645//1645
f 467//467 923//923 784//784
f 1052//1052 641//641 922//922
f 1051//1051 640//640 921//921
f 1050//1050 639//639 920//920
f 463//463 919//919 780//780
f 462//462 918//918 779//779
f 1185//1185 779//779 245//245
f 1244//1244 269//269 1245//1245
f 1245//1245 1047//1047 462//462
f 1184//1184 778//778 244//244
f 1246//1246 270//270 1247//1247
f 1247//1247 1046//1046 461//461
f 1183//1183 777//777 243//243
f 1248//1248 257//257 1249//1249
f 1249//1249 1045//1045 460//460
f 1182//1182 776//776 162//162
f 1250//1250 300//300 1251//1251
f 1251//1251 1044//1044 459//459
f 1181//1181 775//775 163//163
f 1252//1252 299//299 1253//1253
f 1253//1253 1043//1043 458//458
f 1180//1180 774//774 164//164
f 1254//1254 312//312 1255//1255
f 1255//1255 1042//1042 457//457
f 456//456 911//911 1041//1041
f 455//455 910//910 1040//1040
f 1039//1039 628//628 909//909
f 1038//1038 627//627 908//908
f 1037//1037 626//626 907//907
f 768//768 625//625 1174//1174
f 1037//1037 625//625 452//452
f 904//904 1479//1479 160//160
f 1527//1527 1257//1257 1256//1256
f 1257//1257 1513//1513 624//624
f 1036//1036 623//623 904//904
f 902//902 1478//1478 161//161
f 1528//1528 1259//1259 1258//1258
f 1259//1259 1512//1512 622//622
f 1035//1035 621//621 902//902
f 1034//1034 620//620 901//901
f 1511//1511 619//619 448//448
f 1032//1032 1629//1629 1167//1167
f 1260//1260 1529//1529 1261//1261
f 764//764 1648//1648 1261//1261
f 897//897 1475//1475 157//157
f 1530//1530 1263//1263 1262//1262
f 1263//1263 1509//1509 617//617
f 1032//1032 616//616 897//897
f 895//895 1474//1474 158//158
f 1531//1531 1265//1265 1264//1264
f 1265//1265 1508//1508 615//615
f 1031//1031 614//614 895//895
f 893//893 1473//1473 156//156
f 1532//1532 1267//1267 1266//1266
f 1267//1267 1507//1507 613//613
f 1030//1030 612//612 893//893
f 1028//1028 1625//1625 1160//1160
f 1268//1268 1533//1533 1269//1269
f 760//760 1652//1652 1269//1269
f 1027//1027 610//610 1159//1159
f 442//442 891//891 1028//1028
f 1026//1026 609//609 890//890
f 1025//1025 608//608 889//889
f 1024//1024 607//607 888//888
f 1023//1023 606//606 887//887
f 1022//1022 605//605 886//886
f 303//303 1153//1153 1270//1270
f 1270//1270 1271//1271 303//303
f 143//143 1271//1271 1022//1022
f 302//302 1152//1152 1272//1272
f 1272//1272 1273//1273 302//302
f 146//146 1273//1273 1021//1021
f 301//301 1151//1151 1274//1274
f 1274//1274 1275//1275 301//301
f 144//144 1275//1275 1020//1020
f 1150//1150 751//751 127//127
f 1276//1276 286//286 1277//1277
f 1277//1277 1019//1019 430//430
f 1149//1149 750//750 126//126
f 1278//1278 285//285 1279//1279
f 1279//1279 1018//1018 429//429
f 1148//1148 749//749 125//125
f 1280//1280 298//298 1281//1281
f 1281//1281 1017//1017 428//428
f 428//428 879//879 749//749
f 427//427 878//878 748//748
f 426//426 877//877 747//747
f 425//425 876//876 746//746
f 424//424 875//875 745//745
f 743//743 593//593 1142//1142
f 423//423 874//874 744//744
f 873//873 1471//1471 872//872
f 1282//1282 1534//1534 1283//1283
f 1141//1141 1653//1653 1283//1283
f 422//422 591//591 1590//1590
f 421//421 15//15 1623//1623
f 1284//1284 1654//1654 421//421
f 14//14 421//421 1654//1654
f 419//419 14//14 1622//1622
f 1286//1286 1655//1655 419//419
f 13//13 419//419 1655//1655
f 1467//1467 1468//1468 237//237
f 1537//1537 294//294 1538//1538
f 1657//1657 1502//1502 588//588
f 416//416 587//587 1586//1586
f 415//415 1135//1135 738//738
f 866//866 867//867 237//237
f 1290//1290 359//359 1291//1291
f 1291//1291 1135//1135 586//586
f 1134//1134 417//417 1488//1488
f 410//410 1133//1133 734//734
f 865//865 1466//1466 864//864
f 1292//1292 1539//1539 1293//1293
f 1133//1133 1658//1658 1293//1293
f 413//413 583//583 1585//1585
f 1131//1131 412//412 582//582
f 1130//1130 863//863 11//11
f 1294//1294 361//361 1295//1295
f 1295//1295 1131//1131 582//582
f 861//861 235//235 580//580
f 408//408 1128//1128 732//732
f 860//860 1465//1465 859//859
f 1296//1296 1540//1540 1297//1297
f 1128//1128 1659//1659 1297//1297
f 410//410 578//578 1584//1584
f 858//858 409//409 577//577
f 857//857 1464//1464 856//856
f 1298//1298 1541//1541 1299//1299
f 1125//1125 1660//1660 1299//1299
f 408//408 575//575 1583//1583
f 407//407 7//7 1616//1616
f 1300//1300 1661//1661 407//407
f 5//5 407//407 1661//1661
f 403//403 854//854 998//998
f 996//996 572//572 853//853
f 995//995 571//571 852//852
f 994//994 570//570 851//851
f 993//993 569//569 850//850
f 992//992 568//568 849//849
f 289//289 1116//1116 1302//1302
f 1302//1302 1303//1303 289//289
f 90//90 1303//1303 992//992
f 288//288 1115//1115 1304//1304
f 1304//1304 1305//1305 288//288
f 93//93 1305//1305 991//991
f 287//287 1114//1114 1306//1306
f 1306//1306 1307//1307 287//287
f 91//91 1307//1307 990//990
f 273//273 1113//1113 1308//1308
f 1308//1308 1309//1309 273//273
f 71//71 1309//1309 989//989
f 274//274 1112//1112 1310//1310
f 1310//1310 1311//1311 274//274
f 72//72 1311//1311 988//988
f 275//275 1111//1111 1312//1312
f 1312//1312 1313//1313 275//275
f 69//69 1313//1313 987//987
f 987//987 561//561 842//842
f 986//986 560//560 841//841
f 985//985 559//559 840//840
f 984//984 558//558 839//839
f 983//983 557//557 838//838
f 982//982 556//556 1105//1105
f 378//378 837//837 981//981
f 119//119 380//380 555//555
f 23//23 379//379 554//554
f 379//379 23//23 1615//1615
f 1314//1314 1662//1662 379//379
f 26//26 379//379 1662//1662
f 44//44 552//552 177//177
f 116//116 376//376 551//551
f 229//229 375//375 550//550
f 549//549 373//373 117//117
f 549//549 372//372 373//373
f 372//372 23//23 373//373
f 372//372 22//22 1614//1614
f 1316//1316 1663//1663 372//372
f 23//23 372//372 1663//1663
f 979//979 547//547 159//159
f 369//369 834//834 711//711
f 367//367 1101//1101 545//545
f 545//545 1318//1318 367//367
f 22//22 1318//1318 366//366
f 366//366 21//21 1613//1613
f 1319//1319 1664//1664 366//366
f 22//22 366//366 1664//1664
f 830//830 831//831 179//179
f 1321//1321 363//363 1322//1322
f 1322//1322 1099//1099 543//543
f 1323//1323 542//542 830//830
f 362//362 1323//1323 1324//1324
f 977//977 42//42 1098//1098
f 541//541 361//361 112//112
f 541//541 360//360 361//361
f 360//360 172//172 361//361
f 1325//1325 178//178 829//829
f 1325//1325 1326//1326 356//356
f 708//708 356//356 1326//1326
f 1096//1096 829//829 178//178
f 1327//1327 355//355 1328//1328
f 1328//1328 1097//1097 540//540
f 178//178 357//357 538//538
f 355//355 20//20 1612//1612
f 1329//1329 1665//1665 355//355
f 21//21 355//355 1665//1665
f 535//535 826//826 181//181
f 1331//1331 536//536 535//535
f 352//352 1094//1094 536//536
f 109//109 535//535 534//534
f 1332//1332 181//181 533//533
f 345//345 1332//1332 533//533
f 703//703 534//534 345//345
f 181//181 351//351 533//533
f 973//973 532//532 825//825
f 347//347 1092//1092 1333//1333
f 1333//1333 1334//1334 347//347
f 19//19 1334//1334 970//970
f 347//347 19//19 1611//1611
f 1335//1335 1666//1666 347//347
f 20//20 347//347 1666//1666
f 1090//1090 529//529 226//226
f 107//107 528//528 527//527
f 526//526 527//527 183//183
f 526//526 341//341 527//527
f 341//341 107//107 527//527
f 970//970 525//525 821//821
f 343//343 1088//1088 524//524
f 524//524 1337//1337 343//343
f 16//16 1337//1337 340//340
f 343//343 16//16 1610//1610
f 1338//1338 1667//1667 343//343
f 19//19 343//343 1667//1667
f 224//224 522//522 521//521
f 16//16 340//340 520//520
f 519//519 339//339 16//16
f 519//519 337//337 339//339
f 337//337 12//12 339//339
f 339//339 12//12 1609//1609
f 1340//1340 1668//1668 339//339
f 16//16 339//339 1668//1668
f 967//967 1608//1608 1085//1085
f 1342//1342 1550//1550 1343//1343
f 699//699 1669//1669 1343//1343
f 815//815 516//516 1084//1084
f 332//332 816//816 698//698
f 331//331 815//815 697//697
f 330//330 814//814 696//696
f 329//329 813//813 695//695
f 328//328 812//812 694//694
f 327//327 811//811 693//693
f 325//325 810//810 692//692
f 1077//1077 692//692 214//214
f 1344//1344 284//284 1345//1345
f 1345//1345 960//960 325//325
f 1076//1076 691//691 213//213
f 1346//1346 271//271 1347//1347
f 1347//1347 959//959 323//323
f 1075//1075 687//687 63//63
f 1348//1348 322//322 1349//1349
f 1349//1349 955//955 318//318
f 1350//1350 506//506 1074//1074
f 681//681 1350//1350 1351//1351
f 1217//1217 212//212 806//806
f 1352//1352 506//506 806//806
f 680//680 1352//1352 1353//1353
f 1216//1216 208//208 1074//1074
f 1354//1354 505//505 805//805
f 679//679 1354//1354 1355//1355
f 1215//1215 209//209 1073//1073
f 946//946 503//503 1071//1071
f 945//945 502//502 1070//1070
f 676//676 1069//1069 944//944
f 675//675 1068//1068 943//943
f 674//674 1067//1067 942//942
f 15//15 498//498 238//238
f 1551//1551 202//202 798//798
f 1357//1357 1551//1551 1356//1356
f 1640//1640 261//261 1357//1357
f 34//34 671//671 490//490
f 106//106 670//670 494//494
f 374//374 489//489 115//115
f 374//374 669//669 489//489
f 669//669 14//14 489//489
f 1552//1552 204//204 938//938
f 1359//1359 1552//1552 1358//1358
f 1639//1639 262//262 1359//1359
f 666//666 1062//1062 937//937
f 108//108 665//665 490//490
f 1360//1360 415//415 738//738
f 1361//1361 415//415 1360//1360
f 1204//1204 13//13 1006//1006
f 1553//1553 193//193 934//934
f 1363//1363 1553//1553 1362//1362
f 1638//1638 263//263 1363//1363
f 661//661 486//486 254//254
f 661//661 349//349 486//486
f 349//349 227//227 486//486
f 485//485 227//227 111//111
f 412//412 417//417 1573//1573
f 1554//1554 1061//1061 1364//1364
f 658//658 483//483 1554//1554
f 1637//1637 793//793 1199//1199
f 657//657 1057//1057 930//930
f 656//656 792//792 929//929
f 1001//1001 414//414 737//737
f 1555//1555 192//192 927//927
f 1367//1367 1555//1555 1366//1366
f 1636//1636 265//265 1367//1367
f 8//8 411//411 235//235
f 1556//1556 1056//1056 1368//1368
f 650//650 477//477 1556//1556
f 1635//1635 788//788 1194//1194
f 648//648 649//649 256//256
f 648//648 473//473 649//649
f 473//473 29//29 649//649
f 116//116 646//646 474//474
f 7//7 474//474 234//234
f 1557//1557 197//197 787//787
f 1371//1371 1557//1557 1370//1370
f 1634//1634 267//267 1371//1371
f 644//644 5//5 118//118
f 27//27 404//404 470//470
f 1558//1558 1054//1054 1372//1372
f 643//643 469//469 1558//1558
f 1633//1633 786//786 1192//1192
f 923//923 468//468 1053//1053
f 641//641 1051//1051 922//922
f 640//640 1050//1050 921//921
f 639//639 1049//1049 920//920
f 638//638 781//781 919//919
f 637//637 780//780 918//918
f 1374//1374 244//244 778//778
f 1374//1374 1375//1375 435//435
f 1185//1185 435//435 1375//1375
f 1376//1376 243//243 777//777
f 1376//1376 1377//1377 433//433
f 1184//1184 433//433 1377//1377
f 431//431 956//956 1378//1378
f 1378//1378 1379//1379 431//431
f 243//243 1379//1379 1183//1183
f 392//392 952//952 1380//1380
f 1380//1380 1381//1381 392//392
f 162//162 1381//1381 1182//1182
f 1382//1382 162//162 776//776
f 1382//1382 1383//1383 394//394
f 1181//1181 394//394 1383//1383
f 1384//1384 163//163 775//775
f 1384//1384 1385//1385 396//396
f 1180//1180 396//396 1385//1385
f 630//630 1042//1042 911//911
f 629//629 1041//1041 910//910
f 628//628 1040//1040 909//909
f 627//627 1039//1039 908//908
f 626//626 1038//1038 907//907
f 450//450 624//624 1513//1513
f 449//449 622//622 1512//1512
f 1559//1559 1169//1169 1386//1386
f 619//619 620//620 1559//1559
f 1630//1630 901//901 1168//1168
f 1560//1560 42//42 1033//1033
f 1389//1389 1560//1560 1388//1388
f 1629//1629 363//363 1389//1389
f 446//446 617//617 1509//1509
f 445//445 615//615 1508//1508
f 444//444 613//613 1507//1507
f 1561//1561 37//37 1029//1029
f 1391//1391 1561//1561 1390//1390
f 1625//1625 334//334 1391//1391
f 609//609 1027//1027 890//890
f 608//608 1026//1026 889//889
f 607//607 1025//1025 888//888
f 887//887 438//438 1024//1024
f 886//886 437//437 1023//1023
f 1392//1392 434//434 753//753
f 604//604 1392//1392 1393//1393
f 1153//1153 146//146 1021//1021
f 1394//1394 432//432 752//752
f 603//603 1394//1394 1395//1395
f 1152//1152 144//144 1020//1020
f 1396//1396 320//320 957//957
f 1397//1397 320//320 1396//1396
f 1151//1151 152//152 689//689
f 391//391 682//682 1398//1398
f 1398//1398 1399//1399 391//391
f 127//127 1399//1399 1150//1150
f 1400//1400 127//127 751//751
f 1400//1400 1401//1401 389//389
f 1149//1149 389//389 1401//1401
f 1402//1402 126//126 750//750
f 1402//1402 1403//1403 387//387
f 1148//1148 387//387 1403//1403
f 598//598 748//748 879//879
f 597//597 747//747 878//878
f 877//877 425//425 746//746
f 876//876 424//424 745//745
f 875//875 423//423 744//744
f 420//420 1141//1141 742//742
f 1562//1562 742//742 1404//1404
f 590//590 420//420 1562//1562
f 1623//1623 1010//1010 1139//1139
f 1563//1563 741//741 1406//1406
f 589//589 418//418 1563//1563
f 1622//1622 1009//1009 1138//1138
f 413//413 588//588 1502//1502
f 737//737 581//581 1130//1130
f 1129//1129 577//577 580//580
f 406//406 1125//1125 731//731
f 1564//1564 731//731 1408//1408
f 574//574 406//406 1564//1564
f 1616//1616 999//999 1123//1123
f 997//997 573//573 1122//1122
f 572//572 997//997 853//853
f 571//571 996//996 852//852
f 570//570 995//995 851//851
f 850//850 399//399 994//994
f 849//849 398//398 993//993
f 1410//1410 395//395 723//723
f 567//567 1410//1410 1411//1411
f 1116//1116 93//93 991//991
f 1412//1412 393//393 722//722
f 566//566 1412//1412 1413//1413
f 1115//1115 91//91 990//990
f 1414//1414 316//316 953//953
f 1415//1415 316//316 1414//1414
f 1114//1114 99//99 685//685
f 1416//1416 314//314 683//683
f 1417//1417 314//314 1416//1416
f 1113//1113 66//66 951//951
f 1418//1418 390//390 721//721
f 563//563 1418//1418 1419//1419
f 1112//1112 71//71 989//989
f 1420//1420 388//388 720//720
f 562//562 1420//1420 1421//1421
f 1111//1111 72//72 988//988
f 842//842 385//385 986//986
f 841//841 384//384 985//985
f 559//559 984//984 840//840
f 558//558 983//983 839//839
f 557//557 982//982 838//838
f 554//554 176//176 23//23
f 1565//1565 712//712 1422//1422
f 553//553 371//371 1565//1565
f 1615//1615 980//980 1104//1104
f 116//116 377//377 552//552
f 116//116 375//375 229//229
f 229//229 370//370 114//114
f 367//367 374//374 115//115
f 367//367 549//549 374//374
f 549//549 117//117 374//374
f 1566//1566 710//710 1424//1424
f 548//548 365//365 1566//1566
f 1614//1614 978//978 1103//1103
f 547//547 43//43 159//159
f 834//834 362//362 709//709
f 368//368 708//708 1426//1426
f 1426//1426 1427//1427 368//368
f 115//115 1427//1427 1101//1101
f 1567//1567 707//707 1428//1428
f 544//544 354//354 1567//1567
f 1613//1613 975//975 1100//1100
f 172//172 364//364 111//111
f 1430//1430 179//179 831//831
f 1430//1430 1431//1431 364//364
f 706//706 364//364 1431//1431
f 357//357 359//359 173//173
f 357//357 356//356 359//359
f 356//356 113//113 359//359
f 828//828 973//973 20//20
f 1432//1432 538//538 1433//1433
f 1433//1433 705//705 348//348
f 1568//1568 704//704 1434//1434
f 537//537 346//346 1568//1568
f 1612//1612 972//972 1095//1095
f 157//157 350//350 41//41
f 1436//1436 181//181 826//826
f 1436//1436 1437//1437 350//350
f 974//974 350//350 1437//1437
f 1438//1438 110//110 824//824
f 1438//1438 1439//1439 349//349
f 1093//1093 349//349 1439//1439
f 1569//1569 701//701 1440//1440
f 530//530 342//342 1569//1569
f 1611//1611 969//969 1091//1091
f 703//703 529//529 1090//1090
f 821//821 524//524 1088//1088
f 1570//1570 700//700 1442//1442
f 523//523 338//338 1570//1570
f 1610//1610 968//968 1087//1087
f 107//107 341//341 522//522
f 16//16 520//520 519//519
f 1571//1571 699//699 1444//1444
f 518//518 336//336 1571//1571
f 1609//1609 967//967 1086//1086
f 1572//1572 10//10 966//966
f 1447//1447 1572//1572 1446//1446
f 1608//1608 335//335 1447//1447
f 814//814 331//331 697//697
f 813//813 330//330 696//696
f 812//812 329//329 695//695
f 511//511 694//694 811//811
f 510//510 693//693 810//810
f 1448//1448 213//213 691//691
f 1448//1448 1449//1449 326//326
f 1077//1077 326//326 1449//1449
f 1450//1450 212//212 690//690
f 1450//1450 1451//1451 324//324
f 1076//1076 324//324 1451//1451
f 1452//1452 62//62 958//958
f 1452//1452 1453//1453 272//272
f 1075//1075 272//272 1453//1453
f 688//688 320//320 689//689
f 684//684 316//316 685//685
f 950//950 314//314 951//951
f 98//98 951//951 66//66
f 151//151 685//685 99//99
f 200//200 689//689 152//152
f 507//507 1075//1075 1453//1453
f 507//507 1452//1452 321//321
f 321//321 1452//1452 958//958
f 508//508 1076//1076 1451//1451
f 508//508 1450//1450 321//321
f 321//321 1450//1450 690//690
f 509//509 1077//1077 1449//1449
f 509//509 1448//1448 323//323
f 323//323 1448//1448 691//691
f 810//810 215//215 214//214
f 811//811 216//216 215//215
f 216//216 695//695 217//217
f 217//217 696//696 218//218
f 218//218 697//697 219//219
f 1489//1489 1447//1447 517//517
f 1447//1447 1446//1446 1691//1691
f 1691//1691 966//966 332//332
f 1490//1490 967//967 336//336
f 1445//1445 1690//1690 282//282
f 1690//1690 699//699 59//59
f 1491//1491 968//968 338//338
f 1443//1443 1689//1689 281//281
f 1689//1689 700//700 60//60
f 19//19 821//821 1088//1088
f 109//109 703//703 1090//1090
f 1492//1492 969//969 342//342
f 1441//1441 1688//1688 280//280
f 1688//1688 701//701 54//54
f 532//532 1093//1093 1439//1439
f 532//532 1438//1438 531//531
f 531//531 1438//1438 824//824
f 353//353 974//974 1437//1437
f 353//353 1436//1436 536//536
f 536//536 1436//1436 826//826
f 1493//1493 972//972 346//346
f 1435//1435 1687//1687 279//279
f 1687//1687 704//704 55//55
f 538//538 705//705 1433//1433
f 1432//1432 348//348 539//539
f 539//539 973//973 828//828
f 353//353 706//706 1431//1431
f 353//353 1430//1430 543//543
f 543//543 1430//1430 831//831
f 1494//1494 975//975 354//354
f 1429//1429 1686//1686 278//278
f 1686//1686 707//707 57//57
f 545//545 1101//1101 1427//1427
f 358//358 1427//1427 1426//1426
f 358//358 1426//1426 708//708
f 171//171 709//709 112//112
f 1495//1495 978//978 365//365
f 1425//1425 1685//1685 277//277
f 1685//1685 710//710 56//56
f 1496//1496 980//980 371//371
f 1423//1423 1684//1684 276//276
f 1684//1684 712//712 67//67
f 64//64 838//838 982//982
f 74//74 839//839 983//983
f 73//73 840//840 984//984
f 68//68 841//841 985//985
f 70//70 842//842 986//986
f 1111//1111 388//388 562//562
f 387//387 1421//1421 1420//1420
f 1420//1420 126//126 387//387
f 1112//1112 390//390 563//563
f 389//389 1419//1419 1418//1418
f 1418//1418 127//127 389//389
f 564//564 951//951 314//314
f 391//391 1417//1417 1416//1416
f 391//391 683//683 102//102
f 565//565 685//685 316//316
f 392//392 1415//1415 1414//1414
f 392//392 953//953 47//47
f 1115//1115 393//393 566//566
f 394//394 1413//1413 1412//1412
f 1412//1412 162//162 394//394
f 1116//1116 395//395 567//567
f 396//396 1411//1411 1410//1410
f 1410//1410 163//163 396//396
f 89//89 849//849 993//993
f 94//94 850//850 994//994
f 92//92 851//851 995//995
f 101//101 852//852 996//996
f 96//96 853//853 997//997
f 96//96 1122//1122 95//95
f 1497//1497 999//999 406//406
f 1409//1409 1683//1683 290//290
f 1683//1683 731//731 100//100
f 100//100 731//731 1125//1125
f 114//114 858//858 1129//1129
f 236//236 1130//1130 11//11
f 736//736 1621//1621 77//77
f 1503//1503 1009//1009 418//418
f 1407//1407 1682//1682 295//295
f 1682//1682 741//741 79//79
f 1504//1504 1010//1010 420//420
f 1405//1405 1681//1681 296//296
f 1681//1681 742//742 78//78
f 78//78 742//742 1141//1141
f 121//121 744//744 120//120
f 122//122 745//745 121//121
f 123//123 746//746 122//122
f 878//878 123//123 124//124
f 879//879 124//124 125//125
f 599//599 1148//1148 1403//1403
f 599//599 1402//1402 429//429
f 429//429 1402//1402 750//750
f 600//600 1149//1149 1401//1401
f 600//600 1400//1400 430//430
f 430//430 1400//1400 751//751
f 601//601 1150//1150 1399//1399
f 313//313 1399//1399 1398//1398
f 313//313 1398//1398 682//682
f 602//602 689//689 320//320
f 431//431 1397//1397 1396//1396
f 431//431 957//957 3//3
f 1152//1152 432//432 603//603
f 433//433 1395//1395 1394//1394
f 1394//1394 243//243 433//433
f 1153//1153 434//434 604//604
f 435//435 1393//1393 1392//1392
f 1392//1392 244//244 435//435
f 142//142 886//886 1023//1023
f 147//147 887//887 1024//1024
f 145//145 888//888 1025//1025
f 154//154 889//889 1026//1026
f 149//149 890//890 1027//1027
f 1506//1506 1391//1391 611//611
f 1391//1391 1390//1390 1680//1680
f 1680//1680 1029//1029 444//444
f 761//761 1626//1626 153//153
f 762//762 1627//1627 128//128
f 763//763 1628//1628 129//129
f 1510//1510 1389//1389 618//618
f 1389//1389 1388//1388 1679//1679
f 1679//1679 1033//1033 448//448
f 1511//1511 901//901 620//620
f 1387//1387 1678//1678 309//309
f 1678//1678 1169//1169 132//132
f 766//766 1631//1631 132//132
f 767//767 1632//1632 131//131
f 907//907 135//135 134//134
f 908//908 140//140 135//135
f 909//909 136//136 140//140
f 910//910 138//138 136//136
f 911//911 137//137 138//138
f 631//631 1180//1180 1385//1385
f 631//631 1384//1384 458//458
f 458//458 1384//1384 775//775
f 632//632 1181//1181 1383//1383
f 632//632 1382//1382 459//459
f 459//459 1382//1382 776//776
f 633//633 1182//1182 1381//1381
f 315//315 1381//1381 1380//1380
f 315//315 1380//1380 952//952
f 634//634 1183//1183 1379//1379
f 319//319 1379//1379 1378//1378
f 319//319 1378//1378 956//956
f 635//635 1184//1184 1377//1377
f 635//635 1376//1376 460//460
f 460//460 1376//1376 777//777
f 636//636 1185//1185 1375//1375
f 636//636 1374//1374 461//461
f 461//461 1374//1374 778//778
f 918//918 246//246 245//245
f 919//919 247//247 246//246
f 920//920 187//187 189//189
f 921//921 189//189 188//188
f 922//922 188//188 198//198
f 250//250 1053//1053 25//25
f 1514//1514 786//786 469//469
f 1373//1373 1677//1677 470//470
f 1677//1677 1054//1054 27//27
f 1515//1515 1371//1371 645//645
f 1371//1371 1370//1370 1676//1676
f 1676//1676 787//787 472//472
f 1516//1516 788//788 477//477
f 1369//1369 1675//1675 478//478
f 1675//1675 1056//1056 30//30
f 1517//1517 1367//1367 655//655
f 1367//1367 1366//1366 1674//1674
f 1674//1674 927//927 654//654
f 9//9 737//737 236//236
f 929//929 242//242 32//32
f 930//930 30//30 242//242
f 1518//1518 793//793 483//483
f 1365//1365 1673//1673 484//484
f 1673//1673 1061//1061 33//33
f 1003//1003 740//740 1454//1454
f 1519//1519 1363//1363 663//663
f 1363//1363 1362//1362 1672//1672
f 1672//1672 934//934 662//662
f 664//664 1006//1006 415//415
f 368//368 1361//1361 1360//1360
f 368//368 738//738 113//113
f 33//33 937//937 1062//1062
f 1520//1520 1359//1359 668//668
f 1359//1359 1358//1358 1671//1671
f 1671//1671 938//938 667//667
f 1521//1521 1357//1357 672//672
f 1357//1357 1356//1356 1670//1670
f 1670//1670 798//798 496//496
f 201//201 942//942 1067//1067
f 211//211 943//943 1068//1068
f 210//210 944//944 1069//1069
f 205//205 945//945 1070//1070
f 207//207 946//946 1071//1071
f 1215//1215 505//505 679//679
f 326//326 1355//1355 1354//1354
f 1354//1354 213//213 326//326
f 1216//1216 506//506 680//680
f 324//324 1353//1353 1352//1352
f 1352//1352 212//212 324//324
f 1217//1217 506//506 681//681
f 258//258 1351//1351 1350//1350
f 1350//1350 208//208 258//258
f 322//322 955//955 1349//1349
f 1348//1348 318//318 507//507
f 507//507 687//687 1075//1075
f 53//53 1347//1347 271//271
f 508//508 1347//1347 323//323
f 323//323 1076//1076 508//508
f 48//48 1345//1345 284//284
f 509//509 1345//1345 325//325
f 325//325 1077//1077 509//509
f 214//214 692//692 810//810
f 215//215 693//693 811//811
f 216//216 694//694 812//812
f 217//217 695//695 813//813
f 218//218 696//696 814//814
f 219//219 697//697 815//815
f 58//58 698//698 816//816
f 219//219 1084//1084 155//155
f 699//699 1343//1343 1550//1550
f 1342//1342 1343//1343 1669//1669
f 967//967 1085//1085 1489//1489
f 968//968 1549//1549 338//338
f 1549//1549 1341//1341 1340//1340
f 1340//1340 1490//1490 518//518
f 969//969 1548//1548 342//342
f 1548//1548 1339//1339 1338//1338
f 1338//1338 1491//1491 523//523
f 19//19 970//970 821//821
f 972//972 1547//1547 346//346
f 1547//1547 1336//1336 1335//1335
f 1335//1335 1492//1492 530//530
f 344//344 970//970 1334//1334
f 531//531 1334//1334 1333//1333
f 531//531 1333//1333 1092//1092
f 20//20 973//973 825//825
f 975//975 1546//1546 354//354
f 1546//1546 1330//1330 1329//1329
f 1329//1329 1493//1493 537//537
f 355//355 1097//1097 1328//1328
f 1327//1327 540//540 539//539
f 539//539 829//829 1096//1096
f 358//358 708//708 1326//1326
f 358//358 1325//1325 540//540
f 540//540 1325//1325 829//829
f 977//977 542//542 362//362
f 541//541 1324//1324 1323//1323
f 1323//1323 179//179 541//541
f 41//41 1322//1322 363//363
f 542//542 1322//1322 543//543
f 543//543 830//830 542//542
f 978//978 1545//1545 365//365
f 1545//1545 1320//1320 1319//1319
f 1319//1319 1494//1494 544//544
f 171//171 711//711 834//834
f 980//980 1544//1544 371//371
f 1544//1544 1317//1317 1316//1316
f 1316//1316 1495//1495 548//548
f 981//981 1543//1543 378//378
f 1543//1543 1315//1315 1314//1314
f 1314//1314 1496//1496 553//553
f 981//981 120//120 26//26
f 64//64 1105//1105 65//65
f 74//74 838//838 64//64
f 73//73 839//839 74//74
f 68//68 840//840 73//73
f 70//70 841//841 68//68
f 69//69 842//842 70//70
f 386//386 987//987 1313//1313
f 562//562 1313//1313 1312//1312
f 562//562 1312//1312 1111//1111
f 388//388 988//988 1311//1311
f 563//563 1311//1311 1310//1310
f 563//563 1310//1310 1112//1112
f 390//390 989//989 1309//1309
f 564//564 1309//1309 1308//1308
f 564//564 1308//1308 1113//1113
f 393//393 990//990 1307//1307
f 565//565 1307//1307 1306//1306
f 565//565 1306//1306 1114//1114
f 395//395 991//991 1305//1305
f 566//566 1305//1305 1304//1304
f 566//566 1304//1304 1115//1115
f 397//397 992//992 1303//1303
f 567//567 1303//1303 1302//1302
f 567//567 1302//1302 1116//1116
f 90//90 849//849 89//89
f 89//89 850//850 94//94
f 94//94 851//851 92//92
f 92//92 852//852 101//101
f 101//101 853//853 96//96
f 998//998 169//169 5//5
f 998//998 1542//1542 403//403
f 1542//1542 1301//1301 1300//1300
f 1300//1300 1497//1497 574//574
f 1000//1000 856//856 1464//1464
f 1125//1125 1299//1299 1541//1541
f 1298//1298 1299//1299 1660//1660
f 857//857 856//856 1583//1583
f 171//171 733//733 858//858
f 1002//1002 859//859 1465//1465
f 1128//1128 1297//1297 1540//1540
f 1296//1296 1297//1297 1659//1659
f 860//860 859//859 1584//1584
f 75//75 732//732 1128//1128
f 361//361 1131//1131 1295//1295
f 1294//1294 582//582 581//581
f 581//581 863//863 1130//1130
f 172//172 735//735 1131//1131
f 1004//1004 864//864 1466//1466
f 1133//1133 1293//1293 1539//1539
f 1292//1292 1293//1293 1658//1658
f 865//865 864//864 1585//1585
f 76//76 734//734 1133//1133
f 173//173 1008//1008 1607//1607
f 113//113 1291//1291 359//359
f 585//585 1291//1291 586//586
f 586//586 866//866 585//585
f 113//113 738//738 1135//1135
f 1007//1007 868//868 1467//1467
f 1621//1621 1289//1289 1538//1538
f 1656//1656 1289//1289 1657//1657
f 1586//1586 869//869 868//868
f 1007//1007 1536//1536 416//416
f 1536//1536 1287//1287 1286//1286
f 1286//1286 1503//1503 589//589
f 1009//1009 1535//1535 418//418
f 1535//1535 1285//1285 1284//1284
f 1284//1284 1504//1504 590//590
f 1011//1011 872//872 1471//1471
f 1141//1141 1283//1283 1534//1534
f 1282//1282 1283//1283 1653//1653
f 873//873 872//872 1590//1590
f 120//120 744//744 874//874
f 88//88 743//743 1142//1142
f 121//121 745//745 875//875
f 122//122 746//746 876//876
f 123//123 747//747 877//877
f 124//124 748//748 878//878
f 125//125 749//749 879//879
f 84//84 1281//1281 298//298
f 599//599 1281//1281 428//428
f 428//428 1148//1148 599//599
f 86//86 1279//1279 285//285
f 600//600 1279//1279 429//429
f 429//429 1149//1149 600//600
f 97//97 1277//1277 286//286
f 601//601 1277//1277 430//430
f 430//430 1150//1150 601//601
f 432//432 1020//1020 1275//1275
f 602//602 1275//1275 1274//1274
f 602//602 1274//1274 1151//1151
f 434//434 1021//1021 1273//1273
f 603//603 1273//1273 1272//1272
f 603//603 1272//1272 1152//1152
f 436//436 1022//1022 1271//1271
f 604//604 1271//1271 1270//1270
f 604//604 1270//1270 1153//1153
f 143//143 886//886 142//142
f 142//142 887//887 147//147
f 147//147 888//888 145//145
f 145//145 889//889 154//154
f 154//154 890//890 149//149
f 1028//1028 250//250 35//35
f 149//149 1159//1159 148//148
f 760//760 1269//1269 1533//1533
f 1268//1268 1269//1269 1652//1652
f 1028//1028 1160//1160 1506//1506
f 39//39 893//893 156//156
f 1626//1626 1162//1162 1267//1267
f 1651//1651 1267//1267 613//613
f 1592//1592 894//894 893//893
f 40//40 895//895 158//158
f 1627//1627 1164//1164 1265//1265
f 1650//1650 1265//1265 615//615
f 1593//1593 896//896 895//895
f 41//41 897//897 157//157
f 1628//1628 1166//1166 1263//1263
f 1649//1649 1263//1263 617//617
f 1594//1594 898//898 897//897
f 764//764 1261//1261 1529//1529
f 1260//1260 1261//1261 1648//1648
f 1032//1032 1167//1167 1510//1510
f 1630//1630 1168//1168 1033//1033
f 43//43 901//901 159//159
f 44//44 902//902 161//161
f 1631//1631 1171//1171 1259//1259
f 1647//1647 1259//1259 622//622
f 1597//1597 903//903 902//902
f 45//45 904//904 160//160
f 1632//1632 1173//1173 1257//1257
f 1646//1646 1257//1257 624//624
f 1598//1598 905//905 904//904
f 134//134 1174//1174 1037//1037
f 141//141 768//768 1174//1174
f 134//134 1037//1037 907//907
f 135//135 1038//1038 908//908
f 140//140 1039//1039 909//909
f 136//136 1040//1040 910//910
f 138//138 1041//1041 911//911
f 137//137 1255//1255 312//312
f 631//631 1255//1255 457//457
f 457//457 1180//1180 631//631
f 139//139 1253//1253 299//299
f 632//632 1253//1253 458//458
f 458//458 1181//1181 632//632
f 150//150 1251//1251 300//300
f 633//633 1251//1251 459//459
f 459//459 1182//1182 633//633
f 199//199 1249//1249 257//257
f 634//634 1249//1249 460//460
f 460//460 1183//1183 634//634
f 190//190 1247//1247 270//270
f 635//635 1247//1247 461//461
f 461//461 1184//1184 635//635
f 185//185 1245//1245 269//269
f 636//636 1245//1245 462//462
f 462//462 1185//1185 636//636
f 245//245 779//779 918//918
f 246//246 780//780 919//919
f 189//189 1050//1050 920//920
f 188//188 1051//1051 921//921
f 198//198 1052//1052 922//922
f 250//250 784//784 923//923
f 785//785 1526//1526 468//468
f 1526//1526 1243//1243 1242//1242
f 1242//1242 1514//1514 643//643
f 1054//1054 1241//1241 1525//1525
f 1240//1240 1241//1241 1644//1644
f 786//786 1193//1193 1515//1515
f 787//787 1524//1524 472//472
f 1524//1524 1239//1239 1238//1238
f 1238//1238 1516//1516 650//650
f 192//192 790//790 927//927
f 1056//1056 928//928 1483//1483
f 481//481 791//791 1236//1236
f 481//481 1235//1235 656//656
f 656//656 1235//1235 1197//1197
f 242//242 792//792 930//930
f 790//790 1523//1523 480//480
f 1523//1523 1234//1234 1233//1233
f 1233//1233 1518//1518 658//658
f 485//485 791//791 1232//1232
f 1231//1231 481//481 659//659
f 659//659 1059//1059 1200//1200
f 484//484 1201//1201 1230//1230
f 1229//1229 660//660 659//659
f 659//659 933//933 932//932
f 487//487 794//794 1228//1228
f 487//487 1227//1227 660//660
f 660//660 1227//1227 933//933
f 193//193 795//795 934//934
f 1061//1061 935//935 1485//1485
f 241//241 937//937 33//33
f 204//204 797//797 938//938
f 1063//1063 939//939 1486//1486
f 1065//1065 1225//1225 1522//1522
f 1224//1224 1225//1225 1641//1641
f 797//797 1208//1208 1521//1521
f 1066//1066 219//219 38//38
f 201//201 1209//1209 202//202
f 211//211 942//942 201//201
f 210//210 943//943 211//211
f 205//205 944//944 210//210
f 207//207 945//945 205//205
f 206//206 946//946 207//207
f 504//504 1072//1072 1223//1223
f 679//679 1223//1223 1222//1222
f 679//679 1222//1222 1215//1215
f 505//505 1073//1073 1221//1221
f 680//680 1221//1221 1220//1220
f 680//680 1220//1220 1216//1216
f 317//317 954//954 1219//1219
f 317//317 1218//1218 681//681
f 681//681 1218//1218 1217//1217
f 203//203 686//686 949//949
f 213//213 805//805 948//948
f 214//214 804//804 947//947
f 504//504 1214//1214 678//678
f 503//503 1213//1213 677//677
f 502//502 1212//1212 676//676
f 501//501 1211//1211 675//675
f 500//500 1210//1210 674//674
f 499//499 941//941 673//673
f 798//798 673//673 496//496
f 1224//1224 940//940 1487//1487
f 795//795 1207//1207 1520//1520
f 1065//1065 667//667 492//492
f 491//491 1205//1205 666//666
f 793//793 1203//1203 1519//1519
f 1063//1063 662//662 488//488
f 33//33 1062//1062 1201//1201
f 32//32 1229//1229 1200//1200
f 254//254 1231//1231 932//932
f 1058//1058 1484//1484 32//32
f 482//482 1198//1198 657//657
f 32//32 1059//1059 929//929
f 788//788 1196//1196 1517//1517
f 1058//1058 654//654 480//480
f 1055//1055 1482//1482 29//29
f 1240//1240 925//925 1481//1481
f 1053//1053 1480//1480 25//25
f 1052//1052 642//642 467//467
f 467//467 1190//1190 641//641
f 466//466 1189//1189 640//640
f 465//465 1188//1188 639//639
f 1048//1048 638//638 463//463
f 1047//1047 637//637 462//462
f 269//269 917//917 190//190
f 270//270 916//916 199//199
f 257//257 915//915 200//200
f 300//300 914//914 151//151
f 299//299 913//913 150//150
f 312//312 912//912 139//139
f 773//773 630//630 456//456
f 772//772 629//629 455//455
f 454//454 1177//1177 628//628
f 453//453 1176//1176 627//627
f 452//452 1175//1175 626//626
f 451//451 906//906 625//625
f 452//452 906//906 769//769
f 1527//1527 1256//1256 1172//1172
f 451//451 1172//1172 623//623
f 1528//1528 1258//1258 1170//1170
f 450//450 1170//1170 621//621
f 449//449 1169//1169 620//620
f 1596//1596 900//900 765//765
f 1260//1260 899//899 1476//1476
f 1530//1530 1262//1262 1165//1165
f 447//447 1165//1165 616//616
f 1531//1531 1264//1264 1163//1163
f 446//446 1163//1163 614//614
f 1532//1532 1266//1266 1161//1161
f 445//445 1161//1161 612//612
f 1268//1268 892//892 1472//1472
f 441//441 891//891 610//610
f 760//760 610//610 442//442
f 440//440 1158//1158 609//609
f 439//439 1157//1157 608//608
f 438//438 1156//1156 607//607
f 437//437 1155//1155 606//606
f 436//436 1154//1154 605//605
f 245//245 754//754 885//885
f 244//244 753//753 884//884
f 243//243 752//752 883//883
f 286//286 882//882 98//98
f 285//285 881//881 97//97
f 298//298 880//880 86//86
f 1017//1017 598//598 428//428
f 1016//1016 597//597 427//427
f 1015//1015 596//596 426//426
f 1014//1014 595//595 425//425
f 1013//1013 594//594 424//424
f 422//422 874//874 593//593
f 1012//1012 593//593 423//423
f 1282//1282 1140//1140 1624//1624
f 743//743 1140//1140 1505//1505
f 741//741 1470//1470 79//79
f 739//739 1469//1469 80//80
f 1620//1620 1288//1288 1136//1136
f 739//739 1136//1136 1501//1501
f 1006//1006 586//586 415//415
f 359//359 1134//1134 173//173
f 866//866 740//740 1573//1573
f 1002//1002 584//584 410//410
f 1292//1292 1132//1132 1619//1619
f 736//736 1132//1132 1500//1500
f 582//582 1003//1003 863//863
f 112//112 1294//1294 862//862
f 1000//1000 579//579 408//408
f 1296//1296 1127//1127 1618//1618
f 734//734 1127//1127 1499//1499
f 577//577 1001//1001 1126//1126
f 1298//1298 1124//1124 1617//1617
f 732//732 1124//1124 1498//1498
f 730//730 1463//1463 95//95
f 730//730 573//573 403//403
f 401//401 1121//1121 572//572
f 400//400 1120//1120 571//571
f 399//399 1119//1119 570//570
f 398//398 1118//1118 569//569
f 397//397 1117//1117 568//568
f 164//164 724//724 848//848
f 163//163 723//723 847//847
f 162//162 722//722 846//846
f 127//127 721//721 845//845
f 126//126 720//720 844//844
f 125//125 719//719 843//843
f 386//386 1110//1110 561//561
f 385//385 1109//1109 560//560
f 384//384 1108//1108 559//559
f 383//383 1107//1107 558//558
f 382//382 1106//1106 557//557
f 381//381 837//837 556//556
f 713//713 556//556 378//378
f 713//713 1462//1462 65//65
f 712//712 1461//1461 67//67
f 979//979 546//546 369//369
f 710//710 1460//1460 56//56
f 363//363 1098//1098 42//42
f 709//709 541//541 112//112
f 21//21 976//976 1097//1097
f 20//20 1327//1327 828//828
f 707//707 1459//1459 57//57
f 348//348 1093//1093 532//532
f 110//110 702//702 824//824
f 704//704 1458//1458 55//55
f 344//344 1089//1089 525//525
f 701//701 1457//1457 54//54
f 700//700 1456//1456 60//60
f 1342//1342 817//817 1455//1455
f 515//515 816//816 516//516
f 966//966 516//516 332//332
f 965//965 515//515 331//331
f 964//964 514//514 330//330
f 963//963 513//513 329//329
f 962//962 512//512 328//328
f 961//961 511//511 327//327
f 960//960 510//510 325//325
f 284//284 809//809 53//53
f 271//271 808//808 62//62
f 212//212 1348//1348 807//807
f 949//949 258//258 203//203
f 948//948 324//324 213//213
f 947//947 326//326 214//214
f 678//678 803//803 503//503
f 677//677 802//802 502//502
f 1212//1212 501//501 676//676
f 1211//1211 500//500 675//675
f 1210//1210 499//499 674//674
f 1487//1487 1066//1066 38//38
f 1486//1486 1206//1206 240//240
f 1205//1205 487//487 666//666
f 115//115 1361//1361 368//368
f 1485//1485 1202//1202 241//241
f 735//735 1008//1008 1488//1488
f 1484//1484 1365//1365 484//484
f 1198//1198 479//479 657//657
f 1197//1197 482//482 656//656
f 409//409 1005//1005 414//414
f 1483//1483 1195//1195 242//242
f 1482//1482 1369//1369 478//478
f 1481//1481 1055//1055 29//29
f 1480//1480 1373//1373 470//470
f 642//642 785//785 468//468
f 1190//1190 466//466 641//641
f 1189//1189 465//465 640//640
f 1188//1188 464//464 639//639
f 1187//1187 464//464 638//638
f 1186//1186 463//463 637//637
f 190//190 917//917 1046//1046
f 199//199 916//916 1045//1045
f 200//200 915//915 688//688
f 151//151 914//914 684//684
f 150//150 913//913 1044//1044
f 139//139 912//912 1043//1043
f 1179//1179 457//457 630//630
f 1178//1178 456//456 629//629
f 1177//1177 455//455 628//628
f 1176//1176 454//454 627//627
f 1175//1175 453//453 626//626
f 1035//1035 905//905 1598//1598
f 1034//1034 903//903 1597//1597
f 1477//1477 1387//1387 309//309
f 1476//1476 765//765 133//133
f 1031//1031 898//898 1594//1594
f 1030//1030 896//896 1593//1593
f 1029//1029 894//894 1592//1592
f 1472//1472 761//761 153//153
f 1158//1158 441//441 609//609
f 1157//1157 440//440 608//608
f 1156//1156 439//439 607//607
f 606//606 756//756 438//438
f 605//605 755//755 437//437
f 885//885 435//435 245//245
f 884//884 433//433 244//244
f 243//243 1397//1397 431//431
f 98//98 882//882 950//950
f 97//97 881//881 1019//1019
f 86//86 880//880 1018//1018
f 1147//1147 427//427 598//598
f 1146//1146 426//426 597//597
f 596//596 1014//1014 425//425
f 595//595 1013//1013 424//424
f 594//594 1012//1012 423//423
f 1010//1010 592//592 420//420
f 1470//1470 1405//1405 296//296
f 1469//1469 1407//1407 295//295
f 1004//1004 869//869 1587//1587
f 414//414 862//862 581//581
f 580//580 1126//1126 861//861
f 999//999 576//576 406//406
f 1463//1463 1409//1409 290//290
f 402//402 854//854 573//573
f 1121//1121 402//402 572//572
f 1120//1120 401//401 571//571
f 1119//1119 400//400 570//570
f 569//569 726//726 399//399
f 568//568 725//725 398//398
f 848//848 396//396 164//164
f 847//847 394//394 163//163
f 162//162 1415//1415 392//392
f 127//127 1417//1417 391//391
f 844//844 389//389 126//126
f 843//843 387//387 125//125
f 561//561 718//718 385//385
f 560//560 717//717 384//384
f 1108//1108 383//383 559//559
f 1107//1107 382//382 558//558
f 1106//1106 381//381 557//557
f 1462//1462 1423//1423 276//276
f 1461//1461 1425//1425 277//277
f 546//546 977//977 362//362
f 21//21 833//833 976//976
f 1460//1460 1429//1429 278//278
f 41//41 974//974 1099//1099
f 178//178 1432//1432 1096//1096
f 1459//1459 1435//1435 279//279
f 111//111 706//706 1094//1094
f 20//20 825//825 1092//1092
f 1458//1458 1441//1441 280//280
f 345//345 822//822 529//529
f 525//525 820//820 524//524
f 1457//1457 1443//1443 281//281
f 1456//1456 1445//1445 282//282
f 1455//1455 698//698 58//58
f 514//514 965//965 331//331
f 513//513 964//964 330//330
f 512//512 963//963 329//329
f 1079//1079 328//328 511//511
f 1078//1078 327//327 510//510
f 53//53 809//809 959//959
f 62//62 808//808 958//958
f 212//212 807//807 690//690
f 319//319 957//957 320//320
f 315//315 953//953 316//316
f 313//313 683//683 314//314
f 294//294 1620//1620 80//80
f 588//588 1586//1586 587//587
f 1656//1656 588//588 587//587
f 77//77 1538//1538 294//294
f 1289//1289 1502//1502 1657//1657
f 1537//1537 1289//1289 1288//1288
f 869//869 1467//1467 868//868
f 1288//1288 1501//1501 1136//1136
f 4//4 46//46 954//954
f 4//4 954//954 317//317
f 686//686 203//203 4//4
f 807//807 507//507 321//321
f 808//808 508//508 321//321
f 809//809 509//509 323//323
f 698//698 817//817 1574//1574
f 1574//1574 517//517 332//332
f 337//337 106//106 222//222
f 1575//1575 518//518 1445//1445
f 520//520 223//223 106//106
f 341//341 39//39 182//182
f 1576//1576 523//523 1443//1443
f 1089//1089 225//225 108//108
f 971//971 40//40 183//183
f 1577//1577 530//530 1441//1441
f 825//825 532//532 531//531
f 706//706 353//353 536//536
f 1578//1578 537//537 1435//1435
f 974//974 353//353 543//543
f 1579//1579 544//544 1429//1429
f 545//545 358//358 976//976
f 1580//1580 548//548 1425//1425
f 377//377 118//118 177//177
f 1581//1581 553//553 1423//1423
f 121//121 120//120 714//714
f 122//122 121//121 715//715
f 123//123 122//122 716//716
f 1109//1109 124//124 123//123
f 1110//1110 125//125 124//124
f 1117//1117 164//164 165//165
f 1118//1118 165//165 166//166
f 166//166 167//167 727//727
f 167//167 168//168 728//728
f 168//168 169//169 729//729
f 170//170 103//103 404//404
f 1582//1582 574//574 1409//1409
f 7//7 234//234 857//857
f 869//869 1004//1004 1468//1468
f 1004//1004 11//11 1468//1468
f 1588//1588 589//589 1407//1407
f 1589//1589 590//590 1405//1405
f 15//15 238//238 873//873
f 880//880 599//599 429//429
f 881//881 600//600 430//430
f 601//601 313//313 950//950
f 1154//1154 245//245 246//246
f 1155//1155 246//246 247//247
f 247//247 248//248 757//757
f 248//248 249//249 758//758
f 249//249 250//250 759//759
f 443//443 103//103 35//35
f 761//761 892//892 1591//1591
f 1591//1591 611//611 444//444
f 894//894 1029//1029 1473//1473
f 1029//1029 37//37 1473//1473
f 896//896 1030//1030 1474//1474
f 1030//1030 39//39 1474//1474
f 898//898 1031//1031 1475//1475
f 1031//1031 40//40 1475//1475
f 765//765 899//899 1595//1595
f 1595//1595 618//618 448//448
f 1596//1596 619//619 1387//1387
f 903//903 1034//1034 1478//1478
f 1034//1034 43//43 1478//1478
f 905//905 1035//1035 1479//1479
f 1035//1035 44//44 1479//1479
f 912//912 631//631 458//458
f 913//913 632//632 459//459
f 633//633 315//315 684//684
f 634//634 319//319 688//688
f 916//916 635//635 460//460
f 917//917 636//636 461//461
f 1599//1599 643//643 1373//1373
f 404//404 103//103 25//25
f 1055//1055 925//925 1600//1600
f 1600//1600 645//645 472//472
f 646//646 8//8 234//234
f 1601//1601 650//650 1369//1369
f 226//226 253//253 653//653
f 1195//1195 928//928 1602//1602
f 1602//1602 655//655 654//654
f 1603//1603 658//658 1365//1365
f 735//735 111//111 1607//1607
f 1202//1202 935//935 1604//1604
f 1604//1604 663//663 662//662
f 665//665 241//241 34//34
f 225//225 110//110 794//794
f 1206//1206 939//939 1605//1605
f 1605//1605 668//668 667//667
f 670//670 240//240 36//36
f 223//223 108//108 490//490
f 1066//1066 940//940 1606//1606
f 1606//1606 672//672 496//496
f 218//218 219//219 799//799
f 217//217 218//218 800//800
f 216//216 217//217 801//801
f 1213//1213 215//215 216//216
f 1214//1214 214//214 215//215
f 257//257 200//200 1//1
f 4//4 203//203 258//258
f 4//4 208//208 259//259
f 1//1 190//190 270//270
f 1//1 185//185 269//269
f 4//4 209//209 260//260
f 268//268 195//195 2//2
f 6//6 202//202 261//261
f 6//6 204//204 262//262
f 267//267 196//196 2//2
f 266//266 197//197 2//2
f 6//6 193//193 263//263
f 265//265 191//191 2//2
f 6//6 194//194 264//264
f 272//272 63//63 4//4
f 28//28 66//66 273//273
f 28//28 71//71 274//274
f 4//4 53//53 271//271
f 4//4 48//48 284//284
f 28//28 72//72 275//275
f 283//283 58//58 6//6
f 31//31 65//65 276//276
f 31//31 67//67 277//277
f 282//282 59//59 6//6
f 281//281 60//60 6//6
f 31//31 56//56 278//278
f 280//280 54//54 6//6
f 31//31 57//57 279//279
f 286//286 98//98 28//28
f 18//18 99//99 287//287
f 18//18 91//91 288//288
f 28//28 86//86 285//285
f 28//28 84//84 298//298
f 18//18 93//93 289//289
f 297//297 88//88 31//31
f 24//24 95//95 290//290
f 24//24 100//100 291//291
f 296//296 78//78 31//31
f 295//295 79//79 31//31
f 24//24 75//75 292//292
f 294//294 80//80 31//31
f 24//24 76//76 293//293
f 300//300 151//151 18//18
f 1//1 152//152 301//301
f 1//1 144//144 302//302
f 18//18 139//139 299//299
f 18//18 137//137 312//312
f 1//1 146//146 303//303
f 311//311 141//141 24//24
f 2//2 148//148 304//304
f 2//2 153//153 305//305
f 310//310 131//131 24//24
f 309//309 132//132 24//24
f 2//2 128//128 306//306
f 308//308 133//133 24//24
f 2//2 129//129 307//307
f 4//4 63//63 687//687
f 4//4 687//687 318//318
f 955//955 46//46 4//4
f 48//48 49//49 1078//1078
f 49//49 50//50 1079//1079
f 50//50 52//52 1080//1080
f 52//52 51//51 1081//1081
f 51//51 61//61 1082//1082
f 61//61 58//58 1083//1083
f 10//10 155//155 1084//1084
f 333//333 37//37 180//180
f 334//334 35//35 180//180
f 1342//1342 517//517 1574//1574
f 335//335 12//12 222//222
f 818//818 700//700 1575//1575
f 700//700 338//338 1575//1575
f 340//340 108//108 223//223
f 333//333 105//105 182//182
f 105//105 224//224 521//521
f 819//819 701//701 1576//1576
f 701//701 342//342 1576//1576
f 340//340 524//524 820//820
f 702//702 110//110 225//225
f 158//158 39//39 526//526
f 528//528 529//529 822//822
f 823//823 704//704 1577//1577
f 704//704 346//346 1577//1577
f 344//344 531//531 824//824
f 705//705 111//111 227//227
f 157//157 40//40 533//533
f 971//971 345//345 533//533
f 228//228 352//352 1331//1331
f 827//827 707//707 1578//1578
f 707//707 354//354 1578//1578
f 173//173 111//111 538//538
f 976//976 358//358 540//540
f 832//832 710//710 1579//1579
f 710//710 365//365 1579//1579
f 366//366 545//545 833//833
f 159//159 42//42 1102//1102
f 547//547 369//369 114//114
f 369//369 711//711 114//114
f 835//835 712//712 1580//1580
f 712//712 371//371 1580//1580
f 161//161 43//43 550//550
f 44//44 161//161 551//551
f 836//836 713//713 1581//1581
f 713//713 378//378 1581//1581
f 176//176 117//117 373//373
f 26//26 119//119 554//554
f 380//380 230//230 176//176
f 386//386 562//562 843//843
f 388//388 563//563 844//844
f 390//390 564//564 845//845
f 393//393 565//565 846//846
f 395//395 566//566 847//847
f 397//397 567//567 848//848
f 405//405 105//105 170//170
f 855//855 730//730 1582//1582
f 730//730 403//403 1582//1582
f 732//732 75//75 1617//1617
f 1298//1298 575//575 1498//1498
f 734//734 76//76 1618//1618
f 1296//1296 578//578 1499//1499
f 8//8 235//235 860//860
f 411//411 114//114 1129//1129
f 736//736 77//77 1619//1619
f 1292//1292 583//583 1500//1500
f 9//9 236//236 865//865
f 866//866 237//237 1454//1454
f 13//13 237//237 867//867
f 739//739 80//80 1620//1620
f 870//870 739//739 1588//1588
f 739//739 416//416 1588//1588
f 871//871 741//741 1589//1589
f 741//741 418//418 1589//1589
f 743//743 88//88 1624//1624
f 1282//1282 591//591 1505//1505
f 81//81 88//88 1142//1142
f 1011//1011 17//17 120//120
f 82//82 81//81 1143//1143
f 87//87 82//82 1144//1144
f 83//83 87//87 1145//1145
f 85//85 83//83 1146//1146
f 84//84 85//85 1147//1147
f 432//432 602//602 883//883
f 434//434 603//603 884//884
f 436//436 604//604 885//885
f 1268//1268 611//611 1591//1591
f 1161//1161 1266//1266 1651//1651
f 1163//1163 1264//1264 1650//1650
f 1165//1165 1262//1262 1649//1649
f 1260//1260 618//618 1595//1595
f 765//765 900//900 1477//1477
f 1170//1170 1258//1258 1647//1647
f 1172//1172 1256//1256 1646//1646
f 1036//1036 45//45 169//169
f 769//769 169//169 168//168
f 770//770 168//168 167//167
f 771//771 167//167 166//166
f 166//166 165//165 1178//1178
f 165//165 164//164 1179//1179
f 185//185 186//186 1186//1186
f 186//186 187//187 1187//1187
f 782//782 248//248 247//247
f 783//783 249//249 248//248
f 784//784 250//250 249//249
f 443//443 250//250 25//25
f 198//198 195//195 1191//1191
f 924//924 1053//1053 1599//1599
f 1053//1053 468//468 1599//1599
f 1240//1240 645//645 1600//1600
f 476//476 107//107 256//256
f 926//926 1055//1055 1601//1601
f 1055//1055 472//472 1601//1601
f 1057//1057 479//479 652//652
f 32//32 242//242 1195//1195
f 788//788 191//191 1636//1636
f 1059//1059 481//481 656//656
f 1060//1060 228//228 109//109
f 931//931 1058//1058 1603//1603
f 1058//1058 480//480 1603//1603
f 1062//1062 487//487 660//660
f 34//34 241//241 1202//1202
f 793//793 194//194 1638//1638
f 489//489 664//664 936//936
f 665//665 491//491 796//796
f 36//36 240//240 1206//1206
f 795//795 193//193 1639//1639
f 1224//1224 672//672 1606//1606
f 230//230 238//238 498//498
f 380//380 119//119 238//238
f 222//222 106//106 494//494
f 497//497 38//38 255//255
f 504//504 679//679 947//947
f 505//505 680//680 948//948
f 686//686 317//317 681//681
f 1218//1218 322//322 212//212
f 954//954 46//46 322//322
f 259//259 208//208 1216//1216
f 209//209 259//259 1221//1221
f 260//260 209//209 1215//1215
f 206//206 260//260 1223//1223
f 1072//1072 504//504 678//678
f 1071//1071 503//503 677//677
f 1070//1070 502//502 676//676
f 1069//1069 501//501 675//675
f 1068//1068 500//500 674//674
f 1067//1067 499//499 673//673
f 496//496 673//673 941//941
f 797//797 204//204 1640//1640
f 1224//1224 497//497 1522//1522
f 1065//1065 492//492 1641//1641
f 240//240 495//495 671//671
f 106//106 223//223 495//495
f 1605//1605 939//939 1063//1063
f 1063//1063 488//488 1605//1605
f 492//492 667//667 938//938
f 796//796 491//491 666//666
f 665//665 108//108 491//491
f 108//108 225//225 1064//1064
f 419//419 13//13 1204//1204
f 664//664 489//489 1226//1226
f 14//14 419//419 1226//1226
f 1604//1604 935//935 1061//1061
f 1061//1061 483//483 1604//1604
f 488//488 662//662 934//934
f 1227//1227 661//661 254//254
f 794//794 110//110 661//661
f 1199//1199 1233//1233 1637//1637
f 1233//1233 264//264 1637//1637
f 1233//1233 1234//1234 1642//1642
f 1234//1234 790//790 1642//1642
f 790//790 192//192 1642//1642
f 792//792 482//482 657//657
f 1235//1235 352//352 228//228
f 791//791 111//111 352//352
f 1602//1602 928//928 1056//1056
f 1056//1056 477//477 1602//1602
f 480//480 654//654 927//927
f 1237//1237 653//653 253//253
f 479//479 653//653 1237//1237
f 789//789 109//109 653//653
f 476//476 651//651 253//253
f 1194//1194 1238//1238 1635//1635
f 1238//1238 266//266 1635//1635
f 1238//1238 1239//1239 1643//1643
f 1239//1239 787//787 1643//1643
f 787//787 197//197 1643//1643
f 105//105 405//405 648//648
f 229//229 114//114 475//475
f 116//116 229//229 647//647
f 786//786 196//196 1634//1634
f 1240//1240 473//473 1525//1525
f 1054//1054 469//469 1644//1644
f 1192//1192 1242//1242 1633//1633
f 1242//1242 268//268 1633//1633
f 1242//1242 1243//1243 1645//1645
f 1243//1243 785//785 1645//1645
f 785//785 195//195 1645//1645
f 467//467 642//642 923//923
f 1052//1052 467//467 641//641
f 1051//1051 466//466 640//640
f 1050//1050 465//465 639//639
f 463//463 638//638 919//919
f 462//462 637//637 918//918
f 456//456 630//630 911//911
f 455//455 629//629 910//910
f 1039//1039 454//454 628//628
f 1038//1038 453//453 627//627
f 1037//1037 452//452 626//626
f 768//768 451//451 625//625
f 1037//1037 1174//1174 625//625
f 904//904 905//905 1479//1479
f 1527//1527 311//311 1257//1257
f 1257//1257 1173//1173 1513//1513
f 1036//1036 451//451 623//623
f 902//902 903//903 1478//1478
f 1528//1528 310//310 1259//1259
f 1259//1259 1171//1171 1512//1512
f 1035//1035 450//450 621//621
f 1034//1034 449//449 620//620
f 448//448 1033//1033 1511//1511
f 1033//1033 1168//1168 1511//1511
f 1032//1032 41//41 1629//1629
f 1260//1260 308//308 1529//1529
f 764//764 447//447 1648//1648
f 897//897 898//898 1475//1475
f 1530//1530 307//307 1263//1263
f 1263//1263 1166//1166 1509//1509
f 1032//1032 447//447 616//616
f 895//895 896//896 1474//1474
f 1531//1531 306//306 1265//1265
f 1265//1265 1164//1164 1508//1508
f 1031//1031 446//446 614//614
f 893//893 894//894 1473//1473
f 1532//1532 305//305 1267//1267
f 1267//1267 1162//1162 1507//1507
f 1030//1030 445//445 612//612
f 1028//1028 35//35 1625//1625
f 1268//1268 304//304 1533//1533
f 760//760 442//442 1652//1652
f 1027//1027 441//441 610//610
f 442//442 610//610 891//891
f 1026//1026 440//440 609//609
f 1025//1025 439//439 608//608
f 1024//1024 438//438 607//607
f 1023//1023 437//437 606//606
f 1022//1022 436//436 605//605
f 303//303 146//146 1153//1153
f 143//143 303//303 1271//1271
f 302//302 144//144 1152//1152
f 146//146 302//302 1273//1273
f 301//301 152//152 1151//1151
f 144//144 301//301 1275//1275
f 428//428 598//598 879//879
f 427//427 597//597 878//878
f 426//426 596//596 877//877
f 425//425 595//595 876//876
f 424//424 594//594 875//875
f 743//743 422//422 593//593
f 423//423 593//593 874//874
f 873//873 238//238 1471//1471
f 1282//1282 297//297 1534//1534
f 1141//1141 592//592 1653//1653
f 1590//1590 872//872 1011//1011
f 1011//1011 422//422 1590//1590
f 1139//1139 1284//1284 1623//1623
f 1284//1284 421//421 1623//1623
f 1284//1284 1285//1285 1654//1654
f 1285//1285 1009//1009 1654//1654
f 1009//1009 14//14 1654//1654
f 1138//1138 1286//1286 1622//1622
f 1286//1286 419//419 1622//1622
f 1286//1286 1287//1287 1655//1655
f 1287//1287 1007//1007 1655//1655
f 1007//1007 13//13 1655//1655
f 868//868 1007//1007 1586//1586
f 1007//1007 416//416 1586//1586
f 415//415 586//586 1135//1135
f 1488//1488 1008//1008 1134//1134
f 1134//1134 585//585 417//417
f 410//410 584//584 1133//1133
f 865//865 236//236 1466//1466
f 1292//1292 293//293 1539//1539
f 1133//1133 584//584 1658//1658
f 864//864 1004//1004 1585//1585
f 1004//1004 413//413 1585//1585
f 1131//1131 735//735 412//412
f 9//9 235//235 861//861
f 235//235 411//411 580//580
f 408//408 579//579 1128//1128
f 860//860 235//235 1465//1465
f 1296//1296 292//292 1540//1540
f 1128//1128 579//579 1659//1659
f 859//859 1002//1002 1584//1584
f 1002//1002 410//410 1584//1584
f 858//858 733//733 409//409
f 857//857 234//234 1464//1464
f 1298//1298 291//291 1541//1541
f 1125//1125 576//576 1660//1660
f 1583//1583 856//856 1000//1000
f 1000//1000 408//408 1583//1583
f 1123//1123 1300//1300 1616//1616
f 1300//1300 407//407 1616//1616
f 1300//1300 1301//1301 1661//1661
f 1301//1301 998//998 1661//1661
f 998//998 5//5 1661//1661
f 403//403 573//573 854//854
f 996//996 401//401 572//572
f 995//995 400//400 571//571
f 994//994 399//399 570//570
f 993//993 398//398 569//569
f 992//992 397//397 568//568
f 289//289 93//93 1116//1116
f 90//90 289//289 1303//1303
f 288//288 91//91 1115//1115
f 93//93 288//288 1305//1305
f 287//287 99//99 1114//1114
f 91//91 287//287 1307//1307
f 273//273 66//66 1113//1113
f 71//71 273//273 1309//1309
f 274//274 71//71 1112//1112
f 72//72 274//274 1311//1311
f 275//275 72//72 1111//1111
f 69//69 275//275 1313//1313
f 987//987 386//386 561//561
f 986//986 385//385 560//560
f 985//985 384//384 559//559
f 984//984 383//383 558//558
f 983//983 382//382 557//557
f 982//982 381//381 556//556
f 378//378 556//556 837//837
f 1104//1104 1314//1314 1615//1615
f 1314//1314 379//379 1615//1615
f 1314//1314 1315//1315 1662//1662
f 1315//1315 981//981 1662//1662
f 981//981 26//26 1662//1662
f 44//44 376//376 552//552
f 1103//1103 1316//1316 1614//1614
f 1316//1316 372//372 1614//1614
f 1316//1316 1317//1317 1663//1663
f 1317//1317 980//980 1663//1663
f 980//980 23//23 1663//1663
f 979//979 369//369 547//547
f 369//369 546//546 834//834
f 367//367 115//115 1101//1101
f 545//545 366//366 1318//1318
f 22//22 367//367 1318//1318
f 1100//1100 1319//1319 1613//1613
f 1319//1319 366//366 1613//1613
f 1319//1319 1320//1320 1664//1664
f 1320//1320 978//978 1664//1664
f 978//978 22//22 1664//1664
f 362//362 542//542 1323//1323
f 1325//1325 356//356 178//178
f 708//708 113//113 356//356
f 1095//1095 1329//1329 1612//1612
f 1329//1329 355//355 1612//1612
f 1329//1329 1330//1330 1665//1665
f 1330//1330 975//975 1665//1665
f 975//975 21//21 1665//1665
f 535//535 536//536 826//826
f 1331//1331 352//352 536//536
f 352//352 111//111 1094//1094
f 109//109 228//228 535//535
f 1332//1332 534//534 181//181
f 345//345 534//534 1332//1332
f 703//703 109//109 534//534
f 973//973 348//348 532//532
f 347//347 20//20 1092//1092
f 19//19 347//347 1334//1334
f 1091//1091 1335//1335 1611//1611
f 1335//1335 347//347 1611//1611
f 1335//1335 1336//1336 1666//1666
f 1336//1336 972//972 1666//1666
f 972//972 20//20 1666//1666
f 528//528 226//226 529//529
f 226//226 109//109 1090//1090
f 107//107 226//226 528//528
f 970//970 344//344 525//525
f 343//343 19//19 1088//1088
f 524//524 340//340 1337//1337
f 16//16 343//343 1337//1337
f 1087//1087 1338//1338 1610//1610
f 1338//1338 343//343 1610//1610
f 1338//1338 1339//1339 1667//1667
f 1339//1339 969//969 1667//1667
f 969//969 19//19 1667//1667
f 224//224 107//107 522//522
f 1086//1086 1340//1340 1609//1609
f 1340//1340 339//339 1609//1609
f 1340//1340 1341//1341 1668//1668
f 1341//1341 968//968 1668//1668
f 968//968 16//16 1668//1668
f 967//967 12//12 1608//1608
f 1342//1342 283//283 1550//1550
f 699//699 336//336 1669//1669
f 815//815 515//515 516//516
f 332//332 516//516 816//816
f 331//331 515//515 815//815
f 330//330 514//514 814//814
f 329//329 513//513 813//813
f 328//328 512//512 812//812
f 327//327 511//511 811//811
f 325//325 510//510 810//810
f 681//681 506//506 1350//1350
f 680//680 506//506 1352//1352
f 679//679 505//505 1354//1354
f 946//946 678//678 503//503
f 945//945 677//677 502//502
f 676//676 501//501 1069//1069
f 675//675 500//500 1068//1068
f 674//674 499//499 1067//1067
f 15//15 493//493 498//498
f 798//798 1356//1356 1551//1551
f 1551//1551 261//261 202//202
f 1357//1357 261//261 1551//1551
f 1357//1357 1208//1208 1640//1640
f 1640//1640 204//204 261//261
f 938//938 1358//1358 1552//1552
f 1552//1552 262//262 204//204
f 1359//1359 262//262 1552//1552
f 1359//1359 1207//1207 1639//1639
f 1639//1639 193//193 262//262
f 666//666 487//487 1062//1062
f 1361//1361 664//664 415//415
f 934//934 1362//1362 1553//1553
f 1553//1553 263//263 193//193
f 1363//1363 263//263 1553//1553
f 1363//1363 1203//1203 1638//1638
f 1638//1638 194//194 263//263
f 485//485 486//486 227//227
f 740//740 1003//1003 1573//1573
f 1003//1003 412//412 1573//1573
f 1554//1554 483//483 1061//1061
f 1364//1364 1365//1365 1554//1554
f 1365//1365 658//658 1554//1554
f 1637//1637 194//194 793//793
f 657//657 479//479 1057//1057
f 656//656 482//482 792//792
f 1001//1001 409//409 414//414
f 927//927 1366//1366 1555//1555
f 1555//1555 265//265 192//192
f 1367//1367 265//265 1555//1555
f 1367//1367 1196//1196 1636//1636
f 1636//1636 191//191 265//265
f 8//8 475//475 411//411
f 1556//1556 477//477 1056//1056
f 1368//1368 1369//1369 1556//1556
f 1369//1369 650//650 1556//1556
f 1635//1635 191//191 788//788
f 7//7 471//471 474//474
f 787//787 1370//1370 1557//1557
f 1557//1557 267//267 197//197
f 1371//1371 267//267 1557//1557
f 1371//1371 1193//1193 1634//1634
f 1634//1634 196//196 267//267
f 644//644 407//407 5//5
f 1558//1558 469//469 1054//1054
f 1372//1372 1373//1373 1558//1558
f 1373//1373 643//643 1558//1558
f 1633//1633 196//196 786//786
f 923//923 642//642 468//468
f 641//641 466//466 1051//1051
f 640//640 465//465 1050//1050
f 639//639 464//464 1049//1049
f 638//638 464//464 781//781
f 637//637 463//463 780//780
f 1374//1374 435//435 244//244
f 1185//1185 245//245 435//435
f 1376//1376 433//433 243//243
f 1184//1184 244//244 433//433
f 431//431 3//3 956//956
f 243//243 431//431 1379//1379
f 392//392 47//47 952//952
f 162//162 392//392 1381//1381
f 1382//1382 394//394 162//162
f 1181//1181 163//163 394//394
f 1384//1384 396//396 163//163
f 1180//1180 164//164 396//396
f 630//630 457//457 1042//1042
f 629//629 456//456 1041//1041
f 628//628 455//455 1040//1040
f 627//627 454//454 1039//1039
f 626//626 453//453 1038//1038
f 1173//1173 767//767 1513//1513
f 767//767 450//450 1513//1513
f 1171//1171 766//766 1512//1512
f 766//766 449//449 1512//1512
f 1559//1559 620//620 1169//1169
f 1386//1386 1387//1387 1559//1559
f 1387//1387 619//619 1559//1559
f 1630//1630 159//159 901//901
f 1033//1033 1388//1388 1560//1560
f 1560//1560 363//363 42//42
f 1389//1389 363//363 1560//1560
f 1389//1389 1167//1167 1629//1629
f 1629//1629 41//41 363//363
f 1166//1166 763//763 1509//1509
f 763//763 446//446 1509//1509
f 1164//1164 762//762 1508//1508
f 762//762 445//445 1508//1508
f 1162//1162 761//761 1507//1507
f 761//761 444//444 1507//1507
f 1029//1029 1390//1390 1561//1561
f 1561//1561 334//334 37//37
f 1391//1391 334//334 1561//1561
f 1391//1391 1160//1160 1625//1625
f 1625//1625 35//35 334//334
f 609//609 441//441 1027//1027
f 608//608 440//440 1026//1026
f 607//607 439//439 1025//1025
f 887//887 606//606 438//438
f 886//886 605//605 437//437
f 604//604 434//434 1392//1392
f 603//603 432//432 1394//1394
f 1397//1397 602//602 320//320
f 391//391 102//102 682//682
f 127//127 391//391 1399//1399
f 1400//1400 389//389 127//127
f 1149//1149 126//126 389//389
f 1402//1402 387//387 126//126
f 1148//1148 125//125 387//387
f 598//598 427//427 748//748
f 597//597 426//426 747//747
f 877//877 596//596 425//425
f 876//876 595//595 424//424
f 875//875 594//594 423//423
f 420//420 592//592 1141//1141
f 1562//1562 420//420 742//742
f 1404//1404 1405//1405 1562//1562
f 1405//1405 590//590 1562//1562
f 1623//1623 15//15 1010//1010
f 1563//1563 418//418 741//741
f 1406//1406 1407//1407 1563//1563
f 1407//1407 589//589 1563//1563
f 1622//1622 14//14 1009//1009
f 1137//1137 736//736 1502//1502
f 736//736 413//413 1502//1502
f 737//737 414//414 581//581
f 1129//1129 858//858 577//577
f 406//406 576//576 1125//1125
f 1564//1564 406//406 731//731
f 1408//1408 1409//1409 1564//1564
f 1409//1409 574//574 1564//1564
f 1616//1616 7//7 999//999
f 997//997 402//402 573//573
f 572//572 402//402 997//997
f 571//571 401//401 996//996
f 570//570 400//400 995//995
f 850//850 569//569 399//399
f 849//849 568//568 398//398
f 567//567 395//395 1410//1410
f 566//566 393//393 1412//1412
f 1415//1415 565//565 316//316
f 1417//1417 564//564 314//314
f 563//563 390//390 1418//1418
f 562//562 388//388 1420//1420
f 842//842 561//561 385//385
f 841//841 560//560 384//384
f 559//559 383//383 984//984
f 558//558 382//382 983//983
f 557//557 381//381 982//982
f 554//554 555//555 176//176
f 1565//1565 371//371 712//712
f 1422//1422 1423//1423 1565//1565
f 1423//1423 553//553 1565//1565
f 1615//1615 23//23 980//980
f 116//116 551//551 375//375
f 229//229 550//550 370//370
f 1566//1566 365//365 710//710
f 1424//1424 1425//1425 1566//1566
f 1425//1425 548//548 1566//1566
f 1614//1614 22//22 978//978
f 547//547 370//370 43//43
f 834//834 546//546 362//362
f 368//368 113//113 708//708
f 115//115 368//368 1427//1427
f 1567//1567 354//354 707//707
f 1428//1428 1429//1429 1567//1567
f 1429//1429 544//544 1567//1567
f 1613//1613 21//21 975//975
f 172//172 360//360 364//364
f 1430//1430 364//364 179//179
f 706//706 111//111 364//364
f 1568//1568 346//346 704//704
f 1434//1434 1435//1435 1568//1568
f 1435//1435 537//537 1568//1568
f 1612//1612 20//20 972//972
f 157//157 351//351 350//350
f 1436//1436 350//350 181//181
f 974//974 41//41 350//350
f 1438//1438 349//349 110//110
f 1093//1093 227//227 349//349
f 1569//1569 342//342 701//701
f 1440//1440 1441//1441 1569//1569
f 1441//1441 530//530 1569//1569
f 1611//1611 19//19 969//969
f 703//703 345//345 529//529
f 821//821 525//525 524//524
f 1570//1570 338//338 700//700
f 1442//1442 1443//1443 1570//1570
f 1443//1443 523//523 1570//1570
f 1610//1610 16//16 968//968
f 1571//1571 336//336 699//699
f 1444//1444 1445//1445 1571//1571
f 1445//1445 518//518 1571//1571
f 1609//1609 12//12 967//967
f 966//966 1446//1446 1572//1572
f 1572//1572 335//335 10//10
f 1447//1447 335//335 1572//1572
f 1447//1447 1085//1085 1608//1608
f 1608//1608 12//12 335//335
f 814//814 514//514 331//331
f 813//813 513//513 330//330
f 812//812 512//512 329//329
f 511//511 328//328 694//694
f 510//510 327//327 693//693
f 1448//1448 326//326 213//213
f 1077//1077 214//214 326//326
f 1450//1450 324//324 212//212
f 1076//1076 213//213 324//324
f 1452//1452 272//272 62//62
f 1075//1075 63//63 272//272
f 688//688 319//319 320//320
f 684//684 315//315 316//316
f 950//950 313//313 314//314
f 98//98 950//950 951//951
f 151//151 684//684 685//685
f 200//200 688//688 689//689
f 507//507 1453//1453 1452//1452
f 508//508 1451//1451 1450//1450
f 509//509 1449//1449 1448//1448
f 810//810 693//693 215//215
f 811//811 694//694 216//216
f 216//216 812//812 695//695
f 217//217 813//813 696//696
f 218//218 814//814 697//697
f 1489//1489 1085//1085 1447//1447
f 1691//1691 332//332 517//517
f 517//517 1447//1447 1691//1691
f 1691//1691 1446//1446 966//966
f 336//336 518//518 1490//1490
f 1490//1490 1086//1086 967//967
f 1445//1445 1444//1444 1690//1690
f 59//59 282//282 1690//1690
f 1690//1690 1444//1444 699//699
f 338//338 523//523 1491//1491
f 1491//1491 1087//1087 968//968
f 1443//1443 1442//1442 1689//1689
f 60//60 281//281 1689//1689
f 1689//1689 1442//1442 700//700
f 342//342 530//530 1492//1492
f 1492//1492 1091//1091 969//969
f 1441//1441 1440//1440 1688//1688
f 54//54 280//280 1688//1688
f 1688//1688 1440//1440 701//701
f 532//532 1439//1439 1438//1438
f 353//353 1437//1437 1436//1436
f 346//346 537//537 1493//1493
f 1493//1493 1095//1095 972//972
f 1435//1435 1434//1434 1687//1687
f 55//55 279//279 1687//1687
f 1687//1687 1434//1434 704//704
f 538//538 111//111 705//705
f 1432//1432 1433//1433 348//348
f 539//539 348//348 973//973
f 353//353 1431//1431 1430//1430
f 354//354 544//544 1494//1494
f 1494//1494 1100//1100 975//975
f 1429//1429 1428//1428 1686//1686
f 57//57 278//278 1686//1686
f 1686//1686 1428//1428 707//707
f 358//358 545//545 1427//1427
f 171//171 834//834 709//709
f 365//365 548//548 1495//1495
f 1495//1495 1103//1103 978//978
f 1425//1425 1424//1424 1685//1685
f 56//56 277//277 1685//1685
f 1685//1685 1424//1424 710//710
f 371//371 553//553 1496//1496
f 1496//1496 1104//1104 980//980
f 1423//1423 1422//1422 1684//1684
f 67//67 276//276 1684//1684
f 1684//1684 1422//1422 712//712
f 1111//1111 988//988 388//388
f 1420//1420 720//720 126//126
f 1112//1112 989//989 390//390
f 1418//1418 721//721 127//127
f 564//564 1113//1113 951//951
f 391//391 1416//1416 683//683
f 565//565 1114//1114 685//685
f 392//392 1414//1414 953//953
f 1115//1115 990//990 393//393
f 1412//1412 722//722 162//162
f 1116//1116 991//991 395//395
f 1410//1410 723//723 163//163
f 96//96 997//997 1122//1122
f 406//406 574//574 1497//1497
f 1497//1497 1123//1123 999//999
f 1409//1409 1408//1408 1683//1683
f 100//100 290//290 1683//1683
f 1683//1683 1408//1408 731//731
f 114//114 171//171 858//858
f 236//236 737//737 1130//1130
f 736//736 1137//1137 1621//1621
f 418//418 589//589 1503//1503
f 1503//1503 1138//1138 1009//1009
f 1407//1407 1406//1406 1682//1682
f 79//79 295//295 1682//1682
f 1682//1682 1406//1406 741//741
f 420//420 590//590 1504//1504
f 1504//1504 1139//1139 1010//1010
f 1405//1405 1404//1404 1681//1681
f 78//78 296//296 1681//1681
f 1681//1681 1404//1404 742//742
f 121//121 875//875 744//744
f 122//122 876//876 745//745
f 123//123 877//877 746//746
f 878//878 747//747 123//123
f 879//879 748//748 124//124
f 599//599 1403//1403 1402//1402
f 600//600 1401//1401 1400//1400
f 313//313 601//601 1399//1399
f 602//602 1151//1151 689//689
f 431//431 1396//1396 957//957
f 1152//1152 1020//1020 432//432
f 1394//1394 752//752 243//243
f 1153//1153 1021//1021 434//434
f 1392//1392 753//753 244//244
f 1506//1506 1160//1160 1391//1391
f 1680//1680 444//444 611//611
f 611//611 1391//1391 1680//1680
f 1680//1680 1390//1390 1029//1029
f 761//761 1162//1162 1626//1626
f 762//762 1164//1164 1627//1627
f 763//763 1166//1166 1628//1628
f 1510//1510 1167//1167 1389//1389
f 1679//1679 448//448 618//618
f 618//618 1389//1389 1679//1679
f 1679//1679 1388//1388 1033//1033
f 620//620 619//619 1511//1511
f 1511//1511 1168//1168 901//901
f 1387//1387 1386//1386 1678//1678
f 132//132 309//309 1678//1678
f 1678//1678 1386//1386 1169//1169
f 766//766 1171//1171 1631//1631
f 767//767 1173//1173 1632//1632
f 907//907 1038//1038 135//135
f 908//908 1039//1039 140//140
f 909//909 1040//1040 136//136
f 910//910 1041//1041 138//138
f 911//911 1042//1042 137//137
f 631//631 1385//1385 1384//1384
f 632//632 1383//1383 1382//1382
f 315//315 633//633 1381//1381
f 319//319 634//634 1379//1379
f 635//635 1377//1377 1376//1376
f 636//636 1375//1375 1374//1374
f 918//918 780//780 246//246
f 919//919 781//781 247//247
f 920//920 1049//1049 187//187
f 921//921 1050//1050 189//189
f 922//922 1051//1051 188//188
f 250//250 923//923 1053//1053
f 469//469 643//643 1514//1514
f 1514//1514 1192//1192 786//786
f 1373//1373 1372//1372 1677//1677
f 27//27 470//470 1677//1677
f 1677//1677 1372//1372 1054//1054
f 1515//1515 1193//1193 1371//1371
f 1676//1676 472//472 645//645
f 645//645 1371//1371 1676//1676
f 1676//1676 1370//1370 787//787
f 477//477 650//650 1516//1516
f 1516//1516 1194//1194 788//788
f 1369//1369 1368//1368 1675//1675
f 30//30 478//478 1675//1675
f 1675//1675 1368//1368 1056//1056
f 1517//1517 1196//1196 1367//1367
f 1674//1674 654//654 655//655
f 655//655 1367//1367 1674//1674
f 1674//1674 1366//1366 927//927
f 9//9 1001//1001 737//737
f 929//929 792//792 242//242
f 930//930 1057//1057 30//30
f 483//483 658//658 1518//1518
f 1518//1518 1199//1199 793//793
f 1365//1365 1364//1364 1673//1673
f 33//33 484//484 1673//1673
f 1673//1673 1364//1364 1061//1061
f 237//237 11//11 1454//1454
f 11//11 1003//1003 1454//1454
f 1519//1519 1203//1203 1363//1363
f 1672//1672 662//662 663//663
f 663//663 1363//1363 1672//1672
f 1672//1672 1362//1362 934//934
f 664//664 1204//1204 1006//1006
f 368//368 1360//1360 738//738
f 1520//1520 1207//1207 1359//1359
f 1671//1671 667//667 668//668
f 668//668 1359//1359 1671//1671
f 1671//1671 1358//1358 938//938
f 1521//1521 1208//1208 1357//1357
f 1670//1670 496//496 672//672
f 672//672 1357//1357 1670//1670
f 1670//1670 1356//1356 798//798
f 1215//1215 1073//1073 505//505
f 1354//1354 805//805 213//213
f 1216//1216 1074//1074 506//506
f 1352//1352 806//806 212//212
f 1217//1217 806//806 506//506
f 1350//1350 1074//1074 208//208
f 322//322 46//46 955//955
f 1348//1348 1349//1349 318//318
f 507//507 318//318 687//687
f 53//53 959//959 1347//1347
f 508//508 1346//1346 1347//1347
f 323//323 691//691 1076//1076
f 48//48 960//960 1345//1345
f 509//509 1344//1344 1345//1345
f 325//325 692//692 1077//1077
f 219//219 815//815 1084//1084
f 1550//1550 283//283 59//59
f 59//59 699//699 1550//1550
f 336//336 517//517 1669//1669
f 517//517 1342//1342 1669//1669
f 1489//1489 517//517 336//336
f 336//336 967//967 1489//1489
f 968//968 1341//1341 1549//1549
f 1340//1340 518//518 1549//1549
f 518//518 338//338 1549//1549
f 1340//1340 1086//1086 1490//1490
f 969//969 1339//1339 1548//1548
f 1338//1338 523//523 1548//1548
f 523//523 342//342 1548//1548
f 1338//1338 1087//1087 1491//1491
f 972//972 1336//1336 1547//1547
f 1335//1335 530//530 1547//1547
f 530//530 346//346 1547//1547
f 1335//1335 1091//1091 1492//1492
f 531//531 344//344 1334//1334
f 975//975 1330//1330 1546//1546
f 1329//1329 537//537 1546//1546
f 537//537 354//354 1546//1546
f 1329//1329 1095//1095 1493//1493
f 355//355 21//21 1097//1097
f 1327//1327 1328//1328 540//540
f 539//539 540//540 829//829
f 358//358 1326//1326 1325//1325
f 977//977 1098//1098 542//542
f 1323//1323 830//830 179//179
f 41//41 1099//1099 1322//1322
f 542//542 1321//1321 1322//1322
f 543//543 831//831 830//830
f 978//978 1320//1320 1545//1545
f 1319//1319 544//544 1545//1545
f 544//544 365//365 1545//1545
f 1319//1319 1100//1100 1494//1494
f 980//980 1317//1317 1544//1544
f 1316//1316 548//548 1544//1544
f 548//548 371//371 1544//1544
f 1316//1316 1103//1103 1495//1495
f 981//981 1315//1315 1543//1543
f 1314//1314 553//553 1543//1543
f 553//553 378//378 1543//1543
f 1314//1314 1104//1104 1496//1496
f 981//981 837//837 120//120
f 64//64 982//982 1105//1105
f 74//74 983//983 838//838
f 73//73 984//984 839//839
f 68//68 985//985 840//840
f 70//70 986//986 841//841
f 69//69 987//987 842//842
f 562//562 386//386 1313//1313
f 563//563 388//388 1311//1311
f 564//564 390//390 1309//1309
f 565//565 393//393 1307//1307
f 566//566 395//395 1305//1305
f 567//567 397//397 1303//1303
f 90//90 992//992 849//849
f 89//89 993//993 850//850
f 94//94 994//994 851//851
f 92//92 995//995 852//852
f 101//101 996//996 853//853
f 998//998 854//854 169//169
f 998//998 1301//1301 1542//1542
f 1300//1300 574//574 1542//1542
f 574//574 403//403 1542//1542
f 1300//1300 1123//1123 1497//1497
f 1464//1464 234//234 8//8
f 8//8 1000//1000 1464//1464
f 1541//1541 291//291 100//100
f 100//100 1125//1125 1541//1541
f 576//576 575//575 1660//1660
f 575//575 1298//1298 1660//1660
f 1583//1583 575//575 576//576
f 576//576 857//857 1583//1583
f 171//171 112//112 733//733
f 235//235 9//9 1465//1465
f 9//9 1002//1002 1465//1465
f 1540//1540 292//292 75//75
f 75//75 1128//1128 1540//1540
f 579//579 578//578 1659//1659
f 578//578 1296//1296 1659//1659
f 1584//1584 578//578 579//579
f 579//579 860//860 1584//1584
f 361//361 172//172 1131//1131
f 1294//1294 1295//1295 582//582
f 581//581 582//582 863//863
f 172//172 111//111 735//735
f 236//236 11//11 1466//1466
f 11//11 1004//1004 1466//1466
f 1539//1539 293//293 76//76
f 76//76 1133//1133 1539//1539
f 584//584 583//583 1658//1658
f 583//583 1292//1292 1658//1658
f 1585//1585 583//583 584//584
f 584//584 865//865 1585//1585
f 1607//1607 111//111 173//173
f 173//173 1134//1134 1008//1008
f 113//113 1135//1135 1291//1291
f 585//585 1290//1290 1291//1291
f 586//586 867//867 866//866
f 237//237 13//13 1467//1467
f 13//13 1007//1007 1467//1467
f 1621//1621 1137//1137 1289//1289
f 1656//1656 1288//1288 1289//1289
f 1586//1586 1587//1587 869//869
f 1007//1007 1287//1287 1536//1536
f 1286//1286 589//589 1536//1536
f 589//589 416//416 1536//1536
f 1286//1286 1138//1138 1503//1503
f 1009//1009 1285//1285 1535//1535
f 1284//1284 590//590 1535//1535
f 590//590 418//418 1535//1535
f 1284//1284 1139//1139 1504//1504
f 1471//1471 238//238 17//17
f 17//17 1011//1011 1471//1471
f 1534//1534 297//297 78//78
f 78//78 1141//1141 1534//1534
f 592//592 591//591 1653//1653
f 591//591 1282//1282 1653//1653
f 1590//1590 591//591 592//592
f 592//592 873//873 1590//1590
f 84//84 1017//1017 1281//1281
f 599//599 1280//1280 1281//1281
f 428//428 749//749 1148//1148
f 86//86 1018//1018 1279//1279
f 600//600 1278//1278 1279//1279
f 429//429 750//750 1149//1149
f 97//97 1019//1019 1277//1277
f 601//601 1276//1276 1277//1277
f 430//430 751//751 1150//1150
f 602//602 432//432 1275//1275
f 603//603 434//434 1273//1273
f 604//604 436//436 1271//1271
f 143//143 1022//1022 886//886
f 142//142 1023//1023 887//887
f 147//147 1024//1024 888//888
f 145//145 1025//1025 889//889
f 154//154 1026//1026 890//890
f 1028//1028 891//891 250//250
f 149//149 1027//1027 1159//1159
f 1533//1533 304//304 148//148
f 148//148 760//760 1533//1533
f 442//442 611//611 1652//1652
f 611//611 1268//1268 1652//1652
f 1506//1506 611//611 442//442
f 442//442 1028//1028 1506//1506
f 39//39 1030//1030 893//893
f 1267//1267 305//305 1626//1626
f 305//305 153//153 1626//1626
f 613//613 612//612 1651//1651
f 1651//1651 1266//1266 1267//1267
f 893//893 612//612 1592//1592
f 612//612 613//613 1592//1592
f 40//40 1031//1031 895//895
f 1265//1265 306//306 1627//1627
f 306//306 128//128 1627//1627
f 615//615 614//614 1650//1650
f 1650//1650 1264//1264 1265//1265
f 895//895 614//614 1593//1593
f 614//614 615//615 1593//1593
f 41//41 1032//1032 897//897
f 1263//1263 307//307 1628//1628
f 307//307 129//129 1628//1628
f 617//617 616//616 1649//1649
f 1649//1649 1262//1262 1263//1263
f 897//897 616//616 1594//1594
f 616//616 617//617 1594//1594
f 1529//1529 308//308 130//130
f 130//130 764//764 1529//1529
f 447//447 618//618 1648//1648
f 618//618 1260//1260 1648//1648
f 1510//1510 618//618 447//447
f 447//447 1032//1032 1510//1510
f 1033//1033 42//42 1630//1630
f 42//42 159//159 1630//1630
f 43//43 1034//1034 901//901
f 44//44 1035//1035 902//902
f 1259//1259 310//310 1631//1631
f 310//310 132//132 1631//1631
f 622//622 621//621 1647//1647
f 1647//1647 1258//1258 1259//1259
f 902//902 621//621 1597//1597
f 621//621 622//622 1597//1597
f 45//45 1036//1036 904//904
f 1257//1257 311//311 1632//1632
f 311//311 131//131 1632//1632
f 624//624 623//623 1646//1646
f 1646//1646 1256//1256 1257//1257
f 904//904 623//623 1598//1598
f 623//623 624//624 1598//1598
f 134//134 141//141 1174//1174
f 137//137 1042//1042 1255//1255
f 631//631 1254//1254 1255//1255
f 457//457 774//774 1180//1180
f 139//139 1043//1043 1253//1253
f 632//632 1252//1252 1253//1253
f 458//458 775//775 1181//1181
f 150//150 1044//1044 1251//1251
f 633//633 1250//1250 1251//1251
f 459//459 776//776 1182//1182
f 199//199 1045//1045 1249//1249
f 634//634 1248//1248 1249//1249
f 460//460 777//777 1183//1183
f 190//190 1046//1046 1247//1247
f 635//635 1246//1246 1247//1247
f 461//461 778//778 1184//1184
f 185//185 1047//1047 1245//1245
f 636//636 1244//1244 1245//1245
f 462//462 779//779 1185//1185
f 785//785 1243//1243 1526//1526
f 1242//1242 643//643 1526//1526
f 643//643 468//468 1526//1526
f 1242//1242 1192//1192 1514//1514
f 1525//1525 473//473 27//27
f 27//27 1054//1054 1525//1525
f 469//469 645//645 1644//1644
f 645//645 1240//1240 1644//1644
f 1515//1515 645//645 469//469
f 469//469 786//786 1515//1515
f 787//787 1239//1239 1524//1524
f 1238//1238 650//650 1524//1524
f 650//650 472//472 1524//1524
f 1238//1238 1194//1194 1516//1516
f 1483//1483 242//242 30//30
f 30//30 1056//1056 1483//1483
f 481//481 1236//1236 1235//1235
f 790//790 1234//1234 1523//1523
f 1233//1233 658//658 1523//1523
f 658//658 480//480 1523//1523
f 1233//1233 1199//1199 1518//1518
f 485//485 111//111 791//791
f 1231//1231 1232//1232 481//481
f 659//659 481//481 1059//1059
f 484//484 33//33 1201//1201
f 1229//1229 1230//1230 660//660
f 659//659 660//660 933//933
f 487//487 1228//1228 1227//1227
f 1485//1485 241//241 33//33
f 33//33 1061//1061 1485//1485
f 241//241 796//796 937//937
f 1486//1486 240//240 34//34
f 34//34 1063//1063 1486//1486
f 1522//1522 497//497 36//36
f 36//36 1065//1065 1522//1522
f 492//492 672//672 1641//1641
f 672//672 1224//1224 1641//1641
f 1521//1521 672//672 492//492
f 492//492 797//797 1521//1521
f 1066//1066 941//941 219//219
f 201//201 1067//1067 1209//1209
f 211//211 1068//1068 942//942
f 210//210 1069//1069 943//943
f 205//205 1070//1070 944//944
f 207//207 1071//1071 945//945
f 206//206 1072//1072 946//946
f 679//679 504//504 1223//1223
f 680//680 505//505 1221//1221
f 317//317 1219//1219 1218//1218
f 504//504 804//804 1214//1214
f 503//503 803//803 1213//1213
f 502//502 802//802 1212//1212
f 501//501 801//801 1211//1211
f 500//500 800//800 1210//1210
f 499//499 799//799 941//941
f 798//798 1209//1209 673//673
f 1487//1487 38//38 497//497
f 497//497 1224//1224 1487//1487
f 1520//1520 668//668 488//488
f 488//488 795//795 1520//1520
f 1065//1065 1206//1206 667//667
f 491//491 1064//1064 1205//1205
f 1519//1519 663//663 483//483
f 483//483 793//793 1519//1519
f 1063//1063 1202//1202 662//662
f 32//32 484//484 1229//1229
f 254//254 485//485 1231//1231
f 1058//1058 931//931 1484//1484
f 482//482 1060//1060 1198//1198
f 1517//1517 655//655 477//477
f 477//477 788//788 1517//1517
f 1058//1058 1195//1195 654//654
f 1055//1055 926//926 1482//1482
f 1481//1481 29//29 473//473
f 473//473 1240//1240 1481//1481
f 1053//1053 924//924 1480//1480
f 1052//1052 1191//1191 642//642
f 467//467 784//784 1190//1190
f 466//466 783//783 1189//1189
f 465//465 782//782 1188//1188
f 1048//1048 1187//1187 638//638
f 1047//1047 1186//1186 637//637
f 269//269 1244//1244 917//917
f 270//270 1246//1246 916//916
f 257//257 1248//1248 915//915
f 300//300 1250//1250 914//914
f 299//299 1252//1252 913//913
f 312//312 1254//1254 912//912
f 773//773 1179//1179 630//630
f 772//772 1178//1178 629//629
f 454//454 771//771 1177//1177
f 453//453 770//770 1176//1176
f 452//452 769//769 1175//1175
f 451//451 1036//1036 906//906
f 452//452 625//625 906//906
f 1172//1172 141//141 1527//1527
f 141//141 311//311 1527//1527
f 451//451 768//768 1172//1172
f 1170//1170 131//131 1528//1528
f 131//131 310//310 1528//1528
f 450//450 767//767 1170//1170
f 449//449 766//766 1169//1169
f 765//765 448//448 1596//1596
f 448//448 619//619 1596//1596
f 1476//1476 133//133 308//308
f 308//308 1260//1260 1476//1476
f 1165//1165 130//130 1530//1530
f 130//130 307//307 1530//1530
f 447//447 764//764 1165//1165
f 1163//1163 129//129 1531//1531
f 129//129 306//306 1531//1531
f 446//446 763//763 1163//1163
f 1161//1161 128//128 1532//1532
f 128//128 305//305 1532//1532
f 445//445 762//762 1161//1161
f 1472//1472 153//153 304//304
f 304//304 1268//1268 1472//1472
f 441//441 759//759 891//891
f 760//760 1159//1159 610//610
f 440//440 758//758 1158//1158
f 439//439 757//757 1157//1157
f 438//438 756//756 1156//1156
f 437//437 755//755 1155//1155
f 436//436 754//754 1154//1154
f 286//286 1276//1276 882//882
f 285//285 1278//1278 881//881
f 298//298 1280//1280 880//880
f 1017//1017 1147//1147 598//598
f 1016//1016 1146//1146 597//597
f 1015//1015 1145//1145 596//596
f 1014//1014 1144//1144 595//595
f 1013//1013 1143//1143 594//594
f 422//422 1011//1011 874//874
f 1012//1012 1142//1142 593//593
f 1624//1624 88//88 297//297
f 297//297 1282//1282 1624//1624
f 1505//1505 591//591 422//422
f 422//422 743//743 1505//1505
f 741//741 871//871 1470//1470
f 739//739 870//870 1469//1469
f 1620//1620 1537//1537 1288//1288
f 587//587 416//416 1501//1501
f 416//416 739//739 1501//1501
f 1006//1006 867//867 586//586
f 359//359 1290//1290 1134//1134
f 1573//1573 417//417 585//585
f 585//585 866//866 1573//1573
f 1002//1002 865//865 584//584
f 1619//1619 77//77 293//293
f 293//293 1292//1292 1619//1619
f 583//583 413//413 1500//1500
f 413//413 736//736 1500//1500
f 582//582 412//412 1003//1003
f 112//112 361//361 1294//1294
f 1000//1000 860//860 579//579
f 1618//1618 76//76 292//292
f 292//292 1296//1296 1618//1618
f 578//578 410//410 1499//1499
f 410//410 734//734 1499//1499
f 577//577 409//409 1001//1001
f 1617//1617 75//75 291//291
f 291//291 1298//1298 1617//1617
f 1498//1498 575//575 408//408
f 408//408 732//732 1498//1498
f 730//730 855//855 1463//1463
f 730//730 1122//1122 573//573
f 401//401 728//728 1121//1121
f 400//400 727//727 1120//1120
f 399//399 726//726 1119//1119
f 398//398 725//725 1118//1118
f 397//397 724//724 1117//1117
f 386//386 719//719 1110//1110
f 385//385 718//718 1109//1109
f 384//384 717//717 1108//1108
f 383//383 716//716 1107//1107
f 382//382 715//715 1106//1106
f 381//381 714//714 837//837
f 713//713 1105//1105 556//556
f 713//713 836//836 1462//1462
f 712//712 835//835 1461//1461
f 979//979 1102//1102 546//546
f 710//710 832//832 1460//1460
f 363//363 1321//1321 1098//1098
f 709//709 1324//1324 541//541
f 20//20 355//355 1327//1327
f 707//707 827//827 1459//1459
f 348//348 705//705 1093//1093
f 704//704 823//823 1458//1458
f 344//344 702//702 1089//1089
f 701//701 819//819 1457//1457
f 700//700 818//818 1456//1456
f 1455//1455 58//58 283//283
f 283//283 1342//1342 1455//1455
f 515//515 1083//1083 816//816
f 966//966 1084//1084 516//516
f 965//965 1083//1083 515//515
f 964//964 1082//1082 514//514
f 963//963 1081//1081 513//513
f 962//962 1080//1080 512//512
f 961//961 1079//1079 511//511
f 960//960 1078//1078 510//510
f 284//284 1344//1344 809//809
f 271//271 1346//1346 808//808
f 212//212 322//322 1348//1348
f 949//949 1351//1351 258//258
f 948//948 1353//1353 324//324
f 947//947 1355//1355 326//326
f 678//678 1214//1214 803//803
f 677//677 1213//1213 802//802
f 1212//1212 801//801 501//501
f 1211//1211 800//800 500//500
f 1210//1210 799//799 499//499
f 1487//1487 940//940 1066//1066
f 1486//1486 939//939 1206//1206
f 1205//1205 794//794 487//487
f 115//115 936//936 1361//1361
f 1485//1485 935//935 1202//1202
f 417//417 412//412 1488//1488
f 412//412 735//735 1488//1488
f 484//484 32//32 1484//1484
f 1484//1484 931//931 1365//1365
f 1198//1198 789//789 479//479
f 1197//1197 1060//1060 482//482
f 409//409 733//733 1005//1005
f 1483//1483 928//928 1195//1195
f 478//478 29//29 1482//1482
f 1482//1482 926//926 1369//1369
f 1481//1481 925//925 1055//1055
f 470//470 25//25 1480//1480
f 1480//1480 924//924 1373//1373
f 642//642 1191//1191 785//785
f 1190//1190 783//783 466//466
f 1189//1189 782//782 465//465
f 1188//1188 781//781 464//464
f 1187//1187 1049//1049 464//464
f 1186//1186 1048//1048 463//463
f 1179//1179 774//774 457//457
f 1178//1178 773//773 456//456
f 1177//1177 772//772 455//455
f 1176//1176 771//771 454//454
f 1175//1175 770//770 453//453
f 624//624 450//450 1598//1598
f 450//450 1035//1035 1598//1598
f 622//622 449//449 1597//1597
f 449//449 1034//1034 1597//1597
f 309//309 133//133 1477//1477
f 1477//1477 900//900 1387//1387
f 1476//1476 899//899 765//765
f 617//617 446//446 1594//1594
f 446//446 1031//1031 1594//1594
f 615//615 445//445 1593//1593
f 445//445 1030//1030 1593//1593
f 613//613 444//444 1592//1592
f 444//444 1029//1029 1592//1592
f 1472//1472 892//892 761//761
f 1158//1158 759//759 441//441
f 1157//1157 758//758 440//440
f 1156//1156 757//757 439//439
f 606//606 1155//1155 756//756
f 605//605 1154//1154 755//755
f 885//885 1393//1393 435//435
f 884//884 1395//1395 433//433
f 243//243 883//883 1397//1397
f 1147//1147 1016//1016 427//427
f 1146//1146 1015//1015 426//426
f 596//596 1145//1145 1014//1014
f 595//595 1144//1144 1013//1013
f 594//594 1143//1143 1012//1012
f 1010//1010 873//873 592//592
f 296//296 79//79 1470//1470
f 1470//1470 871//871 1405//1405
f 295//295 80//80 1469//1469
f 1469//1469 870//870 1407//1407
f 588//588 413//413 1587//1587
f 413//413 1004//1004 1587//1587
f 414//414 1005//1005 862//862
f 580//580 577//577 1126//1126
f 999//999 857//857 576//576
f 290//290 95//95 1463//1463
f 1463//1463 855//855 1409//1409
f 402//402 729//729 854//854
f 1121//1121 729//729 402//402
f 1120//1120 728//728 401//401
f 1119//1119 727//727 400//400
f 569//569 1118//1118 726//726
f 568//568 1117//1117 725//725
f 848//848 1411//1411 396//396
f 847//847 1413//1413 394//394
f 162//162 846//846 1415//1415
f 127//127 845//845 1417//1417
f 844//844 1419//1419 389//389
f 843//843 1421//1421 387//387
f 561//561 1110//1110 718//718
f 560//560 1109//1109 717//717
f 1108//1108 716//716 383//383
f 1107//1107 715//715 382//382
f 1106//1106 714//714 381//381
f 276//276 65//65 1462//1462
f 1462//1462 836//836 1423//1423
f 277//277 67//67 1461//1461
f 1461//1461 835//835 1425//1425
f 546//546 1102//1102 977//977
f 278//278 56//56 1460//1460
f 1460//1460 832//832 1429//1429
f 178//178 538//538 1432//1432
f 279//279 57//57 1459//1459
f 1459//1459 827//827 1435//1435
f 280//280 55//55 1458//1458
f 1458//1458 823//823 1441//1441
f 345//345 971//971 822//822
f 525//525 1089//1089 820//820
f 281//281 54//54 1457//1457
f 1457//1457 819//819 1443//1443
f 282//282 60//60 1456//1456
f 1456//1456 818//818 1445//1445
f 1455//1455 817//817 698//698
f 514//514 1082//1082 965//965
f 513//513 1081//1081 964//964
f 512//512 1080//1080 963//963
f 1079//1079 962//962 328//328
f 1078//1078 961//961 327//327
f 319//319 956//956 957//957
f 315//315 952//952 953//953
f 313//313 682//682 683//683
f 294//294 1537//1537 1620//1620
f 588//588 1587//1587 1586//1586
f 1656//1656 1657//1657 588//588
f 77//77 1621//1621 1538//1538
f 1289//1289 1137//1137 1502//1502
f 1537//1537 1538//1538 1289//1289
f 869//869 1468//1468 1467//1467
f 1288//1288 1656//1656 1501//1501
