# Blender 5.2.0 LTS
# www.blender.org
o Cave
v -1.500000 0.000000 1.500000
v -1.500000 2.700000 1.500000
v -0.935381 0.258637 -0.750000
v -0.750000 0.000000 0.750000
v -0.996912 0.540608 -0.750000
v -1.500000 0.000000 -1.500000
v -1.046865 0.821470 -0.750000
v -1.045172 0.972642 -0.750000
v -1.025403 1.121947 -0.750000
v -1.019321 0.229298 0.750000
v -0.984867 1.271575 -0.750000
v -1.500000 2.700000 -1.500000
v -0.924363 1.421530 -0.750000
v -0.843649 1.572901 -0.750000
v -0.731924 1.719108 -0.750000
v -0.595219 1.863676 -0.750000
v -1.147854 0.512786 0.750000
v -0.446637 2.023665 -0.750000
v 1.500000 0.000000 1.500000
v -0.259224 2.171668 -0.750000
v -0.000001 2.313630 -0.750000
v 0.270131 2.186825 -0.750000
v -1.192454 0.812433 0.750000
v 0.470332 2.051912 -0.750000
v 0.640085 1.908632 -0.750000
v 1.500000 2.700000 1.500000
v -0.813121 1.721368 0.734680
v 0.773042 1.752829 -0.750000
v -1.164473 0.982844 0.750000
v -0.827386 1.878881 0.610394
v 1.500000 0.000000 -1.500000
v -1.123880 1.141610 0.750000
v -0.838124 2.034225 0.455495
v -0.822075 2.167271 0.256061
v 1.500000 2.700000 -1.500000
v -1.069276 1.299844 0.750000
v -0.795323 2.310303 0.000000
v -0.988022 1.452410 0.750000
v -0.770754 2.124710 -0.225434
v -0.772990 1.983060 -0.412576
v -0.876417 1.594115 0.750000
v -0.750780 1.734573 0.750000
v -0.788375 1.850460 -0.582030
v -0.625157 1.893674 0.750000
v -0.799490 1.712434 -0.723786
v -0.459457 2.038948 0.750000
v -0.265513 2.180408 0.750000
v 0.000000 2.357235 0.750000
v 0.267870 2.183683 0.750000
v 0.483576 2.067701 0.750000
v 0.647353 1.915914 0.750000
v 0.787908 1.765022 0.750000
v -0.750000 0.000000 -0.750000
v 0.750000 0.000000 0.750000
v -0.990000 0.825000 -1.500000
v -0.985038 0.967500 -1.500000
v -0.965565 1.110000 -1.500000
v -0.869670 1.395000 -1.500000
v -0.927911 1.252500 -1.500000
v -0.945959 0.550000 -1.500000
v -0.213050 2.107500 -1.500000
v 0.000000 2.250000 -1.500000
v 0.397427 1.965000 -1.500000
v 0.213050 2.107500 -1.500000
v -0.684238 1.680000 -1.500000
v -0.554126 1.822500 -1.500000
v -0.397427 1.965000 -1.500000
v -0.788968 1.537500 -1.500000
v -0.888564 0.275000 -1.500000
v -0.750000 0.000000 -1.500000
v 0.788968 1.537500 -1.500000
v 0.684238 1.680000 -1.500000
v 0.750000 0.000000 -1.500000
v 0.554126 1.822500 -1.500000
v 0.965565 1.110000 -1.500000
v 0.990000 0.825000 -1.500000
v 0.985038 0.967500 -1.500000
v 0.888564 0.275000 -1.500000
v 0.945959 0.550000 -1.500000
v 0.927911 1.252500 -1.500000
v 0.869670 1.395000 -1.500000
v 1.500000 1.965000 0.397427
v 1.500000 2.107500 0.213050
v 1.500000 2.250000 0.000000
v 1.500000 1.822500 -0.554126
v 1.500000 1.965000 -0.397427
v 1.500000 2.107500 -0.213050
v 1.500000 1.537500 -0.788968
v 1.500000 1.395000 -0.869670
v 1.500000 1.110000 -0.965565
v 1.500000 0.825000 -0.990000
v 1.500000 0.967500 -0.985038
v 1.500000 0.550000 -0.945959
v 1.500000 1.252500 -0.927911
v 1.500000 1.680000 -0.684238
v 1.500000 0.967500 0.985038
v 1.500000 0.825000 0.990000
v 1.500000 0.275000 0.888564
v 1.500000 1.252500 0.927911
v 1.500000 0.550000 0.945959
v 1.500000 1.110000 0.965565
v 1.500000 1.680000 0.684238
v 1.500000 1.537500 0.788968
v 1.500000 0.275000 -0.888564
v 1.500000 0.000000 -0.750000
v 1.500000 0.000000 0.750000
v 1.500000 1.822500 0.554126
v 1.500000 1.395000 0.869670
v 0.750000 0.000000 -0.750000
v -0.722056 1.744437 0.722056
v -0.713052 1.729094 -0.713051
v -0.786638 1.617448 -0.795468
v -0.602674 1.923346 0.602674
v -0.567791 1.850884 -0.567791
v -0.450619 2.096151 0.450619
v -0.401444 1.974905 -0.401444
v -0.255830 2.230176 0.255830
v -0.232787 2.164098 -0.232787
v -0.000001 2.356425 -0.000000
v 0.253580 2.223721 0.253578
v 0.230102 2.156399 -0.230102
v 0.446329 2.085571 0.446327
v 0.433710 2.054460 -0.433709
v 0.603335 1.924719 0.603335
v 0.596623 1.910775 -0.596622
v 0.743131 1.780345 0.743130
v 0.737337 1.770474 -0.737337
v 0.841499 1.608278 -0.841499
v 0.917487 1.443312 -0.917487
v 0.966295 1.279257 -0.966295
v 0.998659 1.123714 -0.998659
v 1.022109 0.974037 -1.022109
v 1.032122 0.819470 -1.032122
v 0.985373 0.535255 -0.985373
v 0.928028 0.245236 -0.928028
v -0.397427 1.965000 1.500000
v -0.213050 2.107500 1.500000
v 0.000000 2.250000 1.500000
v 0.554126 1.822500 1.500000
v 0.397427 1.965000 1.500000
v 0.213050 2.107500 1.500000
v 0.788968 1.537500 1.500000
v 0.869670 1.395000 1.500000
v 0.965565 1.110000 1.500000
v 0.990000 0.825000 1.500000
v 0.985038 0.967500 1.500000
v 0.945959 0.550000 1.500000
v 0.927911 1.252500 1.500000
v 0.684238 1.680000 1.500000
v -0.985038 0.967500 1.500000
v -0.990000 0.825000 1.500000
v -0.888564 0.275000 1.500000
v -0.927911 1.252500 1.500000
v -0.945959 0.550000 1.500000
v -0.965565 1.110000 1.500000
v -0.684238 1.680000 1.500000
v -0.788968 1.537500 1.500000
v 0.888564 0.275000 1.500000
v 0.750000 0.000000 1.500000
v -0.750000 0.000000 1.500000
v -0.554126 1.822500 1.500000
v -0.869670 1.395000 1.500000
v -0.742638 1.705228 -0.750000
v -0.940997 0.126226 0.750000
v -1.108432 0.414259 0.750000
v -1.182298 0.694120 0.750000
v -1.137343 1.081965 0.750000
v -1.175283 0.923498 0.750000
v -1.018775 1.396929 0.750000
v -1.090213 1.241292 0.750000
v -0.917059 1.543260 0.750000
v -0.522271 1.990576 0.750000
v -0.134756 2.287881 0.750000
v -0.331474 2.125510 0.750000
v 0.407047 2.112662 0.750000
v 0.736732 1.820650 0.750000
v 0.588463 1.971966 0.750000
v 0.871408 0.287939 0.871408
v 0.930449 0.555802 0.930449
v 0.992142 0.824719 0.992142
v 1.002701 0.970615 1.002701
v 0.995208 1.122285 0.995208
v 0.964830 1.278236 0.964830
v 0.915848 1.441656 0.915848
v 0.847858 1.616846 0.847858
v -0.828044 1.642258 0.756510
v -0.651852 1.842909 0.651853
v 0.530509 1.999905 0.530508
v 0.342006 2.162443 0.342006
v 0.112641 2.309979 0.112641
v 0.088435 2.284077 -0.088436
v 0.611526 1.896994 -0.611526
v -0.791404 1.615102 -0.707383
v 0.803455 1.669095 -0.803456
v 0.744680 1.760819 -0.744680
v -0.846499 0.064432 0.012295
v -1.029786 1.348663 0.012295
v -0.950540 1.502506 0.012295
v 0.646696 1.891374 -0.610769
v 0.732638 1.821549 0.708740
v 0.071992 2.267237 -0.294118
v 0.169026 2.283171 0.357143
v -0.997948 0.346262 0.012295
v -0.677726 1.829536 0.633449
v -1.131924 0.876720 0.012295
v -0.168048 2.288530 0.502253
v -1.126036 1.034362 0.012295
v -1.072940 0.622141 0.012295
v -0.532386 1.991422 0.674102
v -1.090530 1.193004 0.012295
v -0.358296 2.136045 0.602530
v 0.780778 1.746356 -0.701319
v -0.917262 0.412500 -1.500000
v -0.819282 0.137500 -1.500000
v 0.819282 0.137500 -1.500000
v 0.917262 0.412500 -1.500000
v 0.967980 0.687500 -1.500000
v 0.619182 1.751250 -1.500000
v 0.475776 1.893750 -1.500000
v 0.305238 2.036250 -1.500000
v 0.106525 2.178750 -1.500000
v -0.106525 2.178750 -1.500000
v -0.305238 2.036250 -1.500000
v -0.475776 1.893750 -1.500000
v -0.619182 1.751250 -1.500000
v -0.967980 0.687500 -1.500000
v 1.500000 0.412500 -0.917262
v 1.500000 0.137500 -0.819282
v 1.500000 0.137500 0.819282
v 1.500000 0.412500 0.917262
v 1.500000 0.687500 0.967980
v 1.500000 1.751250 0.619182
v 1.500000 1.893750 0.475776
v 1.500000 2.036250 0.305238
v 1.500000 2.178750 0.106525
v 1.500000 2.178750 -0.106525
v 1.500000 2.036250 -0.305238
v 1.500000 1.893750 -0.475776
v 1.500000 1.751250 -0.619182
v 1.500000 0.687500 -0.967980
v 0.819282 0.137500 1.500000
v -0.819282 0.137500 1.500000
v -0.917262 0.412500 1.500000
v -0.967980 0.687500 1.500000
v -0.619182 1.751250 1.500000
v -0.475776 1.893750 1.500000
v -0.305238 2.036250 1.500000
v -0.106525 2.178750 1.500000
v 0.106525 2.178750 1.500000
v 0.305238 2.036250 1.500000
v 0.475776 1.893750 1.500000
v 0.619182 1.751250 1.500000
v 0.967980 0.687500 1.500000
v 0.917262 0.412500 1.500000
v 1.125000 0.000000 -0.750000
v 0.750000 0.000000 -1.125000
v 0.750000 0.000000 1.125000
v 1.125000 0.000000 0.750000
v -0.750000 0.000000 -1.125000
v -0.750000 0.000000 0.000000
v -0.750000 0.000000 1.125000
v -0.925701 0.262020 -1.125000
v -0.856507 0.118744 -0.750000
v -0.886995 0.098732 0.381148
v -0.883186 0.044123 0.750000
v -0.822929 0.019781 0.381148
v -0.969635 0.246664 -0.000000
v -0.973700 0.544887 -1.125000
v -0.967638 0.401986 -0.750000
v -1.053885 0.380115 0.381148
v -1.017042 0.295231 0.381148
v -1.048726 0.531058 -0.000000
v -1.001796 0.824268 -1.125000
v -1.020706 0.679056 -0.750000
v -1.163170 0.652437 0.381147
v -1.131394 0.566541 0.381148
v -1.126851 0.816505 0.000000
v -0.987635 0.967722 -1.125000
v -1.198924 0.901687 0.381148
v -1.201315 0.855747 0.381148
v -1.130761 0.979962 -0.000000
v -0.966752 1.110237 -1.125000
v -1.171608 1.063618 0.381148
v -1.183619 1.018433 0.381148
v -1.105436 1.137927 -0.000000
v -0.946428 1.258701 -1.125000
v -1.119752 1.224911 0.381148
v -1.138207 1.180610 0.381148
v -1.052858 1.294345 -0.000000
v -0.919379 1.419113 -1.125000
v -1.045273 1.381376 0.381148
v -1.069827 1.337765 0.381148
v -0.979694 1.448371 -0.000000
v -0.860564 1.583851 -1.125000
v -0.958588 1.536922 0.381148
v -0.985351 1.491367 0.381148
v -0.889780 1.602766 -0.000000
v -0.760198 1.742296 -1.125000
v -0.628505 1.897029 0.652063
v -0.685668 1.811956 0.750000
v -0.662258 1.790581 -0.750000
v -0.623291 1.891805 -1.125000
v -0.641785 1.792526 -0.641785
v -0.588175 1.856617 -0.652063
v -0.450307 2.028039 -1.125000
v -0.520383 1.942801 -0.750000
v -0.482246 1.907979 -0.482246
v -0.422156 1.994480 -0.573713
v -0.528392 2.009469 0.528393
v -0.477504 2.060463 0.573713
v -0.255516 2.166514 -1.125000
v -0.355693 2.101532 -0.750000
v -0.222343 2.120414 -0.481525
v -0.314556 2.060362 -0.314556
v -0.359033 2.175455 0.359032
v -0.291323 2.216275 0.481525
v 0.000000 2.297530 -1.125000
v -0.143487 2.234011 -0.750000
v -0.000001 2.298091 -0.375000
v -0.133087 2.258174 -0.133087
v -0.141973 2.284745 0.141972
v -0.000001 2.364047 0.375000
v -0.117967 2.320013 0.626127
v -0.155565 2.294429 0.626127
v 0.271163 2.188259 -1.125000
v 0.152375 2.247299 -0.750000
v 0.084407 2.262879 -0.178537
v 0.251584 2.161050 -0.481525
v 0.154675 2.205539 -0.253584
v 0.155329 2.209501 -0.155329
v 0.280558 2.201315 0.481525
v 0.157833 2.255460 0.750000
v 0.120384 2.320216 0.178571
v 0.158563 2.295436 0.216401
v 0.183126 2.269380 0.183125
v 0.464842 2.045368 -1.125000
v 0.370703 2.120953 -0.750000
v 0.464770 2.045281 -0.573713
v 0.332675 2.107249 -0.332674
v 0.388589 2.125985 0.523000
v 0.479571 2.062926 0.573713
v 0.618669 1.887173 -1.125000
v 0.556518 1.982537 -0.750000
v 0.638816 1.907360 -0.652063
v 0.514368 1.978622 -0.514367
v 0.574195 1.974533 0.615175
v 0.643113 1.911666 0.652063
v 0.673445 1.850339 0.673443
v 0.750521 1.734360 -1.125000
v 0.707410 1.831808 -0.750000
v 0.675358 1.838672 -0.675358
v 0.859175 1.582952 -1.144484
v 0.931731 1.425104 -1.184835
v 0.977996 1.269274 -1.213956
v 1.007928 1.118459 -1.232783
v 1.021428 0.970612 -1.242519
v 1.018703 0.823218 -1.245000
v 1.011024 0.673713 -1.011024
v 0.973669 0.544892 -1.222980
v 0.953743 0.397272 -0.953743
v 0.922570 0.263114 -1.194282
v 0.865365 0.091060 -0.865365
v 0.810637 0.146212 0.810637
v 1.194282 0.267768 0.909257
v 0.897462 0.420765 0.897462
v 1.222980 0.549466 0.948857
v 0.959502 0.690215 0.959502
v 1.245000 0.824996 0.990071
v 1.242519 0.968625 0.998189
v 1.232783 1.115915 0.995189
v 1.213956 1.266942 0.971035
v 1.184835 1.420405 0.922043
v 1.144484 1.579862 0.854401
v 0.799883 1.701765 0.799883
v 1.092119 1.745219 0.763763
v -0.818603 1.797507 0.669844
v -0.652063 1.904011 0.635473
v 1.027063 1.892552 0.624037
v -0.838670 1.959351 0.535433
v -0.573713 2.071221 0.486529
v 0.948713 2.042163 0.462154
v -0.829096 2.098834 0.353608
v -0.481525 2.223398 0.296449
v 0.856525 2.175374 0.261891
v -0.819045 2.236138 0.144909
v -0.375000 2.346606 -0.000000
v 0.750000 2.302463 0.000000
v -0.779622 2.203371 -0.122993
v -0.481525 2.126593 -0.226789
v 0.856525 2.132461 -0.231012
v -0.772949 2.054408 -0.319272
v -0.573713 1.968640 -0.400480
v 0.948713 2.018368 -0.442194
v -0.779055 1.915246 -0.495324
v -0.652063 1.852514 -0.584080
v 1.027063 1.874272 -0.605794
v -0.797488 1.783270 -0.654251
v 1.092119 1.728066 -0.742847
v 1.144484 1.583932 -0.860688
v 1.184835 1.423893 -0.929233
v 1.213956 1.269994 -0.980148
v 1.232783 1.120410 -1.017703
v 1.242519 0.971879 -1.036247
v 1.245000 0.822022 -1.037965
v 1.222980 0.541247 -0.993445
v 1.194282 0.257252 -0.939341
v -0.863337 1.627690 0.000000
v -1.022857 0.228062 1.125000
v -1.104125 0.520846 1.125000
v -1.133167 0.816113 1.125000
v -1.113858 0.978516 1.125000
v -1.074884 1.131827 1.125000
v -1.017984 1.282666 1.125000
v -0.947156 1.432587 1.125000
v -0.855433 1.580530 1.125000
v -0.745998 1.730651 1.125000
v -0.605624 1.874102 1.125000
v -0.434886 2.009656 1.125000
v -0.253440 2.163629 1.125000
v -0.000000 2.341619 1.125000
v 0.257208 2.168866 1.125000
v 0.454397 2.032916 1.125000
v 0.622806 1.891318 1.125000
v 0.745347 1.730116 1.125000
v 0.832350 1.565586 1.144484
v 0.901025 1.410210 1.184835
v 0.950484 1.260060 1.213956
v 0.980182 1.112918 1.232783
v 0.995181 0.968367 1.242519
v 0.995744 0.824643 1.245000
v 0.943207 0.550507 1.222980
v 0.891010 0.274145 1.194282
v -0.856234 0.118881 -1.125000
v -0.790482 0.036130 -0.368852
v -0.870126 0.168409 -0.368852
v -0.922062 0.142240 0.381148
v -0.951939 0.405263 -1.125000
v -0.943090 0.310666 -0.368852
v -0.984706 0.445469 -0.368852
v -1.073891 0.426856 0.381148
v -0.986873 0.684474 -1.125000
v -1.017676 0.584753 -0.368852
v -1.053197 0.720091 -0.368852
v -1.178016 0.700101 0.381147
v -0.994292 0.896486 -1.125000
v -1.086073 0.851734 -0.368852
v -1.093260 0.923321 -0.368852
v -1.196740 0.926924 0.381148
v -0.975377 1.038760 -1.125000
v -1.094163 1.006209 -0.368852
v -1.086797 1.077783 -0.368852
v -1.164631 1.088419 0.381148
v -0.954229 1.183229 -1.125000
v -1.069461 1.162445 -0.368852
v -1.044856 1.232169 -0.368852
v -1.109283 1.249193 0.381148
v -0.932804 1.337652 -1.125000
v -1.011022 1.313731 -0.368852
v -0.974321 1.381883 -0.368852
v -1.032116 1.405504 0.381148
v -0.892484 1.502023 -1.125000
v -0.930080 1.460065 -0.368852
v -0.885517 1.528930 -0.368852
v -0.944729 1.562464 0.381148
v -0.841137 1.616671 -1.125000
v -0.794312 1.691993 -1.125000
v -0.767409 1.732280 -1.125000
v -0.693031 1.818679 -1.125000
v -0.661248 1.789659 -0.717119
v -0.537533 1.961660 -1.125000
v -0.509850 1.931219 -0.652063
v -0.517437 2.035976 0.535764
v -0.351899 2.096623 -1.125000
v -0.328180 2.065934 -0.573713
v -0.403813 2.084101 0.676265
v -0.429078 2.116790 0.499979
v -0.341512 2.194021 0.407790
v -0.139442 2.227964 -1.125000
v -0.116839 2.194170 -0.481525
v -0.220598 2.242941 0.626127
v -0.227535 2.253312 0.357652
v -0.113312 2.313053 0.251127
v 0.146132 2.237967 -1.125000
v 0.058000 2.291516 -0.147059
v 0.042122 2.267777 -0.522059
v 0.158485 2.211236 -0.522059
v 0.226982 2.249076 0.285097
v 0.214424 2.230300 0.553571
v 0.113543 2.309989 0.553571
v 0.373875 2.125057 -1.125000
v 0.361017 2.108421 -0.573713
v 0.324450 2.165920 0.523000
v 0.441671 2.089853 0.573713
v 0.540973 1.965443 -1.125000
v 0.555250 1.981143 -0.652063
v 0.525250 2.022264 0.615175
v 0.611253 1.941174 0.652063
v 0.687911 1.862683 0.631433
v 0.683473 1.809952 -1.125000
v 0.708751 1.833032 -0.717119
v 0.711164 1.827411 -0.647503
v 0.805215 1.659176 -1.144484
v 0.895196 1.503558 -1.184835
v 0.953198 1.345987 -1.213956
v 0.990798 1.192893 -1.232783
v 1.014484 1.044104 -1.242519
v 1.019488 0.897363 -1.245000
v 0.990180 0.683945 -1.245000
v 0.946037 0.406494 -1.222980
v 0.847093 0.123487 -1.194282
v 1.194282 0.120952 0.852125
v 1.222980 0.410044 0.929028
v 1.245000 0.687754 0.966393
v 1.245000 0.896441 0.993013
v 1.242519 1.041735 0.997146
v 1.232783 1.190852 0.983076
v 1.213956 1.342957 0.945785
v 1.184835 1.497093 0.883780
v 1.144484 1.659621 0.805821
v -0.717119 1.814976 0.688975
v 1.092119 1.817559 0.691805
v -0.652063 1.992542 0.565617
v 0.990175 1.999282 0.504351
v 1.027063 1.964123 0.539772
v -0.573713 2.139122 0.384746
v 0.898000 2.143865 0.307405
v 0.948713 2.104827 0.358240
v -0.481525 2.287045 0.178959
v 0.787829 2.268017 0.066804
v 0.856525 2.227031 0.138819
v -0.481525 2.227014 -0.138806
v 0.781478 2.261738 -0.053412
v 0.856525 2.198299 -0.119601
v -0.573713 2.042441 -0.310023
v 0.948713 2.077166 -0.336861
v -0.652063 1.912754 -0.493058
v 1.027063 1.949618 -0.526582
v -0.717119 1.794202 -0.666223
v 1.032254 1.865601 -0.612747
v 1.092119 1.796759 -0.669024
v 1.093536 1.723191 -0.747048
v 1.125000 1.683033 -0.782121
v 1.144484 1.656947 -0.802183
v 1.184835 1.501776 -0.892049
v 1.213956 1.345001 -0.950785
v 1.232783 1.194661 -0.997490
v 1.242519 1.045796 -1.026862
v 1.245000 0.897970 -1.036916
v 1.245000 0.680299 -1.012941
v 1.222980 0.403021 -0.962679
v 1.194282 0.103280 -0.887196
v -0.824760 1.893750 -0.078350
v -0.851043 1.822500 0.000000
v -0.873128 1.751250 0.065056
v -0.859978 1.635261 -0.032881
v -0.863854 1.680000 0.000000
v -0.837915 1.965000 0.000000
v -0.805386 2.036250 -0.092188
v -0.828164 2.107500 0.000000
v -0.984473 0.165497 1.125000
v -0.896080 0.037627 1.125000
v -1.094167 0.468152 1.125000
v -1.057548 0.332305 1.125000
v -1.127150 0.752994 1.125000
v -1.114216 0.614039 1.125000
v -1.117729 0.946807 1.125000
v -1.127500 0.875811 1.125000
v -1.082809 1.100267 1.125000
v -1.101250 1.030207 1.125000
v -1.028513 1.252036 1.125000
v -1.054944 1.182795 1.125000
v -0.960888 1.402776 1.125000
v -0.993739 1.333051 1.125000
v -0.872828 1.551602 1.125000
v -0.916190 1.482057 1.125000
v -0.780558 1.681884 1.125000
v -0.832620 1.610412 1.125000
v -0.866105 1.635022 0.000000
v -0.677787 1.804760 1.125000
v -0.548139 1.917469 1.125000
v -0.465063 1.983522 1.125000
v -0.286484 2.134906 1.125000
v -0.374253 2.057939 1.125000
v -0.087376 2.298839 1.125000
v -0.186394 2.216366 1.125000
v 0.153424 2.248868 1.125000
v 0.318625 2.121178 1.125000
v 0.416165 2.056852 1.125000
v 0.592719 1.920793 1.125000
v 0.512131 1.989581 1.125000
v 0.722881 1.761643 1.125000
v 0.665145 1.839577 1.125000
v 0.787332 1.646033 1.144484
v 0.862457 1.485017 1.184835
v 0.923586 1.333884 1.213956
v 0.963642 1.185717 1.232783
v 0.987243 1.040382 1.242519
v 0.995408 0.896525 1.245000
v 0.969654 0.687232 1.245000
v 0.915157 0.412939 1.222980
v 0.831905 0.131140 1.194282
v 0.937500 0.000000 -0.750000
v 0.750000 0.000000 -0.937500
v 0.750000 0.000000 1.312500
v 1.312500 0.000000 0.750000
v -0.750000 0.000000 -1.312500
v -0.750000 0.000000 -0.375000
v -0.750000 0.000000 1.312500
v -0.905186 0.269190 -1.312500
v -0.856609 0.086690 0.196721
v -0.826608 0.046191 0.196721
v -0.993255 0.238408 0.375000
v -0.961262 0.547179 -1.312500
v -1.006241 0.367295 0.196721
v -0.991752 0.324032 0.196721
v -1.111855 0.519422 0.375000
v -1.000422 0.824353 -1.312500
v -1.105576 0.639287 0.196721
v -1.088959 0.596456 0.196721
v -1.200271 0.811947 0.375000
v -0.997414 0.968558 -1.312500
v -1.162683 0.889108 0.196721
v -1.162110 0.866076 0.196721
v -1.189624 0.984995 0.375000
v -0.983680 1.113617 -1.312500
v -1.149474 1.049079 0.196721
v -1.153761 1.026251 0.196721
v -1.149144 1.146654 0.375000
v -0.954312 1.261342 -1.312500
v -1.107222 1.209508 0.196721
v -1.115316 1.187058 0.196721
v -1.085770 1.305368 0.375000
v -0.903121 1.411227 -1.312500
v -1.042980 1.367247 0.196721
v -1.053919 1.344895 0.196721
v -1.004153 1.460235 0.375000
v -0.824084 1.560235 -1.312500
v -0.963784 1.524935 0.196721
v -0.976393 1.501721 0.196721
v -0.915218 1.619235 0.375000
v -0.720366 1.709629 -1.312500
v -0.585435 1.853871 -1.312500
v -0.420816 1.992883 -1.312500
v -0.229642 2.130557 -1.312500
v -0.229024 2.129699 -0.347288
v -0.296420 2.223359 0.347288
v 0.000000 2.268453 -1.312500
v -0.000000 2.312289 -0.187500
v -0.000001 2.371404 0.187500
v 0.237741 2.141813 -1.312500
v 0.248764 2.157131 -0.347288
v 0.288679 2.212601 0.347288
v 0.430069 2.003914 -1.312500
v 0.385662 2.140800 0.409500
v 0.588791 1.857235 -1.312500
v 0.719258 1.708720 -1.312500
v 0.863742 1.585909 -0.966726
v 0.932501 1.425478 -1.027253
v 0.984550 1.271469 -1.070933
v 1.018208 1.120511 -1.099174
v 1.039249 0.972136 -1.113779
v 1.046922 0.821466 -1.117500
v 1.005501 0.539025 -1.084469
v 0.933253 0.259380 -1.041423
v 1.041423 0.275203 0.887983
v 1.084469 0.550382 0.943887
v 1.117500 0.825367 0.984083
v 1.113779 0.968538 0.997177
v 1.099174 1.117133 1.001290
v 1.070933 1.271073 0.983370
v 1.027253 1.429964 0.941747
v 0.966726 1.594499 0.877010
v 0.888179 1.750349 0.770017
v 0.790595 1.899368 0.630840
v 0.673070 2.051651 0.470113
v -0.347288 2.233673 0.303842
v 0.534788 2.190408 0.272709
v -0.187500 2.348141 0.000000
v 0.375000 2.340603 -0.000000
v -0.347288 2.144632 -0.239769
v 0.534788 2.163075 -0.253041
v 0.673070 2.030359 -0.452252
v 0.790595 1.893938 -0.625421
v 0.888179 1.736954 -0.753685
v 0.966726 1.591341 -0.872133
v 1.027253 1.432246 -0.946454
v 1.070933 1.272445 -0.987465
v 1.099174 1.120155 -1.016424
v 1.113779 0.971928 -1.036817
v 1.117500 0.821554 -1.045519
v 1.084469 0.538903 -1.006164
v 1.041423 0.253653 -0.949639
v -0.818077 1.612847 -0.375000
v -0.939603 0.257161 1.312500
v -1.014983 0.537277 1.312500
v -1.055196 0.820953 1.312500
v -1.040858 0.972273 1.312500
v -1.011298 1.119131 1.312500
v -0.965568 1.265111 1.312500
v -0.902256 1.410807 1.312500
v -0.818328 1.556508 1.312500
v -0.710919 1.701881 1.312500
v -0.573490 1.841903 1.312500
v -0.411765 1.982093 1.312500
v -0.229756 2.130716 1.312500
v -0.000000 2.284646 1.312500
v 0.228190 2.128539 1.312500
v 0.416599 1.987856 1.312500
v 0.575038 1.843454 1.312500
v 0.707687 1.699231 1.312500
v 0.860837 1.584028 0.966726
v 0.924831 1.421758 1.027253
v 0.974450 1.268086 1.070933
v 1.001591 1.117193 1.099174
v 1.006728 0.969355 1.113779
v 0.995328 0.824669 1.117500
v 0.929434 0.553046 1.084469
v 0.874451 0.279933 1.041423
v -0.897428 0.184329 -0.937500
v -0.822710 0.048155 -0.178279
v -0.868485 0.111295 -0.178279
v -0.873278 0.108880 0.196721
v -0.948478 0.477730 -1.312500
v -0.986207 0.325190 -0.178279
v -1.007090 0.392576 -0.178279
v -1.014311 0.391069 0.196721
v -0.989314 0.754597 -1.312500
v -1.054945 0.601903 -0.178279
v -1.068991 0.670167 -0.178279
v -1.114378 0.662899 0.196721
v -0.997740 0.932274 -1.312500
v -1.102293 0.863994 -0.178279
v -1.102963 0.899685 -0.178279
v -1.162932 0.901773 0.196721
v -0.986951 1.076632 -1.312500
v -1.097037 1.018500 -0.178279
v -1.091768 1.054070 -0.178279
v -1.146928 1.061608 0.196721
v -0.961794 1.223341 -1.312500
v -1.066082 1.174048 -0.178279
v -1.054686 1.209149 -0.178279
v -1.102740 1.221847 0.196721
v -0.917020 1.372776 -1.312500
v -1.010734 1.327245 -0.178279
v -0.994430 1.362157 -0.178279
v -1.037071 1.379585 0.196721
v -0.844736 1.522032 -1.312500
v -0.935996 1.478842 -0.178279
v -0.915695 1.514397 -0.178279
v -0.957097 1.537844 0.196721
v -0.815036 1.617904 -0.937500
v -0.790378 1.654649 -0.937500
v -0.723945 1.704759 -1.312500
v -0.686780 1.747646 -1.312500
v -0.462194 1.957517 -1.312500
v -0.277666 2.095840 -1.312500
v -0.297044 2.120913 -0.661857
v -0.353062 2.169119 0.505160
v -0.064764 2.231570 -1.312500
v -0.176259 2.167750 -0.347288
v -0.137029 2.295334 0.376690
v 0.179489 2.172580 -1.312500
v 0.035842 2.280988 -0.636029
v 0.115086 2.239009 -0.408088
v 0.193625 2.259576 0.455357
v 0.140341 2.295169 0.455357
v 0.382587 2.041064 -1.312500
v 0.410515 2.077199 -0.485570
v 0.354622 2.162099 0.409500
v 0.548844 1.895395 -1.312500
v 0.685429 1.746413 -1.312500
v 0.837107 1.627747 -0.966726
v 0.840605 1.519693 -1.342417
v 0.909705 1.369787 -1.356978
v 0.957711 1.222262 -1.366391
v 0.987976 1.076772 -1.371260
v 0.999466 0.932334 -1.372500
v 1.036053 0.747111 -1.117500
v 0.987082 0.469673 -1.084469
v 0.892194 0.186966 -1.041423
v 1.041423 0.204545 0.857307
v 1.084469 0.481151 0.932082
v 1.117500 0.757625 0.970401
v 1.372500 0.932144 0.994017
v 1.371260 1.076192 0.983730
v 1.366391 1.222040 0.956871
v 1.356978 1.369767 0.909657
v 1.342417 1.517192 0.836190
v 1.322242 1.663877 0.736956
v 1.296060 1.813854 0.616201
v 0.735262 1.992768 0.536302
v 1.263532 1.963574 0.467702
v -0.661857 2.163591 0.330029
v 0.597000 2.140898 0.338236
v 1.224357 2.095306 0.277253
v -0.615763 2.301909 0.111810
v 0.431744 2.289884 0.108806
v 1.178263 2.232491 0.065379
v -0.347288 2.193661 -0.193589
v 0.422218 2.289543 -0.094790
v 1.178263 2.244005 -0.073081
v -0.485570 2.002548 -0.352818
v 0.673070 2.061635 -0.398486
v 0.790595 1.932428 -0.582521
v 0.798380 1.881743 -0.636135
v 1.296060 1.806904 -0.608590
v 0.890305 1.730312 -0.758758
v 1.312500 1.674567 -0.723724
v 1.322242 1.659770 -0.731368
v 1.027253 1.475343 -0.928456
v 1.070933 1.313610 -0.975705
v 1.099174 1.159329 -1.008012
v 1.113779 1.010082 -1.031081
v 1.117500 0.862514 -1.043001
v 1.372500 0.615414 -0.977798
v 1.361490 0.338162 -0.929686
v 1.347141 0.052638 -0.816617
v -0.869444 1.929375 0.159538
v -0.812050 1.822500 -0.277063
v -0.820356 1.786875 -0.244535
v -0.903699 1.657630 0.325679
v -0.902779 1.680000 0.342119
v -0.867295 1.965000 0.198713
v -0.790220 2.000625 -0.244807
v -0.850316 2.107500 0.106525
v -0.978832 0.137751 0.937500
v -0.928393 0.076961 0.937500
v -1.115276 0.438289 0.937500
v -1.095724 0.370625 0.937500
v -1.154988 0.723515 0.937500
v -1.147347 0.654225 0.937500
v -1.153457 0.935395 0.937500
v -1.157716 0.899875 0.937500
v -1.122623 1.092830 0.937500
v -1.131020 1.057688 0.937500
v -1.068912 1.249187 0.937500
v -1.082522 1.214671 0.937500
v -0.995500 1.402169 0.937500
v -1.013799 1.368073 0.937500
v -0.896991 1.548591 0.937500
v -0.921397 1.515362 0.937500
v -0.806847 1.666753 0.937500
v -0.833784 1.631682 0.937500
v -0.818509 1.620457 -0.375000
v -0.608527 1.806846 1.312500
v -0.546435 1.864819 1.312500
v -0.494191 1.987625 0.937500
v -0.312888 2.135267 0.937500
v -0.357250 2.097400 0.937500
v -0.109224 2.290606 0.937500
v -0.161781 2.253926 0.937500
v 0.174039 2.164433 1.312500
v 0.259087 2.105605 1.312500
v 0.412240 2.085578 0.937500
v 0.602169 1.959111 0.937500
v 0.561611 1.993215 0.937500
v 0.738790 1.799349 0.937500
v 0.709448 1.837884 0.937500
v 0.836246 1.627115 0.966726
v 0.820929 1.508550 1.342417
v 0.890732 1.362032 1.356978
v 0.941367 1.217943 1.366391
v 0.973621 1.074810 1.371260
v 0.989199 0.931977 1.372500
v 0.958962 0.618431 1.372500
v 0.907211 0.342853 1.361490
v 0.789951 0.066075 1.347141
v 1.312500 0.000000 -0.750000
v 0.750000 0.000000 -1.312500
v 0.750000 0.000000 0.937500
v 0.937500 0.000000 0.750000
v -0.750000 0.000000 -0.937500
v -0.750000 0.000000 0.375000
v -0.750000 0.000000 0.937500
v -0.931037 0.260155 -0.937500
v -0.921302 0.108797 0.565574
v -0.795251 0.005463 0.565574
v -0.926617 0.261700 -0.375000
v -0.986371 0.542551 -0.937500
v -1.086504 0.396072 0.565574
v -1.024540 0.270143 0.565574
v -1.007671 0.538625 -0.375000
v -1.026306 0.822746 -0.937500
v -1.186069 0.671143 0.565574
v -1.149338 0.540548 0.565574
v -1.082924 0.819232 -0.375000
v -1.014808 0.970046 -0.937500
v -1.196983 0.912937 0.565574
v -1.206289 0.844225 0.565574
v -1.096315 0.977016 -0.375000
v -0.989705 1.114820 -0.937500
v -1.163338 1.074003 0.565574
v -1.181780 1.006284 0.565574
v -1.078651 1.132579 -0.375000
v -0.958018 1.262583 -0.937500
v -1.116123 1.236045 0.565574
v -1.140543 1.168732 0.565574
v -1.025570 1.285206 -0.375000
v -0.914778 1.416881 -0.937500
v -1.041598 1.393065 0.565574
v -1.079266 1.327991 0.565574
v -0.947625 1.432815 -0.375000
v -0.844521 1.573465 -0.937500
v -0.938678 1.540575 0.565574
v -0.989667 1.478385 0.565574
v -0.852939 1.578915 -0.375000
v -0.741445 1.726917 -0.937500
v -0.616775 1.885275 -0.937500
v -0.458399 2.037687 -0.937500
v -0.261248 2.174479 -0.937500
v -0.239137 2.143752 -0.615763
v -0.278807 2.198882 0.615763
v 0.000000 2.302978 -0.937500
v -0.000000 2.285121 -0.562500
v -0.000001 2.370762 0.562500
v 0.270382 2.187174 -0.937500
v 0.258653 2.170874 -0.615763
v 0.271544 2.188788 0.615763
v 0.457063 2.036094 -0.937500
v 0.396522 2.117646 0.636500
v 0.618780 1.887284 -0.937500
v 0.758267 1.740712 -0.937500
v 0.825851 1.561379 -1.322242
v 0.899678 1.409557 -1.342417
v 0.950969 1.260222 -1.356978
v 0.984544 1.113789 -1.366391
v 0.999751 0.968758 -1.371260
v 0.999221 0.824428 -1.372500
v 0.951027 0.549066 -1.361490
v 0.897195 0.271983 -1.347141
v 1.347141 0.269590 0.904042
v 1.361490 0.548558 0.953782
v 1.372500 0.824691 0.994984
v 1.371260 0.968274 0.994085
v 1.366391 1.113043 0.980806
v 1.356978 1.260069 0.950512
v 1.342417 1.408834 0.898190
v 1.322242 1.556612 0.818488
v 1.296060 1.704919 0.714622
v 1.263532 1.857459 0.589015
v 1.224357 2.004541 0.430595
v -0.615763 2.204658 0.282963
v 1.178262 2.131410 0.230256
v -0.562500 2.343389 0.000000
v 1.125000 2.281390 0.000000
v -0.615763 2.125598 -0.226073
v 1.178262 2.145778 -0.240594
v 1.224357 1.997036 -0.424300
v 1.263532 1.848511 -0.580085
v 1.296060 1.700841 -0.709652
v 1.322242 1.552673 -0.812405
v 1.342417 1.404768 -0.889807
v 1.356978 1.259298 -0.948210
v 1.366391 1.114377 -0.987489
v 1.371260 0.969342 -1.006578
v 1.372500 0.823741 -1.010284
v 1.361490 0.545466 -0.970559
v 1.347141 0.264800 -0.917746
v -0.896026 1.638410 0.375000
v -1.039553 0.222227 0.937500
v -1.131692 0.515765 0.937500
v -1.165369 0.814114 0.937500
v -1.148342 0.981465 0.937500
v -1.111512 1.139140 0.937500
v -1.052263 1.294146 0.937500
v -0.972785 1.445019 0.937500
v -0.868961 1.589288 0.937500
v -0.756309 1.739107 0.937500
v -0.621319 1.889828 0.937500
v -0.448465 2.025844 0.937500
v -0.263526 2.177647 0.937500
v 0.000001 2.342317 0.937500
v 0.257145 2.168778 0.937500
v 0.472969 2.055056 0.937500
v 0.646986 1.915546 0.937500
v 0.773402 1.753125 0.937500
v 0.804839 1.547775 1.322242
v 0.878365 1.399218 1.342417
v 0.932980 1.254198 1.356978
v 0.969051 1.110696 1.366391
v 0.988173 0.967768 1.371260
v 0.992367 0.824853 1.372500
v 0.948488 0.549534 1.361490
v 0.893936 0.273122 1.347141
v -0.789887 0.066107 -1.312500
v -0.764434 0.020991 -0.559426
v -0.892950 0.214849 -0.559426
v -0.970173 0.175939 0.565574
v -0.946552 0.334642 -0.937500
v -0.929299 0.290021 -0.559426
v -0.985927 0.493437 -0.559426
v -1.119990 0.465456 0.565574
v -0.995400 0.612595 -0.937500
v -1.003963 0.563830 -0.559426
v -1.057585 0.766782 -0.559426
v -1.199195 0.744104 0.565574
v -1.023901 0.861849 -0.937500
v -1.072501 0.839567 -0.559426
v -1.080051 0.946835 -0.559426
v -1.190795 0.950691 0.565574
v -1.007740 1.006892 -0.937500
v -1.079887 0.992360 -0.559426
v -1.070642 1.099967 -0.559426
v -1.154212 1.111387 0.565574
v -0.980696 1.152111 -0.937500
v -1.062240 1.148041 -0.559426
v -1.030643 1.254030 -0.559426
v -1.101791 1.272830 0.565574
v -0.946351 1.301612 -0.937500
v -1.012993 1.300905 -0.559426
v -0.959581 1.403803 -0.559426
v -1.020162 1.428563 0.565574
v -0.897582 1.457858 -0.937500
v -0.935404 1.447654 -0.559426
v -0.866668 1.549880 -0.559426
v -0.910908 1.574935 0.565574
v -0.813326 1.575817 -1.312500
v -0.737794 1.684907 -1.312500
v -0.749709 1.714848 -0.937500
v -0.649193 1.843977 -0.937500
v -0.577362 1.926755 -0.937500
v -0.408097 2.074071 -0.937500
v -0.364317 2.017425 -0.485570
v -0.322987 2.209898 0.310420
v -0.201527 2.205528 -0.937500
v -0.073390 2.244467 -0.615763
v -0.091600 2.333771 0.125563
v 0.087619 2.265741 -0.937500
v 0.058701 2.269964 -0.408088
v 0.211300 2.197541 -0.636029
v 0.238471 2.205879 0.651786
v 0.088668 2.327683 0.651786
v 0.322142 2.153386 -0.937500
v 0.316068 2.145527 -0.661857
v 0.296255 2.172297 0.636500
v 0.496430 1.995165 -0.937500
v 0.655323 1.849574 -0.937500
v 0.744368 1.669324 -1.322242
v 0.912664 1.466400 -1.027253
v 0.970585 1.311517 -1.070933
v 1.008869 1.159555 -1.099174
v 1.033404 1.010399 -1.113779
v 1.044871 0.862579 -1.117500
v 0.961160 0.618079 -1.372500
v 0.909820 0.342308 -1.361490
v 0.791715 0.065186 -1.347141
v 1.347141 0.057355 0.807255
v 1.361490 0.341063 0.915787
v 1.372500 0.617808 0.962854
v 1.117500 0.860529 0.985993
v 1.113779 1.005589 0.998204
v 1.099174 1.156265 0.996417
v 1.070933 1.311979 0.971714
v 1.027253 1.472508 0.923450
v 0.966726 1.637034 0.849744
v 0.888179 1.788251 0.731251
v 1.245087 1.982539 0.451251
v 0.790595 1.938854 0.588365
v -0.485570 2.115475 0.440097
v 1.199000 2.114875 0.251874
v 0.673070 2.086848 0.417972
v -0.347288 2.263067 0.240012
v 1.143915 2.260980 0.034721
v 0.534788 2.223197 0.213344
v -0.615763 2.272288 -0.091998
v 1.140739 2.267569 -0.034531
v 0.534788 2.201448 -0.198797
v -0.661857 2.088142 -0.271717
v 1.224357 2.099072 -0.280164
v 1.263532 1.954098 -0.459084
v 1.266127 1.844015 -0.583397
v 0.888179 1.775067 -0.716812
v 1.296768 1.698409 -0.711309
v 0.937500 1.668065 -0.808632
v 0.966726 1.630387 -0.840698
v 1.342417 1.512713 -0.828281
v 1.356978 1.366598 -0.901903
v 1.366391 1.221944 -0.956507
v 1.371260 1.077275 -0.991657
v 1.372500 0.932607 -1.007301
v 1.117500 0.747224 -1.035353
v 1.084469 0.469361 -0.988575
v 1.041423 0.172014 -0.921870
v -0.802733 1.858125 -0.316238
v -0.888535 1.822500 0.277063
v -0.899275 1.715625 0.374647
v -0.817141 1.612891 -0.391440
v -0.818107 1.680000 -0.342119
v -0.798313 1.965000 -0.198713
v -0.845905 2.071875 0.060431
v -0.795571 2.107500 -0.106525
v -0.923451 0.226833 1.312500
v -0.815035 0.022847 1.312500
v -1.008716 0.511444 1.312500
v -0.953255 0.307785 1.312500
v -1.051907 0.790065 1.312500
v -1.023186 0.583125 1.312500
v -1.042327 0.956838 1.312500
v -1.053164 0.850211 1.312500
v -1.014207 1.103770 1.312500
v -1.035762 0.997844 1.312500
v -0.970070 1.250116 1.312500
v -1.003350 1.144573 1.312500
v -0.908569 1.396145 1.312500
v -0.954596 1.290229 1.312500
v -0.826542 1.542084 1.312500
v -0.887864 1.435660 1.312500
v -0.728669 1.678202 1.312500
v -0.807403 1.571464 1.312500
v -0.901148 1.640361 0.375000
v -0.722110 1.779905 0.937500
v -0.536071 1.954975 0.937500
v -0.426464 1.969004 1.312500
v -0.246382 2.116823 1.312500
v -0.381306 2.005603 1.312500
v -0.038248 2.266286 1.312500
v -0.195436 2.155525 1.312500
v 0.099759 2.283891 0.937500
v 0.358340 2.111102 0.937500
v 0.399268 2.001187 1.312500
v 0.560011 1.856898 1.312500
v 0.442774 1.964090 1.312500
v 0.695500 1.713462 1.312500
v 0.597369 1.819838 1.312500
v 0.731413 1.659804 1.322242
v 0.904550 1.461805 1.027253
v 0.960232 1.307286 1.070933
v 0.993962 1.155616 1.099174
v 1.005754 1.006621 1.113779
v 0.997980 0.860946 1.117500
v 0.978050 0.756400 1.117500
v 0.913499 0.485030 1.084469
v 0.847192 0.209642 1.041423
v 0.824080 0.135082 1.347141
v 0.858728 0.203829 1.347141
v 0.920904 0.411740 1.361490
v 0.934653 0.480615 1.361490
v 0.969878 0.687196 1.372500
v 0.981042 0.755921 1.372500
v 0.663376 1.749456 1.312500
v 0.630548 1.784807 1.312500
v 0.520720 1.892395 1.312500
v 0.481808 1.928310 1.312500
v 0.122147 2.202106 1.312500
v 0.070749 2.240519 1.312500
v -0.091187 2.230178 1.312500
v -0.143470 2.193088 1.312500
v -0.291025 2.079321 1.312500
v -0.335811 2.042004 1.312500
v -0.642660 1.772686 1.312500
v -0.676424 1.738190 1.312500
v -1.043899 0.720834 1.312500
v -1.034323 0.651854 1.312500
v -0.990937 0.443410 1.312500
v -0.972118 0.375593 1.312500
v -0.887252 0.158868 1.312500
v -0.851903 0.090475 1.312500
v -0.825833 2.178750 0.000000
v -0.788620 2.036250 -0.198713
v -0.789896 2.071875 -0.152619
v -0.802490 1.893750 -0.277063
v -0.800591 1.929375 -0.237888
v -0.820465 1.715625 -0.309591
v -0.821098 1.751250 -0.277063
v -0.893782 1.786875 0.309591
v -0.897873 1.751250 0.342119
v -0.875992 1.893750 0.198713
v -0.882484 1.858125 0.237888
v 1.347141 0.122689 -0.848676
v 1.347141 0.192120 -0.881967
v 1.361490 0.406975 -0.943736
v 1.361490 0.475874 -0.957369
v 1.372500 0.684291 -0.988018
v 1.372500 0.753076 -0.998806
v 1.296060 1.771956 -0.641859
v 1.296060 1.737074 -0.675201
v 0.828313 1.846844 -0.663749
v 0.858246 1.810773 -0.690080
v 1.263532 1.919615 -0.499297
v 1.263532 1.884775 -0.539186
v 1.224357 2.064470 -0.327049
v 1.224357 2.030991 -0.374802
v -0.439476 2.044831 -0.311870
v -0.393382 2.092144 -0.274810
v 1.178263 2.214914 -0.130713
v 1.178262 2.182315 -0.186000
v 0.459741 2.261461 -0.130317
v 0.497264 2.231610 -0.164661
v -0.294025 2.245928 -0.151457
v -0.240763 2.290842 -0.104408
v 1.178263 2.196466 0.118374
v 1.178262 2.162908 0.173020
v -0.294025 2.281972 0.175566
v -0.240763 2.303269 0.112720
v 1.224357 2.065723 0.328017
v 1.224357 2.036221 0.378843
v -0.439476 2.157760 0.399150
v -0.393382 2.198032 0.356648
v 1.263532 1.929744 0.508508
v 1.263532 1.894857 0.548355
v 1.296060 1.777722 0.648174
v 1.296060 1.741831 0.680412
v 1.372500 0.686726 0.972815
v 1.372500 0.755529 0.983493
v 1.361490 0.410129 0.928623
v 1.361490 0.479240 0.941241
v 1.347141 0.128057 0.838022
v 1.347141 0.198085 0.870129
v 0.826677 0.133774 -1.347141
v 0.861783 0.202290 -1.347141
v 0.923583 0.411181 -1.361490
v 0.937190 0.480085 -1.361490
v 0.972862 0.686718 -1.372500
v 0.985554 0.755199 -1.372500
v 0.688606 1.814639 -0.937500
v 0.721683 1.779515 -0.937500
v 0.535310 1.959216 -0.937500
v 0.575540 1.924751 -0.937500
v 0.357807 2.104267 -0.439476
v 0.303605 2.129401 -0.393382
v 0.368236 2.117761 -0.937500
v 0.411804 2.078867 -0.937500
v 0.115571 2.313020 0.366071
v 0.090099 2.329822 0.276786
v 0.185310 2.241656 0.651786
v 0.136339 2.283697 0.651786
v 0.224030 2.244663 0.419334
v 0.254815 2.230315 0.383311
v 0.158744 2.211623 -0.387821
v 0.201869 2.183440 -0.367554
v 0.094203 2.252985 -0.636029
v 0.153228 2.225976 -0.636029
v 0.148568 2.241607 -0.937500
v 0.208843 2.216468 -0.937500
v -0.114050 2.314156 0.438627
v -0.091697 2.333915 0.500563
v -0.200444 2.265988 0.232088
v -0.227558 2.253347 0.491889
v -0.126889 2.209197 -0.615763
v -0.182157 2.176569 -0.615763
v -0.142678 2.232801 -0.937500
v -0.084799 2.261525 -0.937500
v -0.419751 2.144568 0.402608
v -0.315667 2.049744 -0.439476
v -0.271054 2.087284 -0.393382
v -0.360272 2.107457 -0.937500
v -0.312243 2.140578 -0.937500
v -0.539835 1.964192 -0.937500
v -0.501047 2.000242 -0.937500
v -0.654026 1.783065 -1.312500
v -0.620678 1.817941 -1.312500
v -0.921768 1.549461 0.006148
v -0.888514 1.562252 -0.184426
v -0.931666 1.586690 0.190574
v -0.949450 1.455608 -0.184426
v -0.963138 1.478787 0.006148
v -0.989468 1.478272 0.190574
v -1.006049 1.394850 0.006148
v -0.972543 1.409100 -0.184426
v -1.014892 1.426409 0.190574
v -1.021196 1.304257 -0.184426
v -1.039854 1.325515 0.006148
v -1.064819 1.322086 0.190574
v -1.073057 1.239620 0.006148
v -1.038854 1.256199 -0.184426
v -1.085292 1.268470 0.190574
v -1.072940 1.150869 -0.184426
v -1.097219 1.169780 0.006148
v -1.122786 1.164040 0.190574
v -1.116874 1.081893 0.006148
v -1.083360 1.101705 -0.184426
v -1.135939 1.108890 0.190574
v -1.099655 0.995061 -0.184426
v -1.128184 1.010857 0.006148
v -1.156863 1.002878 0.190574
v -1.132371 0.924683 0.006148
v -1.102336 0.947611 -0.184426
v -1.161121 0.949657 0.190574
v -1.100817 0.840553 -0.184426
v -1.129562 0.853249 0.006148
v -1.159644 0.842601 0.190574
v -1.099946 0.712604 0.006148
v -1.088765 0.761789 -0.184426
v -1.143937 0.752953 0.190574
v -1.020470 0.631700 -0.559426
v -1.038530 0.699320 -0.559426
v -1.045965 0.557103 -0.184426
v -1.060266 0.577932 0.006148
v -1.071206 0.553061 0.190574
v -1.005418 0.681504 -0.937500
v -1.015735 0.750365 -0.937500
v -1.023411 0.437391 0.006148
v -1.030837 0.484063 -0.184426
v -1.045157 0.481075 0.190574
v -0.948816 0.357693 -0.559426
v -0.967544 0.425529 -0.559426
v -0.970426 0.281437 -0.184426
v -0.985496 0.301815 0.006148
v -0.976345 0.280202 0.190574
v -0.960543 0.403467 -0.937500
v -0.973821 0.472440 -0.937500
v -0.908798 0.148923 0.006148
v -0.927769 0.197305 -0.184426
v -0.933089 0.194625 0.190574
v -0.809664 0.084405 -0.559426
v -0.851715 0.149422 -0.559426
v -0.774546 0.015896 -0.184426
v -0.815030 0.023761 0.006148
v -0.775957 0.015185 0.190574
v -0.866173 0.113873 -0.937500
v -0.834556 0.043599 -0.937500
v 0.780357 0.070909 0.972141
v 0.815439 0.139437 1.006782
v 0.885194 0.347448 1.055772
v 0.898311 0.416455 1.070121
v 0.944034 0.620822 1.095479
v 0.960577 0.688686 1.106490
v 0.352844 2.036384 1.312500
v 0.306053 2.071107 1.312500
v 0.200773 2.204402 0.937500
v 0.149135 2.242456 0.937500
v -0.506289 1.899375 1.312500
v -0.466284 1.934088 1.312500
v -0.658190 1.852192 0.937500
v -0.690715 1.816564 0.937500
v -0.895555 0.037891 0.937500
v -0.860233 0.000073 0.937500
v -0.854950 2.036250 0.106525
v -0.861415 2.000625 0.152619
v 0.972141 0.023920 -0.873613
v 1.006782 0.096897 -0.899864
v 1.055772 0.331772 -0.960305
v 1.070121 0.400932 -0.972689
v 1.095479 0.609085 -1.017318
v 1.106490 0.678111 -1.026608
v 0.712245 1.997850 -0.498871
v 0.751420 1.966486 -0.541922
v 0.580882 2.124802 -0.300050
v 0.626976 2.092038 -0.348355
v -0.661857 2.013832 -0.361540
v -0.615763 2.171285 -0.178622
v -0.615763 2.220592 -0.134512
v 0.466092 2.267842 0.143777
v 0.500440 2.245533 0.178570
v -0.615763 2.241636 0.225677
v -0.615763 2.274234 0.170390
v -0.661857 2.102127 0.429781
v 0.823123 1.858231 0.664804
v 0.855651 1.822683 0.697416
v 0.914361 1.710508 0.800405
v 0.940543 1.674568 0.826159
v 1.095479 0.619499 0.952292
v 1.106490 0.688727 0.960318
v 1.055772 0.343814 0.902608
v 1.070121 0.412435 0.917574
v 0.972141 0.061790 0.798455
v 1.006782 0.134601 0.825036
v 0.827497 0.047156 -0.972141
v 0.857654 0.118166 -1.006782
v 0.951482 0.333613 -1.055772
v 0.969183 0.401663 -1.070121
v 1.017328 0.609084 -1.095479
v 1.027350 0.677992 -1.106490
v 0.621955 1.819107 -1.312500
v 0.653575 1.782652 -1.312500
v 0.470526 1.966679 -1.312500
v 0.509871 1.931242 -1.312500
v 0.416366 2.084770 -0.661857
v 0.287955 2.109153 -1.312500
v 0.335852 2.075860 -1.312500
v 0.050601 2.280454 -0.334559
v 0.040808 2.288412 -0.261029
v 0.065442 2.232585 -1.312500
v 0.122199 2.202184 -1.312500
v -0.084940 2.261735 -0.240763
v -0.131309 2.215805 -0.294025
v -0.174721 2.165452 -1.312500
v -0.119820 2.198627 -1.312500
v -0.388774 2.049070 -0.661857
v -0.372493 2.028003 -1.312500
v -0.325108 2.061959 -1.312500
v -0.543309 1.889309 -1.312500
v -0.502638 1.923288 -1.312500
v -0.708570 1.767541 -0.937500
v -0.678741 1.805631 -0.937500
v -0.970439 0.616593 -1.312500
v -0.979498 0.685655 -1.312500
v -0.921296 0.339913 -1.312500
v -0.935459 0.408702 -1.312500
v -0.893478 0.067201 0.565574
v -0.866937 0.024959 0.565574
v -0.866266 0.200031 -1.312500
v -0.827627 0.133295 -1.312500
v -0.750000 0.000000 -0.562500
v -1.009955 0.232572 0.562500
v -1.140454 0.514150 0.562500
v -1.207519 0.811497 0.562500
v -1.186587 0.984736 0.562500
v -1.147371 1.146300 0.562500
v -1.089513 1.306621 0.562500
v -1.002818 1.459588 0.562500
v -0.890510 1.603238 0.562500
v 0.786209 1.758215 0.779609
v 0.672360 1.904817 0.636277
v 0.535248 2.060176 0.477264
v 0.373919 2.208399 0.285655
v 0.187500 2.353752 0.000000
v 0.373919 2.171624 -0.259192
v 0.535248 2.032812 -0.454310
v 0.672360 1.897719 -0.629194
v 0.786209 1.744216 -0.762538
v -0.813383 1.611308 -0.562500
v -0.917294 0.217422 -0.843750
v -0.840266 0.053441 -0.082992
v -0.864199 0.084484 -0.082992
v -0.856808 0.088208 0.104508
v -0.942759 0.514795 -1.406250
v -0.997757 0.334540 -0.082992
v -1.007264 0.368429 -0.082992
v -1.000695 0.369800 0.104508
v -0.988879 0.789923 -1.406250
v -1.065132 0.611832 -0.082992
v -1.073341 0.645774 -0.082992
v -1.088653 0.643321 0.104508
v -0.991708 0.949898 -1.406250
v -1.116041 0.870319 -0.082992
v -1.116403 0.888166 -0.082992
v -0.976116 1.093297 -1.406250
v -1.109181 1.026109 -0.082992
v -1.106398 1.043874 -0.082992
v -0.943060 1.237447 -1.406250
v -1.075409 1.182761 -0.082992
v -1.069568 1.200274 -0.082992
v -0.889494 1.382314 -1.406250
v -1.016606 1.336461 -0.082992
v -1.008131 1.353784 -0.082992
v -0.811713 1.526856 -1.406250
v -0.938718 1.488098 -0.082992
v -0.928318 1.505733 -0.082992
v -0.679141 1.708009 -1.406250
v -0.425494 1.956513 -1.406250
v -0.242845 2.098418 -1.406250
v -0.030508 2.237983 -1.406250
v 0.193303 2.135604 -1.406250
v 0.384318 1.995672 -1.406250
v 0.546099 1.853025 -1.406250
v 0.679146 1.708013 -1.406250
v 1.398030 1.814339 0.580960
v 0.607806 1.985998 0.549082
v 1.381766 1.957801 0.426666
v 0.446500 2.152547 0.363802
v 1.362178 2.095464 0.240562
v 0.253701 2.298194 0.128053
v 1.339131 2.235387 0.028771
v 0.242587 2.281367 -0.100712
v 1.339131 2.236756 -0.029687
v 0.535248 2.050514 -0.426704
v 0.672360 1.917539 -0.604767
v 0.681444 1.884711 -0.642238
v 1.398030 1.810051 -0.576265
v 0.788689 1.736663 -0.768408
v -0.871876 1.947187 0.278482
v -0.795796 1.822500 -0.415595
v -0.798193 1.804688 -0.399331
v -0.875305 1.668815 0.504959
v -0.872832 1.680000 0.513179
v -0.870303 1.965000 0.298070
v -0.934097 0.101895 0.843750
v -1.102244 0.392407 0.843750
v -1.167675 0.673716 0.843750
v -0.809099 1.623748 -0.562500
v -0.575414 1.809274 1.406250
v -0.545729 1.838654 1.406250
v -0.344249 2.111309 0.843750
v -0.146719 2.268587 0.843750
v 0.190640 2.131624 1.406250
v 0.232637 2.102113 1.406250
v 0.579210 1.987180 0.843750
v 0.726379 1.832269 0.843750
v -0.750000 0.000000 0.187500
v -0.959702 0.250136 -0.187500
v -1.041252 0.532435 -0.187500
v -1.099772 0.818186 -0.187500
v -1.101277 0.977440 -0.187500
v -1.077719 1.132393 -0.187500
v -1.028772 1.286279 -0.187500
v -0.959184 1.438422 -0.187500
v -0.871780 1.591113 -0.187500
v 1.194089 1.725246 0.739408
v 1.145297 1.881195 0.612704
v 1.086535 2.023076 0.446143
v 1.017394 2.149391 0.243194
v 0.937500 2.281222 -0.000000
v 1.017394 2.148414 -0.242491
v 1.086535 2.018003 -0.441888
v 1.145297 1.866169 -0.597707
v 1.194089 1.719360 -0.732232
v -0.892902 1.637386 0.187500
v -0.821596 0.093232 -1.218750
v -0.775459 0.029568 -0.464139
v -0.877597 0.193615 -0.464139
v -0.948589 0.157844 0.473361
v -0.945114 0.370815 -1.031250
v -0.930846 0.301460 -0.464139
v -0.980172 0.470527 -0.464139
v -1.100758 0.445359 0.473361
v -0.987923 0.649050 -1.031250
v -1.006290 0.575017 -0.464139
v -1.055032 0.743494 -0.464139
v -1.195939 0.720928 0.473361
v -1.005984 0.879059 -1.031250
v -1.081135 0.845715 -0.464139
v -1.091175 0.935235 -0.464139
v -0.985767 1.022035 -1.031250
v -1.092589 1.000044 -0.464139
v -1.085192 1.089759 -0.464139
v -0.960366 1.165795 -1.031250
v -1.072557 1.157015 -0.464139
v -1.042943 1.244471 -0.464139
v -0.935285 1.317878 -1.031250
v -1.016052 1.308971 -0.464139
v -0.968088 1.393308 -0.464139
v -0.896449 1.480743 -1.031250
v -0.932025 1.453454 -0.464139
v -0.872904 1.537599 -0.464139
v -0.671988 1.832128 -1.031250
v -0.561297 1.948440 -1.031250
v -0.382323 2.088356 -1.031250
v -0.172687 2.220039 -1.031250
v 0.117452 2.252716 -1.031250
v 0.348226 2.139503 -1.031250
v 0.517071 1.978512 -1.031250
v 0.669126 1.829514 -1.031250
v 0.990149 1.804038 0.712768
v 1.117631 1.993339 0.480009
v 0.908829 1.952645 0.565120
v 1.048500 2.123801 0.275336
v 0.810892 2.104424 0.394742
v 0.965872 2.258386 0.046674
v 0.695656 2.230636 0.179775
v 0.961109 2.260759 -0.041367
v 0.695656 2.200660 -0.159725
v 1.086535 2.101181 -0.318608
v 1.145297 1.959498 -0.499781
v 1.149190 1.859422 -0.603126
v 0.990149 1.784251 -0.691097
v 1.195152 1.715355 -0.735375
v -0.811792 1.875937 -0.197294
v -0.878880 1.822500 0.138532
v -0.895183 1.733438 0.219852
v -0.842974 1.624076 -0.212161
v -0.840523 1.680000 -0.171060
v -0.811805 1.965000 -0.099357
v -0.861018 0.027485 1.218750
v -1.005663 0.319991 1.218750
v -1.074410 0.597667 1.218750
v -0.895329 1.646292 0.187500
v -0.699280 1.791722 1.031250
v -0.540451 1.934403 1.031250
v -0.378362 2.032525 1.218750
v -0.191914 2.187439 1.218750
v 0.128611 2.269399 1.031250
v 0.337702 2.115130 1.031250
v 0.476721 1.976031 1.218750
v 0.630880 1.829363 1.218750
v 0.636053 1.745582 1.406250
v 0.493985 1.888385 1.406250
v 0.084706 2.203757 1.406250
v -0.094965 2.198647 1.406250
v -0.294936 2.053650 1.406250
v -0.641532 1.738994 1.406250
v -0.993228 0.706203 1.406250
v -0.941842 0.430513 1.406250
v -0.844885 0.152407 1.406250
v -0.791071 1.893750 -0.376420
v -0.791006 1.911562 -0.356832
v -0.802960 1.733438 -0.464387
v -0.801326 1.751250 -0.448123
v -0.882483 1.769063 0.464387
v -0.879474 1.751250 0.480651
v -0.882007 1.893750 0.337245
v -0.885038 1.875937 0.356832
v 1.398030 1.756620 -0.625063
v 1.194089 1.738189 -0.712195
v 0.726343 1.835216 -0.686787
v 0.741309 1.817814 -0.700646
v 1.381766 1.900884 -0.482264
v 1.145297 1.886609 -0.576640
v 1.362178 2.042854 -0.310342
v 1.086535 2.035746 -0.415290
v 1.339131 2.185021 -0.110720
v 1.017394 2.166427 -0.213918
v 0.298872 2.234996 -0.151161
v 0.317634 2.222257 -0.169796
v 1.339131 2.181602 0.108433
v 1.339131 2.164182 0.135326
v 1.362178 2.045865 0.312670
v 1.362178 2.029308 0.336687
v 1.381766 1.905978 0.486896
v 1.381766 1.888582 0.506862
v 1.398030 1.760964 0.629821
v 1.398030 1.743130 0.646062
v 0.733351 1.757506 -1.031250
v 0.595340 1.907172 -1.031250
v 0.435793 2.062273 -1.031250
v 0.239296 2.204369 -1.031250
v -0.056395 2.276687 -1.031250
v -0.288018 2.156867 -1.031250
v -0.480067 2.016523 -1.031250
v -0.613746 1.778949 -1.406250
v -0.944233 1.562183 0.193648
v -0.917270 1.594350 0.095287
v -0.982776 1.489909 0.193648
v -0.987449 1.484841 0.285861
v -1.025740 1.402898 0.193648
v -1.003275 1.435633 0.095287
v -1.059346 1.333481 0.193648
v -1.067173 1.329865 0.285861
v -1.093953 1.245142 0.193648
v -1.073138 1.278067 0.095287
v -1.119091 1.175559 0.193648
v -1.130501 1.172326 0.285861
v -1.141374 1.085241 0.193648
v -1.123244 1.119351 0.095287
v -1.155370 1.014572 0.193648
v -1.170953 1.010753 0.285861
v -1.162277 0.925724 0.193648
v -1.146472 0.961134 0.095287
v -1.160970 0.854342 0.193648
v -1.181588 0.849212 0.285861
v -1.129830 0.707818 0.193648
v -1.106424 0.782658 -0.092213
v -1.132991 0.778403 0.095287
v -1.023721 0.654876 -0.654713
v -1.030867 0.688988 -0.654713
v -1.080084 0.574758 0.193648
v -1.100949 0.559857 0.285861
v -1.006606 0.787084 -1.031250
v -1.029317 0.436159 0.193648
v -1.041908 0.505864 -0.092213
v -1.043249 0.505584 0.095287
v -0.960166 0.379434 -0.654713
v -0.968459 0.413576 -0.654713
v -0.984040 0.302119 0.193648
v -0.995338 0.288000 0.285861
v -0.969457 0.509223 -1.031250
v -0.903610 0.151537 0.193648
v -0.953283 0.213419 -0.092213
v -0.945536 0.217323 0.095287
v -0.830757 0.102748 -0.654713
v -0.852427 0.134931 -0.654713
v -0.809942 0.026325 0.193648
v -0.797542 0.018441 0.285861
v -0.846815 0.080525 -0.843750
v 0.385168 2.047476 1.218750
v 0.176949 2.226411 0.843750
v -0.467543 1.960860 1.218750
v -0.675349 1.835197 0.843750
v -0.798774 0.003232 1.031250
v -0.859403 2.036250 0.205882
v 0.830479 2.007910 -0.472235
v 0.889241 1.958722 -0.534861
v 0.718703 2.130959 -0.267995
v 0.787845 2.083674 -0.341891
v 0.305223 2.266092 0.181152
v 0.678482 2.242106 0.162590
v 0.721153 1.849581 0.691103
v 0.973885 1.820990 0.695562
v 1.042514 1.670570 0.820719
v 0.626188 1.855634 -1.218750
v 0.474410 2.010303 -1.218750
v 0.285063 2.153043 -1.218750
v 0.046447 2.261814 -1.218750
v -0.213115 2.165225 -1.218750
v -0.410595 2.029671 -1.218750
v -0.585880 1.896769 -1.218750
v -0.683674 1.777473 -0.843750
v -0.974822 0.580634 -1.218750
v -0.928485 0.302541 -1.218750
v -0.838127 0.171107 -1.406250
v -0.750000 0.000000 -0.187500
v -0.965887 0.247974 0.187500
v -1.062365 0.528544 0.187500
v -1.157964 0.814573 0.187500
v -1.159061 0.982382 0.187500
v -1.128615 1.142555 0.187500
v -1.073686 1.301320 0.187500
v -1.000448 1.458438 0.187500
v -0.914304 1.618643 0.187500
v 0.990149 1.748980 0.768348
v 0.908829 1.893870 0.625353
v 0.810892 2.052581 0.470893
v 0.695656 2.182297 0.266873
v 0.562500 2.337515 -0.000000
v 0.695656 2.149282 -0.243116
v 0.810892 2.025620 -0.448277
v 0.908829 1.884926 -0.616427
v 0.990149 1.730541 -0.745865
v -0.842653 1.620907 -0.187500
v -0.878942 0.150541 -1.031250
v -0.803294 0.043806 -0.273566
v -0.866460 0.141286 -0.273566
v -0.896626 0.126086 0.288934
v -0.954963 0.440504 -1.218750
v -0.963380 0.318192 -0.273566
v -0.996205 0.418959 -0.273566
v -1.042170 0.409365 0.288934
v -0.987874 0.719571 -1.218750
v -1.036755 0.593257 -0.273566
v -1.059041 0.695458 -0.273566
v -1.148139 0.681189 0.288934
v -0.994799 0.914338 -1.218750
v -1.091761 0.857780 -0.273566
v -1.094637 0.911382 -0.273566
v -0.982326 1.057855 -1.218750
v -1.092734 1.011963 -0.273566
v -1.086094 1.065491 -0.273566
v -0.962656 1.204512 -1.218750
v -1.065186 1.167564 -0.273566
v -1.047978 1.220185 -0.273566
v -0.931583 1.357940 -1.218750
v -1.010258 1.320235 -0.273566
v -0.985276 1.372388 -0.273566
v -0.874166 1.515174 -1.218750
v -0.935186 1.470670 -0.273566
v -0.904113 1.523649 -0.273566
v -0.696327 1.789026 -1.218750
v -0.501582 1.961479 -1.218750
v -0.314569 2.095956 -1.218750
v -0.101178 2.228384 -1.218750
v 0.164972 2.208504 -1.218750
v 0.383009 2.089243 -1.218750
v 0.550036 1.936057 -1.218750
v 0.688620 1.781989 -1.218750
v 1.194089 1.815484 0.653760
v 0.862718 1.999214 0.523226
v 1.145297 1.967551 0.507104
v 0.747500 2.146138 0.325724
v 1.086535 2.094567 0.313496
v 0.609787 2.290324 0.095412
v 1.017394 2.224788 0.098773
v 0.601848 2.288677 -0.082820
v 1.017394 2.231389 -0.103188
v 0.810892 2.067631 -0.366306
v 0.908829 1.940767 -0.554318
v 0.915317 1.874153 -0.624967
v 1.194089 1.805457 -0.642777
v 0.991920 1.724926 -0.750420
v -0.853776 1.911562 0.040594
v -0.825238 1.822500 -0.138532
v -0.838100 1.769063 -0.089740
v -0.894406 1.646445 0.146399
v -0.895144 1.680000 0.171060
v -0.859943 1.965000 0.099357
v -0.915037 0.055883 1.031250
v -1.085185 0.349681 1.031250
v -1.131927 0.633949 1.031250
v -0.843806 1.628840 -0.187500
v -0.646550 1.808901 1.218750
v -0.550073 1.894208 1.218750
v -0.366797 2.079022 1.031250
v -0.175692 2.237545 1.031250
v 0.164003 2.207056 1.218750
v 0.290284 2.115239 1.218750
v 0.539200 1.993959 1.031250
v 0.689493 1.840736 1.031250
v -0.750000 0.000000 0.562500
v -0.921747 0.263402 -0.562500
v -0.998690 0.540281 -0.562500
v -1.071099 0.819966 -0.562500
v -1.080458 0.975660 -0.562500
v -1.066059 1.130065 -0.562500
v -1.020421 1.283482 -0.562500
v -0.945294 1.431684 -0.562500
v -0.849222 1.576508 -0.562500
v 1.398030 1.689137 0.695379
v 1.381766 1.835315 0.566915
v 1.362178 1.978618 0.408850
v 1.339131 2.113943 0.217687
v 1.312500 2.256041 0.000000
v 1.339131 2.114840 -0.218332
v 1.362178 1.973402 -0.404475
v 1.381766 1.829932 -0.561543
v 1.398030 1.684813 -0.690107
v -0.857096 1.625642 0.562500
v -0.767551 0.034259 -1.406250
v -0.757026 0.010592 -0.654713
v -0.914138 0.233144 -0.654713
v -0.988879 0.195484 0.657787
v -0.946120 0.298860 -0.843750
v -0.933892 0.277301 -0.654713
v -0.993594 0.515947 -0.654713
v -1.134659 0.486506 0.657787
v -0.999683 0.576653 -0.843750
v -1.002372 0.552525 -0.654713
v -1.053043 0.791207 -0.654713
v -1.194201 0.768600 0.657787
v -1.037297 0.844481 -0.843750
v -1.059031 0.833251 -0.654713
v -1.061002 0.958158 -0.654713
v -1.027893 0.991501 -0.843750
v -1.059976 0.983689 -0.654713
v -1.046302 1.108837 -0.654713
v -1.002524 1.138822 -0.843750
v -1.041509 1.136315 -0.654713
v -1.007927 1.260836 -0.654713
v -0.961851 1.287159 -0.843750
v -0.998741 1.288264 -0.654713
v -0.944643 1.411670 -0.654713
v -0.904876 1.438464 -0.843750
v -0.932200 1.438126 -0.654713
v -0.860096 1.561970 -0.654713
v -0.622934 1.852664 -0.843750
v -0.585284 1.896114 -0.843750
v -0.430263 2.055119 -0.843750
v -0.231667 2.192963 -0.843750
v 0.062860 2.286352 -0.843750
v 0.298862 2.170897 -0.843750
v 0.485684 2.022700 -0.843750
v 0.649843 1.877233 -0.843750
v 0.786209 1.779953 0.757936
v 1.372544 1.967399 0.418545
v 0.672360 1.925573 0.612073
v 1.349500 2.105547 0.228103
v 0.535248 2.080423 0.449820
v 1.321957 2.247947 0.012315
v 0.373919 2.224277 0.252612
v 1.320370 2.249696 -0.011187
v 0.373919 2.189473 -0.229333
v 1.362178 2.094905 -0.240129
v 1.381766 1.953543 -0.422793
v 1.383063 1.828014 -0.563019
v 0.786209 1.765503 -0.742110
v 1.398384 1.683989 -0.690678
v -0.794082 1.840312 -0.435182
v -0.887472 1.822500 0.415595
v -0.868016 1.697813 0.529443
v -0.816665 1.601706 -0.570720
v -0.808893 1.680000 -0.513179
v -0.791409 1.965000 -0.298070
v -0.766959 0.019263 1.406250
v -0.910386 0.293589 1.406250
v -0.971482 0.568659 1.406250
v -0.880560 1.615022 0.562500
v -0.736805 1.760659 0.843750
v -0.530320 1.974039 0.843750
v -0.386257 1.981279 1.406250
v -0.200917 2.126539 1.406250
v 0.078109 2.309151 0.843750
v 0.384503 2.114223 0.843750
v 0.415580 1.959574 1.406250
v 0.570855 1.816702 1.406250
v 0.694201 1.756529 1.218750
v 0.555397 1.905139 1.218750
v 0.062455 2.285748 1.218750
v -0.090546 2.266400 1.218750
v -0.289439 2.107999 1.218750
v -0.714024 1.739859 1.218750
v -1.092068 0.735866 1.218750
v -1.045251 0.455218 1.218750
v -0.936704 0.161758 1.218750
v -0.810761 1.893750 -0.177706
v -0.810569 1.947187 -0.118944
v -0.839883 1.697813 -0.154796
v -0.838136 1.751250 -0.106004
v -0.882559 1.804688 0.154796
v -0.892305 1.751250 0.203588
v -0.859640 1.893750 0.060182
v -0.874597 1.840312 0.118944
v 1.194089 1.788210 -0.659661
v 1.398030 1.738765 -0.641282
v 0.930283 1.855891 -0.637885
v 0.975182 1.801594 -0.677173
v 1.145297 1.941620 -0.519308
v 1.381766 1.883293 -0.502053
v 1.086535 2.084185 -0.342286
v 1.362178 2.025556 -0.333787
v 1.017394 2.215819 -0.131319
v 1.339131 2.167556 -0.137583
v 0.620610 2.271093 -0.098215
v 0.676895 2.217533 -0.143855
v 1.017394 2.208869 0.126670
v 1.017394 2.164230 0.212449
v 1.086535 2.080510 0.339446
v 1.086535 2.039141 0.417914
v 1.145297 1.951350 0.528157
v 1.145297 1.901060 0.589782
v 1.194089 1.797727 0.670084
v 1.194089 1.745436 0.720132
v 0.714760 1.805856 -0.843750
v 0.566100 1.953722 -0.843750
v 0.392532 2.101564 -0.843750
v 0.182076 2.234076 -0.843750
v -0.116271 2.250950 -0.843750
v -0.337387 2.125479 -0.843750
v -0.513673 1.974774 -0.843750
v -0.629090 1.858284 -1.218750
v -0.901941 1.538232 -0.181352
v -0.939213 1.575152 0.285861
v -0.942580 1.467144 -0.181352
v -0.986936 1.469125 0.095287
v -0.983305 1.385555 -0.181352
v -1.022820 1.415677 0.285861
v -1.015931 1.315737 -0.181352
v -1.060422 1.313473 0.095287
v -1.046690 1.232653 -0.181352
v -1.096702 1.258676 0.285861
v -1.069516 1.162459 -0.181352
v -1.115180 1.155783 0.095287
v -1.087456 1.077873 -0.181352
v -1.149824 1.098591 0.285861
v -1.098307 1.006775 -0.181352
v -1.144163 0.995194 0.095287
v -1.102724 0.923650 -0.181352
v -1.179264 0.938302 0.285861
v -1.101556 0.852273 -0.181352
v -1.141837 0.836134 0.095287
v -1.078681 0.716009 -0.181352
v -1.069988 0.741099 -0.276639
v -1.161526 0.726439 0.285861
v -1.014608 0.608941 -0.464139
v -1.044031 0.709999 -0.464139
v -1.050366 0.579518 -0.181352
v -1.054863 0.544119 0.095287
v -1.020296 0.714378 -0.843750
v -1.019376 0.438233 -0.181352
v -1.008510 0.464612 -0.276639
v -1.058899 0.454095 0.285861
v -0.941132 0.335185 -0.464139
v -0.970771 0.436616 -0.464139
v -0.978418 0.303292 -0.181352
v -0.969735 0.269820 0.095287
v -0.974698 0.436385 -0.843750
v -0.898361 0.154182 -0.181352
v -0.894800 0.184947 -0.276639
v -0.928047 0.168195 0.285861
v -0.797836 0.061395 -0.464139
v -0.857606 0.160585 -0.464139
v -0.806354 0.028133 -0.181352
v -0.760002 0.009092 0.095287
v -0.805750 0.015011 -1.031250
v 0.325060 2.031166 1.406250
v 0.230428 2.191110 1.031250
v -0.467068 1.909562 1.406250
v -0.632142 1.861071 1.031250
v -0.872244 0.021829 0.843750
v -0.834794 2.036250 0.007168
v 0.594011 1.980800 -0.519152
v 0.613598 1.965020 -0.540588
v 0.443060 2.122157 -0.334820
v 0.466107 2.103894 -0.357519
v 0.626961 2.278243 0.112189
v 0.322397 2.255559 0.198964
v 0.925093 1.872651 0.644825
v 0.737417 1.832767 0.708461
v 0.838573 1.678412 0.831389
v 0.615039 1.780130 -1.406250
v 0.467423 1.923916 -1.406250
v 0.291566 2.066192 -1.406250
v 0.084400 2.203300 -1.406250
v -0.138493 2.168916 -1.406250
v -0.335687 2.028014 -1.406250
v -0.504260 1.885720 -1.406250
v -0.734310 1.758382 -1.031250
v -0.966345 0.652505 -1.406250
v -0.914091 0.377289 -1.406250
v -0.899213 0.226532 -1.218750
v -0.781413 0.012436 0.378074
v -0.763819 0.007169 0.470287
v -0.778330 0.013989 0.003074
v -0.798215 0.018102 -0.089139
v -0.768546 0.018919 -0.371926
v -0.758320 0.009940 -0.279713
v -0.954934 0.183617 0.378074
v -0.958824 0.210628 0.282787
v -0.981562 0.199171 0.470287
v -0.917037 0.173742 0.098361
v -0.925125 0.169667 -0.089139
v -0.938005 0.192147 0.003074
v -0.878167 0.106416 0.009221
v -0.895396 0.126706 -0.086066
v -0.887419 0.130725 0.101434
v -1.007061 0.273792 0.378074
v -1.013985 0.260585 0.470287
v -0.979090 0.279629 0.003074
v -0.984497 0.290262 -0.089139
v -0.935522 0.288722 -0.371926
v -0.946573 0.274654 -0.279713
v -1.092447 0.471205 0.378074
v -1.076384 0.498668 0.282787
v -1.120369 0.489488 0.470287
v -1.028700 0.460398 0.098361
v -1.030766 0.459967 -0.089139
v -1.035940 0.482998 0.003074
v -1.010965 0.391767 0.009221
v -1.019173 0.414165 -0.086066
v -1.014498 0.415141 0.101434
v -1.121960 0.544933 0.378074
v -1.136132 0.531103 0.470287
v -1.054489 0.555738 0.003074
v -1.054931 0.567227 -0.089139
v -1.012694 0.562432 -0.371926
v -1.027319 0.548530 -0.279713
v -1.189326 0.745684 0.378074
v -1.173077 0.771984 0.282787
v -1.204792 0.766904 0.470287
v -1.118931 0.733261 0.098361
v -1.095544 0.737006 -0.089139
v -1.113250 0.757868 0.003074
v -1.086445 0.667372 0.009221
v -1.084446 0.691389 -0.086066
v -1.104035 0.688252 0.101434
v -1.201061 0.844043 0.378074
v -1.210673 0.838531 0.470287
v -1.128380 0.841513 0.003074
v -1.114159 0.846865 -0.089139
v -1.084660 0.839990 -0.371926
v -1.089620 0.834316 -0.279713
v -1.193714 0.950792 0.378074
v -1.197523 0.962912 0.470287
v -1.115572 0.936085 -0.089139
v -1.132046 0.948645 0.003074
v -1.132415 0.900710 0.009221
v -1.146860 0.913200 0.101434
v -1.186146 1.006880 0.378074
v -1.192428 1.001790 0.470287
v -1.129269 0.999108 0.003074
v -1.111413 1.002617 -0.089139
v -1.095136 0.994443 -0.371926
v -1.094971 0.988472 -0.279713
v -1.157864 1.111886 0.378074
v -1.159509 1.124307 0.470287
v -1.096725 1.091335 -0.089139
v -1.112128 1.105636 0.003074
v -1.121836 1.058179 0.009221
v -1.133004 1.071901 0.101434
v -1.142464 1.169240 0.378074
v -1.149740 1.164915 0.470287
v -1.100487 1.158148 0.003074
v -1.081885 1.159480 -0.089139
v -1.073379 1.150985 -0.371926
v -1.072452 1.144492 -0.279713
v -1.099089 1.272116 0.378074
v -1.100480 1.285292 0.470287
v -1.052179 1.246912 -0.089139
v -1.064357 1.262938 0.003074
v -1.081947 1.216353 0.009221
v -1.090041 1.231300 0.101434
v -1.075929 1.326627 0.378074
v -1.085157 1.323583 0.470287
v -1.044919 1.313953 0.003074
v -1.026794 1.313362 -0.089139
v -1.017176 1.302615 -0.371926
v -1.021216 1.297450 -0.279713
v -1.019861 1.428440 0.378074
v -1.016875 1.441192 0.470287
v -0.984848 1.400157 -0.089139
v -0.994460 1.418058 0.003074
v -1.018003 1.371791 0.009221
v -1.025142 1.388682 0.101434
v -0.992475 1.479975 0.378074
v -0.997941 1.475357 0.470287
v -0.969637 1.467041 0.003074
v -0.951923 1.464722 -0.089139
v -0.937533 1.448860 -0.371926
v -0.948847 1.447554 -0.279713
v -0.932090 1.586930 0.378074
v -0.917123 1.594267 0.470287
v -0.900337 1.553135 -0.089139
v -0.907706 1.573121 0.003074
v -0.936220 1.526021 0.009221
v -0.944099 1.546295 0.101434
v -0.870486 1.552042 -0.371926
v -0.875915 1.570929 -0.279713
v -0.956911 1.490687 0.009221
v -0.973923 1.492608 0.101434
v -0.962147 1.404852 -0.371926
v -0.963120 1.419222 -0.279713
v -1.034898 1.337121 0.009221
v -1.049945 1.336455 0.101434
v -1.036368 1.255542 -0.371926
v -1.032158 1.267238 -0.279713
v -1.093981 1.181420 0.009221
v -1.108156 1.178918 0.101434
v -1.083646 1.101744 -0.371926
v -1.078935 1.113296 -0.279713
v -1.127246 1.022628 0.009221
v -1.141800 1.018667 0.101434
v -1.095166 0.947361 -0.371926
v -1.096188 0.959383 -0.279713
v -1.130819 0.864987 0.009221
v -1.144500 0.859616 0.101434
v -1.067389 0.765212 -0.371926
v -1.070201 0.788459 -0.467213
v -1.081927 0.786581 -0.279713
v -1.066424 0.600065 0.009221
v -1.069186 0.588063 0.101434
v -0.996757 0.491176 -0.371926
v -0.992427 0.516191 -0.467213
v -1.019525 0.510535 -0.279713
v -0.991790 0.324024 0.009221
v -0.983517 0.313989 0.101434
v -0.897517 0.212548 -0.371926
v -0.904697 0.237901 -0.467213
v -0.923592 0.228380 -0.279713
v -0.831473 0.043740 0.009221
v -0.818817 0.035985 0.101434
vn -0.5774 -0.5774 0.5773
vn -0.5774 0.5774 0.5773
vn 0.9327 0.3587 -0.0372
vn 0.9884 -0.1352 0.0696
vn 0.9809 0.1913 0.0346
vn -0.5774 -0.5773 -0.5773
vn 0.9897 0.0867 0.1140
vn 0.9847 -0.0724 0.1587
vn 0.9620 -0.1957 0.1904
vn 0.8564 0.5099 0.0811
vn 0.9320 -0.3161 0.1774
vn -0.5774 0.5774 -0.5773
vn 0.8992 -0.4209 0.1192
vn 0.7997 -0.5994 0.0347
vn 0.7584 -0.6376 -0.1350
vn 0.7259 -0.6768 -0.1227
vn 0.9631 0.2685 -0.0193
vn 0.6797 -0.7145 -0.1656
vn 0.5773 -0.5774 0.5773
vn 0.5216 -0.8413 -0.1421
vn 0.0514 -0.9961 -0.0714
vn -0.4949 -0.8657 -0.0750
vn 0.9938 -0.0207 -0.1095
vn -0.6072 -0.7939 0.0315
vn -0.7039 -0.7074 0.0649
vn 0.5773 0.5775 0.5773
vn 0.5554 -0.3513 -0.7537
vn -0.8016 -0.5978 -0.0098
vn 0.9718 -0.2130 -0.1011
vn 0.6565 -0.4331 -0.6177
vn 0.5773 -0.5774 -0.5773
vn 0.9574 -0.2708 -0.0999
vn 0.6923 -0.5827 -0.4258
vn 0.7000 -0.6162 -0.3610
vn 0.5773 0.5774 -0.5773
vn 0.9114 -0.3978 -0.1052
vn 0.5996 -0.7853 0.1541
vn 0.8328 -0.5465 -0.0886
vn 0.6234 -0.6065 0.4935
vn 0.5971 -0.6415 0.4815
vn 0.7508 -0.6571 -0.0669
vn 0.7838 -0.5672 0.2531
vn 0.6752 -0.6143 0.4082
vn 0.7409 -0.6709 -0.0327
vn 0.5848 -0.1762 0.7918
vn 0.5863 -0.8032 -0.1055
vn 0.6290 -0.7712 -0.0980
vn -0.0381 -0.9946 -0.0960
vn -0.4945 -0.8664 -0.0690
vn -0.5817 -0.8132 -0.0198
vn -0.7081 -0.7054 0.0312
vn -0.7276 -0.0025 0.6860
vn 0.9137 -0.3991 -0.0764
vn -0.6539 -0.3805 -0.6539
vn 0.7020 0.0467 -0.7107
vn 0.7177 -0.0576 -0.6939
vn 0.7138 -0.1372 -0.6867
vn 0.6768 -0.3218 -0.6621
vn 0.7022 -0.2277 -0.6746
vn 0.7098 0.1324 -0.6919
vn 0.4326 -0.6034 -0.6699
vn 0.0019 -0.5524 -0.8336
vn -0.4894 -0.5899 -0.6423
vn -0.4345 -0.6203 -0.6530
vn 0.5791 -0.5007 -0.6434
vn 0.5344 -0.5392 -0.6509
vn 0.4829 -0.5737 -0.6616
vn 0.6498 -0.3961 -0.6487
vn 0.6581 0.2340 -0.7156
vn 0.7080 -0.4353 -0.5561
vn -0.6496 -0.4181 -0.6351
vn -0.5793 -0.4982 -0.6451
vn -0.7198 -0.4287 -0.5460
vn -0.5398 -0.5417 -0.6443
vn -0.7296 -0.1414 -0.6691
vn -0.7085 0.0541 -0.7036
vn -0.7338 -0.0557 -0.6771
vn -0.6571 0.2282 -0.7184
vn -0.7033 0.1280 -0.6992
vn -0.7142 -0.2315 -0.6605
vn -0.6900 -0.3257 -0.6464
vn 0.6746 -0.5683 -0.4710
vn 0.6999 -0.5832 -0.4124
vn 0.8480 -0.5300 -0.0017
vn 0.6883 -0.5124 0.5135
vn 0.6907 -0.5549 0.4637
vn 0.6971 -0.5817 0.4192
vn 0.6683 -0.4027 0.6255
vn 0.6725 -0.3217 0.6665
vn 0.6632 -0.1500 0.7332
vn 0.6726 0.0474 0.7385
vn 0.6588 -0.0637 0.7496
vn 0.6476 0.1328 0.7503
vn 0.6704 -0.2384 0.7027
vn 0.6809 -0.4767 0.5560
vn 0.6918 -0.0529 -0.7202
vn 0.7142 0.0480 -0.6983
vn 0.7004 0.2307 -0.6754
vn 0.6619 -0.2299 -0.7135
vn 0.6916 0.1259 -0.7112
vn 0.6780 -0.1345 -0.7227
vn 0.6619 -0.4832 -0.5730
vn 0.6509 -0.4147 -0.6360
vn 0.6662 0.2444 0.7046
vn 0.5044 -0.4063 0.7619
vn 0.5208 -0.4142 -0.7465
vn 0.6656 -0.5274 -0.5280
vn 0.6511 -0.3301 -0.6835
vn -0.6949 -0.1852 0.6949
vn 0.9587 -0.0681 -0.2761
vn 0.5300 -0.7525 0.3908
vn 0.7747 -0.6306 0.0464
vn 0.3146 -0.7907 -0.5251
vn 0.3594 -0.9016 0.2407
vn 0.4094 -0.7700 -0.4893
vn 0.4124 -0.8607 0.2985
vn 0.1725 -0.9601 -0.2202
vn 0.3321 -0.7865 0.5207
vn 0.0062 -0.9867 0.1624
vn -0.3467 -0.9105 -0.2255
vn -0.2135 -0.9234 0.3191
vn -0.3643 -0.8585 -0.3608
vn -0.3458 -0.9022 0.2576
vn -0.4413 -0.8592 -0.2588
vn -0.3468 -0.9214 0.1754
vn 0.9351 0.3277 -0.1348
vn -0.3132 -0.9095 -0.2733
vn -0.5295 -0.6456 0.5503
vn -0.5607 -0.4958 0.6632
vn -0.6390 -0.3524 0.6837
vn -0.6865 -0.2531 0.6816
vn -0.7065 -0.1624 0.6889
vn -0.7110 0.0701 0.6997
vn -0.6703 0.3047 0.6766
vn -0.5510 0.4210 0.7205
vn 0.4651 -0.5581 0.6872
vn 0.4310 -0.5987 0.6751
vn -0.0052 -0.5746 0.8184
vn -0.5212 -0.5180 0.6783
vn -0.4762 -0.5617 0.6766
vn -0.4269 -0.5933 0.6825
vn -0.6210 -0.3869 0.6817
vn -0.6463 -0.3052 0.6994
vn -0.6892 -0.1364 0.7116
vn -0.6895 0.0441 0.7230
vn -0.7014 -0.0595 0.7103
vn -0.6970 0.1271 0.7057
vn -0.6702 -0.2207 0.7086
vn -0.5680 -0.4782 0.6698
vn 0.7912 -0.0791 0.6064
vn 0.7877 0.0662 0.6125
vn 0.7118 0.2432 0.6589
vn 0.7240 -0.2502 0.6428
vn 0.7808 0.1379 0.6094
vn 0.7615 -0.1628 0.6274
vn 0.5658 -0.4896 0.6634
vn 0.6350 -0.4125 0.6531
vn -0.6496 0.2263 0.7258
vn -0.7167 -0.4304 0.5487
vn 0.7268 -0.4272 0.5378
vn 0.5107 -0.5137 0.6894
vn 0.6816 -0.3345 0.6508
vn 0.8124 -0.5649 -0.1446
vn 0.8031 0.5918 0.0695
vn 0.9159 0.4000 0.0337
vn 0.9868 0.1388 -0.0835
vn 0.9660 -0.2406 -0.0942
vn 0.9810 -0.1625 -0.1061
vn 0.8747 -0.4748 -0.0976
vn 0.9381 -0.3301 -0.1054
vn 0.7819 -0.6186 -0.0774
vn 0.6408 -0.7623 -0.0910
vn 0.5510 -0.8270 -0.1116
vn 0.6095 -0.7874 -0.0918
vn -0.4864 -0.8723 -0.0506
vn -0.7405 -0.6720 0.0119
vn -0.6901 -0.7225 0.0410
vn -0.6118 0.4217 -0.6692
vn -0.6403 0.2984 -0.7077
vn -0.7179 0.2207 -0.6603
vn -0.7361 0.0300 -0.6762
vn -0.6972 -0.1400 -0.7031
vn -0.6205 -0.3423 -0.7056
vn -0.5591 -0.4555 -0.6927
vn -0.5298 -0.4980 -0.6865
vn 0.7831 -0.6080 -0.1304
vn -0.8035 0.2677 -0.5317
vn -0.4217 -0.8233 -0.3799
vn -0.3560 -0.8926 -0.2766
vn -0.3190 -0.9407 -0.1155
vn -0.2929 -0.8400 0.4568
vn 0.8050 0.4446 0.3928
vn 0.8549 -0.5132 0.0766
vn 0.5298 0.6944 0.4869
vn 0.8216 0.1609 0.5468
vn 0.8246 0.5649 -0.0307
vn 0.8905 -0.4331 0.1396
vn 0.8544 -0.4979 0.1486
vn -0.5176 -0.0565 -0.8537
vn -0.7378 -0.0615 0.6722
vn -0.5960 -0.8023 0.0329
vn -0.5200 -0.8530 -0.0447
vn 0.9664 0.2562 -0.0220
vn 0.4318 0.2172 0.8754
vn 0.9857 0.0442 0.1628
vn 0.5012 -0.8653 0.0022
vn 0.9761 -0.1484 0.1586
vn 0.9512 0.2962 0.0868
vn 0.6815 -0.7233 -0.1116
vn 0.9359 -0.3212 0.1444
vn 0.5951 -0.7766 -0.2067
vn -0.2768 -0.0443 -0.9599
vn 0.7136 0.1516 -0.6840
vn 0.6397 0.3234 -0.6973
vn -0.6479 0.3278 -0.6876
vn -0.7084 0.1457 -0.6906
vn -0.7119 0.1180 -0.6923
vn -0.5696 -0.5192 -0.6372
vn -0.5186 -0.5765 -0.6314
vn -0.4681 -0.6153 -0.6343
vn -0.4066 -0.6280 -0.6636
vn 0.4096 -0.6197 -0.6694
vn 0.4611 -0.5975 -0.6560
vn 0.5130 -0.5624 -0.6485
vn 0.5649 -0.5210 -0.6399
vn 0.7154 0.1165 -0.6889
vn 0.6362 0.1560 0.7556
vn 0.6271 0.3447 0.6985
vn 0.6560 0.3303 -0.6786
vn 0.6772 0.1453 -0.7213
vn 0.6927 0.1118 -0.7125
vn 0.6559 -0.5090 -0.5573
vn 0.6577 -0.5606 -0.5031
vn 0.6777 -0.5879 -0.4417
vn 0.6988 -0.5947 -0.3976
vn 0.6915 -0.6023 0.3990
vn 0.6861 -0.5778 0.4419
vn 0.6784 -0.5452 0.4925
vn 0.6791 -0.4948 0.5421
vn 0.6486 0.1186 0.7518
vn -0.6432 0.3232 0.6941
vn 0.6833 0.3542 0.6385
vn 0.7715 0.1583 0.6163
vn 0.7888 0.1155 0.6036
vn 0.5486 -0.5019 0.6687
vn 0.4919 -0.5473 0.6771
vn 0.4515 -0.5839 0.6747
vn 0.4152 -0.6249 0.6612
vn -0.4137 -0.6192 0.6674
vn -0.4567 -0.5862 0.6692
vn -0.5031 -0.5483 0.6681
vn -0.5522 -0.5003 0.6669
vn -0.7037 0.1128 0.7015
vn -0.7019 0.1445 0.6975
vn -0.1494 -0.2926 0.9445
vn -0.9065 -0.4162 0.0706
vn -0.8606 -0.5079 0.0371
vn 0.0394 -0.4543 -0.8900
vn 0.9065 -0.3834 0.1769
vn 0.9715 -0.2362 -0.0173
vn 0.9837 -0.1133 -0.1394
vn 0.9497 0.3081 0.0559
vn 0.8202 0.5627 -0.1033
vn 0.7777 0.6194 0.1073
vn 0.6179 0.7839 0.0607
vn 0.5002 0.8625 0.0773
vn 0.9176 0.3971 -0.0170
vn 0.9905 0.1312 0.0418
vn 0.9762 0.2170 -0.0010
vn 0.9039 0.3894 0.1770
vn 0.9051 0.4015 0.1404
vn 0.9734 0.2272 0.0286
vn 0.9984 0.0100 0.0561
vn 0.9813 0.1762 0.0773
vn 0.9298 0.3254 0.1723
vn 0.9188 0.3465 0.1892
vn 0.9818 0.1211 0.1461
vn 0.9917 -0.1251 0.0280
vn 0.9932 -0.0662 0.0958
vn 0.9942 -0.0340 0.1019
vn 0.9856 -0.0640 0.1563
vn 0.9887 -0.1495 -0.0087
vn 0.9637 -0.2613 0.0543
vn 0.9690 -0.2414 0.0532
vn 0.9640 -0.2213 0.1474
vn 0.9876 -0.1567 -0.0128
vn 0.9202 -0.3882 0.0504
vn 0.9285 -0.3687 0.0452
vn 0.9232 -0.3580 0.1396
vn 0.9653 -0.2601 0.0231
vn 0.8751 -0.4829 0.0313
vn 0.8716 -0.4888 0.0370
vn 0.8798 -0.4538 0.1417
vn 0.8880 -0.4563 0.0564
vn 0.8706 -0.4906 -0.0377
vn 0.8503 -0.5262 -0.0155
vn 0.8234 -0.5486 0.1449
vn 0.7911 -0.6083 0.0638
vn 0.7667 -0.6420 0.0029
vn 0.7836 -0.6213 0.0069
vn 0.7321 -0.6774 -0.0717
vn 0.6858 -0.7216 0.0951
vn 0.3434 -0.8718 0.3493
vn 0.7117 -0.6815 -0.1706
vn 0.5835 -0.7964 0.1593
vn 0.7212 -0.6755 -0.1537
vn 0.4021 -0.8831 0.2419
vn 0.6484 -0.7338 -0.2028
vn 0.5244 -0.7816 -0.3379
vn 0.6040 -0.7801 -0.1632
vn 0.5192 -0.8400 0.1573
vn 0.6078 -0.7790 -0.1543
vn 0.5824 -0.8103 -0.0650
vn 0.4136 -0.7848 0.4615
vn 0.2388 -0.8838 -0.4023
vn 0.5281 -0.8436 -0.0977
vn 0.0322 -0.9938 0.1060
vn 0.4793 -0.8700 -0.1154
vn 0.1111 -0.9888 0.0998
vn 0.2372 -0.8695 0.4333
vn 0.3323 -0.9287 -0.1648
vn -0.0024 -1.0000 -0.0022
vn 0.4766 -0.8762 -0.0715
vn 0.5900 -0.8033 -0.0810
vn -0.4518 -0.8828 0.1284
vn -0.4227 -0.9031 -0.0759
vn -0.6484 -0.7547 0.1004
vn -0.4705 -0.8810 -0.0506
vn -0.5656 -0.8246 -0.0110
vn -0.2962 -0.8405 0.4537
vn -0.5328 -0.8382 -0.1161
vn -0.5732 -0.8155 -0.0795
vn -0.5281 -0.8448 0.0862
vn -0.5807 -0.8121 0.0565
vn -0.3595 -0.9118 -0.1984
vn -0.6867 -0.7229 0.0763
vn -0.5581 -0.8291 -0.0320
vn -0.6212 -0.7772 -0.1000
vn -0.2058 -0.9364 0.2841
vn -0.5577 -0.8289 -0.0445
vn -0.6613 -0.7480 0.0563
vn -0.7307 -0.6774 0.0844
vn -0.6454 -0.7607 0.0687
vn -0.7376 -0.6635 -0.1253
vn -0.4146 -0.8608 0.2951
vn -0.7489 -0.6409 0.1685
vn -0.6772 -0.7127 0.1828
vn 0.7356 0.4465 -0.5094
vn -0.7703 -0.6279 0.1113
vn -0.7550 -0.6493 0.0919
vn 0.8208 0.2215 0.5266
vn -0.8555 -0.5061 0.1092
vn -0.9241 -0.3664 0.1081
vn -0.9589 -0.2567 0.1210
vn -0.9787 -0.1637 0.1241
vn -0.9883 -0.0395 0.1473
vn -0.9780 0.0961 0.1853
vn -0.6929 0.2106 0.6896
vn -0.9642 0.1799 0.1948
vn -0.6608 0.2816 0.6958
vn -0.9327 0.3393 0.1226
vn -0.3252 0.7938 0.5139
vn -0.5789 0.5329 -0.6172
vn 0.0522 0.2613 -0.9638
vn -0.6374 0.2906 -0.7137
vn 0.0362 0.1350 -0.9902
vn -0.6716 0.2930 -0.6805
vn 0.0452 0.1080 -0.9931
vn -0.0103 0.0274 -0.9996
vn -0.0756 -0.0980 -0.9923
vn -0.1142 -0.2399 -0.9640
vn -0.1467 -0.3811 -0.9128
vn -0.1872 -0.4635 -0.8661
vn 0.8907 0.3148 -0.3280
vn -0.1738 -0.6283 -0.7583
vn 0.6972 -0.4019 -0.5936
vn -0.1087 -0.4271 -0.8977
vn -0.0746 -0.7282 -0.6813
vn 0.6985 -0.4813 -0.5296
vn 0.0194 -0.7289 -0.6843
vn -0.1365 -0.8003 -0.5839
vn 0.7031 -0.6200 -0.3481
vn 0.1305 -0.8436 -0.5209
vn -0.1225 -0.8857 -0.4478
vn 0.7209 -0.6363 -0.2747
vn 0.0321 -0.9891 0.1438
vn -0.1751 -0.9815 0.0770
vn 0.6467 -0.5198 0.5582
vn 0.0789 -0.6821 0.7270
vn -0.0133 -0.8686 0.4954
vn 0.6164 -0.6244 0.4797
vn -0.0534 -0.7995 0.5983
vn -0.0388 -0.8408 0.5400
vn 0.6419 -0.6331 0.4327
vn -0.0904 -0.7835 0.6148
vn -0.1098 -0.6937 0.7118
vn 0.7495 -0.4997 0.4343
vn -0.0843 -0.6948 0.7142
vn -0.1876 -0.5340 0.8244
vn -0.1855 -0.3655 0.9121
vn -0.1347 -0.2961 0.9456
vn -0.1067 -0.1950 0.9750
vn -0.1120 -0.0706 0.9912
vn -0.1352 0.0728 0.9881
vn -0.1267 0.1861 0.9743
vn -0.1158 0.2557 0.9598
vn 0.2111 -0.8261 0.5224
vn 0.8684 0.4154 -0.2708
vn 0.9457 0.1523 -0.2873
vn 0.9611 0.0012 -0.2762
vn 0.9471 -0.1713 -0.2713
vn 0.9208 -0.2920 -0.2587
vn 0.8996 -0.3681 -0.2351
vn 0.8620 -0.4646 -0.2028
vn 0.8172 -0.5544 -0.1575
vn 0.7747 -0.6163 -0.1416
vn 0.6429 -0.7502 -0.1544
vn 0.6338 -0.7586 -0.1511
vn 0.6321 -0.7600 -0.1510
vn -0.0269 -0.9907 -0.1335
vn -0.5954 -0.7914 -0.1384
vn -0.5490 -0.8023 -0.2342
vn -0.7085 -0.6549 -0.2628
vn -0.8241 -0.5225 -0.2189
vn -0.8744 -0.4499 -0.1816
vn -0.9033 -0.3965 -0.1641
vn -0.9495 -0.2741 -0.1525
vn -0.9781 -0.1663 -0.1249
vn -0.9956 -0.0548 -0.0758
vn -0.9952 0.0976 -0.0082
vn -0.9793 0.1903 0.0689
vn -0.9595 0.2746 0.0634
vn 0.8420 0.5251 0.1239
vn 0.7448 0.6643 0.0626
vn 0.8238 0.5580 0.0999
vn 0.7771 0.6189 0.1146
vn 0.9837 0.1756 0.0373
vn 0.9439 0.2983 0.1414
vn 0.9304 0.3345 0.1498
vn 0.9191 0.3300 0.2151
vn 0.9928 0.1068 0.0548
vn 0.9669 0.2187 0.1314
vn 0.9441 0.3167 0.0915
vn 0.9652 0.1877 0.1819
vn 0.9943 -0.0981 0.0407
vn 0.9942 0.0919 0.0551
vn 0.9948 0.0952 0.0354
vn 0.9917 -0.0992 0.0812
vn 0.9894 -0.1449 -0.0094
vn 0.9946 -0.1024 0.0138
vn 0.9939 -0.1103 -0.0008
vn 0.9622 -0.2681 0.0483
vn 0.9899 -0.1361 -0.0399
vn 0.9443 -0.3290 -0.0101
vn 0.9433 -0.3318 -0.0086
vn 0.9173 -0.3955 0.0468
vn 0.9859 -0.1663 -0.0161
vn 0.8795 -0.4758 0.0068
vn 0.8815 -0.4715 0.0262
vn 0.8800 -0.4745 0.0230
vn 0.9406 -0.3360 0.0496
vn 0.8364 -0.5448 0.0606
vn 0.8335 -0.5458 0.0852
vn 0.8782 -0.4750 -0.0563
vn 0.8514 -0.5208 0.0618
vn 0.8359 -0.5451 0.0644
vn 0.8197 -0.5687 0.0685
vn 0.7363 -0.6736 0.0644
vn 0.7342 -0.6699 -0.1101
vn 0.6146 -0.7757 0.1436
vn 0.6891 -0.6994 -0.1895
vn 0.7642 -0.6397 0.0826
vn 0.5701 -0.8048 0.1650
vn 0.5864 -0.7808 -0.2156
vn 0.5545 -0.8175 -0.1557
vn 0.6461 -0.7495 -0.1441
vn 0.5472 -0.8353 -0.0535
vn 0.4547 -0.8816 0.1269
vn 0.5853 -0.8108 -0.0057
vn 0.6036 -0.7873 -0.1254
vn 0.4434 -0.8962 0.0120
vn 0.4730 -0.8811 -0.0010
vn -0.3761 -0.9192 0.1166
vn -0.5295 -0.8328 0.1612
vn -0.4198 -0.9076 0.0070
vn -0.4519 -0.8912 -0.0404
vn -0.5696 -0.8207 0.0438
vn -0.5627 -0.8206 -0.1002
vn -0.5456 -0.8378 -0.0221
vn -0.5929 -0.7980 0.1082
vn -0.4984 -0.8642 -0.0693
vn -0.5318 -0.8417 -0.0934
vn -0.5593 -0.8290 0.0059
vn -0.7046 -0.7066 0.0650
vn -0.6643 -0.7360 -0.1305
vn -0.6941 -0.7151 0.0824
vn -0.7038 -0.6898 0.1698
vn -0.5223 0.2369 0.8192
vn -0.7518 -0.6520 0.0984
vn -0.8053 -0.5921 -0.0282
vn -0.5409 0.2728 -0.7956
vn -0.7965 -0.5890 0.1368
vn -0.8869 -0.4430 0.1314
vn -0.9404 -0.3104 0.1390
vn -0.9675 -0.2119 0.1379
vn -0.9846 -0.1060 0.1390
vn -0.9863 0.0052 0.1648
vn -0.9655 0.1714 0.1959
vn -0.9660 0.2028 0.1603
vn -0.8413 0.5342 0.0830
vn 0.0470 0.4868 -0.8723
vn 0.0343 0.1505 -0.9880
vn 0.0459 0.1419 -0.9888
vn 0.0186 0.0541 -0.9984
vn -0.0462 -0.0279 -0.9985
vn -0.0979 -0.1764 -0.9794
vn -0.1350 -0.3280 -0.9350
vn -0.1837 -0.4357 -0.8811
vn -0.2258 -0.5323 -0.8158
vn -0.0638 -0.5810 -0.8114
vn -0.1621 -0.6933 -0.7021
vn 0.0502 -0.6694 -0.7412
vn -0.1253 -0.7597 -0.6381
vn -0.1139 -0.7645 -0.6345
vn 0.1479 -0.8139 -0.5619
vn -0.1508 -0.8661 -0.4766
vn -0.1767 -0.8553 -0.4870
vn 0.0518 -0.9162 -0.3975
vn -0.1295 -0.9059 -0.4031
vn -0.1278 -0.9027 -0.4109
vn 0.0684 -0.7141 0.6967
vn -0.1367 -0.8060 0.5759
vn -0.0229 -0.8267 0.5622
vn -0.0411 -0.7442 0.6667
vn 0.0239 -0.8591 0.5112
vn -0.0627 -0.8177 0.5723
vn -0.0785 -0.7512 0.6553
vn -0.0398 -0.6956 0.7173
vn -0.1028 -0.6629 0.7416
vn -0.0985 -0.6980 0.7093
vn -0.0801 -0.6757 0.7328
vn -0.1275 -0.6731 0.7285
vn -0.1909 -0.6414 0.7430
vn -0.2272 -0.4405 0.8686
vn -0.1801 -0.3463 0.9207
vn -0.1292 -0.2573 0.9577
vn -0.1166 -0.1320 0.9844
vn -0.1245 -0.0207 0.9920
vn -0.1463 0.1600 0.9762
vn -0.1090 0.1991 0.9739
vn -0.1147 0.5634 0.8182
vn 0.9735 -0.1188 0.1953
vn 0.9731 -0.1002 0.2073
vn 0.9802 -0.0856 0.1785
vn 0.9914 0.0113 0.1304
vn 0.9822 -0.0581 0.1784
vn 0.9674 -0.0945 0.2348
vn 0.9728 -0.0755 0.2189
vn 0.9701 -0.0855 0.2273
vn 0.8153 0.5296 -0.2342
vn 0.6121 0.7797 -0.1319
vn 0.9325 0.2008 -0.3003
vn 0.9026 0.2750 -0.3312
vn 0.9607 0.0827 -0.2648
vn 0.9570 0.0999 -0.2722
vn 0.9541 -0.1230 -0.2730
vn 0.9559 -0.1079 -0.2731
vn 0.9350 -0.2394 -0.2616
vn 0.9358 -0.2317 -0.2656
vn 0.9126 -0.3323 -0.2384
vn 0.9054 -0.3444 -0.2481
vn 0.8846 -0.4163 -0.2103
vn 0.8800 -0.4184 -0.2248
vn 0.8384 -0.5193 -0.1656
vn 0.8321 -0.5220 -0.1873
vn 0.8030 -0.5771 -0.1488
vn 0.7907 -0.5932 -0.1514
vn -0.1499 -0.9885 0.0208
vn 0.7086 -0.6903 -0.1459
vn 0.6062 -0.7829 -0.1401
vn 0.6316 -0.7618 -0.1440
vn 0.6459 -0.7487 -0.1492
vn 0.6311 -0.7601 -0.1547
vn 0.5240 -0.8395 -0.1436
vn 0.6157 -0.7711 -0.1623
vn -0.5772 -0.8062 -0.1304
vn -0.5808 -0.7991 -0.1554
vn -0.5237 -0.8288 -0.1968
vn -0.6514 -0.7086 -0.2712
vn -0.6037 -0.7487 -0.2739
vn -0.7883 -0.5713 -0.2286
vn -0.7556 -0.6017 -0.2589
vn -0.8497 -0.4868 -0.2026
vn -0.8824 -0.4387 -0.1698
vn -0.9267 -0.3415 -0.1569
vn -0.9661 -0.2197 -0.1352
vn -0.9894 -0.1065 -0.0986
vn -0.9991 0.0023 -0.0434
vn -0.9818 0.1875 0.0319
vn -0.9808 0.1808 0.0731
vn -0.8939 0.4472 0.0305
vn 0.3432 -0.2302 0.9106
vn -0.9524 -0.2986 -0.0612
vn -0.8725 -0.4886 -0.0042
vn 0.0296 -0.3994 -0.9163
vn 0.8751 -0.4820 0.0424
vn 0.9196 -0.3928 0.0089
vn 0.9564 -0.1828 -0.2277
vn 0.9271 0.3504 0.1331
vn 0.8045 0.5925 0.0418
vn 0.7824 0.6219 0.0336
vn 0.8799 0.4554 0.1357
vn 0.9826 0.1572 0.0993
vn 0.9428 0.3078 0.1283
vn 0.9381 0.3277 0.1121
vn 0.8919 0.3929 0.2240
vn 0.9978 0.0574 0.0321
vn 0.9165 0.3406 0.2099
vn 0.9132 0.3527 0.2039
vn 0.9801 0.1192 0.1584
vn 0.9980 -0.0616 0.0105
vn 0.9839 0.0219 0.1772
vn 0.9818 0.0335 0.1872
vn 0.9846 -0.1366 0.1092
vn 0.9892 -0.1451 0.0221
vn 0.9724 -0.1901 0.1352
vn 0.9735 -0.1809 0.1400
vn 0.9618 -0.2613 0.0813
vn 0.9653 -0.2471 0.0840
vn 0.9353 -0.3384 0.1034
vn 0.9346 -0.3403 0.1031
vn 0.9169 -0.3934 0.0668
vn 0.9064 -0.3832 0.1778
vn 0.8974 -0.4345 0.0761
vn 0.8914 -0.4473 0.0724
vn 0.8792 -0.4758 0.0233
vn 0.8326 -0.5014 0.2354
vn 0.8817 -0.4677 0.0627
vn 0.8713 -0.4881 0.0518
vn 0.8526 -0.5184 -0.0655
vn 0.7459 -0.6031 0.2826
vn 0.6512 -0.6966 0.3011
vn 0.6005 -0.7624 0.2411
vn 0.5514 -0.8105 0.1975
vn 0.6218 -0.7664 0.1609
vn 0.4293 -0.9032 0.0016
vn 0.0061 -0.9875 0.1576
vn 0.0205 -0.9884 0.1504
vn 0.0074 -1.0000 0.0019
vn -0.4799 -0.8281 0.2898
vn -0.4909 -0.8693 -0.0577
vn -0.5924 -0.8048 0.0376
vn -0.6113 -0.7213 0.3257
vn -0.6609 -0.7448 0.0923
vn -0.6926 -0.6626 0.2852
vn -0.7508 -0.6107 0.2516
vn -0.8902 -0.4549 -0.0254
vn -0.9332 -0.3568 -0.0432
vn -0.9640 -0.2593 -0.0587
vn -0.9829 -0.1760 -0.0540
vn -0.9954 -0.0942 -0.0165
vn -0.9986 0.0468 0.0236
vn -0.9777 0.2100 0.0096
vn -0.9301 0.3656 0.0349
vn 0.1292 0.2914 -0.9479
vn 0.0650 0.1392 -0.9881
vn -0.0087 0.1266 -0.9919
vn -0.0177 0.0629 -0.9979
vn 0.0119 -0.0497 -0.9987
vn 0.0287 -0.2040 -0.9786
vn 0.0344 -0.3187 -0.9472
vn 0.0172 -0.4342 -0.9007
vn -0.0795 -0.6768 -0.7319
vn -0.0754 -0.7137 -0.6964
vn -0.0364 -0.7880 -0.6147
vn -0.1730 -0.8020 -0.5717
vn -0.1072 -0.8608 -0.4975
vn -0.0021 -0.9972 0.0754
vn -0.0358 -0.9976 0.0596
vn 0.1141 -0.6605 0.7421
vn -0.0909 -0.8251 0.5577
vn -0.0251 -0.8395 0.5428
vn -0.0719 -0.7166 0.6937
vn -0.1061 -0.6588 0.7448
vn 0.0561 -0.5046 0.8616
vn 0.0584 -0.3073 0.9498
vn 0.0678 -0.2214 0.9728
vn 0.0907 -0.1625 0.9825
vn 0.0720 -0.0968 0.9927
vn 0.0474 0.0363 0.9982
vn 0.0588 0.1944 0.9792
vn 0.0561 0.2197 0.9740
vn -0.4799 0.8751 -0.0621
vn 0.8647 0.3304 -0.3782
vn 0.8910 0.1722 -0.4200
vn 0.9339 0.0171 -0.3572
vn 0.9356 -0.1375 -0.3253
vn 0.9300 -0.2326 -0.2845
vn 0.9100 -0.3341 -0.2454
vn 0.8708 -0.4377 -0.2238
vn 0.8215 -0.5315 -0.2066
vn 0.7425 -0.6288 -0.2310
vn 0.6566 -0.7170 -0.2339
vn 0.6248 -0.7626 -0.1675
vn 0.5980 -0.7762 -0.1998
vn -0.0472 -0.9618 -0.2698
vn -0.5634 -0.7939 -0.2286
vn -0.6272 -0.7384 -0.2477
vn -0.6839 -0.6819 -0.2593
vn -0.7859 -0.5847 -0.2013
vn -0.8979 -0.4304 -0.0923
vn -0.9246 -0.3754 -0.0653
vn -0.9636 -0.2626 -0.0496
vn -0.9916 -0.1216 -0.0433
vn -0.9996 0.0205 -0.0181
vn -0.9871 0.1596 0.0142
vn -0.9753 0.2158 0.0465
vn -0.9645 0.2548 0.0690
vn 0.9133 0.4050 0.0424
vn 0.7842 0.6112 0.1072
vn 0.8311 0.5355 0.1499
vn 0.7682 0.6384 0.0475
vn 0.9740 0.1815 0.1353
vn 0.9418 0.3117 0.1261
vn 0.9747 0.1837 0.1271
vn 0.8977 0.4185 0.1382
vn 0.9876 0.1489 0.0506
vn 0.9728 0.1995 0.1175
vn 0.9760 0.1734 0.1315
vn 0.8913 0.3963 0.2201
vn 0.9998 -0.0169 0.0132
vn 0.9915 0.0222 0.1282
vn 0.9921 0.0179 0.1243
vn 0.9844 0.0052 0.1757
vn 0.9956 -0.0922 0.0154
vn 0.9838 -0.1453 0.1051
vn 0.9839 -0.1493 0.0985
vn 0.9707 -0.2028 0.1289
vn 0.9787 -0.1939 0.0676
vn 0.9459 -0.3124 0.0874
vn 0.9486 -0.3052 0.0838
vn 0.9362 -0.3382 0.0959
vn 0.9313 -0.3242 0.1659
vn 0.8980 -0.4327 0.0794
vn 0.9062 -0.4156 0.0779
vn 0.9020 -0.4268 0.0655
vn 0.8529 -0.4552 0.2556
vn 0.8576 -0.5085 0.0772
vn 0.8706 -0.4859 0.0773
vn 0.8885 -0.4559 0.0517
vn 0.8132 -0.5728 -0.1030
vn 0.8340 -0.5387 -0.1192
vn 0.7866 -0.5632 0.2531
vn 0.6985 -0.6314 0.3368
vn 0.6234 -0.7330 0.2723
vn 0.5708 -0.7944 0.2078
vn 0.5682 -0.7834 -0.2520
vn 0.5735 -0.8000 -0.1766
vn 0.4989 -0.8546 0.1443
vn 0.5919 -0.7887 0.1661
vn 0.5119 -0.8590 0.0119
vn -0.4465 -0.8547 0.2648
vn -0.4044 -0.9072 -0.1158
vn -0.5003 -0.8653 0.0312
vn -0.5589 -0.8245 -0.0885
vn -0.5418 -0.8399 -0.0315
vn -0.5648 -0.7400 0.3653
vn -0.5406 -0.8386 -0.0667
vn -0.5713 -0.8205 -0.0197
vn -0.6480 -0.6913 0.3197
vn -0.7162 -0.6361 0.2871
vn -0.8295 -0.5585 -0.0043
vn -0.8626 -0.4465 0.2377
vn -0.9202 -0.3328 0.2060
vn -0.9585 -0.2281 0.1712
vn -0.9817 -0.1133 0.1531
vn -0.9916 -0.0015 0.1296
vn -0.9877 0.1471 0.0534
vn -0.9706 0.2388 0.0311
vn -0.8770 0.4776 0.0517
vn 0.1368 0.3724 -0.9179
vn 0.0802 0.1759 -0.9811
vn 0.0113 0.1800 -0.9836
vn -0.0350 -0.0022 -0.9994
vn -0.0964 -0.0957 -0.9907
vn -0.1449 -0.2123 -0.9664
vn -0.1790 -0.3459 -0.9210
vn -0.1949 -0.4845 -0.8528
vn -0.2398 -0.5894 -0.7715
vn -0.2579 -0.6445 -0.7198
vn -0.0275 -0.7331 -0.6796
vn -0.2436 -0.7510 -0.6137
vn 0.1914 -0.7919 -0.5799
vn -0.0825 -0.8421 -0.5330
vn -0.1420 -0.8457 -0.5144
vn 0.1390 -0.9204 -0.3655
vn -0.0614 -0.8956 -0.4406
vn -0.1068 -0.8083 -0.5790
vn 0.1120 -0.6789 0.7256
vn 0.0038 -0.8281 0.5606
vn -0.1136 -0.8834 0.4546
vn 0.0374 -0.7780 0.6272
vn -0.0491 -0.8713 0.4883
vn -0.0659 -0.7660 0.6395
vn -0.0893 -0.6814 0.7265
vn -0.2196 -0.6674 0.7116
vn -0.0755 -0.6144 0.7854
vn -0.2431 -0.5839 0.7746
vn -0.2126 -0.5713 0.7928
vn 0.0218 -0.4011 0.9158
vn 0.0237 -0.2649 0.9640
vn 0.0614 -0.1957 0.9787
vn 0.0746 -0.1353 0.9880
vn 0.0544 -0.0536 0.9971
vn -0.1737 0.1436 0.9743
vn -0.1702 0.1938 0.9662
vn -0.1286 0.6214 0.7729
vn 0.9914 -0.0965 0.0887
vn 0.9853 -0.1308 0.1098
vn 0.9863 -0.1275 0.1043
vn 0.9872 0.1594 -0.0114
vn 0.9977 -0.0136 -0.0661
vn 0.9868 -0.1606 0.0197
vn 0.9829 -0.1544 0.1006
vn 0.9827 0.1449 -0.1156
vn 0.7966 0.6032 0.0389
vn 0.7652 0.6390 0.0788
vn 0.9671 0.2427 -0.0764
vn 0.9487 0.3160 -0.0143
vn 0.9822 0.1002 -0.1592
vn 0.9804 0.1095 -0.1636
vn 0.9834 -0.1170 -0.1387
vn 0.9830 -0.1095 -0.1472
vn 0.9645 -0.2302 -0.1294
vn 0.9645 -0.2299 -0.1303
vn 0.9247 -0.3529 -0.1425
vn 0.9247 -0.3553 -0.1369
vn 0.8748 -0.4677 -0.1263
vn 0.8779 -0.4602 -0.1324
vn 0.8102 -0.5811 -0.0775
vn 0.8044 -0.5866 -0.0944
vn 0.8024 -0.5960 -0.0309
vn 0.7772 -0.6272 -0.0509
vn -0.3390 -0.9405 -0.0212
vn 0.6835 -0.6830 -0.2576
vn 0.6314 -0.7394 -0.2336
vn 0.6233 -0.7735 -0.1144
vn 0.6477 -0.7599 -0.0555
vn 0.6323 -0.7726 -0.0570
vn 0.5115 -0.8582 -0.0420
vn 0.5856 -0.8094 -0.0435
vn -0.5534 -0.7973 -0.2410
vn -0.5778 -0.7825 -0.2320
vn -0.4530 -0.8847 -0.1103
vn -0.6784 -0.7281 -0.0984
vn -0.6054 -0.7895 -0.1004
vn -0.7946 -0.5923 -0.1336
vn -0.7812 -0.6114 -0.1260
vn -0.8698 -0.4785 -0.1208
vn -0.8838 -0.4519 -0.1210
vn -0.9292 -0.3581 -0.0912
vn -0.9670 -0.2466 -0.0640
vn -0.9900 -0.1318 -0.0498
vn -0.9990 -0.0284 -0.0347
vn -0.9873 0.1589 0.0004
vn -0.9817 0.1904 -0.0028
vn -0.8754 0.4828 -0.0251
vn -0.0104 -0.3235 0.9462
vn -0.8862 -0.4624 0.0297
vn -0.8334 -0.5526 0.0029
vn 0.0780 -0.4890 -0.8688
vn 0.9450 -0.2577 -0.2014
vn 0.9809 -0.1943 0.0118
vn 0.8635 -0.0530 0.5016
vn 0.9519 0.3026 0.0487
vn 0.8137 0.5771 0.0697
vn 0.2006 0.9797 0.0035
vn 0.9231 0.3708 0.1022
vn 0.9841 0.1546 0.0879
vn 0.8966 0.4354 0.0812
vn 0.9153 0.3964 0.0718
vn 0.9801 0.1544 0.1245
vn 0.9899 0.0421 0.1355
vn 0.9710 0.2390 0.0030
vn 0.9597 0.2739 0.0625
vn 0.9876 0.1433 0.0646
vn 0.9775 -0.1316 0.1649
vn 0.9883 -0.1430 -0.0530
vn 0.9938 -0.0972 -0.0532
vn 0.9988 -0.0180 0.0455
vn 0.9655 -0.1935 0.1745
vn 0.9653 -0.2498 -0.0756
vn 0.9654 -0.2442 -0.0913
vn 0.9759 -0.2170 0.0233
vn 0.9639 -0.2386 0.1186
vn 0.9334 -0.3539 -0.0600
vn 0.9440 -0.3186 -0.0858
vn 0.9222 -0.3861 0.0191
vn 0.9461 -0.3237 0.0099
vn 0.8609 -0.5072 -0.0412
vn 0.8821 -0.4672 -0.0594
vn 0.8672 -0.4958 0.0467
vn 0.8743 -0.4822 -0.0555
vn 0.7803 -0.6208 -0.0754
vn 0.7960 -0.6019 -0.0631
vn 0.8023 -0.5915 0.0805
vn 0.7929 -0.5990 -0.1122
vn 0.7449 -0.6577 -0.1123
vn 0.6308 -0.7758 -0.0171
vn 0.5087 -0.8608 0.0139
vn 0.5205 -0.8198 -0.2388
vn 0.6147 -0.7701 -0.1707
vn 0.0309 -0.9987 0.0412
vn 0.1350 -0.9883 -0.0709
vn -0.0430 -0.9991 -0.0063
vn -0.4913 -0.8710 -0.0000
vn -0.4671 -0.8767 -0.1152
vn -0.5172 -0.8523 -0.0780
vn -0.6967 -0.7170 0.0227
vn -0.5051 -0.8630 -0.0101
vn -0.6886 -0.7197 0.0881
vn -0.7862 -0.6142 0.0684
vn -0.8246 -0.5126 0.2392
vn -0.8958 -0.3855 0.2213
vn -0.9428 -0.2769 0.1859
vn -0.9714 -0.1735 0.1618
vn -0.9885 -0.0510 0.1420
vn -0.9887 0.0986 0.1129
vn -0.9784 0.1784 0.1040
vn -0.9370 0.3277 0.1208
vn -0.0690 0.3038 -0.9502
vn -0.0083 0.1545 -0.9880
vn -0.0050 0.0818 -0.9966
vn -0.0586 -0.0410 -0.9974
vn -0.1173 -0.1489 -0.9819
vn -0.1586 -0.2693 -0.9499
vn -0.1861 -0.4112 -0.8923
vn -0.2170 -0.5259 -0.8224
vn -0.2734 -0.6237 -0.7323
vn -0.2646 -0.6794 -0.6844
vn -0.2051 -0.8067 -0.5542
vn 0.1829 -0.8176 -0.5460
vn -0.1303 -0.8572 -0.4982
vn 0.0580 -0.9834 0.1721
vn -0.0484 -0.9969 -0.0616
vn -0.0064 -0.7281 0.6854
vn -0.1424 -0.8015 0.5808
vn -0.2158 -0.7777 0.5905
vn -0.2139 -0.6934 0.6881
vn -0.2572 -0.6333 0.7299
vn -0.2401 -0.5278 0.8148
vn -0.2144 -0.4181 0.8827
vn -0.1961 -0.3229 0.9259
vn -0.1978 -0.2025 0.9591
vn -0.1971 -0.0793 0.9772
vn -0.1866 0.0668 0.9802
vn -0.1713 0.1558 0.9728
vn -0.1713 0.3154 0.9334
vn 0.5451 -0.8268 -0.1389
vn 0.8761 0.4819 0.0141
vn 0.9778 0.1689 -0.1239
vn 0.9878 0.0112 -0.1552
vn 0.9771 -0.1655 -0.1337
vn 0.9468 -0.2942 -0.1304
vn 0.9060 -0.3992 -0.1407
vn 0.8445 -0.5227 -0.1172
vn 0.7974 -0.5997 -0.0670
vn 0.7931 -0.6086 -0.0262
vn 0.6695 -0.7378 -0.0858
vn 0.6241 -0.7757 -0.0939
vn 0.6299 -0.7750 -0.0513
vn -0.0344 -0.9983 -0.0478
vn -0.5184 -0.8537 -0.0500
vn -0.5127 -0.8518 -0.1076
vn -0.7251 -0.6817 -0.0974
vn -0.8405 -0.5251 -0.1338
vn -0.8618 -0.4841 -0.1514
vn -0.9074 -0.4051 -0.1122
vn -0.9509 -0.2982 -0.0831
vn -0.9800 -0.1897 -0.0597
vn -0.9959 -0.0803 -0.0421
vn -0.9973 0.0686 -0.0249
vn -0.9849 0.1726 0.0115
vn -0.9461 0.3237 -0.0066
vn 0.8606 0.5012 0.0902
vn 0.8153 0.5790 0.0106
vn 0.8214 0.5682 -0.0495
vn 0.8082 0.5865 0.0522
vn 0.9762 0.2009 0.0823
vn 0.9622 0.2700 -0.0352
vn 0.9619 0.2734 -0.0062
vn 0.9199 0.3847 0.0762
vn 0.9843 0.1350 0.1138
vn 0.9758 0.2184 0.0080
vn 0.9711 0.2272 0.0734
vn 0.9929 0.1073 -0.0508
vn 0.9859 -0.0717 0.1513
vn 0.9916 0.0714 0.1075
vn 0.9893 0.0350 0.1417
vn 0.9875 -0.1363 -0.0794
vn 0.9666 -0.1734 0.1889
vn 0.9855 -0.0631 0.1572
vn 0.9787 -0.1236 0.1638
vn 0.9737 -0.2099 -0.0891
vn 0.9591 -0.2143 0.1848
vn 0.9551 -0.2503 0.1584
vn 0.9432 -0.3046 0.1326
vn 0.9355 -0.3475 -0.0642
vn 0.9574 -0.2742 0.0906
vn 0.8959 -0.4305 0.1100
vn 0.8914 -0.4475 0.0711
vn 0.8661 -0.4971 -0.0520
vn 0.9145 -0.4016 -0.0494
vn 0.8351 -0.5485 0.0419
vn 0.8428 -0.5382 0.0080
vn 0.7928 -0.5996 -0.1090
vn 0.8038 -0.5493 0.2284
vn 0.7939 -0.5551 0.2482
vn 0.8227 -0.5603 -0.0956
vn 0.7818 -0.6081 -0.1378
vn 0.7119 -0.6948 -0.1023
vn 0.5793 -0.8151 0.0036
vn 0.6052 -0.7814 -0.1521
vn 0.7356 -0.3024 0.6062
vn 0.4410 -0.8975 0.0091
vn 0.5350 -0.8306 -0.1544
vn 0.5836 -0.7951 0.1647
vn -0.3792 -0.9237 0.0551
vn -0.4644 -0.8829 0.0702
vn -0.4440 -0.8868 -0.1286
vn -0.5314 -0.8455 -0.0528
vn -0.5636 -0.8116 -0.1535
vn -0.5794 -0.8149 -0.0161
vn -0.5103 -0.8524 -0.1140
vn -0.4948 -0.8677 -0.0474
vn -0.6992 -0.7131 0.0506
vn -0.7174 -0.6893 0.1013
vn -0.7850 -0.5731 0.2352
vn -0.9123 -0.4093 -0.0118
vn -0.9506 -0.3078 -0.0394
vn -0.9766 -0.2111 -0.0404
vn -0.9902 -0.1377 -0.0225
vn -0.9988 -0.0463 0.0136
vn -0.9831 0.1591 0.0905
vn -0.9747 0.1965 0.1061
vn -0.8615 0.5037 0.0642
vn -0.0487 0.5624 -0.8254
vn -0.0599 0.1779 -0.9822
vn -0.0052 0.1382 -0.9904
vn -0.0119 0.0732 -0.9972
vn -0.0100 0.0109 -0.9999
vn -0.0115 -0.1267 -0.9919
vn 0.0006 -0.2686 -0.9633
vn -0.0164 -0.3830 -0.9236
vn -0.0461 -0.5194 -0.8533
vn -0.0596 -0.7197 -0.6917
vn -0.2287 -0.7666 -0.6000
vn -0.0532 -0.7208 -0.6911
vn 0.0114 -0.7126 -0.7015
vn -0.1323 -0.8444 -0.5192
vn -0.0317 -0.8377 -0.5453
vn -0.0791 -0.9124 -0.4016
vn -0.0881 -0.8389 -0.5371
vn -0.0843 -0.8721 -0.4820
vn 0.0751 -0.7347 0.6742
vn -0.0620 -0.9110 0.4076
vn -0.0964 -0.8091 0.5797
vn -0.0446 -0.7520 0.6576
vn -0.1996 -0.7716 0.6039
vn -0.2268 -0.7356 0.6383
vn -0.2167 -0.6630 0.7166
vn -0.1177 -0.6794 0.7242
vn -0.2611 -0.5858 0.7672
vn -0.0020 -0.6333 0.7739
vn 0.0051 -0.6345 0.7729
vn -0.2135 -0.4687 0.8572
vn -0.1877 -0.3731 0.9086
vn -0.1890 -0.2620 0.9464
vn -0.1950 -0.1353 0.9714
vn -0.1919 -0.0267 0.9811
vn 0.0277 0.1359 0.9903
vn 0.0366 0.2233 0.9741
vn 0.0114 0.2968 0.9549
vn 0.9856 -0.1310 0.1066
vn 0.9935 -0.1064 0.0408
vn 0.9926 -0.0480 -0.1114
vn 0.8074 -0.5875 0.0543
vn 0.9914 -0.0672 0.1122
vn 0.9860 -0.1290 0.1055
vn 0.9851 -0.0726 0.1561
vn 0.9542 -0.1550 0.2558
vn 0.8198 0.4495 -0.3548
vn 0.6130 0.7409 -0.2746
vn 0.8827 0.2279 -0.4110
vn 0.8789 0.2408 -0.4117
vn 0.9151 0.1120 -0.3873
vn 0.8763 0.1494 -0.4579
vn 0.9399 -0.0948 -0.3279
vn 0.9351 -0.0745 -0.3466
vn 0.9385 -0.1887 -0.2891
vn 0.9319 -0.1826 -0.3135
vn 0.9243 -0.2888 -0.2496
vn 0.9186 -0.2861 -0.2726
vn 0.8931 -0.3889 -0.2261
vn 0.8906 -0.3871 -0.2387
vn 0.8471 -0.4884 -0.2093
vn 0.8445 -0.4886 -0.2193
vn 0.7860 -0.5826 -0.2068
vn 0.7887 -0.5793 -0.2058
vn 0.3353 -0.9399 -0.0644
vn 0.7622 -0.6458 -0.0454
vn 0.6056 -0.7846 -0.1331
vn 0.6565 -0.7349 -0.1701
vn 0.6333 -0.7512 -0.1862
vn 0.6072 -0.7726 -0.1855
vn 0.4901 -0.8387 -0.2375
vn 0.5703 -0.7889 -0.2288
vn -0.5761 -0.8172 -0.0180
vn -0.4592 -0.8815 -0.1100
vn -0.5818 -0.7787 -0.2350
vn -0.6384 -0.7255 -0.2571
vn -0.6484 -0.7107 -0.2731
vn -0.7292 -0.6458 -0.2265
vn -0.6997 -0.6622 -0.2681
vn -0.8189 -0.5466 -0.1752
vn -0.9010 -0.4200 -0.1085
vn -0.9413 -0.3289 -0.0761
vn -0.9788 -0.1927 -0.0701
vn -0.9984 -0.0439 -0.0368
vn -0.9977 0.0681 0.0042
vn -0.9720 0.2334 0.0275
vn -0.9747 0.2152 0.0595
vn -0.9243 0.3736 0.0777
vn -0.8937 0.4462 -0.0462
vn -0.8971 0.4409 -0.0273
vn -0.9807 0.1954 0.0077
vn -0.9802 0.1980 0.0089
vn -0.9873 0.1586 -0.0067
vn -0.9862 0.1648 -0.0145
vn -0.7142 -0.6502 -0.2593
vn -0.7099 -0.6558 -0.2571
vn -0.6484 -0.7100 -0.2747
vn -0.6514 -0.7110 -0.2648
vn -0.5720 -0.7842 -0.2404
vn -0.5415 -0.7921 -0.2818
vn 0.5495 -0.7899 -0.2723
vn 0.5676 -0.7900 -0.2319
vn 0.6288 -0.7516 -0.1993
vn 0.6220 -0.7619 -0.1805
vn 0.6934 -0.6763 -0.2485
vn 0.6929 -0.6682 -0.2709
vn 0.8863 0.1128 -0.4492
vn 0.8944 0.1302 -0.4279
vn 0.8643 0.2328 -0.4458
vn 0.8800 0.2370 -0.4117
vn 0.8194 0.4300 -0.3792
vn 0.8239 0.4486 -0.3464
vn 0.9804 -0.1097 0.1636
vn 0.9760 -0.1746 0.1305
vn 0.9760 -0.1262 0.1775
vn 0.9857 -0.1370 0.0977
vn 0.9865 -0.1395 0.0861
vn 0.9905 -0.0706 0.1179
vn 0.9871 -0.1116 0.1144
vn 0.9936 -0.1131 0.0055
vn 0.9935 -0.1074 -0.0382
vn 0.9909 -0.1156 0.0686
vn 0.9919 -0.1131 0.0576
vn -0.2410 0.4118 0.8788
vn -0.2076 0.4125 0.8870
vn -0.1650 0.1944 0.9669
vn -0.1684 0.1935 0.9665
vn -0.1757 0.1485 0.9732
vn -0.1799 0.1577 0.9710
vn -0.2244 -0.6723 0.7054
vn -0.2391 -0.6716 0.7013
vn -0.1109 -0.6587 0.7442
vn -0.1232 -0.6564 0.7443
vn -0.2285 -0.7353 0.6381
vn -0.2210 -0.7288 0.6481
vn -0.1866 -0.7973 0.5740
vn -0.1962 -0.8053 0.5595
vn 0.0829 -0.7210 0.6880
vn 0.1288 -0.6567 0.7430
vn -0.1159 -0.8703 0.4786
vn -0.1200 -0.8407 0.5280
vn -0.0138 -0.7758 0.6308
vn -0.0612 -0.7862 0.6149
vn 0.0697 -0.7351 0.6744
vn 0.0001 -0.8045 0.5940
vn -0.0991 -0.8366 -0.5388
vn -0.1163 -0.8597 -0.4974
vn -0.0828 -0.9155 -0.3938
vn -0.0370 -0.9299 -0.3659
vn -0.1576 -0.8529 -0.4977
vn -0.1814 -0.8437 -0.5052
vn -0.0322 -0.7121 -0.7013
vn -0.0986 -0.7248 -0.6818
vn -0.2491 -0.7380 -0.6271
vn -0.2568 -0.7227 -0.6417
vn -0.2569 -0.6438 -0.7208
vn -0.2624 -0.6522 -0.7112
vn 0.0063 0.1482 -0.9889
vn 0.0030 0.1604 -0.9871
vn -0.0433 0.1810 -0.9825
vn -0.0270 0.1769 -0.9839
vn -0.1193 0.4050 -0.9065
vn -0.0954 0.4158 -0.9044
vn -0.8859 0.4527 0.1011
vn -0.8842 0.4543 0.1083
vn -0.9754 0.1938 0.1052
vn -0.9753 0.1956 0.1030
vn -0.9808 0.1745 0.0876
vn -0.9778 0.1843 0.0992
vn -0.7273 -0.6796 0.0958
vn -0.7239 -0.6821 0.1040
vn -0.6622 -0.7462 0.0690
vn -0.6503 -0.7548 0.0854
vn -0.4963 -0.8650 -0.0740
vn -0.4774 -0.8764 -0.0628
vn -0.6355 -0.7720 -0.0120
vn -0.6765 -0.7364 -0.0018
vn -0.4536 -0.8904 -0.0383
vn -0.4108 -0.9108 -0.0425
vn -0.6042 -0.7935 -0.0724
vn -0.6280 -0.7705 -0.1090
vn -0.5182 -0.8506 -0.0892
vn -0.5035 -0.8611 -0.0702
vn -0.5298 -0.8477 -0.0261
vn -0.5030 -0.8631 -0.0453
vn -0.4184 -0.9005 -0.1185
vn -0.4243 -0.8961 -0.1303
vn -0.3788 -0.9247 0.0378
vn -0.4073 -0.9131 0.0204
vn 0.4844 -0.8726 0.0631
vn 0.4785 -0.8772 0.0391
vn 0.5346 -0.8365 0.1200
vn 0.5110 -0.8584 -0.0461
vn 0.5214 -0.8351 -0.1752
vn 0.4992 -0.8427 -0.2016
vn 0.4362 -0.8997 0.0147
vn 0.4418 -0.8969 0.0179
vn 0.7823 -0.2309 0.5785
vn 0.6220 -0.7819 -0.0422
vn 0.6328 -0.7709 0.0731
vn 0.5787 -0.8155 0.0125
vn 0.5607 -0.8280 0.0090
vn 0.6911 -0.7192 -0.0717
vn 0.6697 -0.7413 -0.0448
vn 0.6890 -0.6531 0.3143
vn 0.6774 -0.6560 0.3330
vn 0.8473 -0.5088 0.1524
vn 0.8761 -0.4737 0.0902
vn 0.8878 -0.4557 0.0651
vn 0.8476 -0.5242 0.0819
vn 0.8629 -0.4846 0.1431
vn 0.8592 -0.5082 0.0602
vn 0.8848 -0.4443 0.1401
vn 0.9133 -0.4000 0.0768
vn 0.9129 -0.4035 0.0611
vn 0.9048 -0.4199 0.0715
vn 0.8994 -0.4143 0.1396
vn 0.8983 -0.4319 0.0810
vn 0.9293 -0.3410 0.1420
vn 0.9491 -0.3073 0.0700
vn 0.9406 -0.3279 0.0880
vn 0.9571 -0.2811 0.0707
vn 0.9442 -0.2949 0.1464
vn 0.9455 -0.3066 0.1097
vn 0.9705 -0.1862 0.1530
vn 0.9834 -0.1654 0.0743
vn 0.9723 -0.2019 0.1178
vn 0.9887 -0.1195 0.0901
vn 0.9798 -0.1217 0.1588
vn 0.9775 -0.1471 0.1511
vn 0.9873 0.0097 0.1583
vn 0.9948 -0.0129 0.1007
vn 0.9860 -0.0385 0.1621
vn 0.9924 0.0359 0.1174
vn 0.9860 0.0605 0.1552
vn 0.9795 0.0517 0.1946
vn 0.9525 0.2808 0.1176
vn 0.9595 0.2492 0.1317
vn 0.9366 0.2776 0.2136
vn 0.9693 0.2457 0.0113
vn 0.9638 0.2642 0.0367
vn 0.9770 0.1795 0.1151
vn 0.9682 0.2420 0.0630
vn 0.9236 0.3353 0.1860
vn 0.9833 0.1452 0.1101
vn 0.9811 0.1451 0.1278
vn 0.9624 0.2714 -0.0112
vn 0.9639 0.2385 0.1181
vn 0.9289 0.3315 0.1649
vn 0.9624 0.2694 -0.0357
vn 0.9647 0.2624 -0.0216
vn 0.9349 0.3270 0.1383
vn 0.9649 0.2623 -0.0116
vn 0.9445 0.3179 0.0825
vn 0.9783 0.1944 0.0719
vn 0.9785 0.1817 0.0979
vn 0.8249 0.5641 -0.0366
vn 0.8216 0.5456 0.1654
vn 0.8217 0.5659 0.0676
vn 0.8247 0.5653 -0.0158
vn 0.8418 0.5375 -0.0494
vn 0.4517 0.8912 0.0420
vn 0.5543 0.8323 -0.0021
vn 0.3985 0.9171 0.0099
vn 0.9024 0.4304 0.0211
vn 0.7300 0.6795 -0.0731
vn -0.9086 0.4172 0.0186
vn -0.9061 0.4191 0.0576
vn -0.9849 0.1608 0.0646
vn -0.9801 0.1888 0.0609
vn -0.9767 0.2099 0.0445
vn -0.9707 0.2374 0.0378
vn -0.5805 -0.7739 -0.2531
vn -0.5797 -0.7825 -0.2273
vn -0.5641 -0.8257 0.0054
vn -0.6227 -0.7824 0.0025
vn 0.6381 -0.7426 -0.2036
vn 0.6436 -0.7378 -0.2034
vn 0.7246 -0.6853 -0.0721
vn 0.7480 -0.6617 -0.0508
vn 0.7084 0.7058 -0.0114
vn 0.4252 0.9013 -0.0826
vn 0.9886 -0.1169 0.0954
vn 0.9939 -0.0982 0.0500
vn 0.0601 0.7276 0.6834
vn -0.0269 0.4197 0.9073
vn 0.0484 0.1499 0.9875
vn 0.0435 0.1928 0.9803
vn 0.0407 0.1441 0.9887
vn 0.0283 0.1249 0.9918
vn -0.0167 -0.8200 0.5721
vn -0.0338 -0.8041 0.5935
vn -0.1000 -0.8414 0.5311
vn -0.0678 -0.8622 0.5019
vn -0.0869 -0.7809 0.6186
vn 0.0501 -0.7008 0.7116
vn 0.0882 -0.6485 0.7561
vn -0.0701 -0.8713 -0.4857
vn -0.0811 -0.8730 -0.4810
vn 0.1791 -0.8417 -0.5094
vn 0.1661 -0.8714 -0.4616
vn 0.1698 -0.8288 -0.5332
vn -0.0892 -0.6997 -0.7088
vn -0.0745 -0.7231 -0.6867
vn -0.0432 -0.6078 -0.7929
vn -0.0648 -0.5877 -0.8065
vn 0.0432 0.1247 -0.9912
vn 0.0256 0.1259 -0.9917
vn 0.1150 0.1742 -0.9780
vn 0.0994 0.1889 -0.9769
vn 0.0430 0.4682 -0.8826
vn 0.0781 0.3921 -0.9166
vn -0.7323 0.6776 0.0681
vn -0.8659 0.4855 0.1207
vn -0.9749 0.2223 0.0153
vn -0.9664 0.2564 0.0165
vn -0.9866 0.1593 0.0337
vn -0.9886 0.1420 0.0507
vn -0.7214 -0.6266 0.2951
vn -0.7236 -0.6342 0.2724
vn -0.6323 -0.6944 0.3435
vn -0.6413 -0.7029 0.3079
vn -0.5427 -0.8371 -0.0694
vn -0.5242 -0.7795 0.3429
vn -0.5455 -0.7691 0.3330
vn -0.4808 -0.8749 0.0584
vn -0.3422 -0.9371 0.0686
vn -0.4690 -0.8656 0.1752
vn -0.4553 -0.8656 0.2084
vn 0.5172 -0.8412 0.1576
vn 0.5779 -0.7939 0.1888
vn 0.5172 -0.8346 0.1894
vn 0.5091 -0.8452 0.1629
vn 0.6110 -0.7576 -0.2295
vn 0.5689 -0.7883 0.2342
vn 0.5708 -0.7928 0.2137
vn 0.6111 -0.7289 0.3087
vn 0.6197 -0.7355 0.2740
vn 0.7739 -0.6161 -0.1463
vn 0.7781 -0.6141 -0.1322
vn 0.9870 0.1300 0.0944
vn 0.9891 0.1334 0.0624
vn 0.9651 0.2092 0.1575
vn 0.9724 0.1963 0.1260
vn 0.8292 0.5520 0.0876
vn 0.6004 0.7984 0.0457
vn 0.8605 0.4912 0.1351
vn 0.8667 0.4855 0.1145
vn 0.8848 -0.4659 0.0012
vn 0.8820 0.4677 0.0573
vn 0.9256 0.3705 0.0773
vn 0.9964 0.0688 -0.0501
vn 0.9814 -0.1644 -0.0992
vn 0.9662 -0.2386 -0.0973
vn 0.9208 -0.3843 -0.0669
vn 0.8483 -0.5259 -0.0618
vn 0.7767 -0.6171 -0.1263
vn 0.2505 -0.4611 -0.8513
vn 0.0909 -0.6757 -0.7316
vn -0.0087 -0.7395 -0.6731
vn -0.0303 -0.8561 -0.5160
vn -0.0288 -0.9918 0.1243
vn 0.0795 -0.8347 0.5449
vn -0.0207 -0.7974 0.6030
vn 0.0956 -0.7077 0.7000
vn -0.0072 -0.6409 0.7676
vn -0.9363 0.3448 -0.0664
vn 0.9059 0.4234 -0.0032
vn 0.6723 0.7389 0.0464
vn 0.8619 0.5045 0.0510
vn 0.8353 0.5496 -0.0131
vn 0.9698 0.2276 0.0880
vn 0.8878 0.4594 0.0287
vn 0.9811 0.1920 0.0240
vn 0.9796 0.1981 0.0348
vn 0.9852 0.1615 0.0565
vn 0.9518 0.2999 0.0637
vn 0.9726 0.2174 0.0821
vn 0.9614 0.2235 0.1605
vn 0.9977 -0.0270 0.0626
vn 0.9872 -0.0497 0.1515
vn 0.9858 0.0689 0.1531
vn 0.9910 -0.1002 0.0893
vn 0.9330 -0.3234 0.1578
vn 0.9854 -0.0582 0.1599
vn 0.9759 -0.1730 0.1333
vn 0.8494 -0.5072 0.1461
vn 0.9667 -0.2077 0.1499
vn 0.9467 -0.2664 0.1813
vn 0.7515 -0.6466 0.1311
vn 0.9451 -0.2974 0.1356
vn 0.9030 -0.3753 0.2092
vn 0.6618 -0.7399 0.1208
vn 0.9293 -0.3477 0.1245
vn 0.6513 -0.7198 0.2400
vn 0.6970 -0.6899 0.1955
vn 0.6207 -0.7683 0.1565
vn 0.5383 -0.8369 0.0991
vn -0.4468 -0.8735 0.1935
vn -0.5178 -0.8157 0.2579
vn -0.5949 -0.7626 0.2541
vn -0.6597 -0.7142 0.2339
vn -0.1853 -0.6529 -0.7345
vn 0.0113 -0.7047 -0.7094
vn -0.1782 -0.7340 -0.6553
vn -0.0522 -0.8194 -0.5709
vn -0.0936 -0.8127 -0.5751
vn -0.0522 -0.9001 -0.4326
vn -0.0591 -0.8246 -0.5627
vn 0.0283 -0.7591 0.6504
vn -0.0898 -0.8440 0.5287
vn -0.0594 -0.8402 0.5390
vn 0.0441 -0.7730 0.6329
vn 0.0888 -0.6571 0.7486
vn -0.1328 -0.6627 0.7370
vn 0.0529 -0.5158 0.8551
vn 0.9908 -0.1351 0.0017
vn 0.9962 -0.0641 0.0596
vn 0.9911 -0.0943 0.0936
vn 0.9789 0.0300 -0.2019
vn 0.9734 -0.0488 -0.2238
vn 0.9901 -0.0328 -0.1364
vn 0.7795 0.6184 0.0997
vn 0.9405 0.3387 0.0283
vn 0.9846 0.1036 -0.1408
vn -0.4701 -0.8773 -0.0966
vn 0.7751 -0.6134 -0.1515
vn 0.5444 -0.8276 -0.1371
vn 0.6184 -0.7847 -0.0429
vn 0.6204 -0.7823 -0.0559
vn -0.5126 -0.8475 -0.1378
vn -0.6761 -0.7234 -0.1401
vn -0.7018 -0.7122 -0.0141
vn -0.8132 -0.5807 -0.0381
vn 0.9633 -0.2671 0.0273
vn 0.8895 0.4317 0.1500
vn 0.9560 0.2695 0.1161
vn 0.9864 0.1033 0.1274
vn 0.9927 -0.0658 0.1015
vn 0.9729 -0.2171 0.0796
vn 0.9321 -0.3540 0.0769
vn 0.8867 -0.4549 0.0823
vn 0.8290 -0.5492 0.1051
vn -0.2941 -0.6146 -0.7320
vn -0.2155 -0.7091 -0.6714
vn -0.1667 -0.8305 -0.5315
vn -0.1765 -0.8715 -0.4575
vn -0.0513 -0.9984 0.0232
vn 0.0552 -0.8407 0.5387
vn -0.0951 -0.7994 0.5932
vn -0.1440 -0.6885 0.7108
vn -0.1999 -0.6766 0.7087
vn -0.1951 0.8607 -0.4703
vn 0.8164 0.5664 0.1125
vn 0.7719 0.6342 0.0448
vn 0.8128 0.5817 0.0309
vn 0.8037 0.5869 0.0979
vn 0.9723 0.2300 0.0417
vn 0.9944 0.0993 0.0356
vn 0.9354 0.3481 0.0615
vn 0.9235 0.3571 0.1398
vn 0.9844 0.1522 0.0883
vn 0.9979 0.0475 0.0451
vn 0.9498 0.3090 0.0486
vn 0.9876 0.1404 0.0697
vn 0.9859 -0.0966 0.1367
vn 0.9684 0.2419 0.0608
vn 0.9943 -0.0761 0.0749
vn 0.9744 -0.1784 0.1370
vn 0.9639 0.2561 0.0725
vn 0.9435 -0.3238 0.0702
vn 0.9745 -0.1994 0.1025
vn 0.9943 0.0912 0.0552
vn 0.8725 -0.4872 0.0378
vn 0.9728 -0.2300 0.0273
vn 0.9785 -0.2044 0.0263
vn 0.8586 -0.5123 0.0188
vn 0.9305 -0.3613 -0.0601
vn 0.7932 -0.6087 0.0177
vn 0.8911 -0.4531 0.0241
vn 0.7766 -0.6245 -0.0832
vn 0.6324 -0.7747 -0.0039
vn 0.5388 -0.8394 0.0713
vn 0.4099 -0.9112 0.0402
vn -0.3849 -0.9227 0.0222
vn -0.5751 -0.8175 -0.0310
vn -0.6786 -0.7325 -0.0540
vn -0.7338 -0.6789 0.0246
vn -0.0355 -0.7177 -0.6954
vn -0.1643 -0.7986 -0.5790
vn -0.0629 -0.7221 -0.6890
vn -0.1738 -0.8520 -0.4938
vn -0.0555 -0.8489 -0.5256
vn -0.0617 -0.8922 -0.4473
vn -0.0918 -0.8797 -0.4666
vn 0.0212 -0.8755 0.4827
vn -0.1472 -0.8079 0.5706
vn -0.0465 -0.8187 0.5723
vn -0.1724 -0.7453 0.6441
vn -0.1559 -0.6736 0.7224
vn -0.0850 -0.6948 0.7142
vn -0.2296 -0.6134 0.7556
vn 0.9845 -0.1452 0.0983
vn 0.9872 -0.0810 0.1373
vn 0.9946 -0.0822 0.0637
vn 0.9558 0.2742 0.1061
vn 0.9857 -0.1237 0.1148
vn 0.9681 -0.1423 0.2064
vn 0.6464 0.7392 -0.1889
vn 0.8618 0.2527 -0.4399
vn 0.9049 0.0950 -0.4148
vn -0.1268 -0.9918 0.0155
vn 0.7582 -0.6464 -0.0855
vn 0.6097 -0.7841 -0.1164
vn 0.6045 -0.7738 -0.1892
vn 0.5716 -0.7904 -0.2202
vn -0.6109 -0.7916 0.0154
vn -0.5251 -0.8486 -0.0639
vn -0.6089 -0.7262 -0.3193
vn -0.6985 -0.6367 -0.3265
vn -0.7862 -0.5981 -0.1553
vn -0.7205 -0.6776 -0.1476
vn -0.5069 -0.8482 -0.1537
vn 0.5038 -0.8470 -0.1698
vn 0.5812 -0.8037 -0.1279
vn 0.7841 -0.5966 -0.1712
vn 0.9430 0.0298 -0.3315
vn 0.9407 0.1282 -0.3140
vn 0.8905 0.3780 -0.2534
vn 0.9876 -0.1277 0.0917
vn 0.9850 -0.1345 0.1079
vn 0.9914 -0.1257 0.0362
vn 0.9898 -0.1299 0.0583
vn 0.9802 -0.0499 -0.1918
vn 0.9727 -0.0342 -0.2295
vn 0.9813 -0.1905 -0.0274
vn 0.9835 -0.1716 -0.0579
vn -0.1465 -0.6671 0.7304
vn -0.1958 -0.7107 0.6757
vn 0.0364 -0.6197 0.7840
vn -0.0021 -0.6369 0.7710
vn -0.1444 -0.7409 0.6559
vn -0.1552 -0.7135 0.6833
vn -0.1275 -0.7975 0.5897
vn -0.0845 -0.8345 0.5445
vn -0.1256 -0.8372 0.5323
vn 0.0565 -0.8502 0.5234
vn 0.0703 -0.7472 0.6609
vn 0.0947 -0.7928 0.6021
vn -0.0662 -0.8321 -0.5506
vn -0.0720 -0.8426 -0.5338
vn -0.1276 -0.8195 -0.5586
vn -0.1494 -0.8113 -0.5653
vn -0.1993 -0.7416 -0.6406
vn -0.2034 -0.7342 -0.6478
vn -0.1899 -0.6612 -0.7258
vn -0.1877 -0.6615 -0.7261
vn -0.7233 -0.6889 0.0470
vn -0.6723 -0.7402 -0.0157
vn -0.6620 -0.7473 -0.0574
vn -0.4132 -0.9106 0.0062
vn 0.4343 -0.9003 0.0286
vn 0.5280 -0.8471 0.0602
vn 0.6084 -0.7921 0.0503
vn 0.6317 -0.7383 0.2364
vn 0.8852 -0.4614 0.0592
vn 0.8924 -0.4257 0.1496
vn 0.8700 -0.4900 0.0541
vn 0.8554 -0.5177 0.0171
vn 0.9018 -0.4276 0.0627
vn 0.9288 -0.3507 0.1199
vn 0.8942 -0.4412 0.0757
vn 0.8810 -0.4691 0.0618
vn 0.9349 -0.3429 0.0916
vn 0.9523 -0.2824 0.1159
vn 0.9382 -0.3294 0.1063
vn 0.9302 -0.3515 0.1058
vn 0.9695 -0.2121 0.1230
vn 0.9785 -0.1628 0.1264
vn 0.9748 -0.1678 0.1471
vn 0.9664 -0.2070 0.1526
vn 0.9850 -0.0133 0.1721
vn 0.9881 -0.0275 0.1516
vn 0.9798 0.0480 0.1943
vn 0.9770 0.0091 0.2129
vn 0.9268 0.3028 0.2220
vn 0.9664 0.2181 0.1361
vn 0.9608 0.2227 0.1653
vn 0.9776 0.2040 0.0509
vn 0.9741 0.2136 0.0746
vn 0.9198 0.3391 0.1973
vn 0.9020 0.3444 0.2605
vn 0.9818 0.1473 0.1196
vn 0.9350 0.3211 0.1508
vn 0.9698 0.2409 0.0391
vn 0.9545 0.2908 0.0664
vn 0.9698 0.2403 -0.0408
vn 0.9706 0.2393 -0.0277
vn 0.9454 0.3120 0.0946
vn 0.9211 0.3508 0.1689
vn 0.9766 0.2061 0.0621
vn 0.8116 0.5816 0.0558
vn 0.8383 0.5420 0.0593
vn 0.8698 0.4931 -0.0166
vn 0.7978 0.5973 -0.0815
vn 0.8332 0.5423 -0.1081
vn 0.5592 0.8288 0.0216
vn 0.2404 0.9700 0.0359
vn 0.8066 0.5832 -0.0960
vn -0.5727 -0.7745 -0.2686
vn -0.5990 -0.7955 -0.0917
vn 0.6086 -0.7693 -0.1943
vn 0.7967 -0.6042 0.0145
vn 0.1921 0.9801 -0.0510
vn 0.9732 0.1264 -0.1920
vn -0.0673 -0.8230 0.5640
vn -0.0842 -0.7977 0.5972
vn -0.0988 -0.8595 0.5015
vn -0.0732 -0.8751 0.4783
vn -0.0616 -0.8815 -0.4682
vn -0.1113 -0.8718 -0.4770
vn 0.1013 -0.6527 -0.7508
vn -0.0242 -0.7117 -0.7021
vn -0.1275 -0.4951 -0.8594
vn -0.6976 -0.6831 0.2164
vn -0.6142 -0.7441 0.2629
vn -0.4677 -0.8327 0.2965
vn -0.4165 -0.8927 0.1721
vn 0.4849 -0.8483 0.2125
vn 0.5719 -0.7864 0.2334
vn 0.6611 -0.6996 0.2712
vn 0.7788 -0.6194 -0.0985
vn 0.9882 0.1414 0.0581
vn 0.9663 0.2351 0.1046
vn 0.8935 0.4445 0.0641
vn 0.9561 -0.2910 0.0344
vn 0.9313 0.3551 0.0808
vn 0.9564 0.2290 0.1811
vn 0.9751 0.0893 0.2028
vn 0.9845 -0.0870 0.1522
vn 0.9654 -0.2371 0.1084
vn 0.9289 -0.3621 0.0779
vn 0.8924 -0.4482 0.0515
vn 0.8472 -0.5268 0.0691
vn -0.0448 -0.6468 -0.7614
vn -0.0371 -0.7015 -0.7117
vn -0.0432 -0.7817 -0.6221
vn -0.0462 -0.8640 -0.5014
vn -0.0858 -0.9957 0.0353
vn -0.1139 -0.8403 0.5300
vn -0.0613 -0.8576 0.5107
vn -0.1173 -0.7010 0.7034
vn -0.0725 -0.6761 0.7333
vn -0.3030 0.9394 -0.1606
vn 0.9001 0.4329 0.0502
vn 0.8743 0.4738 0.1054
vn 0.7939 0.5896 0.1488
vn 0.7901 0.6053 0.0965
vn 0.9732 0.2149 0.0818
vn 0.9486 0.2549 0.1875
vn 0.9432 0.2780 0.1822
vn 0.9088 0.3550 0.2193
vn 0.9911 0.1295 0.0303
vn 0.9630 0.2088 0.1705
vn 0.9564 0.2551 0.1421
vn 0.9193 0.3032 0.2510
vn 0.9980 -0.0563 -0.0278
vn 0.9860 -0.1467 0.0791
vn 0.9857 0.1577 0.0595
vn 0.9896 -0.1205 -0.0787
vn 0.9424 -0.3339 0.0205
vn 0.9996 -0.0281 0.0099
vn 0.9825 -0.1732 -0.0687
vn 0.8781 -0.4784 0.0014
vn 0.9675 -0.2526 0.0076
vn 0.9650 -0.2598 0.0356
vn 0.8826 -0.4692 0.0293
vn 0.8853 -0.4629 0.0441
vn 0.8944 -0.4105 0.1774
vn 0.9329 -0.3518 0.0763
vn 0.7892 -0.6073 0.0913
vn 0.6386 -0.7222 0.2657
vn 0.6349 -0.7287 0.2566
vn 0.5654 -0.7925 0.2285
vn 0.4657 -0.8688 0.1681
vn -0.3841 -0.8910 0.2422
vn -0.5295 -0.7939 0.2989
vn -0.6053 -0.7618 0.2306
vn -0.6810 -0.7014 0.2106
vn -0.2762 -0.6480 -0.7098
vn -0.0719 -0.7225 -0.6877
vn -0.1884 -0.7836 -0.5920
vn -0.0314 -0.8599 -0.5094
vn -0.1635 -0.8595 -0.4843
vn -0.1038 -0.8841 -0.4556
vn -0.0868 -0.8581 -0.5060
vn -0.1239 -0.8111 0.5716
vn 0.0502 -0.8774 0.4771
vn -0.0609 -0.8720 0.4856
vn -0.1016 -0.7552 0.6475
vn -0.1251 -0.6538 0.7463
vn -0.1840 -0.6792 0.7105
vn -0.0618 -0.6619 0.7471
vn 0.9725 -0.0890 0.2152
vn 0.9834 -0.1305 0.1257
vn 0.9776 -0.1261 0.1685
vn 0.9613 0.2448 0.1263
vn 0.9926 -0.0641 0.1028
vn 0.9742 -0.1545 0.1642
vn 0.7594 0.6505 -0.0164
vn 0.9475 0.2939 -0.1260
vn 0.9829 0.1028 -0.1528
vn -0.2407 -0.9706 0.0051
vn 0.7231 -0.6469 -0.2421
vn 0.5904 -0.7775 -0.2167
vn 0.6339 -0.7665 -0.1029
vn 0.6102 -0.7891 -0.0706
vn -0.5630 -0.7780 -0.2789
vn -0.5962 -0.7635 -0.2481
vn -0.6084 -0.7749 -0.1711
vn -0.7776 -0.6026 -0.1796
vn 0.9786 -0.0731 0.1926
vn 0.9337 0.3557 -0.0411
vn 0.9729 0.2311 0.0087
vn 0.9807 0.1692 0.0982
vn 0.9886 -0.0180 0.1498
vn 0.9704 -0.1824 0.1581
vn 0.9257 -0.3592 0.1187
vn 0.8704 -0.4890 0.0577
vn 0.7967 -0.6041 0.0192
vn -0.1719 -0.6777 -0.7149
vn -0.2118 -0.6909 -0.6913
vn -0.1921 -0.7789 -0.5971
vn -0.0976 -0.8399 -0.5339
vn -0.1126 -0.9929 -0.0384
vn -0.1504 -0.8110 0.5654
vn -0.1540 -0.7724 0.6162
vn -0.1624 -0.7044 0.6910
vn -0.1651 -0.6384 0.7518
vn 0.8192 -0.5450 -0.1788
vn 0.8819 0.4711 0.0182
vn 0.8107 0.5854 -0.0099
vn 0.8681 0.4901 -0.0787
vn 0.8051 0.5917 0.0417
vn 0.9707 0.2386 0.0290
vn 0.9564 0.2830 -0.0716
vn 0.9785 0.2060 0.0002
vn 0.9258 0.3750 0.0483
vn 0.9826 0.1736 0.0665
vn 0.9609 0.2764 0.0134
vn 0.9723 0.2051 0.1121
vn 0.9906 0.1207 -0.0638
vn 0.9925 -0.0140 0.1212
vn 0.9906 0.0110 0.1363
vn 0.9821 0.0622 0.1776
vn 0.9770 -0.1303 0.1691
vn 0.9620 -0.1976 0.1886
vn 0.9748 -0.0699 0.2119
vn 0.9551 -0.2338 0.1818
vn 0.9219 -0.3243 0.2118
vn 0.9424 -0.2685 0.1997
vn 0.9228 -0.3634 0.1280
vn 0.9028 -0.3873 0.1869
vn 0.8792 -0.4576 0.1325
vn 0.8613 -0.5065 0.0396
vn 0.9132 -0.3917 0.1126
vn 0.7949 -0.6049 0.0467
vn 0.7636 -0.6293 -0.1446
vn 0.7127 -0.6834 -0.1586
vn 0.6520 -0.7542 -0.0775
vn 0.4934 -0.8697 -0.0122
vn -0.3823 -0.9228 0.0475
vn -0.5414 -0.8407 0.0021
vn -0.6684 -0.7318 0.1327
vn -0.7217 -0.6759 0.1493
vn 0.0287 -0.7002 -0.7134
vn -0.1885 -0.7353 -0.6510
vn 0.0077 -0.7365 -0.6764
vn -0.0944 -0.8194 -0.5654
vn -0.0715 -0.8158 -0.5740
vn -0.0731 -0.8418 -0.5348
vn -0.0708 -0.8923 -0.4459
vn -0.0948 -0.8792 0.4668
vn 0.0602 -0.8420 0.5360
vn -0.1085 -0.7902 0.6031
vn -0.1265 -0.7375 0.6634
vn -0.1503 -0.6637 0.7328
vn -0.0643 -0.6750 0.7350
vn -0.1130 -0.7606 0.6393
vn 0.9938 -0.0964 0.0547
vn 0.9871 -0.0928 -0.1302
vn 0.9670 -0.0461 -0.2505
vn 0.2852 0.9490 -0.1340
vn 0.9941 -0.1063 0.0211
vn 0.9822 -0.1552 0.1062
vn 0.7660 0.6307 -0.1243
vn 0.9546 0.0986 -0.2812
vn 0.9386 -0.0224 -0.3443
vn 0.6137 -0.7822 -0.1070
vn 0.7798 -0.6249 0.0379
vn 0.6142 -0.7847 -0.0836
vn 0.5302 -0.8395 -0.1188
vn 0.4818 -0.8621 -0.1569
vn -0.5434 -0.8375 -0.0575
vn -0.4782 -0.8708 -0.1142
vn -0.7579 -0.6337 -0.1552
vn -0.8122 -0.5619 -0.1570
vn -0.7449 -0.6048 -0.2818
vn -0.6073 -0.7162 -0.3438
vn -0.5005 -0.8252 -0.2618
vn 0.5542 -0.7900 -0.2622
vn 0.6256 -0.7535 -0.2019
vn 0.7470 -0.6205 -0.2386
vn 0.9213 0.0483 -0.3859
vn 0.8710 0.2093 -0.4445
vn 0.8022 0.4589 -0.3820
vn 0.9804 -0.1603 0.1148
vn 0.9802 -0.1191 0.1584
vn 0.9832 -0.1393 0.1182
vn 0.9834 -0.1238 0.1323
vn 0.9886 -0.0995 0.1130
vn 0.9922 -0.0813 0.0940
vn 0.9781 -0.1022 0.1815
vn 0.9850 -0.0835 0.1508
vn -0.1807 -0.6981 0.6929
vn -0.1504 -0.6658 0.7308
vn -0.1293 -0.6454 0.7528
vn -0.1111 -0.6652 0.7383
vn -0.1643 -0.7217 0.6724
vn -0.1482 -0.7375 0.6589
vn -0.0593 -0.8207 0.5683
vn -0.1337 -0.7968 0.5893
vn 0.0620 -0.8652 0.4976
vn -0.1390 -0.8305 0.5395
vn -0.1653 -0.7449 0.6464
vn -0.1688 -0.7627 0.6243
vn -0.1184 -0.8697 -0.4791
vn -0.1484 -0.8869 -0.4376
vn -0.1770 -0.8668 -0.4662
vn -0.1752 -0.8590 -0.4812
vn -0.1946 -0.7674 -0.6110
vn -0.2003 -0.7469 -0.6340
vn -0.2807 -0.6551 -0.7014
vn -0.2917 -0.6620 -0.6904
vn -0.7338 -0.6682 0.1230
vn -0.6456 -0.7461 0.1630
vn -0.6191 -0.7838 0.0498
vn -0.3947 -0.9186 0.0202
vn 0.4933 -0.8697 0.0192
vn 0.6213 -0.7829 -0.0334
vn 0.7280 -0.6724 -0.1337
vn 0.6379 -0.7205 0.2719
vn 0.8630 -0.4978 0.0858
vn 0.8891 -0.4576 0.0028
vn 0.8600 -0.5041 0.0791
vn 0.7743 -0.6212 0.1207
vn 0.9034 -0.4221 0.0757
vn 0.8966 -0.4416 0.0326
vn 0.9027 -0.4240 0.0727
vn 0.8475 -0.5184 0.1141
vn 0.9471 -0.3129 0.0717
vn 0.9267 -0.3672 0.0795
vn 0.9511 -0.3000 0.0741
vn 0.9240 -0.3620 0.1230
vn 0.9833 -0.1635 0.0798
vn 0.9648 -0.2342 0.1201
vn 0.9866 -0.1350 0.0920
vn 0.9782 -0.1455 0.1484
vn 0.9941 0.0038 0.1080
vn 0.9823 -0.0632 0.1761
vn 0.9925 0.0289 0.1191
vn 0.9776 0.1347 0.1617
vn 0.9612 0.2410 0.1341
vn 0.9569 0.2633 0.1223
vn 0.9313 0.2768 0.2367
vn 0.9663 0.2538 0.0438
vn 0.9551 0.2936 0.0392
vn 0.9771 0.1773 0.1176
vn 0.9529 0.2924 0.0806
vn 0.9801 0.1768 0.0905
vn 0.9594 0.2555 0.1191
vn 0.9503 0.2563 0.1765
vn 0.9025 0.3633 0.2315
vn 0.9570 0.2868 0.0423
vn 0.9606 0.2721 0.0563
vn 0.9423 0.3067 0.1344
vn 0.9287 0.3705 -0.0175
vn 0.9727 0.2278 0.0437
vn 0.8150 0.5562 0.1627
vn 0.8227 0.5439 0.1653
vn 0.7953 0.5955 0.1132
vn 0.8361 0.5458 0.0550
vn 0.8539 0.5194 0.0341
vn 0.6011 0.7948 0.0834
vn 0.4999 0.8661 -0.0051
vn 0.6169 0.7830 0.0794
vn -0.6501 -0.7458 -0.1455
vn -0.6024 -0.7980 0.0187
vn 0.6041 -0.7881 -0.1180
vn 0.7160 -0.6895 -0.1097
vn 0.4878 0.8671 0.1009
vn 0.9639 -0.0832 0.2528
vn 0.0287 -0.7846 0.6194
vn 0.0524 -0.7711 0.6345
vn 0.0090 -0.7977 0.6030
vn -0.0361 -0.8278 0.5599
vn -0.1203 -0.8618 -0.4928
vn -0.0550 -0.8794 -0.4729
vn -0.0232 -0.6965 -0.7172
vn 0.0951 -0.6495 -0.7544
vn 0.2598 -0.4450 -0.8570
vn -0.6606 -0.7100 0.2438
vn -0.5750 -0.7763 0.2582
vn -0.4948 -0.8343 0.2431
vn -0.4741 -0.8714 0.1261
vn 0.5598 -0.8175 0.1354
vn 0.6278 -0.7579 0.1774
vn 0.7037 -0.6773 0.2148
vn 0.7775 -0.6176 -0.1191
vn 0.9839 0.1650 0.0689
vn 0.9634 0.2497 0.0978
vn 0.8890 0.4386 0.1312
vn 0.2653 0.9639 0.0234
vn 0.2733 0.9617 0.0217
vn 0.3418 0.9397 -0.0099
vn 0.3477 0.9372 0.0293
vn 0.6661 0.7456 0.0224
vn 0.6407 0.7677 0.0152
vn 0.7854 0.6067 0.1228
vn 0.8226 0.5532 0.1314
vn 0.7968 0.5976 0.0895
vn 0.8296 0.5579 -0.0232
vn 0.8296 0.5549 0.0617
vn 0.8407 0.5404 -0.0361
vn 0.8098 0.5857 -0.0350
vn 0.8194 0.5701 0.0597
vn 0.8159 0.5778 -0.0239
vn 0.9187 0.3698 0.1387
vn 0.9512 0.2937 0.0948
vn 0.9547 0.2971 -0.0141
vn 0.9583 0.2825 0.0425
vn 0.9470 0.2993 0.1168
vn 0.9247 0.3340 0.1827
vn 0.8960 0.3863 0.2190
vn 0.9017 0.3580 0.2424
vn 0.9078 0.3922 0.1485
vn 0.9536 0.2974 0.0463
vn 0.9667 0.2542 0.0296
vn 0.9625 0.2714 0.0045
vn 0.9627 0.2697 -0.0226
vn 0.9649 0.2612 0.0259
vn 0.9573 0.2873 0.0309
vn 0.9142 0.3432 0.2155
vn 0.9535 0.2618 0.1493
vn 0.9682 0.2454 0.0483
vn 0.9756 0.2137 0.0497
vn 0.9745 0.1862 0.1251
vn 0.9692 0.1704 0.1780
vn 0.9601 0.2218 0.1705
vn 0.9512 0.2154 0.2208
vn 0.9761 0.2119 0.0484
vn 0.9419 0.2944 0.1618
vn 0.9591 0.2546 0.1233
vn 0.9531 0.2708 0.1349
vn 0.9536 0.2849 0.0973
vn 0.9619 0.2519 0.1061
vn 0.9387 0.3081 0.1545
vn 0.9896 -0.0123 0.1435
vn 0.9468 -0.3203 0.0323
vn 0.9870 0.0512 0.1525
vn 0.9884 0.0408 0.1462
vn 0.9935 0.0962 0.0617
vn 0.9814 0.1717 0.0854
vn 0.9903 -0.1008 0.0957
vn 0.9999 0.0001 -0.0160
vn 0.9877 0.0045 0.1563
vn 0.9870 -0.0050 0.1606
vn 0.9869 0.0299 0.1583
vn 0.9873 0.0059 0.1590
vn 0.9731 -0.2127 0.0885
vn 0.9206 -0.3901 -0.0189
vn 0.9791 -0.1232 0.1616
vn 0.9772 -0.1415 0.1581
vn 0.9974 -0.0665 0.0289
vn 0.9996 0.0161 0.0250
vn 0.9680 -0.2415 0.0675
vn 0.9946 -0.1026 -0.0150
vn 0.9750 -0.1593 0.1546
vn 0.9731 -0.1720 0.1534
vn 0.9745 -0.1615 0.1561
vn 0.9713 -0.1979 0.1320
vn 0.9381 -0.3393 0.0695
vn 0.8704 -0.4922 -0.0098
vn 0.9449 -0.2898 0.1521
vn 0.9427 -0.2977 0.1505
vn 0.9588 -0.2842 0.0028
vn 0.9860 -0.1667 -0.0037
vn 0.9254 -0.3744 0.0595
vn 0.9624 -0.2712 0.0179
vn 0.9408 -0.3081 0.1413
vn 0.9371 -0.3180 0.1439
vn 0.9356 -0.3220 0.1448
vn 0.9346 -0.3370 0.1138
vn 0.8824 -0.4670 0.0573
vn 0.8087 -0.5879 0.0197
vn 0.8949 -0.4218 0.1459
vn 0.8980 -0.4186 0.1358
vn 0.8916 -0.4528 0.0086
vn 0.9198 -0.3917 0.0206
vn 0.8930 -0.4494 0.0245
vn 0.9082 -0.4186 -0.0028
vn 0.9032 -0.4098 0.1274
vn 0.9007 -0.4096 0.1452
vn 0.8939 -0.4250 0.1427
vn 0.8961 -0.4299 0.1107
vn 0.8498 -0.5269 0.0120
vn 0.7635 -0.6457 -0.0124
vn 0.8456 -0.5125 0.1493
vn 0.8521 -0.5085 0.1239
vn 0.8305 -0.5547 0.0504
vn 0.8118 -0.5797 0.0704
vn 0.8839 -0.4638 -0.0599
vn 0.8590 -0.4919 -0.1417
vn 0.8664 -0.4850 0.1187
vn 0.8639 -0.4781 0.1585
vn 0.8605 -0.4859 0.1534
vn 0.8673 -0.4800 0.1316
vn 0.8469 -0.5245 0.0875
vn 0.8718 -0.4762 0.1147
vn 0.8477 -0.5085 0.1512
vn 0.8636 -0.4899 0.1190
vn 0.8873 -0.4596 0.0388
vn 0.9082 -0.4135 0.0640
vn 0.8876 -0.4376 0.1438
vn 0.9000 -0.4217 0.1102
vn 0.9360 -0.3519 0.0052
vn 0.9380 -0.3463 0.0157
vn 0.9365 -0.3176 0.1483
vn 0.9428 -0.3116 0.1181
vn 0.9871 -0.1597 0.0102
vn 0.9785 -0.2062 -0.0032
vn 0.9776 -0.1366 0.1601
vn 0.9792 -0.1437 0.1430
vn 0.9979 0.0505 0.0395
vn 0.9990 -0.0299 0.0325
vn 0.9860 0.0588 0.1561
vn 0.9850 0.0529 0.1644
vn 0.9542 0.2900 0.0732
vn 0.9603 0.2722 0.0608
vn 0.9684 0.2281 0.1009
vn 0.9583 0.2764 0.0730
vn 0.9515 0.2866 0.1122
vn 0.9568 0.2521 0.1447
vn 0.9692 0.2399 0.0563
vn 0.9586 0.2259 0.1732
vn 0.9570 0.2897 -0.0143
vn 0.9575 0.2886 -0.0042
vn 0.8360 0.5385 0.1057
vn 0.8662 0.4989 0.0272
vn 0.8467 0.5038 0.1712
vn 0.7813 0.6240 -0.0108
vn 0.7705 0.6368 -0.0290
s 1
f 2//2 6//6 1//1
f 12//12 35//35 62//62
f 35//35 26//26 84//84
f 26//26 2//2 138//138
f 603//603 602//602 109//109
f 871//871 870//870 54//54
f 6//6 260//260 1480//1480
f 12//12 26//26 35//35
f 1700//1700 262//262 875//875
f 876//876 1390//1390 264//264
f 610//610 1416//1416 722//722
f 1704//1704 1389//1389 723//723
f 614//614 615//615 203//203
f 614//614 1420//1420 726//726
f 1708//1708 1387//1387 727//727
f 618//618 619//619 208//208
f 618//618 1424//1424 730//730
f 1798//1798 883//883 997//997
f 622//622 623//623 205//205
f 734//734 622//622 205//205
f 1801//1801 887//887 1001//1001
f 626//626 627//627 207//207
f 738//738 626//626 207//207
f 1804//1804 891//891 1005//1005
f 630//630 631//631 210//210
f 742//742 630//630 210//210
f 1807//1807 895//895 1009//1009
f 634//634 635//635 197//197
f 746//746 634//634 197//197
f 1810//1810 899//899 1013//1013
f 638//638 639//639 198//198
f 750//750 638//638 198//198
f 163//163 752//752 1019//1019
f 163//163 15//15 111//111
f 110//110 187//187 204//204
f 187//187 113//113 204//204
f 1727//1727 298//298 641//641
f 111//111 469//469 303//303
f 1728//1728 1383//1383 755//755
f 114//114 471//471 307//307
f 209//209 172//172 44//44
f 172//172 209//209 46//46
f 1729//1729 1381//1381 756//756
f 757//757 312//312 20//20
f 174//174 475//475 211//211
f 174//174 211//211 47//47
f 1730//1730 1378//1378 759//759
f 760//760 479//479 1376//1376
f 173//173 480//480 324//324
f 324//324 206//206 323//323
f 1731//1731 1374//1374 762//762
f 1029//1029 1371//1371 485//485
f 201//201 329//329 327//327
f 202//202 334//334 487//487
f 334//334 202//202 333//333
f 1732//1732 1370//1370 767//767
f 768//768 338//338 123//123
f 1035//1035 49//49 918//918
f 493//493 122//122 341//341
f 1733//1733 1367//1367 770//770
f 125//125 495//495 344//344
f 496//496 50//50 341//341
f 497//497 124//124 347//347
f 200//200 52//52 176//176
f 348//348 200//200 498//498
f 1734//1734 1365//1365 771//771
f 500//500 127//127 501//501
f 125//125 199//199 192//192
f 772//772 657//657 128//128
f 28//28 194//194 212//212
f 127//127 212//212 195//195
f 129//129 657//657 1039//1039
f 130//130 658//658 1040//1040
f 131//131 659//659 1041//1041
f 1042//1042 131//131 660//660
f 1043//1043 132//132 661//661
f 778//778 508//508 1363//1363
f 779//779 509//509 1361//1361
f 780//780 510//510 1359//1359
f 781//781 511//511 1357//1357
f 782//782 512//512 1355//1355
f 783//783 513//513 1353//1353
f 1050//1050 181//181 668//668
f 1051//1051 182//182 669//669
f 182//182 670//670 1052//1052
f 183//183 671//671 1053//1053
f 184//184 672//672 1054//1054
f 519//519 375//375 1489//1489
f 186//186 27//27 110//110
f 187//187 520//520 30//30
f 521//521 1490//1490 1735//1735
f 33//33 522//522 379//379
f 124//124 1449//1449 1823//1823
f 793//793 382//382 34//34
f 122//122 1451//1451 1825//1825
f 796//796 528//528 1346//1346
f 530//530 1539//1539 1741//1741
f 799//799 389//389 680//680
f 1407//1407 191//191 1455//1455
f 802//802 392//392 116//116
f 1744//1744 535//535 1664//1664
f 114//114 536//536 395//395
f 1745//1745 537//537 1662//1662
f 43//43 538//538 395//395
f 1410//1410 192//192 1459//1459
f 111//111 45//45 193//193
f 1698//1698 684//684 807//807
f 1076//1076 88//88 951//951
f 1077//1077 89//89 952//952
f 1078//1078 94//94 953//953
f 1079//1079 90//90 954//954
f 1080//1080 92//92 955//955
f 815//815 405//405 957//957
f 816//816 406//406 958//958
f 551//551 868//868 817//817
f 1090//1090 1947//1947 558//558
f 261//261 561//561 1554//1554
f 10//10 165//165 1469//1469
f 17//17 166//166 1470//1470
f 23//23 833//833 962//962
f 29//29 835//835 963//963
f 32//32 837//837 964//964
f 36//36 839//839 965//965
f 38//38 841//841 966//966
f 14//14 1471//1471 1775//1775
f 1759//1759 417//417 703//703
f 581//581 580//580 1559//1559
f 46//46 174//174 1474//1474
f 47//47 173//173 1475//1475
f 1763//1763 421//421 707//707
f 1764//1764 1319//1319 853//853
f 50//50 177//177 1478//1478
f 51//51 176//176 1479//1479
f 52//52 374//374 185//185
f 1126//1126 184//184 712//712
f 1127//1127 183//183 713//713
f 1128//1128 182//182 714//714
f 1129//1129 181//181 715//715
f 1130//1130 180//180 716//716
f 865//865 431//431 983//983
f 866//866 432//432 984//984
f 601//601 604//604 867//867
f 14//14 112//112 163//163
f 2//2 12//12 6//6
f 214//214 6//6 69//69
f 31//31 215//215 78//78
f 31//31 216//216 79//79
f 6//6 213//213 69//69
f 6//6 12//12 57//57
f 6//6 226//226 60//60
f 55//55 6//6 56//56
f 35//35 31//31 75//75
f 31//31 217//217 76//76
f 31//31 76//76 77//77
f 56//56 6//6 57//57
f 31//31 77//77 75//75
f 59//59 57//57 12//12
f 35//35 75//75 80//80
f 35//35 80//80 81//81
f 58//58 59//59 12//12
f 68//68 58//58 12//12
f 35//35 81//81 71//71
f 35//35 71//71 72//72
f 65//65 68//68 12//12
f 225//225 12//12 66//66
f 35//35 218//218 74//74
f 35//35 219//219 63//63
f 224//224 12//12 67//67
f 223//223 12//12 61//61
f 35//35 220//220 64//64
f 222//222 12//12 62//62
f 35//35 221//221 62//62
f 228//228 31//31 104//104
f 19//19 229//229 98//98
f 19//19 230//230 100//100
f 31//31 227//227 104//104
f 31//31 35//35 90//90
f 31//31 240//240 93//93
f 91//91 31//31 92//92
f 26//26 19//19 101//101
f 19//19 231//231 97//97
f 19//19 97//97 96//96
f 92//92 31//31 90//90
f 19//19 96//96 101//101
f 94//94 90//90 35//35
f 26//26 101//101 99//99
f 26//26 99//99 108//108
f 89//89 94//94 35//35
f 88//88 89//89 35//35
f 26//26 108//108 103//103
f 26//26 103//103 102//102
f 95//95 88//88 35//35
f 239//239 35//35 85//85
f 26//26 232//232 107//107
f 26//26 233//233 82//82
f 238//238 35//35 86//86
f 237//237 35//35 87//87
f 26//26 234//234 83//83
f 236//236 35//35 84//84
f 26//26 235//235 84//84
f 241//241 19//19 158//158
f 1//1 242//242 152//152
f 1//1 243//243 154//154
f 19//19 254//254 158//158
f 19//19 26//26 144//144
f 19//19 253//253 147//147
f 145//145 19//19 146//146
f 2//2 1//1 155//155
f 1//1 244//244 151//151
f 1//1 151//151 150//150
f 146//146 19//19 144//144
f 1//1 150//150 155//155
f 148//148 144//144 26//26
f 2//2 155//155 153//153
f 2//2 153//153 162//162
f 143//143 148//148 26//26
f 142//142 143//143 26//26
f 2//2 162//162 157//157
f 2//2 157//157 156//156
f 149//149 142//142 26//26
f 252//252 26//26 139//139
f 2//2 245//245 161//161
f 2//2 246//246 136//136
f 251//251 26//26 140//140
f 250//250 26//26 141//141
f 2//2 247//247 137//137
f 249//249 26//26 138//138
f 2//2 248//248 138//138
f 73//73 31//31 105//105
f 106//106 19//19 159//159
f 1//1 874//874 261//261
f 1//1 6//6 4//4
f 6//6 259//259 872//872
f 12//12 2//2 26//26
f 1310//1310 1700//1700 719//719
f 1414//1414 2106//2106 720//720
f 1500//1500 1937//1937 434//434
f 3//3 1768//1768 1788//1788
f 268//268 437//437 1704//1704
f 1418//1418 2101//2101 724//724
f 1504//1504 1929//1929 438//438
f 5//5 1769//1769 1792//1792
f 273//273 441//441 1708//1708
f 1422//1422 2096//2096 728//728
f 1508//1508 1921//1921 442//442
f 7//7 1770//1770 1796//1796
f 8//8 7//7 1798//1798
f 1426//1426 2091//2091 732//732
f 1426//1426 1427//1427 205//205
f 1771//1771 999//999 1800//1800
f 9//9 8//8 1801//1801
f 1429//1429 2087//2087 736//736
f 1429//1429 1430//1430 207//207
f 1772//1772 1003//1003 1803//1803
f 11//11 9//9 1804//1804
f 1432//1432 2083//2083 740//740
f 1432//1432 1433//1433 210//210
f 1773//1773 1007//1007 1806//1806
f 13//13 11//11 1807//1807
f 1435//1435 2079//2079 744//744
f 1435//1435 1436//1436 197//197
f 1774//1774 1011//1011 1809//1809
f 14//14 13//13 1810//1810
f 1438//1438 2075//2075 748//748
f 1438//1438 1439//1439 198//198
f 1775//1775 1015//1015 1812//1812
f 637//637 68//68 1017//1017
f 751//751 752//752 112//112
f 15//15 1019//1019 907//907
f 204//204 299//299 44//44
f 300//300 204//204 44//44
f 42//42 110//110 204//204
f 1250//1250 1727//1727 754//754
f 469//469 301//301 16//16
f 305//305 470//470 1728//1728
f 114//114 304//304 471//471
f 299//299 209//209 44//44
f 309//309 115//115 472//472
f 310//310 209//209 472//472
f 311//311 473//473 1729//1729
f 911//911 474//474 757//757
f 46//46 310//310 475//475
f 115//115 1243//1243 476//476
f 912//912 211//211 758//758
f 317//317 478//478 1730//1730
f 313//313 760//760 645//645
f 912//912 480//480 47//47
f 117//117 1237//1237 481//481
f 649//649 482//482 1027//1027
f 325//325 483//483 1731//1731
f 191//191 484//484 327//327
f 763//763 1231//1231 485//485
f 917//917 486//486 1030//1030
f 652//652 331//331 1228//1228
f 1031//1031 1225//1225 488//488
f 915//915 489//489 1032//1032
f 336//336 490//490 1732//1732
f 768//768 1219//1219 491//491
f 175//175 1035//1035 920//920
f 654//654 189//189 122//122
f 342//342 494//494 1733//1733
f 125//125 345//345 495//495
f 177//177 496//496 346//346
f 346//346 124//124 497//497
f 200//200 126//126 52//52
f 176//176 51//51 200//200
f 347//347 124//124 498//498
f 349//349 499//499 1734//1734
f 28//28 500//500 350//350
f 351//351 199//199 501//501
f 199//199 344//344 25//25
f 194//194 28//28 128//128
f 656//656 72//72 1038//1038
f 194//194 195//195 212//212
f 212//212 127//127 28//28
f 1039//1039 658//658 129//129
f 1040//1040 659//659 130//130
f 1041//1041 660//660 131//131
f 1042//1042 661//661 132//132
f 1043//1043 662//662 133//133
f 357//357 778//778 662//662
f 359//359 779//779 663//663
f 361//361 780//780 664//664
f 364//364 781//781 665//665
f 366//366 782//782 666//666
f 368//368 783//783 667//667
f 1050//1050 667//667 180//180
f 1051//1051 668//668 181//181
f 1052//1052 669//669 182//182
f 1053//1053 670//670 183//183
f 1054//1054 671//671 184//184
f 1055//1055 672//672 185//185
f 520//520 376//376 30//30
f 377//377 187//187 30//30
f 1735//1735 1888//1888 521//521
f 33//33 380//380 522//522
f 1822//1822 1778//1778 82//82
f 1737//1737 1886//1886 524//524
f 942//942 525//525 793//793
f 1824//1824 1779//1779 83//83
f 1739//1739 1884//1884 527//527
f 944//944 528//528 796//796
f 1826//1826 1780//1780 84//84
f 1741//1741 1882//1882 530//530
f 799//799 1189//1189 531//531
f 1742//1742 1880//1880 532//532
f 390//390 1542//1542 1695//1695
f 802//802 1183//1183 534//534
f 393//393 1744//1744 1696//1696
f 114//114 307//307 536//536
f 396//396 1745//1745 1697//1697
f 45//45 538//538 397//397
f 1746//1746 1872//1872 539//539
f 398//398 1546//1546 1698//1698
f 808//808 1834//1834 1073//1073
f 808//808 809//809 95//95
f 88//88 809//809 951//951
f 89//89 1076//1076 952//952
f 94//94 1077//1077 953//953
f 90//90 1078//1078 954//954
f 92//92 1079//1079 955//955
f 91//91 1080//1080 956//956
f 815//815 1173//1173 549//549
f 816//816 1171//1171 550//550
f 817//817 1169//1169 551//551
f 1749//1749 1868//1868 552//552
f 1549//1549 1866//1866 553//553
f 1838//1838 1412//1412 193//193
f 1465//1465 1466//1466 27//27
f 1552//1552 1864//1864 556//556
f 1548//1548 1862//1862 552//552
f 824//824 1159//1159 558//558
f 388//388 1091//1091 39//39
f 1092//1092 694//694 152//152
f 1092//1092 1861//1861 560//560
f 1094//1094 695//695 154//154
f 1094//1094 1860//1860 562//562
f 1096//1096 696//696 151//151
f 1096//1096 1859//1859 564//564
f 1098//1098 697//697 150//150
f 832//832 833//833 168//168
f 1100//1100 698//698 155//155
f 834//834 835//835 167//167
f 1102//1102 699//699 153//153
f 836//836 837//837 170//170
f 1104//1104 700//700 162//162
f 838//838 839//839 169//169
f 1106//1106 701//701 157//157
f 840//840 841//841 171//171
f 186//186 110//110 42//42
f 702//702 156//156 1108//1108
f 842//842 843//843 186//186
f 163//163 111//111 193//193
f 186//186 1844//1844 1785//1785
f 1109//1109 157//157 701//701
f 14//14 163//163 193//193
f 1150//1150 1759//1759 845//845
f 44//44 172//172 1846//1846
f 1113//1113 704//704 136//136
f 1114//1114 705//705 137//137
f 1114//1114 1857//1857 582//582
f 1116//1116 706//706 138//138
f 1116//1116 1856//1856 584//584
f 1144//1144 1763//1763 852//852
f 707//707 1477//1477 141//141
f 1120//1120 708//708 140//140
f 1121//1121 709//709 139//139
f 1121//1121 1854//1854 589//589
f 1123//1123 710//710 149//149
f 1123//1123 1853//1853 591//591
f 711//711 859//859 185//185
f 976//976 185//185 859//859
f 711//711 184//184 1126//1126
f 712//712 183//183 1127//1127
f 713//713 182//182 1128//1128
f 182//182 1129//1129 714//714
f 181//181 1130//1130 715//715
f 865//865 1138//1138 599//599
f 866//866 1136//1136 600//600
f 867//867 1134//1134 601//601
f 1133//1133 718//718 178//178
f 1134//1134 241//241 1135//1135
f 1135//1135 984//984 432//432
f 1132//1132 717//717 179//179
f 1136//1136 254//254 1137//1137
f 1137//1137 983//983 431//431
f 1131//1131 716//716 180//180
f 1138//1138 253//253 1139//1139
f 1139//1139 982//982 430//430
f 429//429 864//864 981//981
f 428//428 863//863 980//980
f 979//979 596//596 862//862
f 978//978 595//595 861//861
f 977//977 594//594 860//860
f 710//710 593//593 1125//1125
f 977//977 593//593 425//425
f 857//857 1479//1479 176//176
f 1566//1566 1141//1141 1140//1140
f 1141//1141 1565//1565 592//592
f 976//976 591//591 857//857
f 855//855 1478//1478 177//177
f 1567//1567 1143//1143 1142//1142
f 1143//1143 1564//1564 590//590
f 975//975 589//589 855//855
f 974//974 588//588 854//854
f 1563//1563 587//587 421//421
f 972//972 1849//1849 1118//1118
f 1144//1144 1568//1568 1145//1145
f 706//706 1855//1855 1145//1145
f 850//850 1475//1475 173//173
f 1569//1569 1147//1147 1146//1146
f 1147//1147 1561//1561 585//585
f 972//972 584//584 850//850
f 848//848 1474//1474 174//174
f 1570//1570 1149//1149 1148//1148
f 1149//1149 1560//1560 583//583
f 971//971 582//582 848//848
f 970//970 581//581 847//847
f 417//417 580//580 1760//1760
f 968//968 1845//1845 1111//1111
f 1150//1150 1571//1571 1151//1151
f 702//702 1858//1858 1151//1151
f 577//577 967//967 843//843
f 407//407 1758//1758 1699//1699
f 1109//1109 576//576 1108//1108
f 968//968 576//576 842//842
f 1106//1106 575//575 574//574
f 967//967 574//574 840//840
f 1104//1104 573//573 572//572
f 966//966 572//572 838//838
f 1102//1102 571//571 570//570
f 965//965 570//570 836//836
f 1100//1100 569//569 568//568
f 964//964 568//568 834//834
f 1098//1098 567//567 566//566
f 963//963 566//566 832//832
f 830//830 1470//1470 166//166
f 1572//1572 1153//1153 1152//1152
f 1153//1153 1556//1556 565//565
f 962//962 564//564 830//830
f 828//828 1469//1469 165//165
f 1573//1573 1155//1155 1154//1154
f 1155//1155 1555//1555 563//563
f 961//961 562//562 828//828
f 826//826 1468//1468 164//164
f 1574//1574 1157//1157 1156//1156
f 1157//1157 1554//1554 561//561
f 960//960 560//560 826//826
f 385//385 825//825 559//559
f 559//559 1158//1158 385//385
f 37//37 1158//1158 388//388
f 1090//1090 825//825 34//34
f 1159//1159 391//391 1160//1160
f 1160//1160 1091//1091 559//559
f 1462//1462 1467//1467 33//33
f 1575//1575 394//394 1576//1576
f 1863//1863 1553//1553 557//557
f 1466//1466 1837//1837 27//27
f 1577//1577 397//397 1578//1578
f 1865//1865 1751//1751 554//554
f 1552//1552 555//555 1551//1551
f 1752//1752 407//407 555//555
f 1463//1463 1464//1464 43//43
f 1579//1579 376//376 1580//1580
f 1867//1867 1550//1550 554//554
f 1835//1835 1463//1463 43//43
f 1581//1581 379//379 1582//1582
f 1869//1869 1549//1549 553//553
f 1083//1083 692//692 135//135
f 1169//1169 228//228 1170//1170
f 1170//1170 958//958 406//406
f 1082//1082 691//691 134//134
f 1171//1171 227//227 1172//1172
f 1172//1172 957//957 405//405
f 1081//1081 690//690 133//133
f 1173//1173 240//240 1174//1174
f 1174//1174 956//956 404//404
f 404//404 814//814 690//690
f 403//403 813//813 689//689
f 402//402 812//812 688//688
f 401//401 811//811 687//687
f 400//400 810//810 686//686
f 399//399 1075//1075 685//685
f 1075//1075 542//542 1074//1074
f 542//542 541//541 1748//1748
f 239//239 1460//1460 1583//1583
f 1583//1583 1871//1871 239//239
f 95//95 1871//1871 1784//1784
f 1832//1832 1460//1460 85//85
f 1585//1585 351//351 1586//1586
f 1873//1873 1546//1546 540//540
f 43//43 397//397 538//538
f 238//238 1831//1831 1587//1587
f 1587//1587 1875//1875 238//238
f 85//85 1875//1875 1783//1783
f 536//536 392//392 40//40
f 536//536 307//307 392//392
f 307//307 116//116 392//392
f 237//237 1830//1830 1589//1589
f 1589//1589 1877//1877 237//237
f 86//86 1877//1877 1782//1782
f 1068//1068 946//946 39//39
f 1183//1183 314//314 1184//1184
f 1184//1184 680//680 389//389
f 236//236 1456//1456 1591//1591
f 1591//1591 1879//1879 236//236
f 87//87 1879//1879 1781//1781
f 1828//1828 1456//1456 84//84
f 1593//1593 330//330 1594//1594
f 1881//1881 1542//1542 533//533
f 1065//1065 944//944 37//37
f 1189//1189 320//320 1190//1190
f 1190//1190 678//678 386//386
f 1827//1827 1406//1406 120//120
f 1595//1595 235//235 1596//1596
f 1883//1883 1492//1492 384//384
f 1740//1740 387//387 529//529
f 1193//1193 117//117 1062//1062
f 1193//1193 1194//1194 321//321
f 678//678 321//321 1194//1194
f 1825//1825 1405//1405 122//122
f 1597//1597 234//234 1598//1598
f 1885//1885 1491//1491 381//381
f 1738//1738 384//384 526//526
f 1197//1197 115//115 1059//1059
f 1197//1197 1198//1198 315//315
f 676//676 315//315 1198//1198
f 1823//1823 1404//1404 124//124
f 1599//1599 233//233 1600//1600
f 1887//1887 1490//1490 378//378
f 1736//1736 381//381 523//523
f 522//522 309//309 113//113
f 522//522 380//380 309//309
f 380//380 115//115 309//309
f 1821//1821 1403//1403 126//126
f 1601//1601 232//232 1602//1602
f 1889//1889 1489//1489 375//375
f 27//27 520//520 110//110
f 938//938 519//519 789//789
f 937//937 518//518 788//788
f 936//936 517//517 787//787
f 935//935 516//516 786//786
f 934//934 515//515 785//785
f 933//933 514//514 784//784
f 231//231 1049//1049 1203//1203
f 1203//1203 1204//1204 231//231
f 97//97 1204//1204 933//933
f 230//230 1048//1048 1205//1205
f 1205//1205 1206//1206 230//230
f 100//100 1206//1206 932//932
f 229//229 1047//1047 1207//1207
f 1207//1207 1208//1208 229//229
f 98//98 1208//1208 931//931
f 215//215 1046//1046 1209//1209
f 1209//1209 1210//1210 215//215
f 78//78 1210//1210 930//930
f 216//216 1045//1045 1211//1211
f 1211//1211 1212//1212 216//216
f 79//79 1212//1212 929//929
f 217//217 1044//1044 1213//1213
f 1213//1213 1214//1214 217//217
f 76//76 1214//1214 928//928
f 928//928 507//507 777//777
f 927//927 506//506 776//776
f 926//926 505//505 775//775
f 925//925 504//504 774//774
f 924//924 503//503 773//773
f 349//349 772//772 922//922
f 127//127 351//351 501//501
f 25//25 350//350 500//500
f 350//350 25//25 1820//1820
f 1215//1215 1890//1890 350//350
f 28//28 350//350 1890//1890
f 51//51 498//498 200//200
f 177//177 346//346 497//497
f 188//188 346//346 496//496
f 495//495 338//338 24//24
f 495//495 345//345 338//338
f 345//345 123//123 338//338
f 343//343 24//24 1819//1819
f 1217//1217 1891//1891 343//343
f 25//25 343//343 1891//1891
f 920//920 493//493 175//175
f 340//340 769//769 654//654
f 1034//1034 917//917 22//22
f 1219//1219 339//339 1220//1220
f 1220//1220 651//651 328//328
f 337//337 22//22 1818//1818
f 1221//1221 1892//1892 337//337
f 24//24 337//337 1892//1892
f 1223//1223 202//202 766//766
f 1223//1223 1224//1224 333//333
f 649//649 333//333 1224//1224
f 765//765 766//766 202//202
f 1225//1225 332//332 1226//1226
f 1226//1226 1032//1032 489//489
f 1227//1227 488//488 765//765
f 331//331 1227//1227 1228//1228
f 918//918 49//49 1031//1031
f 1229//1229 201//201 764//764
f 1229//1229 1230//1230 329//329
f 651//651 329//329 1230//1230
f 1029//1029 764//764 201//201
f 1231//1231 326//326 1232//1232
f 1232//1232 1030//1030 486//486
f 201//201 327//327 484//484
f 326//326 21//21 1817//1817
f 1233//1233 1893//1893 326//326
f 22//22 326//326 1893//1893
f 1235//1235 206//206 761//761
f 1235//1235 1236//1236 323//323
f 915//915 323//323 1236//1236
f 481//481 761//761 206//206
f 1237//1237 482//482 481//481
f 321//321 1027//1027 482//482
f 1238//1238 206//206 480//480
f 316//316 1238//1238 480//480
f 646//646 481//481 316//316
f 318//318 1026//1026 1239//1239
f 1239//1239 1240//1240 318//318
f 20//20 1240//1240 911//911
f 318//318 20//20 1816//1816
f 1241//1241 1894//1894 318//318
f 21//21 318//318 1894//1894
f 646//646 477//477 1024//1024
f 476//476 758//758 211//211
f 1243//1243 477//477 476//476
f 315//315 1024//1024 477//477
f 475//475 476//476 211//211
f 475//475 310//310 476//476
f 310//310 115//115 476//476
f 1244//1244 116//116 1023//1023
f 1244//1244 1245//1245 314//314
f 645//645 314//314 1245//1245
f 312//312 18//18 1815//1815
f 1246//1246 1895//1895 312//312
f 20//20 312//312 1895//1895
f 115//115 310//310 472//472
f 113//113 472//472 209//209
f 471//471 306//306 18//18
f 471//471 304//304 306//306
f 304//304 16//16 306//306
f 306//306 16//16 1814//1814
f 1248//1248 1896//1896 306//306
f 18//18 306//306 1896//1896
f 15//15 469//469 111//111
f 908//908 1813//1813 1020//1020
f 1250//1250 1610//1610 1251//1251
f 642//642 1897//1897 1251//1251
f 298//298 753//753 641//641
f 1017//1017 466//466 465//465
f 903//903 465//465 751//751
f 1898//1898 749//749 1726//1726
f 1898//1898 2069//2069 1252//1252
f 1689//1689 1254//1254 1612//1612
f 1524//1524 463//463 462//462
f 1524//1524 2065//2065 1014//1014
f 1900//1900 1256//1256 2064//2064
f 1614//1614 2061//2061 1257//1257
f 294//294 461//461 1724//1724
f 1902//1902 745//745 1723//1723
f 1902//1902 2057//2057 1258//1258
f 1688//1688 1260//1260 1616//1616
f 1521//1521 459//459 458//458
f 1521//1521 2053//2053 1010//1010
f 1904//1904 1262//1262 2052//2052
f 1618//1618 2049//2049 1263//1263
f 290//290 457//457 1721//1721
f 1906//1906 741//741 1720//1720
f 1906//1906 2045//2045 1264//1264
f 1687//1687 1266//1266 1620//1620
f 1518//1518 455//455 454//454
f 1518//1518 2041//2041 1006//1006
f 1908//1908 1268//1268 2040//2040
f 1622//1622 2037//2037 1269//1269
f 286//286 453//453 1718//1718
f 1910//1910 737//737 1717//1717
f 1910//1910 2033//2033 1270//1270
f 1686//1686 1272//1272 1624//1624
f 1515//1515 451//451 450//450
f 1515//1515 2029//2029 1002//1002
f 1912//1912 1274//1274 2028//2028
f 1626//1626 2025//2025 1275//1275
f 282//282 449//449 1715//1715
f 1914//1914 733//733 1714//1714
f 1914//1914 2021//2021 1276//1276
f 1685//1685 1278//1278 1628//1628
f 1512//1512 447//447 446//446
f 1512//1512 2017//2017 998//998
f 1916//1916 1280//1280 2016//2016
f 1630//1630 2013//2013 1281//1281
f 278//278 445//445 1712//1712
f 443//443 1918//1918 1710//1710
f 443//443 1919//1919 1918//1918
f 277//277 1684//1684 1633//1633
f 1422//1422 1423//1423 208//208
f 1634//1634 274//274 1635//1635
f 1922//1922 1509//1509 443//443
f 1508//1508 2002//2002 994//994
f 1923//1923 1288//1288 2001//2001
f 1637//1637 1998//1998 1289//1289
f 274//274 5//5 1794//1794
f 1290//1290 1925//1925 274//274
f 7//7 274//274 1925//1925
f 439//439 1926//1926 1706//1706
f 439//439 1927//1927 1926//1926
f 272//272 1683//1683 1641//1641
f 1418//1418 1419//1419 203//203
f 1642//1642 269//269 1643//1643
f 1930//1930 1505//1505 439//439
f 1504//1504 1987//1987 990//990
f 1931//1931 1298//1298 1986//1986
f 1645//1645 1983//1983 1299//1299
f 269//269 3//3 1790//1790
f 1300//1300 1933//1933 269//269
f 5//5 269//269 1933//1933
f 435//435 1934//1934 1702//1702
f 435//435 1935//1935 1934//1934
f 267//267 1682//1682 1649//1649
f 1414//1414 1415//1415 196//196
f 1650//1650 263//263 1651//1651
f 1938//1938 1501//1501 435//435
f 1500//1500 1972//1972 986//986
f 1939//1939 1308//1308 1971//1971
f 1653//1653 1968//1968 1309//1309
f 606//606 1786//1786 985//985
f 1310//1310 1654//1654 1311//1311
f 872//872 1941//1941 1311//1311
f 363//363 870//870 1312//1312
f 1312//1312 1313//1313 363//363
f 178//178 1313//1313 1133//1133
f 1314//1314 178//178 718//718
f 1314//1314 1315//1315 365//365
f 1132//1132 365//365 1315//1315
f 1316//1316 179//179 717//717
f 1316//1316 1317//1317 367//367
f 1131//1131 367//367 1317//1317
f 598//598 982//982 864//864
f 597//597 981//981 863//863
f 596//596 980//980 862//862
f 595//595 979//979 861//861
f 594//594 978//978 860//860
f 423//423 592//592 1565//1565
f 422//422 590//590 1564//1564
f 1655//1655 1120//1120 1318//1318
f 587//587 588//588 1655//1655
f 1850//1850 854//854 1119//1119
f 1656//1656 49//49 973//973
f 1321//1321 1656//1656 1320//1320
f 1849//1849 332//332 1321//1321
f 419//419 585//585 1561//1561
f 418//418 583//583 1560//1560
f 246//246 161//161 1473//1473
f 1322//1322 1944//1944 246//246
f 136//136 246//246 1944//1944
f 1658//1658 44//44 969//969
f 1325//1325 1658//1658 1324//1324
f 1845//1845 300//300 1325//1325
f 297//297 1557//1557 1689//1689
f 414//414 1107//1107 700//700
f 413//413 1105//1105 699//699
f 412//412 1103//1103 698//698
f 411//411 1101//1101 697//697
f 410//410 1099//1099 696//696
f 409//409 565//565 1556//1556
f 408//408 563//563 1555//1555
f 265//265 164//164 1468//1468
f 1326//1326 1946//1946 265//265
f 4//4 265//265 1946//1946
f 824//824 1840//1840 40//40
f 1660//1660 1329//1329 1328//1328
f 1329//1329 1754//1754 557//557
f 362//362 602//602 1330//1330
f 1330//1330 1331//1331 362//362
f 135//135 1331//1331 1083//1083
f 1332//1332 135//135 692//692
f 1332//1332 1333//1333 360//360
f 1082//1082 360//360 1333//1333
f 1334//1334 134//134 691//691
f 1334//1334 1335//1335 358//358
f 1081//1081 358//358 1335//1335
f 548//548 689//689 814//814
f 547//547 688//688 813//813
f 812//812 401//401 687//687
f 811//811 400//400 686//686
f 810//810 399//399 685//685
f 1496//1496 539//539 1545//1545
f 395//395 303//303 114//114
f 395//395 538//538 303//303
f 538//538 111//111 303//303
f 1661//1661 393//393 1696//1696
f 1662//1662 393//393 1661//1661
f 1831//1831 86//86 1782//1782
f 395//395 394//394 43//43
f 395//395 536//536 394//394
f 536//536 40//40 394//394
f 1663//1663 390//390 1695//1695
f 1664//1664 390//390 1663//1663
f 1830//1830 87//87 1781//1781
f 1340//1340 40//40 392//392
f 534//534 1340//1340 392//392
f 1068//1068 391//391 534//534
f 1493//1493 532//532 1541//1541
f 1341//1341 39//39 946//946
f 1341//1341 1342//1342 388//388
f 1065//1065 388//388 1342//1342
f 335//335 1453//1453 1665//1665
f 1665//1665 1953//1953 335//335
f 120//120 1953//1953 1827//1827
f 1345//1345 383//383 942//942
f 528//528 1345//1345 1346//1346
f 1062//1062 117//117 676//676
f 527//527 1537//1537 1739//1739
f 1347//1347 33//33 382//382
f 525//525 1347//1347 382//382
f 1059//1059 380//380 525//525
f 524//524 1535//1535 1737//1737
f 379//379 377//377 30//30
f 379//379 522//522 377//377
f 522//522 113//113 377//377
f 348//348 1404//1404 1667//1667
f 1667//1667 1955//1955 348//348
f 126//126 1955//1955 1821//1821
f 374//374 126//126 1403//1403
f 1350//1350 1956//1956 374//374
f 185//185 374//374 1956//1956
f 518//518 938//938 788//788
f 517//517 937//937 787//787
f 516//516 936//936 786//786
f 785//785 370//370 935//935
f 784//784 369//369 934//934
f 1352//1352 366//366 666//666
f 513//513 1352//1352 1353//1353
f 1049//1049 100//100 932//932
f 1354//1354 364//364 665//665
f 512//512 1354//1354 1355//1355
f 1048//1048 98//98 931//931
f 1356//1356 258//258 871//871
f 1357//1357 258//258 1356//1356
f 1047//1047 106//106 605//605
f 1358//1358 256//256 603//603
f 1359//1359 256//256 1358//1358
f 1046//1046 73//73 869//869
f 1360//1360 361//361 664//664
f 509//509 1360//1360 1361//1361
f 1045//1045 78//78 930//930
f 1362//1362 359//359 663//663
f 508//508 1362//1362 1363//1363
f 1044//1044 79//79 929//929
f 777//777 356//356 927//927
f 776//776 355//355 926//926
f 505//505 925//925 775//775
f 504//504 924//924 774//774
f 503//503 923//923 773//773
f 923//923 502//502 1038//1038
f 500//500 199//199 25//25
f 1670//1670 655//655 1364//1364
f 499//499 342//342 1670//1670
f 1820//1820 921//921 1037//1037
f 124//124 348//348 498//498
f 497//497 51//51 177//177
f 188//188 341//341 122//122
f 344//344 343//343 25//25
f 344//344 495//495 343//343
f 495//495 24//24 343//343
f 1671//1671 653//653 1366//1366
f 494//494 336//336 1671//1671
f 1819//1819 919//919 1036//1036
f 493//493 50//50 175//175
f 769//769 331//331 652//652
f 1368//1368 24//24 338//338
f 491//491 1368//1368 338//338
f 1034//1034 337//337 491//491
f 1672//1672 650//650 1369//1369
f 490//490 325//325 1672//1672
f 1818//1818 916//916 1033//1033
f 190//190 333//333 119//119
f 487//487 335//335 120//120
f 487//487 334//334 335//335
f 334//334 190//190 335//335
f 327//327 330//330 191//191
f 327//327 329//329 330//330
f 329//329 121//121 330//330
f 763//763 914//914 21//21
f 1371//1371 484//484 1372//1372
f 1372//1372 648//648 319//319
f 1673//1673 647//647 1373//1373
f 483//483 317//317 1673//1673
f 1817//1817 913//913 1028//1028
f 173//173 323//323 48//48
f 206//206 324//324 480//480
f 1375//1375 319//319 648//648
f 1376//1376 319//319 1375//1375
f 1026//1026 21//21 914//914
f 1674//1674 644//644 1377//1377
f 478//478 311//311 1674//1674
f 1816//1816 910//910 1025//1025
f 1379//1379 18//18 312//312
f 474//474 1379//1379 312//312
f 1023//1023 308//308 474//474
f 1675//1675 643//643 1380//1380
f 473//473 305//305 1675//1675
f 1815//1815 909//909 1022//1022
f 307//307 308//308 116//116
f 307//307 471//471 308//308
f 471//471 18//18 308//308
f 1676//1676 642//642 1382//1382
f 470//470 302//302 1676//1676
f 1814//1814 908//908 1021//1021
f 303//303 304//304 114//114
f 303//303 469//469 304//304
f 469//469 16//16 304//304
f 1677//1677 15//15 907//907
f 1385//1385 1677//1677 1384//1384
f 1813//1813 301//301 1385//1385
f 467//467 1018//1018 753//753
f 904//904 464//464 1016//1016
f 904//904 296//296 295//295
f 1724//1724 290//290 633//633
f 900//900 460//460 1012//1012
f 900//900 292//292 291//291
f 1721//1721 286//286 629//629
f 896//896 456//456 1008//1008
f 896//896 288//288 287//287
f 1718//1718 282//282 625//625
f 892//892 452//452 1004//1004
f 892//892 284//284 283//283
f 1715//1715 278//278 621//621
f 888//888 448//448 1000//1000
f 888//888 280//280 279//279
f 1712//1712 273//273 617//617
f 275//275 444//444 1510//1510
f 884//884 276//276 275//275
f 1678//1678 613//613 1386//1386
f 441//441 268//268 1678//1678
f 1794//1794 879//879 993//993
f 270//270 440//440 1506//1506
f 880//880 271//271 270//270
f 1679//1679 609//609 1388//1388
f 437//437 262//262 1679//1679
f 1790//1790 875//875 989//989
f 264//264 436//436 1502//1502
f 610//610 611//611 196//196
f 1390//1390 265//265 1391//1391
f 1391//1391 877//877 266//266
f 1680//1680 69//69 609//609
f 1393//1393 1680//1680 1392//1392
f 1786//1786 214//214 1393//1393
f 604//604 258//258 605//605
f 868//868 256//256 869//869
f 105//105 869//869 73//73
f 159//159 605//605 106//106
f 1499//1499 1393//1393 433//433
f 1393//1393 1392//1392 1967//1967
f 1967//1967 609//609 262//262
f 265//265 877//877 1391//1391
f 1390//1390 266//266 264//264
f 264//264 611//611 610//610
f 876//876 988//988 1789//1789
f 1503//1503 875//875 262//262
f 1389//1389 1966//1966 213//213
f 1966//1966 609//609 69//69
f 165//165 881//881 880//880
f 880//880 992//992 1793//1793
f 1507//1507 879//879 268//268
f 1387//1387 1965//1965 226//226
f 1965//1965 613//613 60//60
f 166//166 885//885 884//884
f 884//884 996//996 1797//1797
f 1425//1425 617//617 55//55
f 168//168 889//889 888//888
f 168//168 1000//1000 29//29
f 1428//1428 621//621 56//56
f 167//167 893//893 892//892
f 167//167 1004//1004 32//32
f 1431//1431 625//625 57//57
f 170//170 897//897 896//896
f 170//170 1008//1008 36//36
f 1434//1434 629//629 59//59
f 169//169 901//901 900//900
f 169//169 1012//1012 38//38
f 1437//1437 633//633 58//58
f 171//171 905//905 904//904
f 171//171 1016//1016 41//41
f 65//65 753//753 1018//1018
f 1526//1526 1385//1385 468//468
f 1385//1385 1384//1384 1964//1964
f 1964//1964 907//907 298//298
f 1527//1527 908//908 302//302
f 1383//1383 1963//1963 224//224
f 1963//1963 642//642 66//66
f 1528//1528 909//909 305//305
f 1381//1381 1962//1962 223//223
f 1962//1962 643//643 67//67
f 1529//1529 910//910 311//311
f 1378//1378 1961//1961 222//222
f 1961//1961 644//644 61//61
f 479//479 914//914 319//319
f 320//320 1376//1376 1375//1375
f 320//320 648//648 119//119
f 1530//1530 913//913 317//317
f 1374//1374 1960//1960 221//221
f 1960//1960 647//647 62//62
f 484//484 648//648 1372//1372
f 1371//1371 319//319 485//485
f 485//485 914//914 763//763
f 1531//1531 916//916 325//325
f 1370//1370 1959//1959 220//220
f 1959//1959 650//650 64//64
f 189//189 652//652 120//120
f 1532//1532 919//919 336//336
f 1367//1367 1958//1958 219//219
f 1958//1958 653//653 63//63
f 1533//1533 921//921 342//342
f 1365//1365 1957//1957 218//218
f 1957//1957 655//655 74//74
f 71//71 1038//1038 72//72
f 71//71 773//773 923//923
f 81//81 774//774 924//924
f 80//80 775//775 925//925
f 75//75 776//776 926//926
f 77//77 777//777 927//927
f 1044//1044 359//359 508//508
f 358//358 1363//1363 1362//1362
f 1362//1362 134//134 358//358
f 1045//1045 361//361 509//509
f 360//360 1361//1361 1360//1360
f 1360//1360 135//135 360//360
f 510//510 869//869 256//256
f 362//362 1359//1359 1358//1358
f 362//362 603//603 109//109
f 511//511 605//605 258//258
f 363//363 1357//1357 1356//1356
f 363//363 871//871 54//54
f 1048//1048 364//364 512//512
f 365//365 1355//1355 1354//1354
f 1354//1354 178//178 365//365
f 1049//1049 366//366 513//513
f 367//367 1353//1353 1352//1352
f 1352//1352 179//179 367//367
f 96//96 784//784 934//934
f 101//101 785//785 935//935
f 99//99 786//786 936//936
f 108//108 787//787 937//937
f 103//103 788//788 938//938
f 1055//1055 1669//1669 519//519
f 1669//1669 1351//1351 1350//1350
f 1350//1350 1690//1690 375//375
f 1056//1056 1668//1668 1534//1534
f 1954//1954 1349//1349 1348//1348
f 1348//1348 1691//1691 1954//1954
f 792//792 1822//1822 1450//1450
f 795//795 1824//1824 1452//1452
f 1062//1062 383//383 528//528
f 385//385 1346//1346 1345//1345
f 1345//1345 34//34 385//385
f 1064//1064 1666//1666 1540//1540
f 1952//1952 1344//1344 1343//1343
f 1343//1343 1740//1740 1952//1952
f 531//531 1065//1065 1342//1342
f 531//531 1341//1341 389//389
f 389//389 1341//1341 946//946
f 1780//1780 1066//1066 1828//1828
f 1543//1543 947//947 1494//1494
f 1951//1951 1338//1338 1950//1950
f 1950//1950 681//681 1408//1408
f 1544//1544 948//948 1495//1495
f 1949//1949 1336//1336 1948//1948
f 1948//1948 682//682 1409//1409
f 1783//1783 1071//1071 1832//1832
f 129//129 685//685 128//128
f 130//130 686//686 129//129
f 131//131 687//687 130//130
f 813//813 131//131 132//132
f 814//814 132//132 133//133
f 549//549 1081//1081 1335//1335
f 549//549 1334//1334 405//405
f 405//405 1334//1334 691//691
f 550//550 1082//1082 1333//1333
f 550//550 1332//1332 406//406
f 406//406 1332//1332 692//692
f 551//551 1083//1083 1331//1331
f 255//255 1331//1331 1330//1330
f 255//255 1330//1330 602//602
f 1467//1467 823//823 382//382
f 1328//1328 1329//1329 557//557
f 1553//1553 1089//1089 558//558
f 874//874 1659//1659 261//261
f 1659//1659 1327//1327 1326//1326
f 1326//1326 1755//1755 561//561
f 694//694 1842//1842 152//152
f 695//695 1843//1843 154//154
f 151//151 696//696 1099//1099
f 150//150 697//697 1101//1101
f 155//155 698//698 1103//1103
f 153//153 699//699 1105//1105
f 162//162 700//700 1107//1107
f 640//640 1844//1844 1402//1402
f 1558//1558 1325//1325 579//579
f 1325//1325 1324//1324 1945//1945
f 1945//1945 969//969 417//417
f 1113//1113 1657//1657 581//581
f 1657//1657 1323//1323 1322//1322
f 1322//1322 1760//1760 580//580
f 704//704 1847//1847 136//136
f 705//705 1848//1848 137//137
f 1562//1562 1321//1321 586//586
f 1321//1321 1320//1320 1943//1943
f 1943//1943 973//973 421//421
f 1563//1563 854//854 588//588
f 1319//1319 1942//1942 250//250
f 1942//1942 1120//1120 140//140
f 708//708 1851//1851 140//140
f 709//709 1852//1852 139//139
f 860//860 143//143 142//142
f 861//861 148//148 143//143
f 862//862 144//144 148//148
f 863//863 146//146 144//144
f 864//864 145//145 146//146
f 599//599 1131//1131 1317//1317
f 599//599 1316//1316 431//431
f 431//431 1316//1316 717//717
f 600//600 1132//1132 1315//1315
f 600//600 1314//1314 432//432
f 432//432 1314//1314 718//718
f 601//601 1133//1133 1313//1313
f 257//257 1313//1313 1312//1312
f 257//257 1312//1312 870//870
f 872//872 1311//1311 1654//1654
f 1310//1310 1311//1311 1941//1941
f 606//606 985//985 1499//1499
f 1940//1940 1480//1480 260//260
f 1968//1968 877//877 1969//1969
f 1969//1969 1767//1767 873//873
f 1970//1970 1309//1309 1940//1940
f 1308//1308 1970//1970 1971//1971
f 1652//1652 266//266 1653//1653
f 1787//1787 1394//1394 53//53
f 1972//1972 1307//1307 1973//1973
f 1973//1973 1681//1681 607//607
f 1651//1651 987//987 1306//1306
f 1305//1305 1938//1938 1937//1937
f 1701//1701 721//721 720//720
f 1304//1304 1974//1974 1936//1936
f 1304//1304 1975//1975 1974//1974
f 612//612 1395//1395 1976//1976
f 1302//1302 1977//1977 1647//1647
f 1302//1302 1978//1978 1977//1977
f 1303//1303 1648//1648 1979//1979
f 721//721 1980//1980 1415//1415
f 721//721 1981//1981 1980//1980
f 1302//1302 1647//1647 1982//1982
f 879//879 1646//1646 268//268
f 1646//1646 1301//1301 1300//1300
f 1300//1300 1503//1503 437//437
f 1932//1932 1682//1682 267//267
f 1983//1983 881//881 1984//1984
f 1984//1984 1395//1395 612//612
f 1985//1985 1299//1299 1932//1932
f 1298//1298 1985//1985 1986//1986
f 1644//1644 271//271 1645//1645
f 1791//1791 1768//1768 3//3
f 1987//1987 1297//1297 1988//1988
f 1988//1988 1481//1481 878//878
f 1643//1643 991//991 1296//1296
f 1295//1295 1930//1930 1929//1929
f 1705//1705 725//725 724//724
f 1294//1294 1989//1989 1928//1928
f 1294//1294 1990//1990 1989//1989
f 616//616 1396//1396 1991//1991
f 1292//1292 1992//1992 1639//1639
f 1292//1292 1993//1993 1992//1992
f 1293//1293 1640//1640 1994//1994
f 725//725 1995//1995 1419//1419
f 725//725 1996//1996 1995//1995
f 1292//1292 1639//1639 1997//1997
f 883//883 1638//1638 273//273
f 1638//1638 1291//1291 1290//1290
f 1290//1290 1507//1507 441//441
f 1924//1924 1683//1683 272//272
f 1998//1998 885//885 1999//1999
f 1999//1999 1396//1396 616//616
f 2000//2000 1289//1289 1924//1924
f 1288//1288 2000//2000 2001//2001
f 1636//1636 276//276 1637//1637
f 1795//1795 1769//1769 5//5
f 2002//2002 1287//1287 2003//2003
f 2003//2003 1482//1482 882//882
f 1635//1635 995//995 1286//1286
f 1285//1285 1922//1922 1921//1921
f 1709//1709 729//729 728//728
f 1284//1284 2004//2004 1920//1920
f 1284//1284 2005//2005 2004//2004
f 620//620 1397//1397 2006//2006
f 1282//1282 2007//2007 1631//1631
f 1282//1282 2008//2008 2007//2007
f 1283//1283 1632//1632 2009//2009
f 729//729 2010//2010 1423//1423
f 729//729 2011//2011 2010//2010
f 1282//1282 1631//1631 2012//2012
f 621//621 1425//1425 56//56
f 1917//1917 1684//1684 277//277
f 2013//2013 889//889 2014//2014
f 2014//2014 1397//1397 620//620
f 2015//2015 1281//1281 1917//1917
f 1280//1280 2015//2015 2016//2016
f 1629//1629 280//280 1630//1630
f 1799//1799 1770//1770 7//7
f 2017//2017 1279//1279 2018//2018
f 2018//2018 1483//1483 886//886
f 1799//1799 999//999 998//998
f 2019//2019 448//448 1915//1915
f 2019//2019 2020//2020 1000//1000
f 1398//1398 1000//1000 2020//2020
f 1627//1627 1915//1915 448//448
f 2021//2021 1277//1277 2022//2022
f 2022//2022 1628//1628 1278//1278
f 2023//2023 205//205 1427//1427
f 2023//2023 2024//2024 734//734
f 1627//1627 734//734 2024//2024
f 625//625 1428//1428 57//57
f 1913//1913 1685//1685 281//281
f 2025//2025 893//893 2026//2026
f 2026//2026 1398//1398 624//624
f 2027//2027 1275//1275 1913//1913
f 1274//1274 2027//2027 2028//2028
f 1625//1625 284//284 1626//1626
f 1802//1802 1771//1771 8//8
f 2029//2029 1273//1273 2030//2030
f 2030//2030 1484//1484 890//890
f 1802//1802 1003//1003 1002//1002
f 2031//2031 452//452 1911//1911
f 2031//2031 2032//2032 1004//1004
f 1399//1399 1004//1004 2032//2032
f 1623//1623 1911//1911 452//452
f 2033//2033 1271//1271 2034//2034
f 2034//2034 1624//1624 1272//1272
f 2035//2035 207//207 1430//1430
f 2035//2035 2036//2036 738//738
f 1623//1623 738//738 2036//2036
f 629//629 1431//1431 59//59
f 1909//1909 1686//1686 285//285
f 2037//2037 897//897 2038//2038
f 2038//2038 1399//1399 628//628
f 2039//2039 1269//1269 1909//1909
f 1268//1268 2039//2039 2040//2040
f 1621//1621 288//288 1622//1622
f 1805//1805 1772//1772 9//9
f 2041//2041 1267//1267 2042//2042
f 2042//2042 1485//1485 894//894
f 1805//1805 1007//1007 1006//1006
f 2043//2043 456//456 1907//1907
f 2043//2043 2044//2044 1008//1008
f 1400//1400 1008//1008 2044//2044
f 1619//1619 1907//1907 456//456
f 2045//2045 1265//1265 2046//2046
f 2046//2046 1620//1620 1266//1266
f 2047//2047 210//210 1433//1433
f 2047//2047 2048//2048 742//742
f 1619//1619 742//742 2048//2048
f 633//633 1434//1434 58//58
f 1905//1905 1687//1687 289//289
f 2049//2049 901//901 2050//2050
f 2050//2050 1400//1400 632//632
f 2051//2051 1263//1263 1905//1905
f 1262//1262 2051//2051 2052//2052
f 1617//1617 292//292 1618//1618
f 1808//1808 1773//1773 11//11
f 2053//2053 1261//1261 2054//2054
f 2054//2054 1486//1486 898//898
f 1808//1808 1011//1011 1010//1010
f 2055//2055 460//460 1903//1903
f 2055//2055 2056//2056 1012//1012
f 1401//1401 1012//1012 2056//2056
f 1615//1615 1903//1903 460//460
f 2057//2057 1259//1259 2058//2058
f 2058//2058 1616//1616 1260//1260
f 2059//2059 197//197 1436//1436
f 2059//2059 2060//2060 746//746
f 1615//1615 746//746 2060//2060
f 637//637 1437//1437 68//68
f 1901//1901 1688//1688 293//293
f 2061//2061 905//905 2062//2062
f 2062//2062 1401//1401 636//636
f 2063//2063 1257//1257 1901//1901
f 1256//1256 2063//2063 2064//2064
f 1613//1613 296//296 1614//1614
f 1811//1811 1774//1774 13//13
f 2065//2065 1255//1255 2066//2066
f 2066//2066 1487//1487 902//902
f 1811//1811 1015//1015 1014//1014
f 2067//2067 464//464 1899//1899
f 2067//2067 2068//2068 1016//1016
f 1402//1402 1016//1016 2068//2068
f 1611//1611 1899//1899 464//464
f 2069//2069 1253//1253 2070//2070
f 2070//2070 1612//1612 1254//1254
f 2071//2071 198//198 1439//1439
f 2071//2071 2072//2072 750//750
f 1611//1611 750//750 2072//2072
f 14//14 751//751 112//112
f 68//68 1018//1018 1017//1017
f 65//65 641//641 753//753
f 642//642 1251//1251 1610//1610
f 1250//1250 1251//1251 1897//1897
f 908//908 1020//1020 1526//1526
f 909//909 1609//1609 305//305
f 1609//1609 1249//1249 1248//1248
f 1248//1248 1527//1527 470//470
f 910//910 1608//1608 311//311
f 1608//1608 1247//1247 1246//1246
f 1246//1246 1528//1528 473//473
f 313//313 645//645 1245//1245
f 313//313 1244//1244 474//474
f 474//474 1244//1244 1023//1023
f 117//117 646//646 1024//1024
f 913//913 1607//1607 317//317
f 1607//1607 1242//1242 1241//1241
f 1241//1241 1529//1529 478//478
f 313//313 911//911 1240//1240
f 479//479 1240//1240 1239//1239
f 479//479 1239//1239 1026//1026
f 322//322 915//915 1236//1236
f 322//322 1235//1235 482//482
f 482//482 1235//1235 761//761
f 916//916 1606//1606 325//325
f 1606//1606 1234//1234 1233//1233
f 1233//1233 1530//1530 483//483
f 326//326 1030//1030 1232//1232
f 1231//1231 486//486 485//485
f 485//485 764//764 1029//1029
f 328//328 651//651 1230//1230
f 328//328 1229//1229 486//486
f 486//486 1229//1229 764//764
f 918//918 488//488 331//331
f 487//487 1228//1228 1227//1227
f 1227//1227 202//202 487//487
f 48//48 1226//1226 332//332
f 488//488 1226//1226 489//489
f 489//489 765//765 488//488
f 322//322 649//649 1224//1224
f 322//322 1223//1223 489//489
f 489//489 1223//1223 766//766
f 919//919 1605//1605 336//336
f 1605//1605 1222//1222 1221//1221
f 1221//1221 1531//1531 490//490
f 339//339 651//651 1220//1220
f 1219//1219 328//328 491//491
f 491//491 917//917 1034//1034
f 189//189 654//654 769//769
f 921//921 1604//1604 342//342
f 1604//1604 1218//1218 1217//1217
f 1217//1217 1532//1532 494//494
f 922//922 1603//1603 349//349
f 1603//1603 1216//1216 1215//1215
f 1215//1215 1533//1533 499//499
f 922//922 128//128 28//28
f 81//81 773//773 71//71
f 80//80 774//774 81//81
f 75//75 775//775 80//80
f 77//77 776//776 75//75
f 76//76 777//777 77//77
f 357//357 928//928 1214//1214
f 508//508 1214//1214 1213//1213
f 508//508 1213//1213 1044//1044
f 359//359 929//929 1212//1212
f 509//509 1212//1212 1211//1211
f 509//509 1211//1211 1045//1045
f 361//361 930//930 1210//1210
f 510//510 1210//1210 1209//1209
f 510//510 1209//1209 1046//1046
f 364//364 931//931 1208//1208
f 511//511 1208//1208 1207//1207
f 511//511 1207//1207 1047//1047
f 366//366 932//932 1206//1206
f 512//512 1206//1206 1205//1205
f 512//512 1205//1205 1048//1048
f 368//368 933//933 1204//1204
f 513//513 1204//1204 1203//1203
f 513//513 1203//1203 1049//1049
f 97//97 784//784 96//96
f 96//96 785//785 101//101
f 101//101 786//786 99//99
f 99//99 787//787 108//108
f 108//108 788//788 103//103
f 103//103 789//789 102//102
f 1776//1776 1202//1202 1602//1602
f 1888//1888 1202//1202 1889//1889
f 1690//1690 1056//1056 1534//1534
f 1449//1449 675//675 791//791
f 1777//1777 1200//1200 1600//1600
f 1886//1886 1200//1200 1887//1887
f 1691//1691 1058//1058 1536//1536
f 383//383 676//676 1198//1198
f 383//383 1197//1197 525//525
f 525//525 1197//1197 1059//1059
f 1451//1451 677//677 794//794
f 1778//1778 1196//1196 1598//1598
f 1884//1884 1196//1196 1885//1885
f 1692//1692 1061//1061 1538//1538
f 386//386 678//678 1194//1194
f 386//386 1193//1193 528//528
f 528//528 1193//1193 1062//1062
f 1453//1453 679//679 797//797
f 1779//1779 1192//1192 1596//1596
f 1882//1882 1192//1192 1883//1883
f 1693//1693 1064//1064 1540//1540
f 320//320 678//678 1190//1190
f 1189//1189 386//386 531//531
f 531//531 944//944 1065//1065
f 1829//1829 1188//1188 1594//1594
f 1880//1880 1188//1188 1881//1881
f 1743//1743 1066//1066 1541//1541
f 947//947 1592//1592 1494//1494
f 1878//1878 1186//1186 1185//1185
f 1185//1185 1743//1743 1878//1878
f 314//314 680//680 1184//1184
f 1183//1183 389//389 534//534
f 534//534 946//946 1068//1068
f 948//948 1590//1590 1495//1495
f 1876//1876 1182//1182 1181//1181
f 1181//1181 1543//1543 1876//1876
f 949//949 1588//1588 1496//1496
f 1874//1874 1180//1180 1179//1179
f 1179//1179 1544//1544 1874//1874
f 1833//1833 1178//1178 1586//1586
f 1872//1872 1178//1178 1873//1873
f 1747//1747 1071//1071 1545//1545
f 950//950 1584//1584 1497//1497
f 1870//1870 1176//1176 1175//1175
f 1175//1175 1747//1747 1870//1870
f 194//194 807//807 1461//1461
f 128//128 1074//1074 194//194
f 128//128 685//685 1075//1075
f 129//129 686//686 810//810
f 130//130 687//687 811//811
f 131//131 688//688 812//812
f 132//132 689//689 813//813
f 133//133 690//690 814//814
f 91//91 1174//1174 240//240
f 549//549 1174//1174 404//404
f 404//404 1081//1081 549//549
f 93//93 1172//1172 227//227
f 550//550 1172//1172 405//405
f 405//405 1082//1082 550//550
f 104//104 1170//1170 228//228
f 551//551 1170//1170 406//406
f 406//406 1083//1083 551//551
f 1582//1582 1085//1085 1168//1168
f 1167//1167 1869//1869 1868//1868
f 1548//1548 819//819 1084//1084
f 1580//1580 1086//1086 1166//1166
f 1165//1165 1867//1867 1866//1866
f 1750//1750 820//820 819//819
f 1465//1465 959//959 821//821
f 1839//1839 1087//1087 1838//1838
f 1464//1464 1164//1164 1578//1578
f 1864//1864 1164//1164 1865//1865
f 1550//1550 822//822 1753//1753
f 1840//1840 1162//1162 1576//1576
f 1862//1862 1162//1162 1863//1863
f 1754//1754 818//818 1749//1749
f 39//39 1160//1160 391//391
f 558//558 1160//1160 559//559
f 559//559 1090//1090 558//558
f 10//10 826//826 164//164
f 1841//1841 1093//1093 1157//1157
f 1861//1861 1157//1157 561//561
f 1755//1755 827//827 826//826
f 17//17 828//828 165//165
f 1842//1842 1095//1095 1155//1155
f 1860//1860 1155//1155 563//563
f 1756//1756 829//829 828//828
f 23//23 830//830 166//166
f 1843//1843 1097//1097 1153//1153
f 1859//1859 1153//1153 565//565
f 1757//1757 831//831 830//830
f 29//29 832//832 168//168
f 150//150 1099//1099 1098//1098
f 32//32 834//834 167//167
f 155//155 1101//1101 1100//1100
f 36//36 836//836 170//170
f 153//153 1103//1103 1102//1102
f 38//38 838//838 169//169
f 162//162 1105//1105 1104//1104
f 41//41 840//840 171//171
f 157//157 1107//1107 1106//1106
f 42//42 842//842 186//186
f 157//157 1108//1108 156//156
f 693//693 1471//1471 1412//1412
f 843//843 41//41 186//186
f 702//702 1151//1151 1571//1571
f 1150//1150 1151//1151 1858//1858
f 968//968 1111//1111 1558//1558
f 703//703 1473//1473 161//161
f 46//46 847//847 172//172
f 47//47 848//848 174//174
f 1847//1847 1115//1115 1149//1149
f 1857//1857 1149//1149 583//583
f 1761//1761 849//849 848//848
f 48//48 850//850 173//173
f 1848//1848 1117//1117 1147//1147
f 1856//1856 1147//1147 585//585
f 1762//1762 851//851 850//850
f 706//706 1145//1145 1568//1568
f 1144//1144 1145//1145 1855//1855
f 972//972 1118//1118 1562//1562
f 1850//1850 1119//1119 973//973
f 50//50 854//854 175//175
f 51//51 855//855 177//177
f 1851//1851 1122//1122 1143//1143
f 1854//1854 1143//1143 590//590
f 1765//1765 856//856 855//855
f 52//52 857//857 176//176
f 1852//1852 1124//1124 1141//1141
f 1853//1853 1141//1141 592//592
f 1766//1766 858//858 857//857
f 142//142 1125//1125 977//977
f 149//149 710//710 1125//1125
f 142//142 977//977 860//860
f 143//143 978//978 861//861
f 148//148 979//979 862//862
f 144//144 980//980 863//863
f 146//146 981//981 864//864
f 145//145 1139//1139 253//253
f 599//599 1139//1139 430//430
f 430//430 1131//1131 599//599
f 147//147 1137//1137 254//254
f 600//600 1137//1137 431//431
f 431//431 1132//1132 600//600
f 158//158 1135//1135 241//241
f 601//601 1135//1135 432//432
f 432//432 1133//1133 601//601
f 241//241 867//867 159//159
f 254//254 866//866 158//158
f 253//253 865//865 147//147
f 715//715 598//598 429//429
f 714//714 597//597 428//428
f 427//427 1128//1128 596//596
f 426//426 1127//1127 595//595
f 425//425 1126//1126 594//594
f 424//424 859//859 593//593
f 425//425 859//859 711//711
f 1566//1566 1140//1140 1123//1123
f 424//424 1123//1123 591//591
f 1567//1567 1142//1142 1121//1121
f 423//423 1121//1121 589//589
f 422//422 1120//1120 588//588
f 1764//1764 853//853 707//707
f 1144//1144 852//852 1476//1476
f 1569//1569 1146//1146 1116//1116
f 420//420 1116//1116 584//584
f 1570//1570 1148//1148 1114//1114
f 419//419 1114//1114 582//582
f 418//418 1113//1113 581//581
f 969//969 1112//1112 1559//1559
f 1150//1150 845//845 1472//1472
f 1109//1109 415//415 577//577
f 959//959 1557//1557 1498//1498
f 577//577 842//842 576//576
f 416//416 1108//1108 576//576
f 574//574 841//841 840//840
f 415//415 1106//1106 574//574
f 572//572 839//839 838//838
f 414//414 1104//1104 572//572
f 570//570 837//837 836//836
f 413//413 1102//1102 570//570
f 568//568 835//835 834//834
f 412//412 1100//1100 568//568
f 566//566 833//833 832//832
f 411//411 1098//1098 566//566
f 1572//1572 1152//1152 1096//1096
f 410//410 1096//1096 564//564
f 1573//1573 1154//1154 1094//1094
f 409//409 1094//1094 562//562
f 1574//1574 1156//1156 1092//1092
f 408//408 1092//1092 560//560
f 391//391 824//824 40//40
f 1575//1575 1084//1084 1835//1835
f 1577//1577 1088//1088 1839//1839
f 1753//1753 821//821 1752//1752
f 1551//1551 693//693 1087//1087
f 1836//1836 1165//1165 1085//1085
f 1462//1462 1167//1167 818//818
f 228//228 817//817 105//105
f 227//227 816//816 104//104
f 240//240 815//815 93//93
f 956//956 548//548 404//404
f 955//955 547//547 403//403
f 954//954 546//546 402//402
f 953//953 545//545 401//401
f 952//952 544//544 400//400
f 951//951 543//543 399//399
f 543//543 808//808 542//542
f 808//808 1073//1073 1547//1547
f 684//684 1833//1833 1411//1411
f 1585//1585 805//805 1459//1459
f 683//683 1458//1458 1410//1410
f 682//682 1457//1457 1409//1409
f 116//116 1183//1183 802//802
f 681//681 1829//1829 1408//1408
f 1593//1593 800//800 1455//1455
f 118//118 1189//1189 799//799
f 1595//1595 798//798 1454//1454
f 1539//1539 945//945 1063//1063
f 37//37 944//944 796//796
f 1597//1597 795//795 1452//1452
f 1537//1537 943//943 1060//1060
f 34//34 942//942 793//793
f 1599//1599 792//792 1450//1450
f 1535//1535 941//941 1057//1057
f 1601//1601 790//790 1448//1448
f 373//373 1055//1055 519//519
f 372//372 1054//1054 518//518
f 371//371 1053//1053 517//517
f 370//370 1052//1052 516//516
f 369//369 1051//1051 515//515
f 368//368 1050//1050 514//514
f 180//180 667//667 783//783
f 179//179 666//666 782//782
f 178//178 665//665 781//781
f 135//135 664//664 780//780
f 134//134 663//663 779//779
f 133//133 662//662 778//778
f 357//357 1043//1043 507//507
f 356//356 1042//1042 506//506
f 355//355 1041//1041 505//505
f 354//354 1040//1040 504//504
f 353//353 1039//1039 503//503
f 656//656 502//502 349//349
f 656//656 1447//1447 72//72
f 655//655 1446//1446 74//74
f 920//920 492//492 340//340
f 123//123 1219//1219 768//768
f 653//653 1445//1445 63//63
f 48//48 915//915 1032//1032
f 332//332 1031//1031 49//49
f 652//652 487//487 120//120
f 22//22 917//917 1030//1030
f 21//21 1231//1231 763//763
f 650//650 1444//1444 64//64
f 119//119 649//649 1027//1027
f 118//118 645//645 760//760
f 647//647 1443//1443 62//62
f 316//316 758//758 477//477
f 20//20 911//911 757//757
f 644//644 1442//1442 61//61
f 643//643 1441//1441 67//67
f 1250//1250 754//754 1440//1440
f 907//907 467//467 298//298
f 465//465 752//752 751//751
f 294//294 1017//1017 465//465
f 2073//2073 463//463 1525//1525
f 2073//2073 2074//2074 1253//1253
f 1488//1488 1253//1253 2074//2074
f 1725//1725 749//749 748//748
f 1725//1725 1900//1900 462//462
f 2075//2075 639//639 2076//2076
f 2076//2076 1613//1613 1256//1256
f 903//903 1013//1013 1523//1523
f 2077//2077 459//459 1522//1522
f 2077//2077 2078//2078 1259//1259
f 1487//1487 1259//1259 2078//2078
f 1722//1722 745//745 744//744
f 1722//1722 1904//1904 458//458
f 2079//2079 635//635 2080//2080
f 2080//2080 1617//1617 1262//1262
f 899//899 1009//1009 1520//1520
f 2081//2081 455//455 1519//1519
f 2081//2081 2082//2082 1265//1265
f 1486//1486 1265//1265 2082//2082
f 1719//1719 741//741 740//740
f 1719//1719 1908//1908 454//454
f 2083//2083 631//631 2084//2084
f 2084//2084 1621//1621 1268//1268
f 895//895 1005//1005 1517//1517
f 2085//2085 451//451 1516//1516
f 2085//2085 2086//2086 1271//1271
f 1485//1485 1271//1271 2086//2086
f 1716//1716 737//737 736//736
f 1716//1716 1912//1912 450//450
f 2087//2087 627//627 2088//2088
f 2088//2088 1625//1625 1274//1274
f 891//891 1001//1001 1514//1514
f 2089//2089 447//447 1513//1513
f 2089//2089 2090//2090 1277//1277
f 1484//1484 1277//1277 2090//2090
f 1713//1713 733//733 732//732
f 1713//1713 1916//1916 446//446
f 2091//2091 623//623 2092//2092
f 2092//2092 1629//1629 1280//1280
f 887//887 997//997 1511//1511
f 995//995 2093//2093 1509//1509
f 995//995 2094//2094 2093//2093
f 886//886 1483//1483 2095//2095
f 1795//1795 1285//1285 994//994
f 1709//1709 1923//1923 442//442
f 2096//2096 619//619 2097//2097
f 2097//2097 1636//1636 1288//1288
f 617//617 1421//1421 55//55
f 991//991 2098//2098 1505//1505
f 991//991 2099//2099 2098//2098
f 882//882 1482//1482 2100//2100
f 1791//1791 1295//1295 990//990
f 1705//1705 1931//1931 438//438
f 2101//2101 615//615 2102//2102
f 2102//2102 1644//1644 1298//1298
f 613//613 1417//1417 60//60
f 987//987 2103//2103 1501//1501
f 987//987 2104//2104 2103//2103
f 878//878 1481//1481 2105//2105
f 1787//1787 1305//1305 986//986
f 1701//1701 1939//1939 434//434
f 2106//2106 611//611 2107//2107
f 2107//2107 1652//1652 1308//1308
f 1310//1310 719//719 1413//1413
f 159//159 867//867 604//604
f 158//158 866//866 984//984
f 147//147 865//865 983//983
f 1130//1130 430//430 598//598
f 1129//1129 429//429 597//597
f 1128//1128 428//428 596//596
f 1127//1127 427//427 595//595
f 1126//1126 426//426 594//594
f 975//975 858//858 1766//1766
f 974//974 856//856 1765//1765
f 1477//1477 1319//1319 250//250
f 1476//1476 707//707 141//141
f 971//971 851//851 1762//1762
f 970//970 849//849 1761//1761
f 847//847 1846//1846 172//172
f 1472//1472 703//703 161//161
f 906//906 1758//1758 1488//1488
f 966//966 575//575 414//414
f 965//965 573//573 413//413
f 964//964 571//571 412//412
f 963//963 569//569 411//411
f 962//962 567//567 410//410
f 961//961 831//831 1757//1757
f 960//960 829//829 1756//1756
f 608//608 1841//1841 160//160
f 1660//1660 1328//1328 34//34
f 105//105 817//817 868//868
f 104//104 816//816 958//958
f 93//93 815//815 957//957
f 1080//1080 403//403 548//548
f 1079//1079 402//402 547//547
f 546//546 953//953 401//401
f 545//545 952//952 400//400
f 544//544 951//951 399//399
f 1697//1697 805//805 1746//1746
f 1458//1458 1337//1337 1949//1949
f 1457//1457 1339//1339 1951//1951
f 1694//1694 800//800 1742//1742
f 118//118 799//799 680//680
f 798//798 1826//1826 1454//1454
f 796//796 385//385 37//37
f 1061//1061 1738//1738 1538//1538
f 1058//1058 1736//1736 1536//1536
f 790//790 1777//1777 1448//1448
f 789//789 1776//1776 102//102
f 1054//1054 373//373 518//518
f 1053//1053 372//372 517//517
f 1052//1052 371//371 516//516
f 515//515 669//669 370//370
f 514//514 668//668 369//369
f 783//783 367//367 180//180
f 782//782 365//365 179//179
f 178//178 1357//1357 363//363
f 135//135 1359//1359 362//362
f 779//779 360//360 134//134
f 778//778 358//358 133//133
f 507//507 661//661 356//356
f 506//506 660//660 355//355
f 1041//1041 354//354 505//505
f 1040//1040 353//353 504//504
f 1039//1039 352//352 503//503
f 352//352 772//772 502//502
f 1447//1447 1365//1365 218//218
f 1446//1446 1367//1367 219//219
f 492//492 918//918 331//331
f 1445//1445 1370//1370 220//220
f 201//201 1371//1371 1029//1029
f 1444//1444 1374//1374 221//221
f 118//118 1376//1376 320//320
f 1443//1443 1378//1378 222//222
f 1442//1442 1381//1381 223//223
f 1441//1441 1383//1383 224//224
f 1440//1440 641//641 65//65
f 1019//1019 466//466 467//467
f 295//295 750//750 464//464
f 295//295 639//639 638//638
f 1523//1523 899//899 290//290
f 291//291 746//746 460//460
f 291//291 635//635 634//634
f 1520//1520 895//895 286//286
f 287//287 742//742 456//456
f 287//287 631//631 630//630
f 1517//1517 891//891 282//282
f 283//283 738//738 452//452
f 283//283 627//627 626//626
f 1514//1514 887//887 278//278
f 279//279 734//734 448//448
f 279//279 623//623 622//622
f 1511//1511 883//883 273//273
f 618//618 730//730 1711//1711
f 275//275 619//619 618//618
f 1421//1421 1387//1387 226//226
f 614//614 726//726 1707//1707
f 270//270 615//615 614//614
f 1417//1417 1389//1389 213//213
f 610//610 722//722 1703//1703
f 164//164 1390//1390 876//876
f 1413//1413 875//875 3//3
f 257//257 871//871 258//258
f 255//255 603//603 256//256
f 107//107 1448//1448 1777//1777
f 1536//1536 523//523 524//524
f 1538//1538 526//526 527//527
f 84//84 1454//1454 1826//1826
f 387//387 1742//1742 532//532
f 123//123 1951//1951 339//339
f 125//125 1949//1949 345//345
f 396//396 1746//1746 539//539
f 1488//1488 578//578 297//297
f 611//611 1652//1652 2107//2107
f 2106//2106 1308//1308 720//720
f 720//720 1939//1939 1701//1701
f 53//53 1650//1650 1787//1787
f 2105//2105 1648//1648 1303//1303
f 2105//2105 1481//1481 1648//1648
f 1481//1481 267//267 1648//1648
f 2103//2103 2105//2105 1303//1303
f 2103//2103 2104//2104 2105//2105
f 2104//2104 878//878 2105//2105
f 1501//1501 1935//1935 435//435
f 1501//1501 2103//2103 1935//1935
f 2103//2103 1303//1303 1935//1935
f 615//615 1644//1644 2102//2102
f 2101//2101 1298//1298 724//724
f 724//724 1931//1931 1705//1705
f 3//3 1642//1642 1791//1791
f 2100//2100 1640//1640 1293//1293
f 2100//2100 1482//1482 1640//1640
f 1482//1482 272//272 1640//1640
f 2098//2098 2100//2100 1293//1293
f 2098//2098 2099//2099 2100//2100
f 2099//2099 882//882 2100//2100
f 1505//1505 1927//1927 439//439
f 1505//1505 2098//2098 1927//1927
f 2098//2098 1293//1293 1927//1927
f 619//619 1636//1636 2097//2097
f 2096//2096 1288//1288 728//728
f 728//728 1923//1923 1709//1709
f 5//5 1634//1634 1795//1795
f 2095//2095 1632//1632 1283//1283
f 2095//2095 1483//1483 1632//1632
f 1483//1483 277//277 1632//1632
f 2093//2093 2095//2095 1283//1283
f 2093//2093 2094//2094 2095//2095
f 2094//2094 886//886 2095//2095
f 1509//1509 1919//1919 443//443
f 1509//1509 2093//2093 1919//1919
f 2093//2093 1283//1283 1919//1919
f 623//623 1629//1629 2092//2092
f 2091//2091 1280//1280 732//732
f 732//732 1916//1916 1713//1713
f 446//446 1714//1714 1713//1713
f 890//890 1484//1484 2090//2090
f 890//890 2089//2089 999//999
f 999//999 2089//2089 1513//1513
f 627//627 1625//1625 2088//2088
f 2087//2087 1274//1274 736//736
f 736//736 1912//1912 1716//1716
f 450//450 1717//1717 1716//1716
f 894//894 1485//1485 2086//2086
f 894//894 2085//2085 1003//1003
f 1003//1003 2085//2085 1516//1516
f 631//631 1621//1621 2084//2084
f 2083//2083 1268//1268 740//740
f 740//740 1908//1908 1719//1719
f 454//454 1720//1720 1719//1719
f 898//898 1486//1486 2082//2082
f 898//898 2081//2081 1007//1007
f 1007//1007 2081//2081 1519//1519
f 635//635 1617//1617 2080//2080
f 2079//2079 1262//1262 744//744
f 744//744 1904//1904 1722//1722
f 458//458 1723//1723 1722//1722
f 902//902 1487//1487 2078//2078
f 902//902 2077//2077 1011//1011
f 1011//1011 2077//2077 1522//1522
f 639//639 1613//1613 2076//2076
f 2075//2075 1256//1256 748//748
f 748//748 1900//1900 1725//1725
f 462//462 1726//1726 1725//1725
f 906//906 1488//1488 2074//2074
f 906//906 2073//2073 1015//1015
f 1015//1015 2073//2073 1525//1525
f 232//232 1448//1448 107//107
f 523//523 1491//1491 1535//1535
f 233//233 1450//1450 82//82
f 526//526 1492//1492 1537//1537
f 234//234 1452//1452 83//83
f 529//529 1493//1493 1539//1539
f 235//235 1454//1454 84//84
f 330//330 1455//1455 191//191
f 121//121 1408//1408 1829//1829
f 123//123 1409//1409 1457//1457
f 125//125 1410//1410 1458//1458
f 351//351 1459//1459 192//192
f 127//127 1411//1411 1833//1833
f 33//33 1581//1581 1462//1462
f 30//30 1579//1579 1836//1836
f 555//555 1699//1699 1551//1551
f 556//556 1752//1752 555//555
f 397//397 1839//1839 45//45
f 394//394 1835//1835 43//43
f 1498//1498 578//578 407//407
f 193//193 1412//1412 1471//1471
f 557//557 1749//1749 552//552
f 552//552 1863//1863 557//557
f 40//40 1576//1576 394//394
f 554//554 1753//1753 556//556
f 556//556 1865//1865 554//554
f 43//43 1578//1578 397//397
f 45//45 1838//1838 193//193
f 27//27 1785//1785 1465//1465
f 553//553 1751//1751 1750//1750
f 1866//1866 554//554 553//553
f 376//376 1837//1837 1580//1580
f 552//552 1750//1750 1548//1548
f 1868//1868 553//553 552//552
f 379//379 1836//1836 1582//1582
f 540//540 1870//1870 1747//1747
f 540//540 1584//1584 1870//1870
f 398//398 1497//1497 1584//1584
f 540//540 1545//1545 539//539
f 539//539 1873//1873 540//540
f 127//127 1586//1586 351//351
f 537//537 1874//1874 1544//1544
f 537//537 1588//1588 1874//1874
f 396//396 1496//1496 1588//1588
f 535//535 1876//1876 1543//1543
f 535//535 1590//1590 1876//1876
f 393//393 1495//1495 1590//1590
f 533//533 1878//1878 1743//1743
f 533//533 1592//1592 1878//1878
f 390//390 1494//1494 1592//1592
f 533//533 1541//1541 532//532
f 532//532 1881//1881 533//533
f 121//121 1594//1594 330//330
f 384//384 1540//1540 530//530
f 530//530 1883//1883 384//384
f 83//83 1596//1596 235//235
f 190//190 1407//1407 1453//1453
f 381//381 1538//1538 527//527
f 527//527 1885//1885 381//381
f 82//82 1598//1598 234//234
f 189//189 1406//1406 1451//1451
f 378//378 1536//1536 524//524
f 524//524 1887//1887 378//378
f 107//107 1600//1600 233//233
f 188//188 1405//1405 1449//1449
f 375//375 1534//1534 521//521
f 521//521 1889//1889 375//375
f 102//102 1602//1602 232//232
f 1252//1252 1611//1611 2072//2072
f 1252//1252 2071//2071 749//749
f 749//749 2071//2071 1439//1439
f 297//297 2070//2070 1253//1253
f 1252//1252 2070//2070 1254//1254
f 1254//1254 1611//1611 1252//1252
f 640//640 1402//1402 2068//2068
f 640//640 2067//2067 1254//1254
f 1254//1254 2067//2067 1899//1899
f 13//13 1812//1812 1811//1811
f 1255//1255 1487//1487 2066//2066
f 2065//2065 902//902 1014//1014
f 1014//1014 1774//1774 1811//1811
f 1613//1613 1257//1257 1256//1256
f 1255//1255 2064//2064 2063//2063
f 2063//2063 293//293 1255//1255
f 905//905 1401//1401 2062//2062
f 2061//2061 636//636 1257//1257
f 1257//1257 1688//1688 1901//1901
f 1258//1258 1615//1615 2060//2060
f 1258//1258 2059//2059 745//745
f 745//745 2059//2059 1436//1436
f 293//293 2058//2058 1259//1259
f 1258//1258 2058//2058 1260//1260
f 1260//1260 1615//1615 1258//1258
f 636//636 1401//1401 2056//2056
f 636//636 2055//2055 1260//1260
f 1260//1260 2055//2055 1903//1903
f 11//11 1809//1809 1808//1808
f 1261//1261 1486//1486 2054//2054
f 2053//2053 898//898 1010//1010
f 1010//1010 1773//1773 1808//1808
f 1617//1617 1263//1263 1262//1262
f 1261//1261 2052//2052 2051//2051
f 2051//2051 289//289 1261//1261
f 901//901 1400//1400 2050//2050
f 2049//2049 632//632 1263//1263
f 1263//1263 1687//1687 1905//1905
f 1264//1264 1619//1619 2048//2048
f 1264//1264 2047//2047 741//741
f 741//741 2047//2047 1433//1433
f 289//289 2046//2046 1265//1265
f 1264//1264 2046//2046 1266//1266
f 1266//1266 1619//1619 1264//1264
f 632//632 1400//1400 2044//2044
f 632//632 2043//2043 1266//1266
f 1266//1266 2043//2043 1907//1907
f 9//9 1806//1806 1805//1805
f 1267//1267 1485//1485 2042//2042
f 2041//2041 894//894 1006//1006
f 1006//1006 1772//1772 1805//1805
f 1621//1621 1269//1269 1268//1268
f 1267//1267 2040//2040 2039//2039
f 2039//2039 285//285 1267//1267
f 897//897 1399//1399 2038//2038
f 2037//2037 628//628 1269//1269
f 1269//1269 1686//1686 1909//1909
f 1270//1270 1623//1623 2036//2036
f 1270//1270 2035//2035 737//737
f 737//737 2035//2035 1430//1430
f 285//285 2034//2034 1271//1271
f 1270//1270 2034//2034 1272//1272
f 1272//1272 1623//1623 1270//1270
f 628//628 1399//1399 2032//2032
f 628//628 2031//2031 1272//1272
f 1272//1272 2031//2031 1911//1911
f 8//8 1803//1803 1802//1802
f 1273//1273 1484//1484 2030//2030
f 2029//2029 890//890 1002//1002
f 1002//1002 1771//1771 1802//1802
f 1625//1625 1275//1275 1274//1274
f 1273//1273 2028//2028 2027//2027
f 2027//2027 281//281 1273//1273
f 893//893 1398//1398 2026//2026
f 2025//2025 624//624 1275//1275
f 1275//1275 1685//1685 1913//1913
f 1276//1276 1627//1627 2024//2024
f 1276//1276 2023//2023 733//733
f 733//733 2023//2023 1427//1427
f 281//281 2022//2022 1277//1277
f 1276//1276 2022//2022 1278//1278
f 1278//1278 1627//1627 1276//1276
f 624//624 1398//1398 2020//2020
f 624//624 2019//2019 1278//1278
f 1278//1278 2019//2019 1915//1915
f 7//7 1800//1800 1799//1799
f 1279//1279 1483//1483 2018//2018
f 2017//2017 886//886 998//998
f 998//998 1770//1770 1799//1799
f 1629//1629 1281//1281 1280//1280
f 1279//1279 2016//2016 2015//2015
f 2015//2015 277//277 1279//1279
f 889//889 1397//1397 2014//2014
f 2013//2013 620//620 1281//1281
f 1281//1281 1684//1684 1917//1917
f 2012//2012 1711//1711 730//730
f 2012//2012 1631//1631 1711//1711
f 1631//1631 444//444 1711//1711
f 2010//2010 2012//2012 730//730
f 2010//2010 2011//2011 2012//2012
f 2011//2011 1282//1282 2012//2012
f 1423//1423 1424//1424 208//208
f 1423//1423 2010//2010 1424//1424
f 2010//2010 730//730 1424//1424
f 2009//2009 1633//1633 1284//1284
f 2009//2009 1632//1632 1633//1633
f 1632//1632 277//277 1633//1633
f 2007//2007 2009//2009 1284//1284
f 2007//2007 2008//2008 2009//2009
f 2008//2008 1283//1283 2009//2009
f 1631//1631 1920//1920 444//444
f 1631//1631 2007//2007 1920//1920
f 2007//2007 1284//1284 1920//1920
f 2006//2006 1797//1797 996//996
f 2006//2006 1397//1397 1797//1797
f 1397//1397 23//23 1797//1797
f 2004//2004 2006//2006 996//996
f 2004//2004 2005//2005 2006//2006
f 2005//2005 620//620 2006//2006
f 1920//1920 1510//1510 444//444
f 1920//1920 2004//2004 1510//1510
f 2004//2004 996//996 1510//1510
f 442//442 1710//1710 1709//1709
f 1921//1921 443//443 442//442
f 274//274 1796//1796 1635//1635
f 1287//1287 1482//1482 2003//2003
f 2002//2002 882//882 994//994
f 994//994 1769//1769 1795//1795
f 1636//1636 1289//1289 1288//1288
f 1287//1287 2001//2001 2000//2000
f 2000//2000 272//272 1287//1287
f 885//885 1396//1396 1999//1999
f 1998//1998 616//616 1289//1289
f 1289//1289 1683//1683 1924//1924
f 1997//1997 1707//1707 726//726
f 1997//1997 1639//1639 1707//1707
f 1639//1639 440//440 1707//1707
f 1995//1995 1997//1997 726//726
f 1995//1995 1996//1996 1997//1997
f 1996//1996 1292//1292 1997//1997
f 1419//1419 1420//1420 203//203
f 1419//1419 1995//1995 1420//1420
f 1995//1995 726//726 1420//1420
f 1994//1994 1641//1641 1294//1294
f 1994//1994 1640//1640 1641//1641
f 1640//1640 272//272 1641//1641
f 1992//1992 1994//1994 1294//1294
f 1992//1992 1993//1993 1994//1994
f 1993//1993 1293//1293 1994//1994
f 1639//1639 1928//1928 440//440
f 1639//1639 1992//1992 1928//1928
f 1992//1992 1294//1294 1928//1928
f 1991//1991 1793//1793 992//992
f 1991//1991 1396//1396 1793//1793
f 1396//1396 17//17 1793//1793
f 1989//1989 1991//1991 992//992
f 1989//1989 1990//1990 1991//1991
f 1990//1990 616//616 1991//1991
f 1928//1928 1506//1506 440//440
f 1928//1928 1989//1989 1506//1506
f 1989//1989 992//992 1506//1506
f 438//438 1706//1706 1705//1705
f 1929//1929 439//439 438//438
f 269//269 1792//1792 1643//1643
f 1297//1297 1481//1481 1988//1988
f 1987//1987 878//878 990//990
f 990//990 1768//1768 1791//1791
f 1644//1644 1299//1299 1298//1298
f 1297//1297 1986//1986 1985//1985
f 1985//1985 267//267 1297//1297
f 881//881 1395//1395 1984//1984
f 1983//1983 612//612 1299//1299
f 1299//1299 1682//1682 1932//1932
f 1982//1982 1703//1703 722//722
f 1982//1982 1647//1647 1703//1703
f 1647//1647 436//436 1703//1703
f 1980//1980 1982//1982 722//722
f 1980//1980 1981//1981 1982//1982
f 1981//1981 1302//1302 1982//1982
f 1415//1415 1416//1416 196//196
f 1415//1415 1980//1980 1416//1416
f 1980//1980 722//722 1416//1416
f 1979//1979 1649//1649 1304//1304
f 1979//1979 1648//1648 1649//1649
f 1648//1648 267//267 1649//1649
f 1977//1977 1979//1979 1304//1304
f 1977//1977 1978//1978 1979//1979
f 1978//1978 1303//1303 1979//1979
f 1647//1647 1936//1936 436//436
f 1647//1647 1977//1977 1936//1936
f 1977//1977 1304//1304 1936//1936
f 1976//1976 1789//1789 988//988
f 1976//1976 1395//1395 1789//1789
f 1395//1395 10//10 1789//1789
f 1974//1974 1976//1976 988//988
f 1974//1974 1975//1975 1976//1976
f 1975//1975 612//612 1976//1976
f 1936//1936 1502//1502 436//436
f 1936//1936 1974//1974 1502//1502
f 1974//1974 988//988 1502//1502
f 434//434 1702//1702 1701//1701
f 1937//1937 435//435 434//434
f 263//263 1788//1788 1651//1651
f 1307//1307 1681//1681 1973//1973
f 1972//1972 607//607 986//986
f 986//986 1394//1394 1787//1787
f 1652//1652 1309//1309 1308//1308
f 1307//1307 1971//1971 1970//1970
f 1970//1970 260//260 1307//1307
f 877//877 1767//1767 1969//1969
f 1968//1968 873//873 1309//1309
f 1309//1309 1480//1480 1940//1940
f 41//41 1402//1402 1844//1844
f 85//85 1783//1783 1832//1832
f 345//345 1409//1409 123//123
f 345//345 1949//1949 1948//1948
f 537//537 1495//1495 393//393
f 339//339 1408//1408 121//121
f 339//339 1951//1951 1950//1950
f 535//535 1494//1494 390//390
f 84//84 1780//1780 1828//1828
f 529//529 1952//1952 1740//1740
f 529//529 1666//1666 1952//1952
f 530//530 1540//1540 1666//1666
f 83//83 1452//1452 1824//1824
f 82//82 1450//1450 1822//1822
f 378//378 1954//1954 1691//1691
f 378//378 1668//1668 1954//1954
f 521//521 1534//1534 1668//1668
f 1821//1821 1349//1349 1056//1056
f 1348//1348 1955//1955 1667//1667
f 1667//1667 674//674 1348//1348
f 1737//1737 1057//1057 792//792
f 1739//1739 1060//1060 795//795
f 1827//1827 1344//1344 1064//1064
f 1343//1343 1953//1953 1665//1665
f 1665//1665 797//797 1343//1343
f 945//945 1541//1541 1066//1066
f 1069//1069 1781//1781 947//947
f 1339//1339 1663//1663 1338//1338
f 1338//1338 1695//1695 681//681
f 1070//1070 1782//1782 948//948
f 1337//1337 1661//1661 1336//1336
f 1336//1336 1696//1696 682//682
f 949//949 1545//1545 1071//1071
f 1689//1689 1110//1110 640//640
f 266//266 1968//1968 1653//1653
f 1939//1939 1307//1307 434//434
f 434//434 1972//1972 1500//1500
f 1306//1306 1501//1501 1938//1938
f 1650//1650 1306//1306 1305//1305
f 720//720 1415//1415 1414//1414
f 1649//1649 1975//1975 1304//1304
f 1649//1649 1682//1682 1975//1975
f 1682//1682 612//612 1975//1975
f 1934//1934 1978//1978 1302//1302
f 1934//1934 1935//1935 1978//1978
f 1935//1935 1303//1303 1978//1978
f 1702//1702 1981//1981 721//721
f 1702//1702 1934//1934 1981//1981
f 1934//1934 1302//1302 1981//1981
f 271//271 1983//1983 1645//1645
f 1931//1931 1297//1297 438//438
f 438//438 1987//1987 1504//1504
f 1296//1296 1505//1505 1930//1930
f 1642//1642 1296//1296 1295//1295
f 724//724 1419//1419 1418//1418
f 1641//1641 1990//1990 1294//1294
f 1641//1641 1683//1683 1990//1990
f 1683//1683 616//616 1990//1990
f 1926//1926 1993//1993 1292//1292
f 1926//1926 1927//1927 1993//1993
f 1927//1927 1293//1293 1993//1993
f 1706//1706 1996//1996 725//725
f 1706//1706 1926//1926 1996//1996
f 1926//1926 1292//1292 1996//1996
f 276//276 1998//1998 1637//1637
f 1923//1923 1287//1287 442//442
f 442//442 2002//2002 1508//1508
f 1286//1286 1509//1509 1922//1922
f 1634//1634 1286//1286 1285//1285
f 728//728 1423//1423 1422//1422
f 1633//1633 2005//2005 1284//1284
f 1633//1633 1684//1684 2005//2005
f 1684//1684 620//620 2005//2005
f 1918//1918 2008//2008 1282//1282
f 1918//1918 1919//1919 2008//2008
f 1919//1919 1283//1283 2008//2008
f 1710//1710 2011//2011 729//729
f 1710//1710 1918//1918 2011//2011
f 1918//1918 1282//1282 2011//2011
f 280//280 2013//2013 1630//1630
f 1916//1916 1279//1279 446//446
f 446//446 2017//2017 1512//1512
f 998//998 1513//1513 1512//1512
f 281//281 1685//1685 1628//1628
f 1277//1277 1914//1914 447//447
f 447//447 1914//1914 1714//1714
f 284//284 2025//2025 1626//1626
f 1912//1912 1273//1273 450//450
f 450//450 2029//2029 1515//1515
f 1002//1002 1516//1516 1515//1515
f 285//285 1686//1686 1624//1624
f 1271//1271 1910//1910 451//451
f 451//451 1910//1910 1717//1717
f 288//288 2037//2037 1622//1622
f 1908//1908 1267//1267 454//454
f 454//454 2041//2041 1518//1518
f 1006//1006 1519//1519 1518//1518
f 289//289 1687//1687 1620//1620
f 1265//1265 1906//1906 455//455
f 455//455 1906//1906 1720//1720
f 292//292 2049//2049 1618//1618
f 1904//1904 1261//1261 458//458
f 458//458 2053//2053 1521//1521
f 1010//1010 1522//1522 1521//1521
f 293//293 1688//1688 1616//1616
f 1259//1259 1902//1902 459//459
f 459//459 1902//1902 1723//1723
f 296//296 2061//2061 1614//1614
f 1900//1900 1255//1255 462//462
f 462//462 2065//2065 1524//1524
f 1014//1014 1525//1525 1524//1524
f 297//297 1689//1689 1612//1612
f 1253//1253 1898//1898 463//463
f 463//463 1898//1898 1726//1726
f 939//939 1889//1889 1202//1202
f 1201//1201 1602//1602 1202//1202
f 673//673 1821//1821 1056//1056
f 791//791 1692//1692 1736//1736
f 940//940 1887//1887 1200//1200
f 1199//1199 1600//1600 1200//1200
f 674//674 1823//1823 1058//1058
f 794//794 1693//1693 1738//1738
f 941//941 1885//1885 1196//1196
f 1195//1195 1598//1598 1196//1196
f 675//675 1825//1825 1061//1061
f 797//797 1694//1694 1740//1740
f 943//943 1883//1883 1192//1192
f 1191//1191 1596//1596 1192//1192
f 677//677 1827//1827 1064//1064
f 1067//1067 1881//1881 1188//1188
f 1187//1187 1594//1594 1188//1188
f 801//801 1828//1828 1066//1066
f 1781//1781 1186//1186 947//947
f 1185//1185 1879//1879 1591//1591
f 1591//1591 801//801 1185//1185
f 1782//1782 1182//1182 948//948
f 1181//1181 1877//1877 1589//1589
f 1589//1589 1069//1069 1181//1181
f 1783//1783 1180//1180 949//949
f 1179//1179 1875//1875 1587//1587
f 1587//1587 1070//1070 1179//1179
f 1072//1072 1873//1873 1178//1178
f 1177//1177 1586//1586 1178//1178
f 806//806 1832//1832 1071//1071
f 1784//1784 1176//1176 950//950
f 1175//1175 1871//1871 1583//1583
f 1583//1583 806//806 1175//1175
f 1168//1168 1549//1549 1869//1869
f 1581//1581 1168//1168 1167//1167
f 1084//1084 1463//1463 1835//1835
f 1166//1166 1550//1550 1867//1867
f 1579//1579 1166//1166 1165//1165
f 819//819 1464//1464 1463//1463
f 821//821 1498//1498 1752//1752
f 1088//1088 1551//1551 1087//1087
f 820//820 1865//1865 1164//1164
f 1163//1163 1578//1578 1164//1164
f 1086//1086 1466//1466 822//822
f 1089//1089 1863//1863 1162//1162
f 1161//1161 1576//1576 1162//1162
f 823//823 1462//1462 818//818
f 1699//1699 844//844 693//693
f 1785//1785 1110//1110 959//959
f 1161//1161 1548//1548 1084//1084
f 1163//1163 1552//1552 1088//1088
f 822//822 1465//1465 821//821
f 1087//1087 1412//1412 1838//1838
f 1085//1085 1866//1866 1549//1549
f 818//818 1868//1868 1749//1749
f 1698//1698 1072//1072 684//684
f 1177//1177 1746//1746 805//805
f 1697//1697 804//804 683//683
f 1696//1696 803//803 682//682
f 1695//1695 1067//1067 681//681
f 1187//1187 1742//1742 800//800
f 1191//1191 1741//1741 798//798
f 1063//1063 1780//1780 1826//1826
f 1195//1195 1739//1739 795//795
f 1060//1060 1779//1779 1824//1824
f 1199//1199 1737//1737 792//792
f 1057//1057 1778//1778 1822//1822
f 1201//1201 1735//1735 790//790
f 14//14 1775//1775 1812//1812
f 748//748 1439//1439 1438//1438
f 198//198 2075//2075 1438//1438
f 13//13 1774//1774 1809//1809
f 744//744 1436//1436 1435//1435
f 197//197 2079//2079 1435//1435
f 11//11 1773//1773 1806//1806
f 740//740 1433//1433 1432//1432
f 210//210 2083//2083 1432//1432
f 9//9 1772//1772 1803//1803
f 736//736 1430//1430 1429//1429
f 207//207 2087//2087 1429//1429
f 8//8 1771//1771 1800//1800
f 732//732 1427//1427 1426//1426
f 205//205 2091//2091 1426//1426
f 1796//1796 2094//2094 995//995
f 1796//1796 1770//1770 2094//2094
f 1770//1770 886//886 2094//2094
f 994//994 1921//1921 1508//1508
f 208//208 2096//2096 1422//1422
f 1792//1792 2099//2099 991//991
f 1792//1792 1769//1769 2099//2099
f 1769//1769 882//882 2099//2099
f 990//990 1929//1929 1504//1504
f 203//203 2101//2101 1418//1418
f 1788//1788 2104//2104 987//987
f 1788//1788 1768//1768 2104//2104
f 1768//1768 878//878 2104//2104
f 986//986 1937//1937 1500//1500
f 196//196 2106//2106 1414//1414
f 1775//1775 844//844 906//906
f 683//683 1459//1459 805//805
f 804//804 1662//1662 1337//1337
f 803//803 1664//1664 1339//1339
f 679//679 1455//1455 800//800
f 1741//1741 1063//1063 798//798
f 1825//1825 794//794 1061//1061
f 1823//1823 791//791 1058//1058
f 1735//1735 940//940 790//790
f 6//6 53//53 1394//1394
f 6//6 1394//1394 607//607
f 1767//1767 4//4 6//6
f 873//873 1767//1767 6//6
f 6//6 607//607 1681//1681
f 6//6 1681//1681 260//260
f 1480//1480 873//873 6//6
f 875//875 719//719 1700//1700
f 1700//1700 433//433 262//262
f 610//610 196//196 1416//1416
f 1704//1704 437//437 1389//1389
f 614//614 203//203 1420//1420
f 1708//1708 441//441 1387//1387
f 618//618 208//208 1424//1424
f 1798//1798 7//7 883//883
f 1801//1801 8//8 887//887
f 1804//1804 9//9 891//891
f 1807//1807 11//11 895//895
f 1810//1810 13//13 899//899
f 163//163 112//112 752//752
f 641//641 754//754 1727//1727
f 1727//1727 468//468 298//298
f 1728//1728 470//470 1383//1383
f 1729//1729 473//473 1381//1381
f 757//757 474//474 312//312
f 174//174 46//46 475//475
f 1730//1730 478//478 1378//1378
f 173//173 47//47 480//480
f 1731//1731 483//483 1374//1374
f 1732//1732 490//490 1370//1370
f 768//768 491//491 338//338
f 1733//1733 494//494 1367//1367
f 348//348 126//126 200//200
f 1734//1734 499//499 1365//1365
f 129//129 128//128 657//657
f 130//130 129//129 658//658
f 131//131 130//130 659//659
f 1042//1042 132//132 131//131
f 1043//1043 133//133 132//132
f 1050//1050 180//180 181//181
f 1051//1051 181//181 182//182
f 182//182 183//183 670//670
f 183//183 184//184 671//671
f 184//184 185//185 672//672
f 939//939 789//789 1489//1489
f 789//789 519//519 1489//1489
f 187//187 110//110 520//520
f 521//521 378//378 1490//1490
f 124//124 188//188 1449//1449
f 793//793 525//525 382//382
f 122//122 189//189 1451//1451
f 530//530 529//529 1539//1539
f 799//799 531//531 389//389
f 1407//1407 119//119 191//191
f 802//802 534//534 392//392
f 1410//1410 125//125 192//192
f 1834//1834 95//95 1784//1784
f 1834//1834 1784//1784 1073//1073
f 1784//1784 950//950 1073//1073
f 1547//1547 1073//1073 950//950
f 807//807 1748//1748 1698//1698
f 1748//1748 541//541 398//398
f 1748//1748 398//398 1698//1698
f 541//541 1547//1547 1497//1497
f 195//195 1461//1461 1411//1411
f 1461//1461 807//807 684//684
f 1411//1411 127//127 195//195
f 684//684 1411//1411 1461//1461
f 541//541 1497//1497 398//398
f 1547//1547 950//950 1497//1497
f 815//815 549//549 405//405
f 816//816 550//550 406//406
f 551//551 255//255 868//868
f 1090//1090 1328//1328 1947//1947
f 1093//1093 608//608 1554//1554
f 608//608 261//261 1554//1554
f 829//829 960//960 1469//1469
f 960//960 10//10 1469//1469
f 831//831 961//961 1470//1470
f 961//961 17//17 1470//1470
f 23//23 168//168 833//833
f 29//29 167//167 835//835
f 32//32 170//170 837//837
f 36//36 169//169 839//839
f 38//38 171//171 841//841
f 14//14 193//193 1471//1471
f 703//703 845//845 1759//1759
f 1759//1759 579//579 417//417
f 1112//1112 847//847 1559//1559
f 847//847 581//581 1559//1559
f 849//849 970//970 1474//1474
f 970//970 46//46 1474//1474
f 851//851 971//971 1475//1475
f 971//971 47//47 1475//1475
f 707//707 852//852 1763//1763
f 1763//1763 586//586 421//421
f 1764//1764 587//587 1319//1319
f 856//856 974//974 1478//1478
f 974//974 50//50 1478//1478
f 858//858 975//975 1479//1479
f 975//975 51//51 1479//1479
f 52//52 126//126 374//374
f 865//865 599//599 431//431
f 866//866 600//600 432//432
f 601//601 257//257 604//604
f 214//214 70//70 6//6
f 31//31 73//73 215//215
f 31//31 78//78 216//216
f 6//6 60//60 213//213
f 6//6 55//55 226//226
f 31//31 79//79 217//217
f 225//225 65//65 12//12
f 35//35 72//72 218//218
f 35//35 74//74 219//219
f 224//224 66//66 12//12
f 223//223 67//67 12//12
f 35//35 63//63 220//220
f 222//222 61//61 12//12
f 35//35 64//64 221//221
f 228//228 105//105 31//31
f 19//19 106//106 229//229
f 19//19 98//98 230//230
f 31//31 93//93 227//227
f 31//31 91//91 240//240
f 19//19 100//100 231//231
f 239//239 95//95 35//35
f 26//26 102//102 232//232
f 26//26 107//107 233//233
f 238//238 85//85 35//35
f 237//237 86//86 35//35
f 26//26 82//82 234//234
f 236//236 87//87 35//35
f 26//26 83//83 235//235
f 241//241 159//159 19//19
f 1//1 160//160 242//242
f 1//1 152//152 243//243
f 19//19 147//147 254//254
f 19//19 145//145 253//253
f 1//1 154//154 244//244
f 252//252 149//149 26//26
f 2//2 156//156 245//245
f 2//2 161//161 246//246
f 251//251 139//139 26//26
f 250//250 140//140 26//26
f 2//2 136//136 247//247
f 249//249 141//141 26//26
f 2//2 137//137 248//248
f 608//608 160//160 1//1
f 1//1 4//4 874//874
f 261//261 608//608 1//1
f 6//6 70//70 606//606
f 6//6 606//606 259//259
f 872//872 53//53 6//6
f 1310//1310 433//433 1700//1700
f 723//723 613//613 1704//1704
f 613//613 268//268 1704//1704
f 727//727 617//617 1708//1708
f 617//617 273//273 1708//1708
f 997//997 887//887 1798//1798
f 887//887 8//8 1798//1798
f 1771//1771 890//890 999//999
f 1001//1001 891//891 1801//1801
f 891//891 9//9 1801//1801
f 1772//1772 894//894 1003//1003
f 1005//1005 895//895 1804//1804
f 895//895 11//11 1804//1804
f 1773//1773 898//898 1007//1007
f 1009//1009 899//899 1807//1807
f 899//899 13//13 1807//1807
f 1774//1774 902//902 1011//1011
f 1013//1013 903//903 1810//1810
f 903//903 14//14 1810//1810
f 1775//1775 906//906 1015//1015
f 15//15 163//163 1019//1019
f 204//204 113//113 299//299
f 300//300 42//42 204//204
f 1250//1250 468//468 1727//1727
f 755//755 643//643 1728//1728
f 643//643 305//305 1728//1728
f 299//299 113//113 209//209
f 310//310 46//46 209//209
f 756//756 644//644 1729//1729
f 644//644 311//311 1729//1729
f 911//911 313//313 474//474
f 115//115 315//315 1243//1243
f 912//912 47//47 211//211
f 759//759 647//647 1730//1730
f 647//647 317//317 1730//1730
f 313//313 479//479 760//760
f 912//912 316//316 480//480
f 117//117 321//321 1237//1237
f 649//649 322//322 482//482
f 762//762 650//650 1731//1731
f 650//650 325//325 1731//1731
f 191//191 119//119 484//484
f 917//917 328//328 486//486
f 915//915 322//322 489//489
f 767//767 653//653 1732//1732
f 653//653 336//336 1732//1732
f 175//175 49//49 1035//1035
f 493//493 340//340 122//122
f 340//340 654//654 122//122
f 770//770 655//655 1733//1733
f 655//655 342//342 1733//1733
f 177//177 50//50 496//496
f 346//346 188//188 124//124
f 771//771 656//656 1734//1734
f 656//656 349//349 1734//1734
f 28//28 127//127 500//500
f 351//351 192//192 199//199
f 199//199 125//125 344//344
f 357//357 508//508 778//778
f 359//359 509//509 779//779
f 361//361 510//510 780//780
f 364//364 511//511 781//781
f 366//366 512//512 782//782
f 368//368 513//513 783//783
f 377//377 113//113 187//187
f 942//942 383//383 525//525
f 944//944 386//386 528//528
f 390//390 533//533 1542//1542
f 393//393 535//535 1744//1744
f 396//396 537//537 1745//1745
f 45//45 111//111 538//538
f 398//398 540//540 1546//1546
f 808//808 95//95 1834//1834
f 88//88 95//95 809//809
f 89//89 88//88 1076//1076
f 94//94 89//89 1077//1077
f 90//90 94//94 1078//1078
f 92//92 90//90 1079//1079
f 91//91 92//92 1080//1080
f 388//388 559//559 1091//1091
f 1092//1092 1156//1156 1861//1861
f 1094//1094 1154//1154 1860//1860
f 1096//1096 1152//1152 1859//1859
f 186//186 41//41 1844//1844
f 1150//1150 579//579 1759//1759
f 1112//1112 969//969 1846//1846
f 969//969 44//44 1846//1846
f 1114//1114 1148//1148 1857//1857
f 1116//1116 1146//1146 1856//1856
f 1144//1144 586//586 1763//1763
f 707//707 853//853 1477//1477
f 1121//1121 1142//1142 1854//1854
f 1123//1123 1140//1140 1853//1853
f 976//976 52//52 185//185
f 711//711 185//185 184//184
f 712//712 184//184 183//183
f 713//713 183//183 182//182
f 182//182 181//181 1129//1129
f 181//181 180//180 1130//1130
f 429//429 598//598 864//864
f 428//428 597//597 863//863
f 979//979 427//427 596//596
f 978//978 426//426 595//595
f 977//977 425//425 594//594
f 710//710 424//424 593//593
f 977//977 1125//1125 593//593
f 857//857 858//858 1479//1479
f 1566//1566 252//252 1141//1141
f 1141//1141 1124//1124 1565//1565
f 976//976 424//424 591//591
f 855//855 856//856 1478//1478
f 1567//1567 251//251 1143//1143
f 1143//1143 1122//1122 1564//1564
f 975//975 423//423 589//589
f 974//974 422//422 588//588
f 421//421 973//973 1563//1563
f 973//973 1119//1119 1563//1563
f 972//972 48//48 1849//1849
f 1144//1144 249//249 1568//1568
f 706//706 420//420 1855//1855
f 850//850 851//851 1475//1475
f 1569//1569 248//248 1147//1147
f 1147//1147 1117//1117 1561//1561
f 972//972 420//420 584//584
f 848//848 849//849 1474//1474
f 1570//1570 247//247 1149//1149
f 1149//1149 1115//1115 1560//1560
f 971//971 419//419 582//582
f 970//970 418//418 581//581
f 846//846 703//703 1760//1760
f 703//703 417//417 1760//1760
f 968//968 42//42 1845//1845
f 1150//1150 245//245 1571//1571
f 702//702 416//416 1858//1858
f 577//577 415//415 967//967
f 407//407 578//578 1758//1758
f 1109//1109 577//577 576//576
f 968//968 416//416 576//576
f 1106//1106 1107//1107 575//575
f 967//967 415//415 574//574
f 1104//1104 1105//1105 573//573
f 966//966 414//414 572//572
f 1102//1102 1103//1103 571//571
f 965//965 413//413 570//570
f 1100//1100 1101//1101 569//569
f 964//964 412//412 568//568
f 1098//1098 1099//1099 567//567
f 963//963 411//411 566//566
f 830//830 831//831 1470//1470
f 1572//1572 244//244 1153//1153
f 1153//1153 1097//1097 1556//1556
f 962//962 410//410 564//564
f 828//828 829//829 1469//1469
f 1573//1573 243//243 1155//1155
f 1155//1155 1095//1095 1555//1555
f 961//961 409//409 562//562
f 826//826 827//827 1468//1468
f 1574//1574 242//242 1157//1157
f 1157//1157 1093//1093 1554//1554
f 960//960 408//408 560//560
f 385//385 34//34 825//825
f 559//559 388//388 1158//1158
f 37//37 385//385 1158//1158
f 1552//1552 556//556 555//555
f 1752//1752 1498//1498 407//407
f 404//404 548//548 814//814
f 403//403 547//547 813//813
f 402//402 546//546 812//812
f 401//401 545//545 811//811
f 400//400 544//544 810//810
f 399//399 543//543 1075//1075
f 1075//1075 543//543 542//542
f 1748//1748 807//807 1074//1074
f 1074//1074 542//542 1748//1748
f 239//239 85//85 1460//1460
f 95//95 239//239 1871//1871
f 238//238 86//86 1831//1831
f 85//85 238//238 1875//1875
f 237//237 87//87 1830//1830
f 86//86 237//237 1877//1877
f 236//236 84//84 1456//1456
f 87//87 236//236 1879//1879
f 1740//1740 1694//1694 387//387
f 1193//1193 321//321 117//117
f 678//678 119//119 321//321
f 1738//1738 1693//1693 384//384
f 1197//1197 315//315 115//115
f 676//676 117//117 315//315
f 1736//1736 1692//1692 381//381
f 27//27 376//376 520//520
f 938//938 373//373 519//519
f 937//937 372//372 518//518
f 936//936 371//371 517//517
f 935//935 370//370 516//516
f 934//934 369//369 515//515
f 933//933 368//368 514//514
f 231//231 100//100 1049//1049
f 97//97 231//231 1204//1204
f 230//230 98//98 1048//1048
f 100//100 230//230 1206//1206
f 229//229 106//106 1047//1047
f 98//98 229//229 1208//1208
f 215//215 73//73 1046//1046
f 78//78 215//215 1210//1210
f 216//216 78//78 1045//1045
f 79//79 216//216 1212//1212
f 217//217 79//79 1044//1044
f 76//76 217//217 1214//1214
f 928//928 357//357 507//507
f 927//927 356//356 506//506
f 926//926 355//355 505//505
f 925//925 354//354 504//504
f 924//924 353//353 503//503
f 349//349 502//502 772//772
f 1037//1037 1215//1215 1820//1820
f 1215//1215 350//350 1820//1820
f 1215//1215 1216//1216 1890//1890
f 1216//1216 922//922 1890//1890
f 922//922 28//28 1890//1890
f 51//51 347//347 498//498
f 1036//1036 1217//1217 1819//1819
f 1217//1217 343//343 1819//1819
f 1217//1217 1218//1218 1891//1891
f 1218//1218 921//921 1891//1891
f 921//921 25//25 1891//1891
f 920//920 340//340 493//493
f 340//340 492//492 769//769
f 1033//1033 1221//1221 1818//1818
f 1221//1221 337//337 1818//1818
f 1221//1221 1222//1222 1892//1892
f 1222//1222 919//919 1892//1892
f 919//919 24//24 1892//1892
f 1223//1223 333//333 202//202
f 649//649 119//119 333//333
f 331//331 488//488 1227//1227
f 1229//1229 329//329 201//201
f 651//651 121//121 329//329
f 1028//1028 1233//1233 1817//1817
f 1233//1233 326//326 1817//1817
f 1233//1233 1234//1234 1893//1893
f 1234//1234 916//916 1893//1893
f 916//916 22//22 1893//1893
f 1235//1235 323//323 206//206
f 915//915 48//48 323//323
f 481//481 482//482 761//761
f 1237//1237 321//321 482//482
f 321//321 119//119 1027//1027
f 1238//1238 481//481 206//206
f 316//316 481//481 1238//1238
f 646//646 117//117 481//481
f 318//318 21//21 1026//1026
f 20//20 318//318 1240//1240
f 1025//1025 1241//1241 1816//1816
f 1241//1241 318//318 1816//1816
f 1241//1241 1242//1242 1894//1894
f 1242//1242 913//913 1894//1894
f 913//913 21//21 1894//1894
f 646//646 316//316 477//477
f 476//476 477//477 758//758
f 1243//1243 315//315 477//477
f 315//315 117//117 1024//1024
f 1244//1244 314//314 116//116
f 645//645 118//118 314//314
f 1022//1022 1246//1246 1815//1815
f 1246//1246 312//312 1815//1815
f 1246//1246 1247//1247 1895//1895
f 1247//1247 910//910 1895//1895
f 910//910 20//20 1895//1895
f 113//113 309//309 472//472
f 1021//1021 1248//1248 1814//1814
f 1248//1248 306//306 1814//1814
f 1248//1248 1249//1249 1896//1896
f 1249//1249 909//909 1896//1896
f 909//909 18//18 1896//1896
f 15//15 301//301 469//469
f 908//908 16//16 1813//1813
f 1250//1250 225//225 1610//1610
f 642//642 302//302 1897//1897
f 298//298 467//467 753//753
f 1017//1017 1018//1018 466//466
f 903//903 294//294 465//465
f 1898//1898 1252//1252 749//749
f 1689//1689 640//640 1254//1254
f 1524//1524 1525//1525 463//463
f 747//747 637//637 1724//1724
f 637//637 294//294 1724//1724
f 1902//1902 1258//1258 745//745
f 1688//1688 636//636 1260//1260
f 1521//1521 1522//1522 459//459
f 743//743 633//633 1721//1721
f 633//633 290//290 1721//1721
f 1906//1906 1264//1264 741//741
f 1687//1687 632//632 1266//1266
f 1518//1518 1519//1519 455//455
f 739//739 629//629 1718//1718
f 629//629 286//286 1718//1718
f 1910//1910 1270//1270 737//737
f 1686//1686 628//628 1272//1272
f 1515//1515 1516//1516 451//451
f 735//735 625//625 1715//1715
f 625//625 282//282 1715//1715
f 1914//1914 1276//1276 733//733
f 1685//1685 624//624 1278//1278
f 1512//1512 1513//1513 447//447
f 731//731 621//621 1712//1712
f 621//621 278//278 1712//1712
f 993//993 1290//1290 1794//1794
f 1290//1290 274//274 1794//1794
f 1290//1290 1291//1291 1925//1925
f 1291//1291 883//883 1925//1925
f 883//883 7//7 1925//1925
f 989//989 1300//1300 1790//1790
f 1300//1300 269//269 1790//1790
f 1300//1300 1301//1301 1933//1933
f 1301//1301 879//879 1933//1933
f 879//879 5//5 1933//1933
f 606//606 70//70 1786//1786
f 1310//1310 263//263 1654//1654
f 872//872 259//259 1941//1941
f 363//363 54//54 870//870
f 178//178 363//363 1313//1313
f 1314//1314 365//365 178//178
f 1132//1132 179//179 365//365
f 1316//1316 367//367 179//179
f 1131//1131 180//180 367//367
f 598//598 430//430 982//982
f 597//597 429//429 981//981
f 596//596 428//428 980//980
f 595//595 427//427 979//979
f 594//594 426//426 978//978
f 1124//1124 709//709 1565//1565
f 709//709 423//423 1565//1565
f 1122//1122 708//708 1564//1564
f 708//708 422//422 1564//1564
f 1655//1655 588//588 1120//1120
f 1318//1318 1319//1319 1655//1655
f 1319//1319 587//587 1655//1655
f 1850//1850 175//175 854//854
f 973//973 1320//1320 1656//1656
f 1656//1656 332//332 49//49
f 1321//1321 332//332 1656//1656
f 1321//1321 1118//1118 1849//1849
f 1849//1849 48//48 332//332
f 1117//1117 705//705 1561//1561
f 705//705 419//419 1561//1561
f 1115//1115 704//704 1560//1560
f 704//704 418//418 1560//1560
f 846//846 1322//1322 1473//1473
f 1322//1322 246//246 1473//1473
f 1322//1322 1323//1323 1944//1944
f 1323//1323 1113//1113 1944//1944
f 1113//1113 136//136 1944//1944
f 969//969 1324//1324 1658//1658
f 1658//1658 300//300 44//44
f 1325//1325 300//300 1658//1658
f 1325//1325 1111//1111 1845//1845
f 1845//1845 42//42 300//300
f 297//297 578//578 1557//1557
f 414//414 575//575 1107//1107
f 413//413 573//573 1105//1105
f 412//412 571//571 1103//1103
f 411//411 569//569 1101//1101
f 410//410 567//567 1099//1099
f 1097//1097 695//695 1556//1556
f 695//695 409//409 1556//1556
f 1095//1095 694//694 1555//1555
f 694//694 408//408 1555//1555
f 827//827 1326//1326 1468//1468
f 1326//1326 265//265 1468//1468
f 1326//1326 1327//1327 1946//1946
f 1327//1327 874//874 1946//1946
f 874//874 4//4 1946//1946
f 824//824 1089//1089 1840//1840
f 1660//1660 382//382 1329//1329
f 1329//1329 823//823 1754//1754
f 362//362 109//109 602//602
f 135//135 362//362 1331//1331
f 1332//1332 360//360 135//135
f 1082//1082 134//134 360//360
f 1334//1334 358//358 134//134
f 1081//1081 133//133 358//358
f 548//548 403//403 689//689
f 547//547 402//402 688//688
f 812//812 546//546 401//401
f 811//811 545//545 400//400
f 810//810 544//544 399//399
f 1496//1496 396//396 539//539
f 1662//1662 537//537 393//393
f 1664//1664 535//535 390//390
f 1340//1340 391//391 40//40
f 534//534 391//391 1340//1340
f 1068//1068 39//39 391//391
f 1493//1493 387//387 532//532
f 1341//1341 388//388 39//39
f 1065//1065 37//37 388//388
f 335//335 190//190 1453//1453
f 120//120 335//335 1953//1953
f 528//528 383//383 1345//1345
f 527//527 526//526 1537//1537
f 1347//1347 380//380 33//33
f 525//525 380//380 1347//1347
f 1059//1059 115//115 380//380
f 524//524 523//523 1535//1535
f 348//348 124//124 1404//1404
f 126//126 348//348 1955//1955
f 673//673 1350//1350 1403//1403
f 1350//1350 374//374 1403//1403
f 1350//1350 1351//1351 1956//1956
f 1351//1351 1055//1055 1956//1956
f 1055//1055 185//185 1956//1956
f 518//518 373//373 938//938
f 517//517 372//372 937//937
f 516//516 371//371 936//936
f 785//785 515//515 370//370
f 784//784 514//514 369//369
f 513//513 366//366 1352//1352
f 512//512 364//364 1354//1354
f 1357//1357 511//511 258//258
f 1359//1359 510//510 256//256
f 509//509 361//361 1360//1360
f 508//508 359//359 1362//1362
f 777//777 507//507 356//356
f 776//776 506//506 355//355
f 505//505 354//354 925//925
f 504//504 353//353 924//924
f 503//503 352//352 923//923
f 923//923 352//352 502//502
f 500//500 501//501 199//199
f 1670//1670 342//342 655//655
f 1364//1364 1365//1365 1670//1670
f 1365//1365 499//499 1670//1670
f 1820//1820 25//25 921//921
f 497//497 347//347 51//51
f 188//188 496//496 341//341
f 1671//1671 336//336 653//653
f 1366//1366 1367//1367 1671//1671
f 1367//1367 494//494 1671//1671
f 1819//1819 24//24 919//919
f 493//493 341//341 50//50
f 769//769 492//492 331//331
f 1368//1368 337//337 24//24
f 491//491 337//337 1368//1368
f 1034//1034 22//22 337//337
f 1672//1672 325//325 650//650
f 1369//1369 1370//1370 1672//1672
f 1370//1370 490//490 1672//1672
f 1818//1818 22//22 916//916
f 190//190 334//334 333//333
f 1673//1673 317//317 647//647
f 1373//1373 1374//1374 1673//1673
f 1374//1374 483//483 1673//1673
f 1817//1817 21//21 913//913
f 173//173 324//324 323//323
f 1376//1376 479//479 319//319
f 1674//1674 311//311 644//644
f 1377//1377 1378//1378 1674//1674
f 1378//1378 478//478 1674//1674
f 1816//1816 20//20 910//910
f 1379//1379 308//308 18//18
f 474//474 308//308 1379//1379
f 1023//1023 116//116 308//308
f 1675//1675 305//305 643//643
f 1380//1380 1381//1381 1675//1675
f 1381//1381 473//473 1675//1675
f 1815//1815 18//18 909//909
f 1676//1676 302//302 642//642
f 1382//1382 1383//1383 1676//1676
f 1383//1383 470//470 1676//1676
f 1814//1814 16//16 908//908
f 907//907 1384//1384 1677//1677
f 1677//1677 301//301 15//15
f 1385//1385 301//301 1677//1677
f 1385//1385 1020//1020 1813//1813
f 1813//1813 16//16 301//301
f 467//467 466//466 1018//1018
f 904//904 295//295 464//464
f 904//904 905//905 296//296
f 633//633 747//747 1724//1724
f 1724//1724 461//461 290//290
f 900//900 291//291 460//460
f 900//900 901//901 292//292
f 629//629 743//743 1721//1721
f 1721//1721 457//457 286//286
f 896//896 287//287 456//456
f 896//896 897//897 288//288
f 625//625 739//739 1718//1718
f 1718//1718 453//453 282//282
f 892//892 283//283 452//452
f 892//892 893//893 284//284
f 621//621 735//735 1715//1715
f 1715//1715 449//449 278//278
f 888//888 279//279 448//448
f 888//888 889//889 280//280
f 617//617 731//731 1712//1712
f 1712//1712 445//445 273//273
f 1510//1510 996//996 884//884
f 884//884 275//275 1510//1510
f 884//884 885//885 276//276
f 1678//1678 268//268 613//613
f 1386//1386 1387//1387 1678//1678
f 1387//1387 441//441 1678//1678
f 1794//1794 5//5 879//879
f 1506//1506 992//992 880//880
f 880//880 270//270 1506//1506
f 880//880 881//881 271//271
f 1679//1679 262//262 609//609
f 1388//1388 1389//1389 1679//1679
f 1389//1389 437//437 1679//1679
f 1790//1790 3//3 875//875
f 1502//1502 988//988 876//876
f 876//876 264//264 1502//1502
f 609//609 1392//1392 1680//1680
f 1680//1680 214//214 69//69
f 1393//1393 214//214 1680//1680
f 1393//1393 985//985 1786//1786
f 1786//1786 70//70 214//214
f 604//604 257//257 258//258
f 868//868 255//255 256//256
f 105//105 868//868 869//869
f 159//159 604//604 605//605
f 1499//1499 985//985 1393//1393
f 1967//1967 262//262 433//433
f 433//433 1393//1393 1967//1967
f 1967//1967 1392//1392 609//609
f 265//265 4//4 877//877
f 1390//1390 1391//1391 266//266
f 264//264 266//266 611//611
f 1789//1789 10//10 164//164
f 164//164 876//876 1789//1789
f 262//262 437//437 1503//1503
f 1503//1503 989//989 875//875
f 1389//1389 1388//1388 1966//1966
f 69//69 213//213 1966//1966
f 1966//1966 1388//1388 609//609
f 165//165 10//10 881//881
f 1793//1793 17//17 165//165
f 165//165 880//880 1793//1793
f 268//268 441//441 1507//1507
f 1507//1507 993//993 879//879
f 1387//1387 1386//1386 1965//1965
f 60//60 226//226 1965//1965
f 1965//1965 1386//1386 613//613
f 166//166 17//17 885//885
f 1797//1797 23//23 166//166
f 166//166 884//884 1797//1797
f 55//55 56//56 1425//1425
f 1425//1425 731//731 617//617
f 168//168 23//23 889//889
f 168//168 888//888 1000//1000
f 56//56 57//57 1428//1428
f 1428//1428 735//735 621//621
f 167//167 29//29 893//893
f 167//167 892//892 1004//1004
f 57//57 59//59 1431//1431
f 1431//1431 739//739 625//625
f 170//170 32//32 897//897
f 170//170 896//896 1008//1008
f 59//59 58//58 1434//1434
f 1434//1434 743//743 629//629
f 169//169 36//36 901//901
f 169//169 900//900 1012//1012
f 58//58 68//68 1437//1437
f 1437//1437 747//747 633//633
f 171//171 38//38 905//905
f 171//171 904//904 1016//1016
f 1526//1526 1020//1020 1385//1385
f 1964//1964 298//298 468//468
f 468//468 1385//1385 1964//1964
f 1964//1964 1384//1384 907//907
f 302//302 470//470 1527//1527
f 1527//1527 1021//1021 908//908
f 1383//1383 1382//1382 1963//1963
f 66//66 224//224 1963//1963
f 1963//1963 1382//1382 642//642
f 305//305 473//473 1528//1528
f 1528//1528 1022//1022 909//909
f 1381//1381 1380//1380 1962//1962
f 67//67 223//223 1962//1962
f 1962//1962 1380//1380 643//643
f 311//311 478//478 1529//1529
f 1529//1529 1025//1025 910//910
f 1378//1378 1377//1377 1961//1961
f 61//61 222//222 1961//1961
f 1961//1961 1377//1377 644//644
f 479//479 1026//1026 914//914
f 320//320 1375//1375 648//648
f 317//317 483//483 1530//1530
f 1530//1530 1028//1028 913//913
f 1374//1374 1373//1373 1960//1960
f 62//62 221//221 1960//1960
f 1960//1960 1373//1373 647//647
f 484//484 119//119 648//648
f 1371//1371 1372//1372 319//319
f 485//485 319//319 914//914
f 325//325 490//490 1531//1531
f 1531//1531 1033//1033 916//916
f 1370//1370 1369//1369 1959//1959
f 64//64 220//220 1959//1959
f 1959//1959 1369//1369 650//650
f 189//189 769//769 652//652
f 336//336 494//494 1532//1532
f 1532//1532 1036//1036 919//919
f 1367//1367 1366//1366 1958//1958
f 63//63 219//219 1958//1958
f 1958//1958 1366//1366 653//653
f 342//342 499//499 1533//1533
f 1533//1533 1037//1037 921//921
f 1365//1365 1364//1364 1957//1957
f 74//74 218//218 1957//1957
f 1957//1957 1364//1364 655//655
f 71//71 923//923 1038//1038
f 1044//1044 929//929 359//359
f 1362//1362 663//663 134//134
f 1045//1045 930//930 361//361
f 1360//1360 664//664 135//135
f 510//510 1046//1046 869//869
f 362//362 1358//1358 603//603
f 511//511 1047//1047 605//605
f 363//363 1356//1356 871//871
f 1048//1048 931//931 364//364
f 1354//1354 665//665 178//178
f 1049//1049 932//932 366//366
f 1352//1352 666//666 179//179
f 1055//1055 1351//1351 1669//1669
f 1350//1350 375//375 1669//1669
f 375//375 519//519 1669//1669
f 1350//1350 673//673 1690//1690
f 1056//1056 1349//1349 1668//1668
f 1954//1954 1668//1668 1349//1349
f 1348//1348 674//674 1691//1691
f 792//792 1057//1057 1822//1822
f 795//795 1060//1060 1824//1824
f 1062//1062 676//676 383//383
f 1345//1345 942//942 34//34
f 1064//1064 1344//1344 1666//1666
f 1952//1952 1666//1666 1344//1344
f 1343//1343 797//797 1740//1740
f 531//531 1342//1342 1341//1341
f 1780//1780 945//945 1066//1066
f 1543//1543 1069//1069 947//947
f 1951//1951 1339//1339 1338//1338
f 1950//1950 1338//1338 681//681
f 1544//1544 1070//1070 948//948
f 1949//1949 1337//1337 1336//1336
f 1948//1948 1336//1336 682//682
f 1783//1783 949//949 1071//1071
f 129//129 810//810 685//685
f 130//130 811//811 686//686
f 131//131 812//812 687//687
f 813//813 688//688 131//131
f 814//814 689//689 132//132
f 549//549 1335//1335 1334//1334
f 550//550 1333//1333 1332//1332
f 255//255 551//551 1331//1331
f 1329//1329 382//382 823//823
f 382//382 33//33 1467//1467
f 557//557 558//558 1947//1947
f 1947//1947 1328//1328 557//557
f 824//824 558//558 1089//1089
f 558//558 557//557 1553//1553
f 874//874 1327//1327 1659//1659
f 1326//1326 561//561 1659//1659
f 561//561 261//261 1659//1659
f 1326//1326 827//827 1755//1755
f 694//694 1095//1095 1842//1842
f 695//695 1097//1097 1843//1843
f 640//640 1110//1110 1844//1844
f 1558//1558 1111//1111 1325//1325
f 1945//1945 417//417 579//579
f 579//579 1325//1325 1945//1945
f 1945//1945 1324//1324 969//969
f 1113//1113 1323//1323 1657//1657
f 1322//1322 580//580 1657//1657
f 580//580 581//581 1657//1657
f 1322//1322 846//846 1760//1760
f 704//704 1115//1115 1847//1847
f 705//705 1117//1117 1848//1848
f 1562//1562 1118//1118 1321//1321
f 1943//1943 421//421 586//586
f 586//586 1321//1321 1943//1943
f 1943//1943 1320//1320 973//973
f 588//588 587//587 1563//1563
f 1563//1563 1119//1119 854//854
f 1319//1319 1318//1318 1942//1942
f 140//140 250//250 1942//1942
f 1942//1942 1318//1318 1120//1120
f 708//708 1122//1122 1851//1851
f 709//709 1124//1124 1852//1852
f 860//860 978//978 143//143
f 861//861 979//979 148//148
f 862//862 980//980 144//144
f 863//863 981//981 146//146
f 864//864 982//982 145//145
f 599//599 1317//1317 1316//1316
f 600//600 1315//1315 1314//1314
f 257//257 601//601 1313//1313
f 1654//1654 263//263 53//53
f 53//53 872//872 1654//1654
f 259//259 433//433 1941//1941
f 433//433 1310//1310 1941//1941
f 1499//1499 433//433 259//259
f 259//259 606//606 1499//1499
f 1308//1308 1309//1309 1970//1970
f 1651//1651 1788//1788 987//987
f 1305//1305 1306//1306 1938//1938
f 1701//1701 1702//1702 721//721
f 879//879 1301//1301 1646//1646
f 1300//1300 437//437 1646//1646
f 437//437 268//268 1646//1646
f 1300//1300 989//989 1503//1503
f 1298//1298 1299//1299 1985//1985
f 1643//1643 1792//1792 991//991
f 1295//1295 1296//1296 1930//1930
f 1705//1705 1706//1706 725//725
f 883//883 1291//1291 1638//1638
f 1290//1290 441//441 1638//1638
f 441//441 273//273 1638//1638
f 1290//1290 993//993 1507//1507
f 1288//1288 1289//1289 2000//2000
f 1635//1635 1796//1796 995//995
f 1285//1285 1286//1286 1922//1922
f 1709//1709 1710//1710 729//729
f 621//621 731//731 1425//1425
f 1280//1280 1281//1281 2015//2015
f 1799//1799 1800//1800 999//999
f 2019//2019 1000//1000 448//448
f 1398//1398 29//29 1000//1000
f 2023//2023 734//734 205//205
f 1627//1627 448//448 734//734
f 625//625 735//735 1428//1428
f 1274//1274 1275//1275 2027//2027
f 1802//1802 1803//1803 1003//1003
f 2031//2031 1004//1004 452//452
f 1399//1399 32//32 1004//1004
f 2035//2035 738//738 207//207
f 1623//1623 452//452 738//738
f 629//629 739//739 1431//1431
f 1268//1268 1269//1269 2039//2039
f 1805//1805 1806//1806 1007//1007
f 2043//2043 1008//1008 456//456
f 1400//1400 36//36 1008//1008
f 2047//2047 742//742 210//210
f 1619//1619 456//456 742//742
f 633//633 743//743 1434//1434
f 1262//1262 1263//1263 2051//2051
f 1808//1808 1809//1809 1011//1011
f 2055//2055 1012//1012 460//460
f 1401//1401 38//38 1012//1012
f 2059//2059 746//746 197//197
f 1615//1615 460//460 746//746
f 637//637 747//747 1437//1437
f 1256//1256 1257//1257 2063//2063
f 1811//1811 1812//1812 1015//1015
f 2067//2067 1016//1016 464//464
f 1402//1402 41//41 1016//1016
f 2071//2071 750//750 198//198
f 1611//1611 464//464 750//750
f 14//14 903//903 751//751
f 68//68 65//65 1018//1018
f 1610//1610 225//225 66//66
f 66//66 642//642 1610//1610
f 302//302 468//468 1897//1897
f 468//468 1250//1250 1897//1897
f 1526//1526 468//468 302//302
f 302//302 908//908 1526//1526
f 909//909 1249//1249 1609//1609
f 1248//1248 470//470 1609//1609
f 470//470 305//305 1609//1609
f 1248//1248 1021//1021 1527//1527
f 910//910 1247//1247 1608//1608
f 1246//1246 473//473 1608//1608
f 473//473 311//311 1608//1608
f 1246//1246 1022//1022 1528//1528
f 313//313 1245//1245 1244//1244
f 913//913 1242//1242 1607//1607
f 1241//1241 478//478 1607//1607
f 478//478 317//317 1607//1607
f 1241//1241 1025//1025 1529//1529
f 479//479 313//313 1240//1240
f 322//322 1236//1236 1235//1235
f 916//916 1234//1234 1606//1606
f 1233//1233 483//483 1606//1606
f 483//483 325//325 1606//1606
f 1233//1233 1028//1028 1530//1530
f 326//326 22//22 1030//1030
f 1231//1231 1232//1232 486//486
f 485//485 486//486 764//764
f 328//328 1230//1230 1229//1229
f 918//918 1031//1031 488//488
f 1227//1227 765//765 202//202
f 48//48 1032//1032 1226//1226
f 488//488 1225//1225 1226//1226
f 489//489 766//766 765//765
f 322//322 1224//1224 1223//1223
f 919//919 1222//1222 1605//1605
f 1221//1221 490//490 1605//1605
f 490//490 336//336 1605//1605
f 1221//1221 1033//1033 1531//1531
f 339//339 121//121 651//651
f 1219//1219 1220//1220 328//328
f 491//491 328//328 917//917
f 921//921 1218//1218 1604//1604
f 1217//1217 494//494 1604//1604
f 494//494 342//342 1604//1604
f 1217//1217 1036//1036 1532//1532
f 922//922 1216//1216 1603//1603
f 1215//1215 499//499 1603//1603
f 499//499 349//349 1603//1603
f 1215//1215 1037//1037 1533//1533
f 922//922 772//772 128//128
f 81//81 924//924 773//773
f 80//80 925//925 774//774
f 75//75 926//926 775//775
f 77//77 927//927 776//776
f 76//76 928//928 777//777
f 508//508 357//357 1214//1214
f 509//509 359//359 1212//1212
f 510//510 361//361 1210//1210
f 511//511 364//364 1208//1208
f 512//512 366//366 1206//1206
f 513//513 368//368 1204//1204
f 97//97 933//933 784//784
f 96//96 934//934 785//785
f 101//101 935//935 786//786
f 99//99 936//936 787//787
f 108//108 937//937 788//788
f 103//103 938//938 789//789
f 1776//1776 939//939 1202//1202
f 1888//1888 1201//1201 1202//1202
f 1690//1690 673//673 1056//1056
f 1449//1449 1405//1405 675//675
f 1777//1777 940//940 1200//1200
f 1886//1886 1199//1199 1200//1200
f 1691//1691 674//674 1058//1058
f 383//383 1198//1198 1197//1197
f 1451//1451 1406//1406 677//677
f 1778//1778 941//941 1196//1196
f 1884//1884 1195//1195 1196//1196
f 1692//1692 675//675 1061//1061
f 386//386 1194//1194 1193//1193
f 1453//1453 1407//1407 679//679
f 1779//1779 943//943 1192//1192
f 1882//1882 1191//1191 1192//1192
f 1693//1693 677//677 1064//1064
f 320//320 119//119 678//678
f 1189//1189 1190//1190 386//386
f 531//531 386//386 944//944
f 1829//1829 1067//1067 1188//1188
f 1880//1880 1187//1187 1188//1188
f 1743//1743 801//801 1066//1066
f 947//947 1186//1186 1592//1592
f 1878//1878 1592//1592 1186//1186
f 1185//1185 801//801 1743//1743
f 314//314 118//118 680//680
f 1183//1183 1184//1184 389//389
f 534//534 389//389 946//946
f 948//948 1182//1182 1590//1590
f 1876//1876 1590//1590 1182//1182
f 1181//1181 1069//1069 1543//1543
f 949//949 1180//1180 1588//1588
f 1874//1874 1588//1588 1180//1180
f 1179//1179 1070//1070 1544//1544
f 1833//1833 1072//1072 1178//1178
f 1872//1872 1177//1177 1178//1178
f 1747//1747 806//806 1071//1071
f 950//950 1176//1176 1584//1584
f 1870//1870 1584//1584 1176//1176
f 1175//1175 806//806 1747//1747
f 1461//1461 195//195 194//194
f 194//194 1074//1074 807//807
f 128//128 1075//1075 1074//1074
f 91//91 956//956 1174//1174
f 549//549 1173//1173 1174//1174
f 404//404 690//690 1081//1081
f 93//93 957//957 1172//1172
f 550//550 1171//1171 1172//1172
f 405//405 691//691 1082//1082
f 104//104 958//958 1170//1170
f 551//551 1169//1169 1170//1170
f 406//406 692//692 1083//1083
f 1582//1582 1836//1836 1085//1085
f 1167//1167 1168//1168 1869//1869
f 1548//1548 1750//1750 819//819
f 1580//1580 1837//1837 1086//1086
f 1165//1165 1166//1166 1867//1867
f 1750//1750 1751//1751 820//820
f 1465//1465 1785//1785 959//959
f 1839//1839 1088//1088 1087//1087
f 1464//1464 820//820 1164//1164
f 1864//1864 1163//1163 1164//1164
f 1550//1550 1086//1086 822//822
f 1840//1840 1089//1089 1162//1162
f 1862//1862 1161//1161 1162//1162
f 1754//1754 823//823 818//818
f 39//39 1091//1091 1160//1160
f 558//558 1159//1159 1160//1160
f 559//559 825//825 1090//1090
f 10//10 960//960 826//826
f 1157//1157 242//242 1841//1841
f 242//242 160//160 1841//1841
f 561//561 560//560 1861//1861
f 1861//1861 1156//1156 1157//1157
f 826//826 560//560 1755//1755
f 560//560 561//561 1755//1755
f 17//17 961//961 828//828
f 1155//1155 243//243 1842//1842
f 243//243 152//152 1842//1842
f 563//563 562//562 1860//1860
f 1860//1860 1154//1154 1155//1155
f 828//828 562//562 1756//1756
f 562//562 563//563 1756//1756
f 23//23 962//962 830//830
f 1153//1153 244//244 1843//1843
f 244//244 154//154 1843//1843
f 565//565 564//564 1859//1859
f 1859//1859 1152//1152 1153//1153
f 830//830 564//564 1757//1757
f 564//564 565//565 1757//1757
f 29//29 963//963 832//832
f 150//150 151//151 1099//1099
f 32//32 964//964 834//834
f 155//155 150//150 1101//1101
f 36//36 965//965 836//836
f 153//153 155//155 1103//1103
f 38//38 966//966 838//838
f 162//162 153//153 1105//1105
f 41//41 967//967 840//840
f 157//157 162//162 1107//1107
f 42//42 968//968 842//842
f 157//157 1109//1109 1108//1108
f 693//693 844//844 1471//1471
f 843//843 967//967 41//41
f 1571//1571 245//245 156//156
f 156//156 702//702 1571//1571
f 416//416 579//579 1858//1858
f 579//579 1150//1150 1858//1858
f 1558//1558 579//579 416//416
f 416//416 968//968 1558//1558
f 703//703 846//846 1473//1473
f 46//46 970//970 847//847
f 47//47 971//971 848//848
f 1149//1149 247//247 1847//1847
f 247//247 136//136 1847//1847
f 583//583 582//582 1857//1857
f 1857//1857 1148//1148 1149//1149
f 848//848 582//582 1761//1761
f 582//582 583//583 1761//1761
f 48//48 972//972 850//850
f 1147//1147 248//248 1848//1848
f 248//248 137//137 1848//1848
f 585//585 584//584 1856//1856
f 1856//1856 1146//1146 1147//1147
f 850//850 584//584 1762//1762
f 584//584 585//585 1762//1762
f 1568//1568 249//249 138//138
f 138//138 706//706 1568//1568
f 420//420 586//586 1855//1855
f 586//586 1144//1144 1855//1855
f 1562//1562 586//586 420//420
f 420//420 972//972 1562//1562
f 973//973 49//49 1850//1850
f 49//49 175//175 1850//1850
f 50//50 974//974 854//854
f 51//51 975//975 855//855
f 1143//1143 251//251 1851//1851
f 251//251 140//140 1851//1851
f 590//590 589//589 1854//1854
f 1854//1854 1142//1142 1143//1143
f 855//855 589//589 1765//1765
f 589//589 590//590 1765//1765
f 52//52 976//976 857//857
f 1141//1141 252//252 1852//1852
f 252//252 139//139 1852//1852
f 592//592 591//591 1853//1853
f 1853//1853 1140//1140 1141//1141
f 857//857 591//591 1766//1766
f 591//591 592//592 1766//1766
f 142//142 149//149 1125//1125
f 145//145 982//982 1139//1139
f 599//599 1138//1138 1139//1139
f 430//430 716//716 1131//1131
f 147//147 983//983 1137//1137
f 600//600 1136//1136 1137//1137
f 431//431 717//717 1132//1132
f 158//158 984//984 1135//1135
f 601//601 1134//1134 1135//1135
f 432//432 718//718 1133//1133
f 241//241 1134//1134 867//867
f 254//254 1136//1136 866//866
f 253//253 1138//1138 865//865
f 715//715 1130//1130 598//598
f 714//714 1129//1129 597//597
f 427//427 713//713 1128//1128
f 426//426 712//712 1127//1127
f 425//425 711//711 1126//1126
f 424//424 976//976 859//859
f 425//425 593//593 859//859
f 1123//1123 149//149 1566//1566
f 149//149 252//252 1566//1566
f 424//424 710//710 1123//1123
f 1121//1121 139//139 1567//1567
f 139//139 251//251 1567//1567
f 423//423 709//709 1121//1121
f 422//422 708//708 1120//1120
f 707//707 421//421 1764//1764
f 421//421 587//587 1764//1764
f 1476//1476 141//141 249//249
f 249//249 1144//1144 1476//1476
f 1116//1116 138//138 1569//1569
f 138//138 248//248 1569//1569
f 420//420 706//706 1116//1116
f 1114//1114 137//137 1570//1570
f 137//137 247//247 1570//1570
f 419//419 705//705 1114//1114
f 418//418 704//704 1113//1113
f 580//580 417//417 1559//1559
f 417//417 969//969 1559//1559
f 1472//1472 161//161 245//245
f 245//245 1150//1150 1472//1472
f 1109//1109 701//701 415//415
f 959//959 1110//1110 1557//1557
f 577//577 843//843 842//842
f 416//416 702//702 1108//1108
f 574//574 575//575 841//841
f 415//415 701//701 1106//1106
f 572//572 573//573 839//839
f 414//414 700//700 1104//1104
f 570//570 571//571 837//837
f 413//413 699//699 1102//1102
f 568//568 569//569 835//835
f 412//412 698//698 1100//1100
f 566//566 567//567 833//833
f 411//411 697//697 1098//1098
f 1096//1096 151//151 1572//1572
f 151//151 244//244 1572//1572
f 410//410 696//696 1096//1096
f 1094//1094 154//154 1573//1573
f 154//154 243//243 1573//1573
f 409//409 695//695 1094//1094
f 1092//1092 152//152 1574//1574
f 152//152 242//242 1574//1574
f 408//408 694//694 1092//1092
f 391//391 1159//1159 824//824
f 1575//1575 1161//1161 1084//1084
f 1577//1577 1163//1163 1088//1088
f 1753//1753 822//822 821//821
f 1551//1551 1699//1699 693//693
f 1836//1836 1579//1579 1165//1165
f 1462//1462 1581//1581 1167//1167
f 228//228 1169//1169 817//817
f 227//227 1171//1171 816//816
f 240//240 1173//1173 815//815
f 956//956 1080//1080 548//548
f 955//955 1079//1079 547//547
f 954//954 1078//1078 546//546
f 953//953 1077//1077 545//545
f 952//952 1076//1076 544//544
f 951//951 809//809 543//543
f 543//543 809//809 808//808
f 1547//1547 541//541 542//542
f 542//542 808//808 1547//1547
f 684//684 1072//1072 1833//1833
f 1585//1585 1177//1177 805//805
f 683//683 804//804 1458//1458
f 682//682 803//803 1457//1457
f 116//116 314//314 1183//1183
f 681//681 1067//1067 1829//1829
f 1593//1593 1187//1187 800//800
f 118//118 320//320 1189//1189
f 1595//1595 1191//1191 798//798
f 1539//1539 1493//1493 945//945
f 1597//1597 1195//1195 795//795
f 1537//1537 1492//1492 943//943
f 1599//1599 1199//1199 792//792
f 1535//1535 1491//1491 941//941
f 1601//1601 1201//1201 790//790
f 373//373 672//672 1055//1055
f 372//372 671//671 1054//1054
f 371//371 670//670 1053//1053
f 370//370 669//669 1052//1052
f 369//369 668//668 1051//1051
f 368//368 667//667 1050//1050
f 357//357 662//662 1043//1043
f 356//356 661//661 1042//1042
f 355//355 660//660 1041//1041
f 354//354 659//659 1040//1040
f 353//353 658//658 1039//1039
f 656//656 1038//1038 502//502
f 656//656 771//771 1447//1447
f 655//655 770//770 1446//1446
f 920//920 1035//1035 492//492
f 123//123 339//339 1219//1219
f 653//653 767//767 1445//1445
f 332//332 1225//1225 1031//1031
f 652//652 1228//1228 487//487
f 21//21 326//326 1231//1231
f 650//650 762//762 1444//1444
f 647//647 759//759 1443//1443
f 316//316 912//912 758//758
f 644//644 756//756 1442//1442
f 643//643 755//755 1441//1441
f 1440//1440 65//65 225//225
f 225//225 1250//1250 1440//1440
f 907//907 1019//1019 467//467
f 465//465 466//466 752//752
f 294//294 637//637 1017//1017
f 2073//2073 1253//1253 463//463
f 1488//1488 297//297 1253//1253
f 1725//1725 1726//1726 749//749
f 461//461 294//294 1523//1523
f 294//294 903//903 1523//1523
f 2077//2077 1259//1259 459//459
f 1487//1487 293//293 1259//1259
f 1722//1722 1723//1723 745//745
f 457//457 290//290 1520//1520
f 290//290 899//899 1520//1520
f 2081//2081 1265//1265 455//455
f 1486//1486 289//289 1265//1265
f 1719//1719 1720//1720 741//741
f 453//453 286//286 1517//1517
f 286//286 895//895 1517//1517
f 2085//2085 1271//1271 451//451
f 1485//1485 285//285 1271//1271
f 1716//1716 1717//1717 737//737
f 449//449 282//282 1514//1514
f 282//282 891//891 1514//1514
f 2089//2089 1277//1277 447//447
f 1484//1484 281//281 1277//1277
f 1713//1713 1714//1714 733//733
f 445//445 278//278 1511//1511
f 278//278 887//887 1511//1511
f 1795//1795 1634//1634 1285//1285
f 617//617 727//727 1421//1421
f 1791//1791 1642//1642 1295//1295
f 613//613 723//723 1417//1417
f 1787//1787 1650//1650 1305//1305
f 1413//1413 3//3 263//263
f 263//263 1310//1310 1413//1413
f 1130//1130 716//716 430//430
f 1129//1129 715//715 429//429
f 1128//1128 714//714 428//428
f 1127//1127 713//713 427//427
f 1126//1126 712//712 426//426
f 592//592 423//423 1766//1766
f 423//423 975//975 1766//1766
f 590//590 422//422 1765//1765
f 422//422 974//974 1765//1765
f 250//250 141//141 1477//1477
f 1477//1477 853//853 1319//1319
f 1476//1476 852//852 707//707
f 585//585 419//419 1762//1762
f 419//419 971//971 1762//1762
f 583//583 418//418 1761//1761
f 418//418 970//970 1761//1761
f 847//847 1112//1112 1846//1846
f 1472//1472 845//845 703//703
f 906//906 844//844 1758//1758
f 966//966 841//841 575//575
f 965//965 839//839 573//573
f 964//964 837//837 571//571
f 963//963 835//835 569//569
f 962//962 833//833 567//567
f 565//565 409//409 1757//1757
f 409//409 961//961 1757//1757
f 563//563 408//408 1756//1756
f 408//408 960//960 1756//1756
f 608//608 1093//1093 1841//1841
f 1090//1090 34//34 1328//1328
f 34//34 382//382 1660//1660
f 1080//1080 955//955 403//403
f 1079//1079 954//954 402//402
f 546//546 1078//1078 953//953
f 545//545 1077//1077 952//952
f 544//544 1076//1076 951//951
f 1697//1697 683//683 805//805
f 1458//1458 804//804 1337//1337
f 1457//1457 803//803 1339//1339
f 1694//1694 679//679 800//800
f 798//798 1063//1063 1826//1826
f 796//796 1346//1346 385//385
f 1061//1061 794//794 1738//1738
f 1058//1058 791//791 1736//1736
f 790//790 940//940 1777//1777
f 789//789 939//939 1776//1776
f 1054//1054 672//672 373//373
f 1053//1053 671//671 372//372
f 1052//1052 670//670 371//371
f 515//515 1051//1051 669//669
f 514//514 1050//1050 668//668
f 783//783 1353//1353 367//367
f 782//782 1355//1355 365//365
f 178//178 781//781 1357//1357
f 135//135 780//780 1359//1359
f 779//779 1361//1361 360//360
f 778//778 1363//1363 358//358
f 507//507 1043//1043 661//661
f 506//506 1042//1042 660//660
f 1041//1041 659//659 354//354
f 1040//1040 658//658 353//353
f 1039//1039 657//657 352//352
f 352//352 657//657 772//772
f 218//218 72//72 1447//1447
f 1447//1447 771//771 1365//1365
f 219//219 74//74 1446//1446
f 1446//1446 770//770 1367//1367
f 492//492 1035//1035 918//918
f 220//220 63//63 1445//1445
f 1445//1445 767//767 1370//1370
f 201//201 484//484 1371//1371
f 221//221 64//64 1444//1444
f 1444//1444 762//762 1374//1374
f 118//118 760//760 1376//1376
f 222//222 62//62 1443//1443
f 1443//1443 759//759 1378//1378
f 223//223 61//61 1442//1442
f 1442//1442 756//756 1381//1381
f 224//224 67//67 1441//1441
f 1441//1441 755//755 1383//1383
f 1440//1440 754//754 641//641
f 1019//1019 752//752 466//466
f 295//295 638//638 750//750
f 295//295 296//296 639//639
f 290//290 461//461 1523//1523
f 1523//1523 1013//1013 899//899
f 291//291 634//634 746//746
f 291//291 292//292 635//635
f 286//286 457//457 1520//1520
f 1520//1520 1009//1009 895//895
f 287//287 630//630 742//742
f 287//287 288//288 631//631
f 282//282 453//453 1517//1517
f 1517//1517 1005//1005 891//891
f 283//283 626//626 738//738
f 283//283 284//284 627//627
f 278//278 449//449 1514//1514
f 1514//1514 1001//1001 887//887
f 279//279 622//622 734//734
f 279//279 280//280 623//623
f 273//273 445//445 1511//1511
f 1511//1511 997//997 883//883
f 1711//1711 444//444 275//275
f 275//275 618//618 1711//1711
f 275//275 276//276 619//619
f 226//226 55//55 1421//1421
f 1421//1421 727//727 1387//1387
f 1707//1707 440//440 270//270
f 270//270 614//614 1707//1707
f 270//270 271//271 615//615
f 213//213 60//60 1417//1417
f 1417//1417 723//723 1389//1389
f 1703//1703 436//436 264//264
f 264//264 610//610 1703//1703
f 164//164 265//265 1390//1390
f 1413//1413 719//719 875//875
f 257//257 870//870 871//871
f 255//255 602//602 603//603
f 1536//1536 1736//1736 523//523
f 1538//1538 1738//1738 526//526
f 387//387 1694//1694 1742//1742
f 123//123 1457//1457 1951//1951
f 125//125 1458//1458 1949//1949
f 396//396 1697//1697 1746//1746
f 1488//1488 1758//1758 578//578
f 611//611 266//266 1652//1652
f 2106//2106 2107//2107 1308//1308
f 720//720 1308//1308 1939//1939
f 53//53 263//263 1650//1650
f 615//615 271//271 1644//1644
f 2101//2101 2102//2102 1298//1298
f 724//724 1298//1298 1931//1931
f 3//3 269//269 1642//1642
f 619//619 276//276 1636//1636
f 2096//2096 2097//2097 1288//1288
f 728//728 1288//1288 1923//1923
f 5//5 274//274 1634//1634
f 623//623 280//280 1629//1629
f 2091//2091 2092//2092 1280//1280
f 732//732 1280//1280 1916//1916
f 446//446 447//447 1714//1714
f 890//890 2090//2090 2089//2089
f 627//627 284//284 1625//1625
f 2087//2087 2088//2088 1274//1274
f 736//736 1274//1274 1912//1912
f 450//450 451//451 1717//1717
f 894//894 2086//2086 2085//2085
f 631//631 288//288 1621//1621
f 2083//2083 2084//2084 1268//1268
f 740//740 1268//1268 1908//1908
f 454//454 455//455 1720//1720
f 898//898 2082//2082 2081//2081
f 635//635 292//292 1617//1617
f 2079//2079 2080//2080 1262//1262
f 744//744 1262//1262 1904//1904
f 458//458 459//459 1723//1723
f 902//902 2078//2078 2077//2077
f 639//639 296//296 1613//1613
f 2075//2075 2076//2076 1256//1256
f 748//748 1256//1256 1900//1900
f 462//462 463//463 1726//1726
f 906//906 2074//2074 2073//2073
f 232//232 1601//1601 1448//1448
f 523//523 381//381 1491//1491
f 233//233 1599//1599 1450//1450
f 526//526 384//384 1492//1492
f 234//234 1597//1597 1452//1452
f 529//529 387//387 1493//1493
f 235//235 1595//1595 1454//1454
f 330//330 1593//1593 1455//1455
f 351//351 1585//1585 1459//1459
f 33//33 379//379 1581//1581
f 30//30 376//376 1579//1579
f 555//555 407//407 1699//1699
f 556//556 1753//1753 1752//1752
f 397//397 1577//1577 1839//1839
f 394//394 1575//1575 1835//1835
f 1498//1498 1557//1557 578//578
f 557//557 1754//1754 1749//1749
f 552//552 1862//1862 1863//1863
f 40//40 1840//1840 1576//1576
f 554//554 1550//1550 1753//1753
f 556//556 1864//1864 1865//1865
f 43//43 1464//1464 1578//1578
f 45//45 1839//1839 1838//1838
f 27//27 186//186 1785//1785
f 553//553 554//554 1751//1751
f 1866//1866 1867//1867 554//554
f 376//376 27//27 1837//1837
f 552//552 553//553 1750//1750
f 1868//1868 1869//1869 553//553
f 379//379 30//30 1836//1836
f 540//540 398//398 1584//1584
f 540//540 1747//1747 1545//1545
f 539//539 1872//1872 1873//1873
f 127//127 1833//1833 1586//1586
f 537//537 396//396 1588//1588
f 535//535 393//393 1590//1590
f 533//533 390//390 1592//1592
f 533//533 1743//1743 1541//1541
f 532//532 1880//1880 1881//1881
f 121//121 1829//1829 1594//1594
f 384//384 1693//1693 1540//1540
f 530//530 1882//1882 1883//1883
f 83//83 1779//1779 1596//1596
f 190//190 119//119 1407//1407
f 381//381 1692//1692 1538//1538
f 527//527 1884//1884 1885//1885
f 82//82 1778//1778 1598//1598
f 189//189 120//120 1406//1406
f 378//378 1691//1691 1536//1536
f 524//524 1886//1886 1887//1887
f 107//107 1777//1777 1600//1600
f 188//188 122//122 1405//1405
f 375//375 1690//1690 1534//1534
f 521//521 1888//1888 1889//1889
f 102//102 1776//1776 1602//1602
f 1252//1252 2072//2072 2071//2071
f 297//297 1612//1612 2070//2070
f 1252//1252 2069//2069 2070//2070
f 1254//1254 1899//1899 1611//1611
f 640//640 2068//2068 2067//2067
f 13//13 14//14 1812//1812
f 1255//1255 293//293 1487//1487
f 2065//2065 2066//2066 902//902
f 1014//1014 902//902 1774//1774
f 1613//1613 1614//1614 1257//1257
f 2063//2063 1901//1901 293//293
f 905//905 38//38 1401//1401
f 2061//2061 2062//2062 636//636
f 1257//1257 636//636 1688//1688
f 1258//1258 2060//2060 2059//2059
f 293//293 1616//1616 2058//2058
f 1258//1258 2057//2057 2058//2058
f 1260//1260 1903//1903 1615//1615
f 636//636 2056//2056 2055//2055
f 11//11 13//13 1809//1809
f 1261//1261 289//289 1486//1486
f 2053//2053 2054//2054 898//898
f 1010//1010 898//898 1773//1773
f 1617//1617 1618//1618 1263//1263
f 2051//2051 1905//1905 289//289
f 901//901 36//36 1400//1400
f 2049//2049 2050//2050 632//632
f 1263//1263 632//632 1687//1687
f 1264//1264 2048//2048 2047//2047
f 289//289 1620//1620 2046//2046
f 1264//1264 2045//2045 2046//2046
f 1266//1266 1907//1907 1619//1619
f 632//632 2044//2044 2043//2043
f 9//9 11//11 1806//1806
f 1267//1267 285//285 1485//1485
f 2041//2041 2042//2042 894//894
f 1006//1006 894//894 1772//1772
f 1621//1621 1622//1622 1269//1269
f 2039//2039 1909//1909 285//285
f 897//897 32//32 1399//1399
f 2037//2037 2038//2038 628//628
f 1269//1269 628//628 1686//1686
f 1270//1270 2036//2036 2035//2035
f 285//285 1624//1624 2034//2034
f 1270//1270 2033//2033 2034//2034
f 1272//1272 1911//1911 1623//1623
f 628//628 2032//2032 2031//2031
f 8//8 9//9 1803//1803
f 1273//1273 281//281 1484//1484
f 2029//2029 2030//2030 890//890
f 1002//1002 890//890 1771//1771
f 1625//1625 1626//1626 1275//1275
f 2027//2027 1913//1913 281//281
f 893//893 29//29 1398//1398
f 2025//2025 2026//2026 624//624
f 1275//1275 624//624 1685//1685
f 1276//1276 2024//2024 2023//2023
f 281//281 1628//1628 2022//2022
f 1276//1276 2021//2021 2022//2022
f 1278//1278 1915//1915 1627//1627
f 624//624 2020//2020 2019//2019
f 7//7 8//8 1800//1800
f 1279//1279 277//277 1483//1483
f 2017//2017 2018//2018 886//886
f 998//998 886//886 1770//1770
f 1629//1629 1630//1630 1281//1281
f 2015//2015 1917//1917 277//277
f 889//889 23//23 1397//1397
f 2013//2013 2014//2014 620//620
f 1281//1281 620//620 1684//1684
f 442//442 443//443 1710//1710
f 1921//1921 1922//1922 443//443
f 274//274 7//7 1796//1796
f 1287//1287 272//272 1482//1482
f 2002//2002 2003//2003 882//882
f 994//994 882//882 1769//1769
f 1636//1636 1637//1637 1289//1289
f 2000//2000 1924//1924 272//272
f 885//885 17//17 1396//1396
f 1998//1998 1999//1999 616//616
f 1289//1289 616//616 1683//1683
f 438//438 439//439 1706//1706
f 1929//1929 1930//1930 439//439
f 269//269 5//5 1792//1792
f 1297//1297 267//267 1481//1481
f 1987//1987 1988//1988 878//878
f 990//990 878//878 1768//1768
f 1644//1644 1645//1645 1299//1299
f 1985//1985 1932//1932 267//267
f 881//881 10//10 1395//1395
f 1983//1983 1984//1984 612//612
f 1299//1299 612//612 1682//1682
f 434//434 435//435 1702//1702
f 1937//1937 1938//1938 435//435
f 263//263 3//3 1788//1788
f 1307//1307 260//260 1681//1681
f 1972//1972 1973//1973 607//607
f 986//986 607//607 1394//1394
f 1652//1652 1653//1653 1309//1309
f 1970//1970 1940//1940 260//260
f 877//877 4//4 1767//1767
f 1968//1968 1969//1969 873//873
f 1309//1309 873//873 1480//1480
f 345//345 1948//1948 1409//1409
f 537//537 1544//1544 1495//1495
f 339//339 1950//1950 1408//1408
f 535//535 1543//1543 1494//1494
f 529//529 530//530 1666//1666
f 378//378 521//521 1668//1668
f 1821//1821 1955//1955 1349//1349
f 1348//1348 1349//1349 1955//1955
f 1667//1667 1404//1404 674//674
f 1737//1737 1535//1535 1057//1057
f 1739//1739 1537//1537 1060//1060
f 1827//1827 1953//1953 1344//1344
f 1343//1343 1344//1344 1953//1953
f 1665//1665 1453//1453 797//797
f 945//945 1493//1493 1541//1541
f 1069//1069 1830//1830 1781//1781
f 1339//1339 1664//1664 1663//1663
f 1338//1338 1663//1663 1695//1695
f 1070//1070 1831//1831 1782//1782
f 1337//1337 1662//1662 1661//1661
f 1336//1336 1661//1661 1696//1696
f 949//949 1496//1496 1545//1545
f 1689//1689 1557//1557 1110//1110
f 266//266 877//877 1968//1968
f 1939//1939 1971//1971 1307//1307
f 434//434 1307//1307 1972//1972
f 1306//1306 987//987 1501//1501
f 1650//1650 1651//1651 1306//1306
f 720//720 721//721 1415//1415
f 271//271 881//881 1983//1983
f 1931//1931 1986//1986 1297//1297
f 438//438 1297//1297 1987//1987
f 1296//1296 991//991 1505//1505
f 1642//1642 1643//1643 1296//1296
f 724//724 725//725 1419//1419
f 276//276 885//885 1998//1998
f 1923//1923 2001//2001 1287//1287
f 442//442 1287//1287 2002//2002
f 1286//1286 995//995 1509//1509
f 1634//1634 1635//1635 1286//1286
f 728//728 729//729 1423//1423
f 280//280 889//889 2013//2013
f 1916//1916 2016//2016 1279//1279
f 446//446 1279//1279 2017//2017
f 998//998 999//999 1513//1513
f 1277//1277 2021//2021 1914//1914
f 284//284 893//893 2025//2025
f 1912//1912 2028//2028 1273//1273
f 450//450 1273//1273 2029//2029
f 1002//1002 1003//1003 1516//1516
f 1271//1271 2033//2033 1910//1910
f 288//288 897//897 2037//2037
f 1908//1908 2040//2040 1267//1267
f 454//454 1267//1267 2041//2041
f 1006//1006 1007//1007 1519//1519
f 1265//1265 2045//2045 1906//1906
f 292//292 901//901 2049//2049
f 1904//1904 2052//2052 1261//1261
f 458//458 1261//1261 2053//2053
f 1010//1010 1011//1011 1522//1522
f 1259//1259 2057//2057 1902//1902
f 296//296 905//905 2061//2061
f 1900//1900 2064//2064 1255//1255
f 462//462 1255//1255 2065//2065
f 1014//1014 1015//1015 1525//1525
f 1253//1253 2069//2069 1898//1898
f 939//939 1489//1489 1889//1889
f 1201//1201 1601//1601 1602//1602
f 673//673 1403//1403 1821//1821
f 791//791 675//675 1692//1692
f 940//940 1490//1490 1887//1887
f 1199//1199 1599//1599 1600//1600
f 674//674 1404//1404 1823//1823
f 794//794 677//677 1693//1693
f 941//941 1491//1491 1885//1885
f 1195//1195 1597//1597 1598//1598
f 675//675 1405//1405 1825//1825
f 797//797 679//679 1694//1694
f 943//943 1492//1492 1883//1883
f 1191//1191 1595//1595 1596//1596
f 677//677 1406//1406 1827//1827
f 1067//1067 1542//1542 1881//1881
f 1187//1187 1593//1593 1594//1594
f 801//801 1456//1456 1828//1828
f 1781//1781 1879//1879 1186//1186
f 1185//1185 1186//1186 1879//1879
f 1591//1591 1456//1456 801//801
f 1782//1782 1877//1877 1182//1182
f 1181//1181 1182//1182 1877//1877
f 1589//1589 1830//1830 1069//1069
f 1783//1783 1875//1875 1180//1180
f 1179//1179 1180//1180 1875//1875
f 1587//1587 1831//1831 1070//1070
f 1072//1072 1546//1546 1873//1873
f 1177//1177 1585//1585 1586//1586
f 806//806 1460//1460 1832//1832
f 1784//1784 1871//1871 1176//1176
f 1175//1175 1176//1176 1871//1871
f 1583//1583 1460//1460 806//806
f 1168//1168 1085//1085 1549//1549
f 1581//1581 1582//1582 1168//1168
f 1084//1084 819//819 1463//1463
f 1166//1166 1086//1086 1550//1550
f 1579//1579 1580//1580 1166//1166
f 819//819 820//820 1464//1464
f 821//821 959//959 1498//1498
f 1088//1088 1552//1552 1551//1551
f 820//820 1751//1751 1865//1865
f 1163//1163 1577//1577 1578//1578
f 1086//1086 1837//1837 1466//1466
f 1089//1089 1553//1553 1863//1863
f 1161//1161 1575//1575 1576//1576
f 823//823 1467//1467 1462//1462
f 1699//1699 1758//1758 844//844
f 1785//1785 1844//1844 1110//1110
f 1161//1161 1862//1862 1548//1548
f 1163//1163 1864//1864 1552//1552
f 822//822 1466//1466 1465//1465
f 1087//1087 693//693 1412//1412
f 1085//1085 1165//1165 1866//1866
f 818//818 1167//1167 1868//1868
f 1698//1698 1546//1546 1072//1072
f 1177//1177 1872//1872 1746//1746
f 1697//1697 1745//1745 804//804
f 1696//1696 1744//1744 803//803
f 1695//1695 1542//1542 1067//1067
f 1187//1187 1880//1880 1742//1742
f 1191//1191 1882//1882 1741//1741
f 1063//1063 945//945 1780//1780
f 1195//1195 1884//1884 1739//1739
f 1060//1060 943//943 1779//1779
f 1199//1199 1886//1886 1737//1737
f 1057//1057 941//941 1778//1778
f 1201//1201 1888//1888 1735//1735
f 748//748 749//749 1439//1439
f 198//198 639//639 2075//2075
f 744//744 745//745 1436//1436
f 197//197 635//635 2079//2079
f 740//740 741//741 1433//1433
f 210//210 631//631 2083//2083
f 736//736 737//737 1430//1430
f 207//207 627//627 2087//2087
f 732//732 733//733 1427//1427
f 205//205 623//623 2091//2091
f 994//994 1285//1285 1921//1921
f 208//208 619//619 2096//2096
f 990//990 1295//1295 1929//1929
f 203//203 615//615 2101//2101
f 986//986 1305//1305 1937//1937
f 196//196 611//611 2106//2106
f 1775//1775 1471//1471 844//844
f 683//683 1410//1410 1459//1459
f 804//804 1745//1745 1662//1662
f 803//803 1744//1744 1664//1664
f 679//679 1407//1407 1455//1455
f 1741//1741 1539//1539 1063//1063
f 1825//1825 1451//1451 794//794
f 1823//1823 1449//1449 791//791
f 1735//1735 1490//1490 940//940
