# Blender 5.2.0 LTS
# www.blender.org
o Cave
v -1.500000 0.000000 1.500000
v -1.500000 2.700000 1.500000
v -0.750000 0.000000 -0.750000
v -0.750000 0.000000 0.750000
v -0.947650 0.254348 -0.750000
v -1.004849 0.539145 -0.750000
v -1.500000 0.000000 -1.500000
v -0.851874 0.287824 0.750000
v -1.063546 0.820434 -0.750000
v -1.054601 0.973449 -0.750000
v -1.500000 2.700000 -1.500000
v -0.939030 0.551277 0.750000
v -1.031996 1.123264 -0.750000
v 1.500000 0.000000 1.500000
v -0.988547 1.272807 -0.750000
v -1.023693 0.822908 0.750000
v -0.919829 1.419331 -0.750000
v 1.500000 2.700000 1.500000
v -0.827321 1.562330 -0.750000
v -0.707723 1.699260 -0.750000
v -1.030382 0.971378 0.750000
v -0.576769 1.845189 -0.750000
v 1.500000 0.000000 -1.500000
v -1.024221 1.121711 0.750000
v -0.422085 1.994396 -0.750000
v -0.227970 2.128234 -0.750000
v 1.500000 2.700000 -1.500000
v -1.002066 1.277335 0.750000
v -0.000000 2.263923 -0.750000
v 0.230643 2.131949 -0.750000
v -0.958268 1.437977 0.750000
v 0.436837 2.011982 -0.750000
v -0.896357 1.607024 0.750000
v -0.802462 1.776958 0.750000
v 0.602909 1.871381 -0.750000
v -0.657616 1.926199 0.750000
v 0.751361 1.735049 -0.750000
v -0.474585 2.056982 0.750000
v 0.871236 1.590761 -0.750000
v 0.960643 1.439129 -0.750000
v -0.267620 2.183335 0.750000
v 1.037073 1.289059 -0.750000
v -0.000003 2.364842 0.750000
v 1.101434 1.137128 -0.750000
v 0.314455 2.248422 0.750000
v 1.143533 0.981054 -0.750000
v 0.495374 2.081766 0.750000
v 1.158181 0.814559 -0.750000
v 0.654016 1.922591 0.750000
v 1.105395 0.520612 -0.750000
v 0.778130 1.757003 0.750000
v 0.875178 1.593313 0.750000
v 1.040424 0.221921 -0.750000
v 0.959977 1.438806 0.750000
v 0.750000 0.000000 -0.750000
v 1.025503 1.285184 0.750000
v 1.069464 1.130745 0.750000
v 1.094251 0.976839 0.750000
v 1.099358 0.818211 0.750000
v 1.053374 0.530201 0.750000
v 0.944349 0.255502 0.750000
v 0.750000 0.000000 0.750000
v -0.990000 0.825000 -1.500000
v -0.985038 0.967500 -1.500000
v -0.965565 1.110000 -1.500000
v -0.869670 1.395000 -1.500000
v -0.927911 1.252500 -1.500000
v -0.945959 0.550000 -1.500000
v -0.213050 2.107500 -1.500000
v 0.000000 2.250000 -1.500000
v 0.397427 1.965000 -1.500000
v 0.213050 2.107500 -1.500000
v -0.684238 1.680000 -1.500000
v -0.554126 1.822500 -1.500000
v -0.397427 1.965000 -1.500000
v -0.788968 1.537500 -1.500000
v -0.888564 0.275000 -1.500000
v -0.750000 0.000000 -1.500000
v 0.788968 1.537500 -1.500000
v 0.684238 1.680000 -1.500000
v 0.750000 0.000000 -1.500000
v 0.554126 1.822500 -1.500000
v 0.965565 1.110000 -1.500000
v 0.990000 0.825000 -1.500000
v 0.985038 0.967500 -1.500000
v 0.888564 0.275000 -1.500000
v 0.945959 0.550000 -1.500000
v 0.927911 1.252500 -1.500000
v 0.869670 1.395000 -1.500000
v -0.397427 1.965000 1.500000
v -0.213050 2.107500 1.500000
v 0.000000 2.250000 1.500000
v 0.554126 1.822500 1.500000
v 0.397427 1.965000 1.500000
v 0.213050 2.107500 1.500000
v 0.788968 1.537500 1.500000
v 0.869670 1.395000 1.500000
v 0.965565 1.110000 1.500000
v 0.990000 0.825000 1.500000
v 0.985038 0.967500 1.500000
v 0.945959 0.550000 1.500000
v 0.927911 1.252500 1.500000
v 0.684238 1.680000 1.500000
v -0.985038 0.967500 1.500000
v -0.990000 0.825000 1.500000
v -0.888564 0.275000 1.500000
v -0.927911 1.252500 1.500000
v -0.945959 0.550000 1.500000
v -0.965565 1.110000 1.500000
v -0.684238 1.680000 1.500000
v -0.788968 1.537500 1.500000
v 0.888564 0.275000 1.500000
v 0.750000 0.000000 1.500000
v -0.750000 0.000000 1.500000
v -0.554126 1.822500 1.500000
v -0.869670 1.395000 1.500000
v -0.903779 0.456972 0.750000
v -0.995921 0.723968 0.750000
v -1.025206 1.066641 0.750000
v -1.028211 0.918377 0.750000
v -0.974063 1.378655 0.750000
v -1.010897 1.220333 0.750000
v -0.839458 1.716201 0.750000
v -0.919556 1.544674 0.750000
v -0.712743 1.874608 0.750000
v 0.733703 1.817884 0.750000
v 0.927547 1.494560 0.750000
v 0.838796 1.651997 0.750000
v 1.052716 1.187124 0.750000
v 1.001638 1.341644 0.750000
v 1.097853 0.879381 0.750000
v 1.085977 1.032802 0.750000
v 1.070790 0.630092 0.750000
v 0.989752 0.355712 0.750000
v 0.817085 0.088553 0.750000
v -0.704468 1.784143 0.012295
v 0.966623 1.380100 0.012295
v 0.890676 1.533394 0.012295
v -0.816497 1.629690 0.012295
v -0.945510 1.314219 0.012295
v 1.035432 0.437235 0.012295
v -0.924551 0.361581 0.012295
v 0.656565 1.830361 0.012295
v 1.115367 0.925260 0.012295
v -0.980058 1.163813 0.012295
v 1.080418 1.078101 0.012295
v -0.892192 1.469462 0.012295
v 0.791741 1.687051 0.012295
v 1.108313 0.713576 0.012295
v 0.904885 0.153721 0.012295
v -1.010326 0.872486 0.012295
v 1.028598 1.229122 0.012295
v -0.998232 1.016897 0.012295
v -0.990159 0.635398 0.012295
v -0.917262 0.412500 -1.500000
v -0.819282 0.137500 -1.500000
v 0.819282 0.137500 -1.500000
v 0.917262 0.412500 -1.500000
v 0.967980 0.687500 -1.500000
v 0.619182 1.751250 -1.500000
v 0.475776 1.893750 -1.500000
v 0.305238 2.036250 -1.500000
v 0.106525 2.178750 -1.500000
v -0.106525 2.178750 -1.500000
v -0.305238 2.036250 -1.500000
v -0.475776 1.893750 -1.500000
v -0.619182 1.751250 -1.500000
v -0.967980 0.687500 -1.500000
v 0.819282 0.137500 1.500000
v -0.819282 0.137500 1.500000
v -0.917262 0.412500 1.500000
v -0.967980 0.687500 1.500000
v -0.619182 1.751250 1.500000
v -0.475776 1.893750 1.500000
v -0.305238 2.036250 1.500000
v -0.106525 2.178750 1.500000
v 0.106525 2.178750 1.500000
v 0.305238 2.036250 1.500000
v 0.475776 1.893750 1.500000
v 0.619182 1.751250 1.500000
v 0.967980 0.687500 1.500000
v 0.917262 0.412500 1.500000
v 0.750000 0.000000 1.125000
v 0.750000 0.000000 0.000000
v 0.750000 0.000000 -1.125000
v -0.750000 0.000000 -1.125000
v -0.750000 0.000000 0.000000
v -0.750000 0.000000 1.125000
v -0.985020 0.241287 -1.125000
v -0.873158 0.110353 -0.750000
v -0.899965 0.271015 -0.000000
v -0.773053 0.160793 0.750000
v -1.039982 0.532669 -1.125000
v -0.971599 0.401159 -0.750000
v -0.900230 0.412185 0.381148
v -0.868741 0.326183 0.381148
v -0.973611 0.544903 -0.000000
v -1.080505 0.819382 -1.125000
v -1.037279 0.676402 -0.750000
v -0.981712 0.681497 0.381148
v -0.956975 0.594474 0.381148
v -1.013607 0.823535 0.000000
v -1.083409 0.975912 -1.125000
v -1.021516 0.895510 0.381148
v -1.020991 0.849468 0.381148
v -1.003590 0.969086 -0.000000
v -1.063422 1.129539 -1.125000
v -1.009166 1.041420 0.381148
v -1.016452 0.995589 0.381148
v -0.988632 1.114606 -0.000000
v -1.010685 1.280221 -1.125000
v -0.978207 1.187510 0.381148
v -0.989833 1.141404 0.381148
v -0.960924 1.263556 -0.000000
v -0.934134 1.426270 -1.125000
v -0.940175 1.338421 0.381148
v -0.953753 1.290325 0.381148
v -0.914470 1.416732 -0.000000
v -0.829829 1.563953 -1.125000
v -0.890147 1.498161 0.381148
v -0.908189 1.447668 0.381148
v -0.847160 1.575174 -0.000000
v -0.691879 1.686266 -1.125000
v -0.817230 1.665047 0.381148
v -0.843247 1.613371 0.381148
v -0.747639 1.731996 -0.000000
v -0.541027 1.809375 -1.125000
v -0.638768 1.769133 -0.750000
v -0.700869 1.822312 0.381148
v -0.744632 1.777979 0.381148
v -0.611409 1.879898 0.000000
v -0.378979 1.943008 -1.125000
v -0.502141 1.922742 -0.750000
v -0.472034 2.053941 0.000000
v -0.566272 1.993263 0.750000
v -0.193695 2.080602 -1.125000
v -0.325376 2.062306 -0.750000
v -0.278217 2.198061 0.000000
v -0.368968 2.118708 0.750000
v -0.000000 2.242586 -1.125000
v -0.117172 2.194668 -0.750000
v 0.000000 2.345035 -0.000000
v -0.158775 2.256869 0.750000
v 0.217131 2.113171 -1.125000
v 0.117209 2.194724 -0.750000
v 0.263460 2.177554 -0.000000
v 0.190095 2.303694 0.750000
v 0.432683 2.007030 -1.125000
v 0.334905 2.074635 -0.750000
v 0.448370 2.025731 -0.000000
v 0.407978 2.169182 0.750000
v 0.619238 1.887743 -1.125000
v 0.520686 1.943134 -0.750000
v 0.608564 1.877048 0.000000
v 0.574595 2.002416 0.750000
v 0.674918 1.802140 -0.750000
v 0.760206 1.742302 -1.125000
v 0.654653 1.871451 0.381148
v 0.695030 1.824028 0.381148
v 0.753115 1.736487 0.000000
v 0.876553 1.594203 -1.125000
v 0.786159 1.718927 0.381148
v 0.821232 1.673907 0.381148
v 0.862625 1.585186 0.000000
v 0.979268 1.448164 -1.125000
v 0.892865 1.565488 0.381148
v 0.916580 1.518207 0.381148
v 0.945721 1.431891 0.000000
v 1.049058 1.293073 -1.125000
v 0.968286 1.408042 0.381148
v 0.986321 1.361767 0.381148
v 1.012232 1.280739 0.000000
v 1.087613 1.134369 -1.125000
v 1.029407 1.254328 0.381148
v 1.045238 1.209333 0.381148
v 1.067682 1.130389 0.000000
v 1.112848 0.978430 -1.125000
v 1.082303 1.102156 0.381148
v 1.094838 1.057042 0.381148
v 1.109731 0.978163 0.000000
v 1.128144 0.816425 -1.125000
v 1.117843 0.948735 0.381148
v 1.123244 0.902900 0.381148
v 1.123964 0.816684 0.000000
v 1.131735 0.661275 -0.750000
v 1.101366 0.521355 -1.125000
v 1.123911 0.757316 0.381148
v 1.114476 0.667842 0.381148
v 1.064537 0.528143 0.000000
v 1.074612 0.379660 -0.750000
v 1.052849 0.217579 -1.125000
v 1.083275 0.474295 0.381148
v 1.055895 0.387436 0.381148
v 0.961926 0.249358 -0.000000
v 0.966645 0.063248 -0.750000
v 0.876080 0.170059 0.750000
v 0.961072 0.181938 0.381148
v 0.903447 0.099742 0.381148
v -0.844388 0.290440 1.125000
v -0.920823 0.554633 1.125000
v -1.007041 0.823942 1.125000
v -1.017995 0.970318 1.125000
v -1.012249 1.119321 1.125000
v -0.999208 1.276378 1.125000
v -0.962447 1.440004 1.125000
v -0.888083 1.601667 1.125000
v -0.787227 1.764463 1.125000
v -0.664584 1.933180 1.125000
v -0.504533 2.092685 1.125000
v -0.310915 2.243502 1.125000
v 0.000000 2.408335 1.125000
v 0.324989 2.263060 1.125000
v 0.530558 2.123709 1.125000
v 0.673348 1.941962 1.125000
v 0.790964 1.767528 1.125000
v 0.888147 1.601709 1.125000
v 0.967879 1.442640 1.125000
v 1.022700 1.284245 1.125000
v 1.053136 1.127485 1.125000
v 1.068297 0.974620 1.125000
v 1.065094 0.820338 1.125000
v 0.994558 0.541042 1.125000
v 0.889374 0.274717 1.125000
v -0.899838 0.096910 -1.125000
v -0.824082 0.135082 -0.000000
v -1.018499 0.391371 -1.125000
v -0.948837 0.309466 -0.368852
v -0.975526 0.447385 -0.368852
v -0.916772 0.459648 0.381148
v -1.056660 0.673298 -1.125000
v -1.002999 0.587103 -0.368852
v -1.022956 0.724934 -0.368852
v -0.995550 0.729323 0.381148
v -1.082129 0.899544 -1.125000
v -1.032235 0.849860 -0.368852
v -1.024280 0.920919 -0.368852
v -1.021409 0.920819 0.381148
v -1.075865 1.052492 -1.125000
v -1.013328 0.995163 -0.368852
v -0.998124 1.065666 -0.368852
v -1.004830 1.066582 0.381148
v -1.037884 1.205335 -1.125000
v -0.981707 1.139257 -0.368852
v -0.964468 1.210927 -0.368852
v -0.972504 1.213050 0.381148
v -0.972752 1.353979 -1.125000
v -0.946393 1.287317 -0.368852
v -0.923794 1.361232 -0.368852
v -0.933207 1.365079 0.381148
v -0.883101 1.496709 -1.125000
v -0.894284 1.439793 -0.368852
v -0.857143 1.512861 -0.368852
v -0.880280 1.525964 0.381148
v -0.761009 1.626687 -1.125000
v -0.810301 1.589158 -0.368852
v -0.756451 1.659316 -0.368852
v -0.802293 1.693007 0.381148
v -0.612980 1.745587 -1.125000
v -0.694984 1.732647 -0.368852
v -0.630637 1.804545 -0.368852
v -0.675342 1.845364 0.381148
v -0.459680 1.876049 -1.125000
v -0.539199 1.963493 0.000000
v -0.283699 2.008381 -1.125000
v -0.383355 2.137323 0.000000
v -0.096894 2.164351 -1.125000
v -0.157186 2.254493 0.000000
v 0.105992 2.177954 -1.125000
v 0.161817 2.261416 -0.000000
v 0.323193 2.059481 -1.125000
v 0.352781 2.097764 -0.000000
v 0.527445 1.950567 -1.125000
v 0.527644 1.950786 -0.000000
v 0.691249 1.817052 -1.125000
v 0.645387 1.862990 -0.368852
v 0.714175 1.795148 -0.368852
v 0.717444 1.798133 0.381148
v 0.816295 1.667319 -1.125000
v 0.788625 1.720739 -0.368852
v 0.844325 1.651941 -0.368852
v 0.839730 1.648564 0.381148
v 0.927605 1.521913 -1.125000
v 0.898148 1.568479 -0.368852
v 0.934611 1.495027 -0.368852
v 0.929538 1.492154 0.381148
v 1.015961 1.371638 -1.125000
v 0.976037 1.411210 -0.368852
v 1.010495 1.342142 -0.368852
v 0.996738 1.336519 0.381148
v 1.068416 1.213402 -1.125000
v 1.052690 1.260480 -0.368852
v 1.086654 1.193230 -0.368852
v 1.054643 1.184771 0.381148
v 1.099341 1.055700 -1.125000
v 1.120825 1.107420 -0.368852
v 1.144718 1.038104 -0.368852
v 1.101541 1.032204 0.381148
v 1.120152 0.900868 -1.125000
v 1.163933 0.950340 -0.368852
v 1.171151 0.879255 -0.368852
v 1.125927 0.877680 0.381148
v 1.114216 0.664081 -1.125000
v 1.161447 0.751305 -0.368852
v 1.123173 0.616408 -0.368852
v 1.108693 0.618727 0.381148
v 1.078344 0.378881 -1.125000
v 1.076355 0.475740 -0.368852
v 1.031978 0.341512 -0.368852
v 1.038017 0.340251 0.381148
v 0.986779 0.053103 -1.125000
v 0.964789 0.180065 -0.368852
v 0.876690 0.052046 -0.368852
v 0.875015 0.052890 0.381148
v -0.793873 0.150303 1.125000
v -0.904089 0.507823 1.125000
v -0.862369 0.373041 1.125000
v -0.992520 0.774555 1.125000
v -0.948833 0.640525 1.125000
v -1.016539 0.943284 1.125000
v -1.011464 0.871771 1.125000
v -1.013084 1.090739 1.125000
v -1.015961 1.018552 1.125000
v -1.002037 1.245039 1.125000
v -1.006969 1.170118 1.125000
v -0.971692 1.407192 1.125000
v -0.988226 1.330797 1.125000
v -0.904189 1.569363 1.125000
v -0.938769 1.494844 1.125000
v -0.807434 1.731603 1.125000
v -0.853386 1.655641 1.125000
v -0.690310 1.900485 1.125000
v -0.746711 1.821332 1.125000
v -0.585822 2.014761 1.125000
v -0.406917 2.167809 1.125000
v -0.200096 2.318647 1.125000
v 0.201523 2.320781 1.125000
v 0.432229 2.200559 1.125000
v 0.604159 2.034926 1.125000
v 0.766380 1.801361 1.125000
v 0.712192 1.882533 1.125000
v 0.867889 1.634441 1.125000
v 0.823608 1.711632 1.125000
v 0.951326 1.474636 1.125000
v 0.914480 1.547871 1.125000
v 1.012030 1.316386 1.125000
v 0.987335 1.389444 1.125000
v 1.046585 1.158456 1.125000
v 1.033083 1.231113 1.125000
v 1.065650 1.004270 1.125000
v 1.058679 1.075898 1.125000
v 1.066068 0.852962 1.125000
v 1.067909 0.924362 1.125000
v 1.008570 0.590015 1.125000
v 1.044030 0.725362 1.125000
v 0.906866 0.322096 1.125000
v 0.960666 0.454357 1.125000
v 0.751006 0.060670 1.125000
v 0.832266 0.192135 1.125000
v 0.750000 0.000000 1.312500
v 0.750000 0.000000 0.375000
v 0.750000 0.000000 -1.312500
v -0.750000 0.000000 -1.312500
v -0.750000 0.000000 0.375000
v -0.750000 0.000000 1.312500
v -0.934392 0.258982 -1.312500
v -0.854197 0.287012 0.375000
v -0.994787 0.541000 -1.312500
v -0.916151 0.386098 0.196721
v -0.903786 0.342392 0.196721
v -0.945449 0.550094 0.375000
v -1.028459 0.822613 -1.312500
v -0.986027 0.658433 0.196721
v -0.975656 0.614601 0.196721
v -1.020113 0.823131 0.375000
v -1.022694 0.970720 -1.312500
v -1.022800 0.884237 0.196721
v -1.023196 0.861239 0.196721
v -1.020125 0.970500 0.375000
v -1.003367 1.117548 -1.312500
v -1.012172 1.030316 0.196721
v -1.015469 1.007354 0.196721
v -0.996594 1.116195 0.375000
v -0.963509 1.264422 -1.312500
v -0.984109 1.176976 0.196721
v -0.989973 1.153937 0.196721
v -0.961609 1.263786 0.375000
v -0.897879 1.408684 -1.312500
v -0.941438 1.325746 0.196721
v -0.949497 1.302217 0.196721
v -0.918679 1.418773 0.375000
v -0.804353 1.547461 -1.312500
v -0.885903 1.480828 0.196721
v -0.895745 1.456047 0.196721
v -0.858675 1.582629 0.375000
v -0.684104 1.679890 -1.312500
v -0.814660 1.645749 0.196721
v -0.827486 1.619777 0.196721
v -0.768501 1.749106 0.375000
v -0.542856 1.811207 -1.312500
v -0.705632 1.805933 0.196721
v -0.726906 1.783212 0.196721
v -0.624247 1.892763 0.375000
v -0.389910 1.956039 -1.312500
v -0.468237 2.049415 0.375000
v -0.203511 2.094243 -1.312500
v -0.268343 2.184340 0.375000
v 0.000000 2.241424 -1.312500
v 0.000000 2.338166 0.375000
v 0.214326 2.109272 -1.312500
v 0.269106 2.185400 0.375000
v 0.416350 1.987559 -1.312500
v 0.470184 2.051735 0.375000
v 0.585952 1.854390 -1.312500
v 0.630693 1.899221 0.375000
v 0.721415 1.710489 -1.312500
v 0.665425 1.859869 0.196721
v 0.687138 1.837549 0.196721
v 0.765316 1.746494 0.375000
v 0.835495 1.567622 -1.312500
v 0.800793 1.711693 0.196721
v 0.817642 1.688678 0.196721
v 0.877586 1.594872 0.375000
v 0.923611 1.421166 -1.312500
v 0.897814 1.552864 0.196721
v 0.908537 1.528581 0.196721
v 0.956981 1.437353 0.375000
v 0.982217 1.270688 -1.312500
v 0.963047 1.392269 0.196721
v 0.970806 1.368618 0.196721
v 1.019823 1.283282 0.375000
v 1.017627 1.120395 -1.312500
v 1.016672 1.238467 0.196721
v 1.023979 1.215809 0.196721
v 1.074827 1.131815 0.375000
v 1.037663 0.972000 -1.312500
v 1.066872 1.088148 0.196721
v 1.073652 1.065662 0.196721
v 1.114453 0.978567 0.375000
v 1.044237 0.821633 -1.312500
v 1.104551 0.936578 0.196721
v 1.108018 0.913687 0.196721
v 1.130005 0.816309 0.375000
v 1.004469 0.539215 -1.312500
v 1.111086 0.736251 0.196721
v 1.106497 0.691493 0.196721
v 1.094557 0.522610 0.375000
v 0.951739 0.252919 -1.312500
v 1.063549 0.454889 0.196721
v 1.049275 0.411581 0.196721
v 0.998114 0.236710 0.375000
v 0.935328 0.166645 0.196721
v 0.907720 0.124941 0.196721
v -0.874218 0.280014 1.312500
v -0.942671 0.550606 1.312500
v -1.001958 0.824258 1.312500
v -1.004962 0.969204 1.312500
v -0.994112 1.115700 1.312500
v -0.963137 1.264297 1.312500
v -0.907335 1.413270 1.312500
v -0.829892 1.563995 1.312500
v -0.730845 1.718224 1.312500
v -0.607855 1.876336 1.312500
v -0.447521 2.024719 1.312500
v -0.253480 2.163686 1.312500
v 0.000000 2.318663 1.312500
v 0.257294 2.168985 1.312500
v 0.456790 2.035768 1.312500
v 0.607186 1.875666 1.312500
v 0.733976 1.720791 1.312500
v 0.838990 1.569885 1.312500
v 0.918965 1.418912 1.312500
v 0.972906 1.267569 1.312500
v 1.004362 1.117746 1.312500
v 1.021672 0.970633 1.312500
v 1.024254 0.822874 1.312500
v 0.965969 0.546312 1.312500
v 0.892528 0.273615 1.312500
v -0.896112 0.184992 -1.312500
v -0.809160 0.228805 0.375000
v -0.981438 0.470850 -1.312500
v -0.921490 0.338697 -0.178279
v -0.932098 0.408227 -0.178279
v -0.923013 0.410124 0.196721
v -1.019463 0.749768 -1.312500
v -0.970000 0.615507 -0.178279
v -0.983321 0.683887 -0.178279
v -0.991656 0.682552 0.196721
v -1.023985 0.933188 -1.312500
v -1.012963 0.860883 -0.178279
v -1.012870 0.896548 -0.178279
v -1.022652 0.896889 0.196721
v -1.008614 1.079592 -1.312500
v -1.008688 1.006427 -0.178279
v -1.004688 1.042171 -0.178279
v -1.010355 1.042945 0.196721
v -0.974137 1.226602 -1.312500
v -0.986984 1.153147 -0.178279
v -0.979055 1.189165 -0.178279
v -0.980977 1.189673 0.196721
v -0.915233 1.372046 -1.312500
v -0.951701 1.303118 -0.178279
v -0.940286 1.340028 -0.178279
v -0.937093 1.338723 0.196721
v -0.828375 1.512767 -1.312500
v -0.897359 1.456961 -0.178279
v -0.879914 1.494133 -0.178279
v -0.880566 1.494501 0.196721
v -0.713975 1.646987 -1.312500
v -0.814924 1.610545 -0.178279
v -0.789806 1.646952 -0.178279
v -0.807481 1.659942 0.196721
v -0.576358 1.777474 -1.312500
v -0.700575 1.759171 -0.178279
v -0.667099 1.793930 -0.178279
v -0.693556 1.818087 0.196721
v -0.427699 1.919586 -1.312500
v -0.580944 1.930693 0.375000
v -0.249737 2.059704 -1.312500
v -0.420493 2.090109 0.375000
v -0.047350 2.205536 -1.312500
v -0.209457 2.217386 0.375000
v 0.158200 2.140751 -1.312500
v 0.099933 2.284152 0.375000
v 0.365323 2.018727 -1.312500
v 0.322526 2.153883 0.375000
v 0.543758 1.889802 -1.312500
v 0.512163 2.012466 0.375000
v 0.620737 1.817994 -1.312500
v 0.623630 1.864544 -0.559426
v 0.688373 1.815496 -0.178279
v 0.698980 1.825182 0.196721
v 0.750363 1.673730 -1.312500
v 0.784509 1.735704 -0.559426
v 0.817804 1.669328 -0.178279
v 0.826573 1.675772 0.196721
v 0.858791 1.529992 -1.312500
v 0.904989 1.587781 -0.559426
v 0.912888 1.514349 -0.178279
v 0.914178 1.515080 0.196721
v 0.939623 1.382014 -1.312500
v 0.990624 1.430803 -0.559426
v 0.986535 1.360293 -0.178279
v 0.975300 1.355702 0.196721
v 0.991441 1.231175 -1.312500
v 1.066339 1.276582 -0.559426
v 1.053981 1.210213 -0.178279
v 1.028267 1.203418 0.196721
v 1.022699 1.081517 -1.312500
v 1.132617 1.120929 -0.559426
v 1.109038 1.057620 -0.178279
v 1.077368 1.053292 0.196721
v 1.039239 0.933719 -1.312500
v 1.176617 0.962476 -0.559426
v 1.133954 0.901933 -0.178279
v 1.109763 0.901091 0.196721
v 1.033419 0.747533 -1.312500
v 1.183491 0.770894 -0.559426
v 1.096785 0.668028 -0.178279
v 1.103605 0.666936 0.196721
v 0.991165 0.468820 -1.312500
v 1.110925 0.492047 -0.559426
v 1.014077 0.393470 -0.178279
v 1.040814 0.387889 0.196721
v 0.916039 0.174952 -1.312500
v 0.996494 0.192354 -0.559426
v 0.895803 0.100356 -0.178279
v 0.893439 0.101548 0.196721
v -0.842204 0.212155 1.312500
v -0.914617 0.480168 0.937500
v -0.892695 0.412999 0.937500
v -1.006397 0.747312 0.937500
v -0.984364 0.680327 0.937500
v -1.034399 0.931249 0.937500
v -1.032827 0.895526 0.937500
v -1.027755 1.079867 0.937500
v -1.030225 1.043914 0.937500
v -1.014657 1.234851 0.937500
v -1.017463 1.197479 0.937500
v -0.985231 1.397972 0.937500
v -0.993711 1.359862 0.937500
v -0.923954 1.563861 0.937500
v -0.939656 1.525702 0.937500
v -0.836288 1.733341 0.937500
v -0.857584 1.694124 0.937500
v -0.709128 1.894487 0.937500
v -0.743471 1.860519 0.937500
v -0.527818 2.029681 0.937500
v -0.301190 2.126276 1.312500
v -0.092663 2.273282 1.312500
v 0.198915 2.201624 1.312500
v 0.407570 2.073389 1.312500
v 0.569202 1.917782 1.312500
v 0.720519 1.736307 1.312500
v 0.718691 1.846323 0.937500
v 0.828073 1.585709 1.312500
v 0.826474 1.678340 0.937500
v 0.910674 1.434917 1.312500
v 0.914714 1.517648 0.937500
v 0.967444 1.283410 1.312500
v 0.983368 1.361000 0.937500
v 1.001019 1.132892 1.312500
v 1.024307 1.204206 0.937500
v 1.019949 0.985148 1.312500
v 1.050979 1.051433 0.937500
v 1.024236 0.838849 1.312500
v 1.062123 0.901149 0.937500
v 0.971545 0.570923 1.312500
v 1.041006 0.680354 0.937500
v 0.898195 0.298448 1.312500
v 0.968375 0.406461 0.937500
v 0.762324 0.024379 1.312500
v 0.818853 0.143278 0.937500
v 0.750000 0.000000 0.937500
v 0.750000 0.000000 -0.375000
v 0.750000 0.000000 -0.937500
v -0.750000 0.000000 -0.937500
v -0.750000 0.000000 -0.375000
v -0.750000 0.000000 0.937500
v -0.980850 0.242744 -0.937500
v -0.939239 0.257288 -0.375000
v -1.027292 0.535008 -0.937500
v -0.899010 0.435204 0.565574
v -0.849566 0.306662 0.565574
v -0.996512 0.540682 -0.375000
v -1.070619 0.819995 -0.937500
v -0.992483 0.702146 0.565574
v -0.952845 0.572016 0.565574
v -1.034935 0.822211 -0.375000
v -1.069219 0.974699 -0.937500
v -1.021685 0.906833 0.565574
v -1.022119 0.837813 0.565574
v -1.018333 0.970347 -0.375000
v -1.045228 1.125906 -0.937500
v -1.011957 1.053316 0.565574
v -1.019322 0.984083 0.565574
v -0.988216 1.114523 -0.375000
v -0.992305 1.274066 -0.937500
v -0.993015 1.203515 0.565574
v -1.004972 1.132909 0.565574
v -0.954063 1.261258 -0.375000
v -0.922246 1.420503 -0.937500
v -0.955602 1.357918 0.565574
v -0.976350 1.285929 0.565574
v -0.906745 1.412984 -0.375000
v -0.825911 1.561417 -0.937500
v -0.900251 1.518813 0.565574
v -0.929180 1.444129 0.565574
v -0.828612 1.563166 -0.375000
v -0.693333 1.687458 -0.937500
v -0.816816 1.682151 0.565574
v -0.860372 1.607967 0.565574
v -0.717118 1.706965 -0.375000
v -0.554630 1.823005 -0.937500
v -0.694490 1.837214 0.565574
v -0.757416 1.768235 0.565574
v -0.588190 1.856633 -0.375000
v -0.394487 1.961496 -0.937500
v -0.452726 2.030924 -0.375000
v -0.209006 2.101879 -0.937500
v -0.273145 2.191014 -0.375000
v 0.000000 2.240419 -0.937500
v 0.000000 2.335943 -0.375000
v 0.219406 2.116333 -0.937500
v 0.263677 2.177856 -0.375000
v 0.436465 2.011539 -0.937500
v 0.464081 2.044461 -0.375000
v 0.616273 1.884772 -0.937500
v 0.620366 1.888873 -0.375000
v 0.750927 1.734693 -0.937500
v 0.655613 1.893746 0.565574
v 0.709908 1.816885 0.565574
v 0.766180 1.747202 -0.375000
v 0.862703 1.585237 -0.937500
v 0.774608 1.728428 0.565574
v 0.822085 1.657125 0.565574
v 0.882921 1.598326 -0.375000
v 0.966168 1.441809 -0.937500
v 0.879270 1.573215 0.565574
v 0.919471 1.504915 0.565574
v 0.964222 1.440865 -0.375000
v 1.042307 1.290811 -0.937500
v 0.967369 1.421299 0.565574
v 0.997288 1.353058 0.565574
v 1.041064 1.290395 -0.375000
v 1.087295 1.134305 -0.937500
v 1.031849 1.267469 0.565574
v 1.052045 1.199039 0.565574
v 1.112797 1.139397 -0.375000
v 1.117803 0.978853 -0.937500
v 1.077242 1.113362 0.565574
v 1.091249 1.045037 0.565574
v 1.161156 0.982561 -0.375000
v 1.137373 0.815851 -0.937500
v 1.105089 0.959986 0.565574
v 1.110345 0.891133 0.565574
v 1.174161 0.813568 -0.375000
v 1.105541 0.520585 -0.937500
v 1.110523 0.782579 0.565574
v 1.094133 0.648727 0.565574
v 1.094082 0.522697 -0.375000
v 1.051341 0.218106 -0.937500
v 1.068845 0.500830 0.565574
v 1.024744 0.371173 0.565574
v 0.998947 0.236419 -0.375000
v 0.952157 0.214694 0.565574
v 0.860207 0.094177 0.565574
v -0.857594 0.285825 0.937500
v -0.940196 0.551062 0.937500
v -1.027883 0.822648 0.937500
v -1.035385 0.971805 0.937500
v -1.025590 1.121985 0.937500
v -1.010440 1.280139 0.937500
v -0.972698 1.444977 0.937500
v -0.903112 1.611397 0.937500
v -0.807631 1.781198 0.937500
v -0.665185 1.933783 0.937500
v -0.481676 2.065436 0.937500
v -0.290396 2.214987 0.937500
v 0.000000 2.396413 0.937500
v 0.316538 2.251316 0.937500
v 0.500862 2.088308 0.937500
v 0.657685 1.926267 0.937500
v 0.781171 1.759497 0.937500
v 0.876623 1.594248 0.937500
v 0.956476 1.437108 0.937500
v 1.009882 1.279953 0.937500
v 1.041363 1.125134 0.937500
v 1.060523 0.973955 0.937500
v 1.063323 0.820448 0.937500
v 1.013191 0.537607 0.937500
v 0.912378 0.266676 0.937500
v -0.854253 0.033675 -0.937500
v -0.838612 0.041556 -0.375000
v -0.998027 0.323899 -0.937500
v -0.942448 0.287277 -0.559426
v -0.988743 0.492849 -0.559426
v -0.927081 0.505718 0.565574
v -1.036348 0.606038 -0.937500
v -1.008147 0.563160 -0.559426
v -1.039861 0.769621 -0.559426
v -1.011079 0.774230 0.565574
v -1.070407 0.863468 -0.937500
v -1.043129 0.838544 -0.559426
v -1.027742 0.945013 -0.559426
v -1.021205 0.944786 0.565574
v -1.064212 1.014609 -0.937500
v -1.021676 0.984405 -0.559426
v -1.000935 1.090441 -0.559426
v -1.009031 1.091548 0.565574
v -1.031766 1.165606 -0.937500
v -0.994155 1.130050 -0.559426
v -0.969760 1.237942 -0.559426
v -0.986448 1.242352 0.565574
v -0.973851 1.312852 -0.937500
v -0.958785 1.278750 -0.559426
v -0.919502 1.387422 -0.559426
v -0.944882 1.397795 0.565574
v -0.898771 1.458532 -0.937500
v -0.901232 1.428301 -0.559426
v -0.837315 1.533256 -0.559426
v -0.884173 1.559794 0.565574
v -0.792780 1.595170 -0.937500
v -0.809739 1.570755 -0.559426
v -0.718876 1.668578 -0.559426
v -0.791647 1.722061 0.565574
v -0.655547 1.719129 -0.937500
v -0.686252 1.703256 -0.559426
v -0.594173 1.815158 -0.559426
v -0.659168 1.874503 0.565574
v -0.516038 1.859320 -0.937500
v -0.487597 1.985451 -0.375000
v -0.346381 1.994219 -0.937500
v -0.322888 2.154351 -0.375000
v -0.157615 2.139876 -0.937500
v -0.103416 2.289359 -0.375000
v 0.050430 2.210140 -0.937500
v 0.205471 2.211426 -0.375000
v 0.272924 2.089704 -0.937500
v 0.414604 2.082490 -0.375000
v 0.484182 1.981696 -0.937500
v 0.579046 1.928607 -0.375000
v 0.716733 1.774995 -0.937500
v 0.654949 1.850303 -0.178279
v 0.740563 1.775336 -0.559426
v 0.740069 1.774884 0.565574
v 0.831576 1.623682 -0.937500
v 0.790984 1.704484 -0.178279
v 0.871923 1.635346 -0.559426
v 0.848967 1.618474 0.565574
v 0.938428 1.480991 -0.937500
v 0.894161 1.550795 -0.178279
v 0.964988 1.480606 -0.559426
v 0.942270 1.467740 0.565574
v 1.023037 1.332955 -0.937500
v 0.970833 1.395452 -0.178279
v 1.042457 1.327260 -0.559426
v 1.013763 1.315533 0.565574
v 1.075474 1.177155 -0.937500
v 1.039291 1.244443 -0.178279
v 1.114146 1.174878 -0.559426
v 1.064036 1.161637 0.565574
v 1.109114 1.020745 -0.937500
v 1.098347 1.092450 -0.178279
v 1.166286 1.016660 -0.559426
v 1.098641 1.007416 0.565574
v 1.132498 0.865630 -0.937500
v 1.131850 0.937528 -0.178279
v 1.188472 0.855884 -0.559426
v 1.113112 0.853260 0.565574
v 1.114882 0.593461 -0.937500
v 1.116261 0.735422 -0.178279
v 1.132244 0.567561 -0.559426
v 1.083494 0.575368 0.565574
v 1.066587 0.309590 -0.937500
v 1.033981 0.461060 -0.178279
v 1.039342 0.291753 -0.559426
v 0.995329 0.300939 0.565574
v 0.957138 -0.018166 -0.937500
v 0.932629 0.168006 -0.178279
v 0.858476 0.003283 -0.559426
v 0.815571 0.024902 0.565574
v -0.762009 0.080154 0.937500
v -0.935994 0.526622 1.312500
v -0.883057 0.322436 1.312500
v -0.996764 0.798896 1.312500
v -0.952403 0.594460 1.312500
v -1.004802 0.955532 1.312500
v -1.002531 0.848448 1.312500
v -0.995251 1.101179 1.312500
v -1.003075 0.993378 1.312500
v -0.966722 1.249232 1.312500
v -0.989332 1.140869 1.312500
v -0.913251 1.398059 1.312500
v -0.953682 1.289856 1.312500
v -0.837872 1.548501 1.312500
v -0.893820 1.439033 1.312500
v -0.741295 1.702464 1.312500
v -0.812682 1.590327 1.312500
v -0.620904 1.860292 1.312500
v -0.709507 1.745217 1.312500
v -0.568350 1.916845 1.312500
v -0.430088 2.102524 0.937500
v -0.236725 2.258153 0.937500
v 0.140427 2.344694 0.937500
v 0.366987 2.211410 0.937500
v 0.542195 2.045491 0.937500
v 0.747083 1.806921 0.937500
v 0.628448 1.848215 1.312500
v 0.848674 1.639788 0.937500
v 0.752374 1.694677 1.312500
v 0.933560 1.481270 0.937500
v 0.853269 1.543561 1.312500
v 0.995423 1.324351 0.937500
v 0.928940 1.392401 1.312500
v 1.031529 1.168002 0.937500
v 0.978583 1.241301 1.312500
v 1.055490 1.015759 0.937500
v 1.007261 1.092285 1.312500
v 1.062786 0.865504 0.937500
v 1.022394 0.945789 1.312500
v 1.028669 0.611817 0.937500
v 1.015762 0.775382 1.312500
v 0.941879 0.340246 0.937500
v 0.953372 0.502166 1.312500
v 0.772455 0.080452 0.937500
v 0.868899 0.229293 1.312500
v 0.849256 0.183574 0.937500
v 0.879997 0.223701 0.937500
v 0.798082 0.092566 1.312500
v 0.833315 0.161018 1.312500
v 0.915197 0.366644 1.312500
v 0.933906 0.434484 1.312500
v 0.987052 0.638953 1.312500
v 1.001953 0.707080 1.312500
v 0.689123 1.772965 1.312500
v 0.658317 1.810163 1.312500
v 0.533680 1.957423 1.312500
v 0.497305 1.996127 1.312500
v 0.359092 2.105930 1.312500
v 0.309357 2.136844 1.312500
v 0.144268 2.235179 1.312500
v 0.091043 2.270859 1.312500
v -0.146339 2.238275 1.312500
v -0.199133 2.201951 1.312500
v -0.348322 2.091995 1.312500
v -0.396722 2.059353 1.312500
v -0.530126 1.953515 1.312500
v -0.490576 1.988727 1.312500
v -0.650443 1.821939 1.312500
v -0.679866 1.783478 1.312500
v -0.982205 0.730714 1.312500
v -0.967478 0.662560 1.312500
v -0.917190 0.458802 1.312500
v -0.899232 0.390805 1.312500
v -0.810519 0.141915 1.312500
v -0.778917 0.071634 1.312500
v 0.858006 0.061461 0.006148
v 0.848182 0.008470 -0.184426
v 0.844038 0.010558 0.190574
v 0.951119 0.129012 -0.559426
v 0.905331 0.065879 -0.559426
v 0.882727 0.105532 -1.312500
v 0.847763 0.036945 -1.312500
v 0.999370 0.348317 0.006148
v 0.989689 0.302116 -0.184426
v 1.005196 0.298880 0.190574
v 1.087784 0.425132 -0.559426
v 1.063692 0.358416 -0.559426
v 0.978384 0.399743 -1.312500
v 0.966032 0.330576 -1.312500
v 1.087963 0.622047 0.006148
v 1.069682 0.577580 -0.184426
v 1.090278 0.574282 0.190574
v 1.168988 0.702703 -0.559426
v 1.151365 0.635012 -0.559426
v 1.023595 0.678593 -1.312500
v 1.014100 0.609601 -1.312500
v 1.120963 0.877508 0.006148
v 1.135366 0.854035 -0.184426
v 1.115487 0.853343 0.190574
v 1.095463 1.031373 0.006148
v 1.122226 1.010639 -0.184426
v 1.090741 1.006336 0.190574
v 1.047076 1.182772 0.006148
v 1.074472 1.164394 -0.184426
v 1.044761 1.156543 0.190574
v 0.987980 1.332940 0.006148
v 1.009068 1.313614 -0.184426
v 0.992590 1.306880 0.190574
v 0.916740 1.484906 0.006148
v 0.938105 1.465382 -0.184426
v 0.935201 1.463737 0.190574
v 0.826132 1.638570 0.006148
v 0.852772 1.621271 -0.184426
v 0.858515 1.625492 0.190574
v 0.703514 1.785414 0.006148
v 0.734362 1.769674 -0.184426
v 0.743559 1.778071 0.190574
v 0.661657 1.833939 -0.559426
v 0.700863 1.804412 -0.559426
v 0.653664 1.782734 -1.312500
v 0.686566 1.747450 -1.312500
v 0.541808 1.966362 -0.375000
v 0.504852 2.004426 -0.375000
v 0.528851 1.952113 -0.937500
v 0.572000 1.920858 -0.937500
v 0.365796 2.114604 -0.375000
v 0.315815 2.145199 -0.375000
v 0.327472 2.065018 -0.937500
v 0.381659 2.039864 -0.937500
v 0.151483 2.245966 -0.375000
v 0.099338 2.283261 -0.375000
v 0.105385 2.177045 -0.937500
v 0.161198 2.145233 -0.937500
v -0.159125 2.257391 -0.375000
v -0.215010 2.225687 -0.375000
v -0.104815 2.176193 -0.937500
v -0.050467 2.210196 -0.937500
v -0.367897 2.117323 -0.375000
v -0.410191 2.076780 -0.375000
v -0.298854 2.027990 -0.937500
v -0.253190 2.064172 -0.937500
v -0.519710 1.942062 -0.375000
v -0.552503 1.899419 -0.375000
v -0.476366 1.894398 -0.937500
v -0.435714 1.928399 -0.937500
v -0.658884 1.830337 0.006148
v -0.621617 1.840216 -0.184426
v -0.647197 1.863573 0.190574
v -0.652780 1.738020 -0.559426
v -0.622122 1.775353 -0.559426
v -0.722144 1.736029 -0.184426
v -0.724738 1.759815 0.006148
v -0.747377 1.759068 0.190574
v -0.620120 1.752106 -0.937500
v -0.586980 1.787172 -0.937500
v -0.784690 1.680070 0.006148
v -0.754886 1.695043 -0.184426
v -0.779107 1.712844 0.190574
v -0.830959 1.586351 -0.184426
v -0.830709 1.604156 0.006148
v -0.840403 1.593291 0.190574
v -0.870999 1.520708 0.006148
v -0.855402 1.543499 -0.184426
v -0.861030 1.546687 0.190574
v -0.908374 1.432346 -0.184426
v -0.902610 1.444508 0.006148
v -0.905993 1.430997 0.190574
v -0.930430 1.363944 0.006148
v -0.924742 1.389564 -0.184426
v -0.921517 1.388246 0.190574
v -0.959278 1.278951 -0.184426
v -0.952868 1.289963 0.006148
v -0.958118 1.278477 0.190574
v -0.970647 1.212560 0.006148
v -0.969411 1.237850 -0.184426
v -0.969600 1.237900 0.190574
v -0.992910 1.129721 -0.184426
v -0.984164 1.139906 0.006148
v -0.996248 1.130603 0.190574
v -0.992870 1.064948 0.006148
v -0.999587 1.090257 -0.184426
v -1.003383 1.090776 0.190574
v -1.012035 0.983088 -0.184426
v -1.000667 0.993433 0.006148
v -1.018652 0.983992 0.190574
v -1.006445 0.920298 0.006148
v -1.013584 0.944520 -0.184426
v -1.021289 0.944789 0.190574
v -1.013717 0.837520 -0.184426
v -1.011922 0.849152 0.006148
v -1.023537 0.837862 0.190574
v -1.002037 0.728284 0.006148
v -1.003294 0.775477 -0.184426
v -1.013342 0.773868 0.190574
v -1.021936 0.631465 -0.559426
v -1.032204 0.700334 -0.559426
v -0.962550 0.570462 -0.184426
v -0.982558 0.590377 0.006148
v -0.966731 0.569793 0.190574
v -1.046298 0.674957 -0.937500
v -1.057575 0.743665 -0.937500
v -0.949415 0.452835 0.006148
v -0.949014 0.501141 -0.184426
v -0.949291 0.501083 0.190574
v -0.955938 0.356206 -0.559426
v -0.971071 0.424792 -0.559426
v -0.915914 0.292815 -0.184426
v -0.912324 0.317087 0.006148
v -0.892013 0.297803 0.190574
v -1.008554 0.393446 -0.937500
v -1.017205 0.463386 -0.937500
v -0.762726 0.165997 0.375000
v -0.719669 0.101488 0.375000
v -0.894257 0.099722 -0.937500
v -0.936113 0.164837 -0.937500
v 0.616097 1.969349 0.937500
v 0.579118 2.007389 0.937500
v 0.453434 2.132731 0.937500
v 0.410747 2.172764 0.937500
v 0.256631 2.287914 0.937500
v 0.199341 2.317519 0.937500
v -0.134108 2.335246 0.937500
v -0.185962 2.297515 0.937500
v -0.337698 2.173513 0.937500
v -0.383297 2.137248 0.937500
v -0.615577 1.968778 0.937500
v -0.571256 1.998743 0.937500
v -0.826813 0.219910 0.937500
v -0.794662 0.149905 0.937500
v 0.957857 0.211822 -0.184426
v 0.930797 0.197193 0.006148
v 0.963976 0.208739 0.190574
v 0.889485 0.135041 0.565574
v 0.920214 0.175173 0.565574
v 1.014586 0.125297 -0.937500
v 0.987157 0.052913 -0.937500
v 1.048197 0.505139 -0.184426
v 1.050698 0.481094 0.006148
v 1.075561 0.499428 0.190574
v 1.091353 0.447910 -0.937500
v 1.078166 0.378918 -0.937500
v 1.128177 0.779752 -0.184426
v 1.116106 0.758566 0.006148
v 1.114848 0.781887 0.190574
v 1.130061 0.732056 -0.937500
v 1.123076 0.662662 -0.937500
v 1.130297 0.960863 -0.184426
v 1.112897 0.948563 0.006148
v 1.100307 0.959819 0.190574
v 1.091359 1.115291 -0.184426
v 1.074370 1.101072 0.006148
v 1.059434 1.110929 0.190574
v 1.029899 1.266953 -0.184426
v 1.021173 1.252152 0.006148
v 1.008944 1.261416 0.190574
v 0.960880 1.418646 -0.184426
v 0.957263 1.403537 0.006148
v 0.954747 1.416140 0.190574
v 0.882055 1.574792 -0.184426
v 0.878164 1.557161 0.006148
v 0.886231 1.577157 0.190574
v 0.773185 1.727381 -0.184426
v 0.774074 1.710045 0.006148
v 0.782588 1.734292 0.190574
v 0.634042 1.874050 -0.184426
v 0.633554 1.852186 0.006148
v 0.642904 1.882142 0.190574
v 0.652531 1.847025 -0.937500
v 0.684906 1.811260 -0.937500
v 0.588927 1.939472 0.375000
v 0.550586 1.976014 0.375000
v 0.460008 1.955113 -1.312500
v 0.502229 1.922839 -1.312500
v 0.420599 2.090246 0.375000
v 0.372458 2.123223 0.375000
v 0.264306 2.078553 -1.312500
v 0.314790 2.048609 -1.312500
v 0.208745 2.216321 0.375000
v 0.152937 2.248139 0.375000
v 0.049573 2.208858 -1.312500
v 0.103536 2.174282 -1.312500
v -0.102175 2.287504 0.375000
v -0.155183 2.251498 0.375000
v -0.151170 2.130241 -1.312500
v -0.099132 2.167697 -1.312500
v -0.321691 2.152803 0.375000
v -0.372557 2.123351 0.375000
v -0.344339 1.991576 -1.312500
v -0.297185 2.025831 -1.312500
v -0.507411 2.007240 0.375000
v -0.543379 1.968089 0.375000
v -0.503995 1.846077 -1.312500
v -0.465617 1.882578 -1.312500
v -0.647641 1.711910 -1.312500
v -0.611533 1.744265 -1.312500
v -1.003621 0.611279 -1.312500
v -1.011468 0.680535 -1.312500
v -0.951776 0.333552 -1.312500
v -0.967023 0.402114 -1.312500
v -0.901835 0.182109 -0.375000
v -0.869279 0.112308 -0.375000
v -0.823983 0.048927 -1.312500
v -0.859814 0.117077 -1.312500
v 0.750000 0.000000 0.562500
v -0.750000 0.000000 0.562500
v -0.843047 0.290909 0.562500
v -0.945441 0.550096 0.562500
v -1.022141 0.823005 0.562500
v -1.020858 0.970563 0.562500
v -1.007288 1.118331 0.562500
v -0.980892 1.270244 0.562500
v -0.935981 1.427166 0.562500
v -0.870468 1.590263 0.562500
v -0.771357 1.751448 0.562500
v -0.632847 1.901379 0.562500
v -0.461092 2.040897 0.562500
v -0.253182 2.163271 0.562500
v -0.000002 2.356182 0.562500
v 0.297852 2.225349 0.562500
v 0.485456 2.069942 0.562500
v 0.641849 1.910399 0.562500
v 0.763019 1.744610 0.562500
v 0.869506 1.589641 0.562500
v 0.959454 1.438553 0.562500
v 1.026384 1.285479 0.562500
v 1.073622 1.131575 0.562500
v 1.103952 0.977669 0.562500
v 1.114904 0.817246 0.562500
v 1.075555 0.526112 0.562500
v 0.974011 0.245135 0.562500
v -0.885472 0.233456 -1.406250
v -0.822420 0.265226 0.562500
v -0.954601 0.512324 -1.406250
v -0.918031 0.351180 -0.082992
v -0.925284 0.385539 -0.082992
v -0.928700 0.384826 0.104508
v -0.997005 0.788621 -1.406250
v -0.975826 0.626134 -0.082992
v -0.981355 0.660505 -0.082992
v -0.994922 0.658332 0.104508
v -0.998151 0.950122 -1.406250
v -1.006265 0.866497 -0.082992
v -1.005433 0.884302 -0.082992
v -0.980814 1.093938 -1.406250
v -0.998534 1.010989 -0.082992
v -0.996683 1.028881 -0.082992
v -0.944544 1.237839 -1.406250
v -0.980192 1.157601 -0.082992
v -0.976767 1.175752 -0.082992
v -0.886073 1.380916 -1.406250
v -0.947790 1.308335 -0.082992
v -0.942382 1.326912 -0.082992
v -0.803659 1.522295 -1.406250
v -0.895236 1.463473 -0.082992
v -0.886930 1.482294 -0.082992
v -0.697192 1.662086 -1.406250
v -0.814001 1.618861 -0.082992
v -0.801569 1.637158 -0.082992
v -0.566868 1.801472 -1.406250
v -0.697903 1.767440 -0.082992
v -0.681396 1.785031 -0.082992
v -0.414172 1.944062 -1.406250
v -0.609030 1.922226 0.562500
v -0.233088 2.085793 -1.406250
v -0.432467 2.057971 0.562500
v -0.025652 2.230724 -1.406250
v -0.224358 2.182034 0.562500
v 0.187388 2.126761 -1.406250
v 0.089220 2.325764 0.562500
v 0.380354 1.990543 -1.406250
v 0.325254 2.205045 0.562500
v 0.544306 1.851053 -1.406250
v 0.508647 2.047951 0.562500
v 0.581487 1.814819 -1.406250
v 0.613611 1.866104 -0.654713
v 0.670618 1.821239 -0.082992
v 0.710325 1.671738 -1.406250
v 0.772847 1.736127 -0.654713
v 0.803254 1.677073 -0.082992
v 0.814864 1.528641 -1.406250
v 0.894641 1.589633 -0.654713
v 0.902696 1.524390 -0.082992
v 0.894993 1.384562 -1.406250
v 0.980183 1.433351 -0.654713
v 0.980228 1.371688 -0.082992
v 0.950951 1.239532 -1.406250
v 1.054493 1.279700 -0.654713
v 1.044865 1.220612 -0.082992
v 0.985723 1.094609 -1.406250
v 1.119975 1.125151 -0.654713
v 1.097960 1.068302 -0.082992
v 1.002516 0.950274 -1.406250
v 1.162721 0.967839 -0.654713
v 1.125257 0.913618 -0.082992
v 0.999714 0.788188 -1.406250
v 1.171158 0.784428 -0.654713
v 1.099254 0.691329 -0.082992
v 1.105737 0.690291 0.104508
v 0.953137 0.512630 -1.406250
v 1.109200 0.504168 -0.654713
v 1.017986 0.416765 -0.082992
v 1.038341 0.412516 0.104508
v 0.887052 0.232660 -1.406250
v 1.017338 0.195983 -0.654713
v 0.894723 0.129871 -0.082992
v 0.898749 0.127843 0.104508
v -0.869153 0.241678 1.406250
v -0.900849 0.434440 0.843750
v -0.992997 0.701690 0.843750
v -0.735372 1.874197 0.843750
v -0.503697 2.042508 0.843750
v -0.248593 2.105855 1.406250
v -0.038245 2.249551 1.406250
v 0.198312 2.143093 1.406250
v 0.391164 2.004530 1.406250
v 0.550084 1.857406 1.406250
v 0.727015 1.832851 0.843750
v 1.055529 0.655282 0.843750
v 0.980841 0.380716 0.843750
v 0.818587 0.115604 0.843750
v 0.750000 0.000000 -0.187500
v -0.750000 0.000000 -0.187500
v -0.912378 0.266677 -0.187500
v -0.959018 0.547593 -0.187500
v -1.014253 0.823494 -0.187500
v -1.013932 0.969971 -0.187500
v -0.996589 1.116194 -0.187500
v -0.964052 1.264604 -0.187500
v -0.915402 1.417184 -0.187500
v -0.840912 1.571129 -0.187500
v -0.735065 1.721684 -0.187500
v -0.597411 1.865872 -0.187500
v -0.455131 2.033791 -0.187500
v -0.276099 2.195119 -0.187500
v -0.000002 2.355342 -0.187500
v 0.269395 2.185802 -0.187500
v 0.464444 2.044893 -0.187500
v 0.620748 1.889256 -0.187500
v 0.760836 1.742820 -0.187500
v 0.872788 1.591766 -0.187500
v 0.953502 1.435665 -0.187500
v 1.023435 1.284491 -0.187500
v 1.086682 1.134183 -0.187500
v 1.128858 0.979799 -0.187500
v 1.135057 0.815995 -0.187500
v 1.056225 0.529675 -0.187500
v 0.975127 0.244744 -0.187500
v -0.878090 0.064766 -1.031250
v -0.832434 0.087771 -0.187500
v -1.011279 0.357005 -1.031250
v -0.948808 0.297711 -0.464139
v -0.987975 0.468898 -0.464139
v -0.923570 0.482340 0.473361
v -1.046917 0.639602 -1.031250
v -1.012739 0.573984 -0.464139
v -1.033615 0.746924 -0.464139
v -1.005628 0.751406 0.473361
v -1.080642 0.881658 -1.031250
v -1.036005 0.844143 -0.464139
v -1.021107 0.932795 -0.464139
v -1.076807 1.034476 -1.031250
v -1.010820 0.988871 -0.464139
v -0.990532 1.076824 -0.464139
v -1.039765 1.186775 -1.031250
v -0.979076 1.132314 -0.464139
v -0.959374 1.222389 -0.464139
v -0.974770 1.334015 -1.031250
v -0.946425 1.280514 -0.464139
v -0.918429 1.373011 -0.464139
v -0.891241 1.477793 -1.031250
v -0.895248 1.432626 -0.464139
v -0.845432 1.522041 -0.464139
v -0.776067 1.610320 -1.031250
v -0.806611 1.577451 -0.464139
v -0.732347 1.660040 -0.464139
v -0.633263 1.731444 -1.031250
v -0.684159 1.712055 -0.464139
v -0.606701 1.804643 -0.464139
v -0.485522 1.865115 -1.031250
v -0.506234 1.966594 -0.187500
v -0.310956 1.996015 -1.031250
v -0.349071 2.140596 -0.187500
v -0.126506 2.150994 -1.031250
v -0.137266 2.282338 -0.187500
v 0.079713 2.196292 -1.031250
v 0.188811 2.244146 -0.187500
v 0.299193 2.076060 -1.031250
v 0.390326 2.098710 -0.187500
v 0.507336 1.967806 -1.031250
v 0.561486 1.948648 -0.187500
v 0.709218 1.800796 -1.031250
v 0.653313 1.859519 -0.273566
v 0.727885 1.785713 -0.464139
v 0.827027 1.647773 -1.031250
v 0.790257 1.712944 -0.273566
v 0.860341 1.645273 -0.464139
v 0.936445 1.503394 -1.031250
v 0.894042 1.558441 -0.273566
v 0.953514 1.489920 -0.464139
v 1.025656 1.354813 -1.031250
v 0.967967 1.401096 -0.273566
v 1.032282 1.337074 -0.464139
v 1.078684 1.197059 -1.031250
v 1.039931 1.250861 -0.273566
v 1.107678 1.185977 -0.464139
v 1.109293 1.038915 -1.031250
v 1.104460 1.099234 -0.273566
v 1.163564 1.028483 -0.464139
v 1.129134 0.883347 -1.031250
v 1.144386 0.943812 -0.273566
v 1.188410 0.867869 -0.464139
v 1.115612 0.628600 -1.031250
v 1.137104 0.743644 -0.273566
v 1.134693 0.590866 -0.464139
v 1.100162 0.596396 0.473361
v 1.073862 0.343944 -1.031250
v 1.054114 0.468620 -0.273566
v 1.036919 0.316370 -0.464139
v 1.021136 0.319664 0.473361
v 0.979771 0.013532 -1.031250
v 0.953074 0.171836 -0.273566
v 0.858675 0.032153 -0.464139
v 0.850179 0.036434 0.473361
v -0.780997 0.113688 1.031250
v -0.867806 0.348763 1.218750
v -0.946992 0.618073 1.218750
v -0.731676 1.786532 1.218750
v -0.586983 1.976686 1.218750
v -0.421056 2.138470 1.031250
v -0.223108 2.295423 1.031250
v 0.174671 2.338262 1.031250
v 0.400731 2.207437 1.031250
v 0.575057 2.042275 1.031250
v 0.680261 1.874452 1.218750
v 1.035620 0.749455 1.218750
v 0.956196 0.478433 1.218750
v 0.849660 0.211179 1.218750
v 0.883089 0.249951 1.031250
v 0.811339 0.113694 1.406250
v 0.917797 0.389245 1.406250
v 0.973741 0.663831 1.406250
v 0.644182 1.753003 1.406250
v 0.473875 1.931010 1.406250
v 0.297584 2.073978 1.406250
v 0.091024 2.213203 1.406250
v -0.145028 2.178686 1.406250
v -0.341317 2.035298 1.406250
v -0.510141 2.049594 1.218750
v -0.624794 1.777447 1.406250
v -0.975677 0.709014 1.406250
v -0.920988 0.434866 1.406250
v -0.800952 0.103634 1.406250
v 0.868109 0.056370 0.193648
v 0.792736 0.007437 -0.092213
v 0.793128 0.007239 0.095287
v 0.959597 0.095770 -0.654713
v 0.939835 0.062625 -0.654713
v 0.819153 0.094463 -1.406250
v 1.023493 0.343283 0.193648
v 0.972532 0.281586 -0.092213
v 0.983374 0.279323 0.095287
v 1.081252 0.402385 -0.654713
v 1.071508 0.368546 -0.654713
v 0.925489 0.374911 -1.406250
v 1.097529 0.620515 0.193648
v 1.060546 0.555346 -0.092213
v 1.080178 0.552202 0.095287
v 1.150215 0.682012 -0.654713
v 1.142107 0.648054 -0.654713
v 0.976804 0.650830 -1.406250
v 1.112850 0.877225 0.193648
v 1.118237 0.841452 0.095287
v 1.084203 1.029835 0.193648
v 1.094536 0.994659 0.095287
v 1.036405 1.179952 0.193648
v 1.048904 1.144830 0.095287
v 0.983817 1.331238 0.193648
v 0.995722 1.294187 0.095287
v 0.924688 1.489407 0.193648
v 0.934905 1.447757 0.095287
v 0.842816 1.650832 0.193648
v 0.856815 1.605803 0.095287
v 0.721122 1.801492 0.193648
v 0.745872 1.758229 0.095287
v 0.669553 1.819195 -0.654713
v 0.688929 1.804224 -0.654713
v 0.646907 1.743902 -1.406250
v 0.522983 1.945661 -0.562500
v 0.486849 2.023981 -0.187500
v 0.596733 1.908705 -1.031250
v 0.342846 2.084909 -0.562500
v 0.295126 2.166063 -0.187500
v 0.407238 2.025327 -1.031250
v 0.137548 2.225133 -0.562500
v 0.085553 2.320280 -0.187500
v 0.190061 2.130758 -1.031250
v -0.141903 2.231643 -0.562500
v -0.245609 2.213808 -0.187500
v -0.023279 2.227175 -1.031250
v -0.350984 2.095438 -0.562500
v -0.432944 2.058587 -0.187500
v -0.220611 2.069650 -1.031250
v -0.509372 1.930693 -0.562500
v -0.576396 1.886341 -0.187500
v -0.402300 1.931007 -1.031250
v -0.670263 1.840726 0.193648
v -0.635035 1.874422 0.095287
v -0.648414 1.755986 -0.654713
v -0.632718 1.774318 -0.654713
v -0.737185 1.771180 0.193648
v -0.743157 1.765924 0.285861
v -0.563011 1.797950 -1.031250
v -0.793527 1.686565 0.193648
v -0.769448 1.724185 0.095287
v -0.833903 1.606503 0.193648
v -0.839346 1.601509 0.285861
v -0.870619 1.520493 0.193648
v -0.856329 1.559837 0.095287
v -0.900854 1.443513 0.193648
v -0.904920 1.438103 0.285861
v -0.929195 1.363439 0.193648
v -0.918794 1.401105 0.095287
v -0.953754 1.290325 0.193648
v -0.952798 1.283118 0.285861
v -0.975182 1.213758 0.193648
v -0.967705 1.250207 0.095287
v -0.993139 1.142278 0.193648
v -0.990868 1.135430 0.285861
v -1.006763 1.066846 0.193648
v -0.998294 1.102277 0.095287
v -1.017076 0.995675 0.193648
v -1.017488 0.989782 0.285861
v -1.022130 0.920844 0.193648
v -1.014373 0.956535 0.095287
v -1.023437 0.849553 0.193648
v -1.020448 0.843602 0.285861
v -1.002854 0.728153 0.193648
v -1.003838 0.799087 -0.092213
v -1.017778 0.796854 0.095287
v -1.024978 0.654675 -0.654713
v -1.031972 0.688811 -0.654713
v -0.971077 0.592216 0.193648
v -0.954978 0.583234 0.285861
v -1.070975 0.776775 -1.031250
v -0.936315 0.455569 0.193648
v -0.955399 0.523919 -0.092213
v -0.967445 0.521405 0.095287
v -0.955555 0.380397 -0.654713
v -0.962260 0.414870 -0.654713
v -0.897915 0.320094 0.193648
v -0.876411 0.312821 0.285861
v -1.029552 0.496681 -1.031250
v -0.754535 0.170124 0.562500
v -0.733198 0.137773 0.562500
v -0.960863 0.195469 -1.031250
v 0.592331 1.982567 0.843750
v 0.426351 2.145322 0.843750
v 0.223161 2.295503 0.843750
v -0.145837 2.295153 0.843750
v -0.351647 2.143930 0.843750
v -0.639142 1.955339 1.031250
v -0.804740 0.187930 0.843750
v 0.949829 0.187603 0.193648
v 0.965438 0.193870 0.285861
v 0.994146 0.092494 -0.843750
v 1.069975 0.477071 0.193648
v 1.078721 0.487007 0.285861
v 1.081804 0.414031 -0.843750
v 1.113143 0.759041 0.193648
v 1.117715 0.769868 0.285861
v 1.129478 0.696893 -0.843750
v 1.102587 0.948204 0.193648
v 1.110176 0.954316 0.285861
v 1.063112 1.099533 0.193648
v 1.072957 1.106828 0.285861
v 1.012796 1.249938 0.193648
v 1.020607 1.258250 0.285861
v 0.958823 1.404174 0.193648
v 0.963910 1.413069 0.285861
v 0.892139 1.565076 0.193648
v 0.893695 1.573670 0.285861
v 0.791624 1.722944 0.193648
v 0.788594 1.729711 0.285861
v 0.654211 1.871048 0.193648
v 0.652763 1.880434 0.285861
v 0.659375 1.820611 -0.843750
v 0.604807 1.917583 0.187500
v 0.545138 1.970023 0.187500
v 0.449858 1.983304 -1.218750
v 0.435835 2.062328 0.187500
v 0.363593 2.111754 0.187500
v 0.239886 2.094590 -1.218750
v 0.233492 2.195691 0.187500
v 0.152301 2.247189 0.187500
v 0.021833 2.225014 -1.218750
v -0.075790 2.305684 0.187500
v -0.158001 2.255712 0.187500
v -0.170993 2.102250 -1.218750
v -0.305626 2.179649 0.187500
v -0.381026 2.134310 0.187500
v -0.361248 1.965822 -1.218750
v -0.493407 2.031193 0.187500
v -0.544124 1.968909 0.187500
v -0.519260 1.823511 -1.218750
v -0.668185 1.698005 -1.218750
v -1.030174 0.571770 -1.218750
v -0.976414 0.292537 -1.218750
v -0.882149 0.148926 -0.562500
v -0.848023 0.123019 -0.187500
v -0.816652 0.009519 -1.218750
v 0.750000 0.000000 0.187500
v -0.750000 0.000000 0.187500
v -0.886221 0.275819 0.187500
v -0.962331 0.546982 0.187500
v -1.023788 0.822903 0.187500
v -1.020476 0.970531 0.187500
v -0.999852 1.116846 0.187500
v -0.963338 1.264365 0.187500
v -0.912703 1.415874 0.187500
v -0.849231 1.576514 0.187500
v -0.760575 1.742606 0.187500
v -0.621403 1.889912 0.187500
v -0.472901 2.054975 0.187500
v -0.276765 2.196044 0.187500
v 0.000002 2.337809 0.187500
v 0.263677 2.177856 0.187500
v 0.462621 2.042720 0.187500
v 0.628331 1.896854 0.187500
v 0.769675 1.750069 0.187500
v 0.877010 1.594499 0.187500
v 0.948290 1.433137 0.187500
v 1.003852 1.277933 0.187500
v 1.055080 1.127873 0.187500
v 1.097871 0.977149 0.187500
v 1.117807 0.817066 0.187500
v 1.081552 0.525007 0.187500
v 0.983792 0.241716 0.187500
v -0.904621 0.137602 -1.218750
v -0.822480 0.178991 0.187500
v -1.006866 0.429671 -1.218750
v -0.937968 0.323496 -0.273566
v -0.953733 0.427823 -0.273566
v -0.914093 0.436096 0.288934
v -1.045079 0.710409 -1.218750
v -0.985136 0.601524 -0.273566
v -1.004268 0.704230 -0.273566
v -0.988211 0.706801 0.288934
v -1.056923 0.916501 -1.218750
v -1.026094 0.855493 -0.273566
v -1.024154 0.908928 -0.273566
v -1.045187 1.066445 -1.218750
v -1.016649 1.001566 -0.273566
v -1.007917 1.054808 -0.273566
v -1.010069 1.217041 -1.218750
v -0.989141 1.147469 -0.273566
v -0.975898 1.201139 -0.273566
v -0.949343 1.365199 -1.218750
v -0.951386 1.296173 -0.273566
v -0.933496 1.351225 -0.273566
v -0.859213 1.506706 -1.218750
v -0.896293 1.448644 -0.273566
v -0.869457 1.504022 -0.273566
v -0.737563 1.636889 -1.218750
v -0.814660 1.601356 -0.273566
v -0.777094 1.656048 -0.273566
v -0.591552 1.758684 -1.218750
v -0.702973 1.750651 -0.273566
v -0.653453 1.803424 -0.273566
v -0.441229 1.895111 -1.218750
v -0.561723 1.948909 0.187500
v -0.265271 2.032170 -1.218750
v -0.404641 2.117231 0.187500
v -0.070504 2.182524 -1.218750
v -0.186331 2.240439 0.187500
v 0.130214 2.156539 -1.218750
v 0.126162 2.265738 0.187500
v 0.345248 2.040385 -1.218750
v 0.339265 2.127908 0.187500
v 0.539391 1.924352 -1.218750
v 0.525326 1.987588 0.187500
v 0.658968 1.820240 -1.218750
v 0.634154 1.863444 -0.464139
v 0.702601 1.806534 -0.273566
v 0.788317 1.674190 -1.218750
v 0.788485 1.729631 -0.464139
v 0.830888 1.660504 -0.273566
v 0.899623 1.529591 -1.218750
v 0.904895 1.580013 -0.464139
v 0.920318 1.502745 -0.273566
v 0.983145 1.379014 -1.218750
v 0.988144 1.422974 -0.464139
v 0.992195 1.348634 -0.273566
v 1.033386 1.223202 -1.218750
v 1.065958 1.270234 -0.464139
v 1.064175 1.200098 -0.273566
v 1.063841 1.068994 -1.218750
v 1.134174 1.115193 -0.464139
v 1.122013 1.047197 -0.273566
v 1.083799 0.917437 -1.218750
v 1.178596 0.956698 -0.464139
v 1.149311 0.890481 -0.273566
v 1.080550 0.704729 -1.218750
v 1.181350 0.759677 -0.464139
v 1.109004 0.642374 -0.273566
v 1.103802 0.643207 0.288934
v 1.045007 0.421711 -1.218750
v 1.099377 0.482696 -0.464139
v 1.024693 0.367143 -0.273566
v 1.041167 0.363705 0.288934
v 0.958564 0.110422 -1.218750
v 0.977496 0.187795 -0.464139
v 0.893271 0.072662 -0.273566
v 0.886135 0.076258 0.288934
v -0.813616 0.183457 1.218750
v -0.877143 0.393101 1.031250
v -0.966878 0.660381 1.031250
v -0.747363 1.843000 1.031250
v -0.557522 2.022993 1.031250
v -0.361031 2.156071 1.218750
v -0.152133 2.304567 1.218750
v 0.205352 2.268877 1.218750
v 0.430127 2.150208 1.218750
v 0.596531 1.987186 1.218750
v 0.715015 1.864039 1.031250
v 1.038769 0.703459 1.031250
v 0.963864 0.430546 1.031250
v 0.822581 0.169207 1.031250
v 0.750000 0.000000 -0.562500
v -0.750000 0.000000 -0.562500
v -0.936388 0.258284 -0.562500
v -1.002222 0.539629 -0.562500
v -1.045134 0.821577 -0.562500
v -1.025244 0.970938 -0.562500
v -0.998327 1.116541 -0.562500
v -0.964457 1.264739 -0.562500
v -0.909242 1.414196 -0.562500
v -0.820727 1.558061 -0.562500
v -0.698451 1.691656 -0.562500
v -0.575254 1.843671 -0.562500
v -0.439674 2.015364 -0.562500
v -0.255057 2.165877 -0.562500
v 0.000001 2.306787 -0.562500
v 0.245100 2.152039 -0.562500
v 0.440608 2.016478 -0.562500
v 0.608890 1.877374 -0.562500
v 0.770468 1.750719 -0.562500
v 0.894254 1.605663 -0.562500
v 0.982142 1.449558 -0.562500
v 1.058558 1.296254 -0.562500
v 1.126930 1.142219 -0.562500
v 1.173797 0.983642 -0.562500
v 1.189198 0.812635 -0.562500
v 1.118997 0.518105 -0.562500
v 1.018911 0.229441 -0.562500
v -0.813017 0.011350 -0.843750
v -0.805201 0.015288 -0.562500
v -0.975903 0.292644 -0.843750
v -0.938684 0.276301 -0.654713
v -0.988693 0.516970 -0.654713
v -0.928969 0.529435 0.657787
v -1.023779 0.572794 -0.843750
v -0.999884 0.552923 -0.654713
v -1.050074 0.791682 -0.654713
v -1.014486 0.797382 0.657787
v -1.065962 0.845479 -0.843750
v -1.054125 0.833080 -0.654713
v -1.043914 0.957563 -0.654713
v -1.057072 0.995489 -0.843750
v -1.041446 0.981157 -0.654713
v -1.022566 1.105593 -0.654713
v -1.029884 1.146052 -0.843750
v -1.018612 1.130265 -0.654713
v -0.986149 1.255081 -0.654713
v -0.978621 1.294014 -0.843750
v -0.977875 1.279736 -0.654713
v -0.922980 1.402816 -0.654713
v -0.907485 1.439942 -0.843750
v -0.911118 1.426187 -0.654713
v -0.833487 1.546901 -0.654713
v -0.810356 1.580653 -0.843750
v -0.818329 1.568074 -0.654713
v -0.715878 1.684814 -0.654713
v -0.682939 1.711476 -0.843750
v -0.698701 1.703915 -0.654713
v -0.588501 1.831933 -0.654713
v -0.548624 1.855801 -0.843750
v -0.458994 1.993350 -0.562500
v -0.384556 1.995980 -0.843750
v -0.280971 2.147748 -0.562500
v -0.190147 2.130887 -0.843750
v -0.059134 2.280781 -0.562500
v 0.025155 2.229980 -0.843750
v 0.216594 2.170427 -0.562500
v 0.250245 2.107992 -0.843750
v 0.414815 2.035131 -0.562500
v 0.461097 1.995663 -0.843750
v 0.584857 1.895645 -0.562500
v 0.725610 1.750438 -0.843750
v 0.653409 1.838188 -0.082992
v 0.747785 1.759976 -0.654713
v 0.843255 1.604832 -0.843750
v 0.789938 1.694720 -0.082992
v 0.874641 1.618904 -0.654713
v 0.942297 1.459656 -0.843750
v 0.892888 1.542361 -0.082992
v 0.964472 1.464502 -0.654713
v 1.022231 1.311837 -0.843750
v 0.972322 1.389245 -0.082992
v 1.040398 1.312447 -0.654713
v 1.080708 1.159482 -0.843750
v 1.038185 1.237903 -0.082992
v 1.109321 1.160794 -0.654713
v 1.120347 1.004135 -0.843750
v 1.092623 1.085718 -0.082992
v 1.157227 1.003226 -0.654713
v 1.141908 0.848124 -0.843750
v 1.124017 0.931408 -0.082992
v 1.174769 0.843420 -0.654713
v 1.108922 0.559158 -0.843750
v 1.107952 0.725193 -0.082992
v 1.118227 0.546109 -0.654713
v 1.068375 0.554092 0.657787
v 1.057068 0.275704 -0.843750
v 1.029499 0.450234 -0.082992
v 1.042829 0.266914 -0.654713
v 0.969132 0.282296 0.657787
v 0.892074 -0.028484 -0.843750
v 0.913168 0.163679 -0.082992
v 0.813305 -0.002927 -0.654713
v 0.771760 0.018006 0.657787
v -0.738701 0.048795 0.843750
v -0.890841 0.297668 1.406250
v -0.951202 0.571907 1.406250
v -0.688355 1.704832 1.406250
v -0.550461 1.857821 1.406250
v -0.449043 2.079417 0.843750
v -0.248938 2.218783 0.843750
v 0.101107 2.343535 0.843750
v 0.340940 2.225341 0.843750
v 0.516219 2.056278 0.843750
v 0.580704 1.825695 1.406250
v 0.996921 0.801145 1.406250
v 0.948681 0.526288 1.406250
v 0.881185 0.250910 1.406250
v 0.879587 0.196100 0.843750
v 0.775945 0.075912 1.218750
v 0.908546 0.344889 1.218750
v 0.999814 0.614163 1.218750
v 0.737497 1.796061 1.218750
v 0.528797 2.070109 1.218750
v 0.326978 2.207276 1.218750
v 0.095518 2.335180 1.218750
v -0.258759 2.233467 1.218750
v -0.457604 2.090494 1.218750
v -0.472294 1.929272 1.406250
v -0.677062 1.867316 1.218750
v -0.983692 0.753222 1.218750
v -0.906269 0.484225 1.218750
v -0.760951 0.037585 1.218750
v 0.872230 0.054294 -0.181352
v 0.866500 0.028210 -0.276639
v 0.860635 0.031166 0.285861
v 0.953907 0.156578 -0.464139
v 0.882214 0.063395 -0.464139
v 0.860243 -0.012446 -1.218750
v 1.001701 0.347831 -0.181352
v 1.012785 0.321407 -0.276639
v 1.024120 0.319041 0.285861
v 1.086938 0.449420 -0.464139
v 1.049527 0.349611 -0.464139
v 1.022301 0.282960 -1.218750
v 1.083349 0.622786 -0.181352
v 1.095612 0.597125 -0.276639
v 1.097757 0.596781 0.285861
v 1.173662 0.725652 -0.464139
v 1.145376 0.624412 -0.464139
v 1.067166 0.565845 -1.218750
v 1.135042 0.877998 -0.181352
v 1.119980 0.865486 0.285861
v 1.116016 1.034182 -0.181352
v 1.097706 1.019484 0.285861
v 1.064329 1.187330 -0.181352
v 1.051451 1.171119 0.285861
v 0.997732 1.336925 -0.181352
v 0.996598 1.322490 0.285861
v 0.925506 1.489870 -0.181352
v 0.935918 1.479955 0.285861
v 0.835479 1.645439 -0.181352
v 0.853933 1.640563 0.285861
v 0.711189 1.792422 -0.181352
v 0.734209 1.791488 0.285861
v 0.652378 1.847421 -0.464139
v 0.708750 1.800904 -0.464139
v 0.725125 1.749995 -1.218750
v 0.542942 1.967608 -0.187500
v 0.502878 1.962904 -0.562500
v 0.545518 1.931089 -0.843750
v 0.366257 2.115200 -0.187500
v 0.318552 2.101108 -0.562500
v 0.357887 2.056739 -0.843750
v 0.163241 2.263546 -0.187500
v 0.111451 2.243743 -0.562500
v 0.136054 2.165270 -0.843750
v -0.163868 2.264482 -0.187500
v -0.169683 2.215548 -0.562500
v -0.081042 2.198279 -0.843750
v -0.371333 2.121768 -0.187500
v -0.373449 2.076873 -0.562500
v -0.288125 2.061740 -0.843750
v -0.522940 1.945613 -0.187500
v -0.525745 1.909346 -0.562500
v -0.471538 1.928441 -0.843750
v -0.644179 1.816910 -0.181352
v -0.657743 1.851248 0.285861
v -0.667415 1.729429 -0.464139
v -0.620919 1.784962 -0.464139
v -0.711322 1.747566 -0.181352
v -0.750068 1.750816 0.095287
v -0.614819 1.779929 -0.843750
v -0.772416 1.671049 -0.181352
v -0.787611 1.700656 0.285861
v -0.822959 1.598461 -0.181352
v -0.843622 1.586663 0.095287
v -0.867711 1.518846 -0.181352
v -0.868491 1.535100 0.285861
v -0.902915 1.444681 -0.181352
v -0.909615 1.425335 0.095287
v -0.932538 1.364806 -0.181352
v -0.925242 1.375796 0.285861
v -0.955492 1.291036 -0.181352
v -0.961419 1.273011 0.095287
v -0.974147 1.213484 -0.181352
v -0.967972 1.224661 0.285861
v -0.989917 1.141426 -0.181352
v -0.995167 1.124070 0.095287
v -1.002200 1.066223 -0.181352
v -1.002859 1.078508 0.285861
v -1.010340 0.994754 -0.181352
v -1.012805 0.977244 0.095287
v -1.013311 0.920537 -0.181352
v -1.021075 0.932794 0.285861
v -1.013404 0.849204 -0.181352
v -1.021450 0.831942 0.095287
v -0.993220 0.729696 -0.181352
v -1.013962 0.750071 -0.276639
v -1.001452 0.752075 0.285861
v -1.018285 0.608352 -0.464139
v -1.030646 0.712143 -0.464139
v -0.966180 0.593000 -0.181352
v -0.976368 0.556690 0.095287
v -1.048179 0.709913 -0.843750
v -0.940285 0.454741 -0.181352
v -0.962525 0.474210 -0.276639
v -0.927799 0.481457 0.285861
v -0.956200 0.332040 -0.464139
v -0.979692 0.434755 -0.464139
v -0.918654 0.315766 -0.181352
v -0.901172 0.284130 0.095287
v -0.996822 0.431767 -0.843750
v -0.801364 0.146528 0.187500
v -0.747518 0.044353 0.187500
v -0.905710 0.137054 -0.843750
v 0.643769 1.960427 1.031250
v 0.489769 2.132111 1.031250
v 0.290733 2.281271 1.031250
v -0.115105 2.364464 1.031250
v -0.330590 2.211949 1.031250
v -0.593139 1.983455 0.843750
v -0.837968 0.257391 1.031250
v 0.945359 0.189855 -0.181352
v 0.959921 0.224914 0.095287
v 1.032366 0.159440 -1.031250
v 1.041147 0.483088 -0.181352
v 1.071069 0.512127 0.095287
v 1.097172 0.482568 -1.031250
v 1.122552 0.757534 -0.181352
v 1.117083 0.793088 0.095287
v 1.129982 0.767325 -1.031250
v 1.131312 0.949204 -0.181352
v 1.099875 0.965651 0.095287
v 1.094898 1.103877 -0.181352
v 1.057323 1.116589 0.095287
v 1.034662 1.255716 -0.181352
v 1.005893 1.266858 0.095287
v 0.965848 1.407045 -0.181352
v 0.947307 1.419914 0.095287
v 0.888268 1.562884 -0.181352
v 0.873601 1.577718 0.095287
v 0.782034 1.715895 -0.181352
v 0.768353 1.732825 0.095287
v 0.644489 1.862171 -0.181352
v 0.625538 1.876994 0.095287
v 0.641958 1.870033 -1.031250
v 0.583907 1.973304 0.562500
v 0.565369 1.992270 0.562500
v 0.464697 1.920918 -1.406250
v 0.414899 2.130505 0.562500
v 0.392880 2.149647 0.562500
v 0.285682 2.058579 -1.406250
v 0.208894 2.274173 0.562500
v 0.179261 2.287496 0.562500
v 0.079699 2.196271 -1.406250
v -0.126832 2.266739 0.562500
v -0.149903 2.243604 0.562500
v -0.130996 2.157707 -1.406250
v -0.329543 2.115329 0.562500
v -0.354996 2.100630 0.562500
v -0.325775 2.015189 -1.406250
v -0.527896 1.990415 0.562500
v -0.548482 1.973701 0.562500
v -0.491950 1.872183 -1.406250
v -0.633350 1.731524 -1.406250
v -0.976653 0.650854 -1.406250
v -0.926251 0.374751 -1.406250
v -0.895044 0.228633 -0.187500
v -0.865340 0.114293 -0.562500
v -0.815494 0.096306 -1.406250
v 0.644415 1.883522 0.378074
v 0.641078 1.891183 0.470287
v 0.622167 1.863208 0.003074
v 0.631377 1.860908 -0.089139
v 0.634319 1.874303 -0.371926
v 0.632490 1.883343 -0.279713
v 0.777565 1.730601 0.378074
v 0.766492 1.731458 0.470287
v 0.765227 1.721533 0.003074
v 0.772268 1.717713 -0.089139
v 0.779255 1.731843 -0.371926
v 0.771848 1.735394 -0.279713
v 0.886916 1.577545 0.378074
v 0.876427 1.579319 0.470287
v 0.871791 1.568979 0.003074
v 0.880001 1.565915 -0.089139
v 0.892274 1.580580 -0.371926
v 0.882581 1.582803 -0.279713
v 0.963973 1.419911 0.378074
v 0.961235 1.425607 0.470287
v 0.952676 1.415294 0.003074
v 0.962164 1.412356 -0.089139
v 0.971499 1.422987 -0.371926
v 0.958519 1.424497 -0.279713
v 1.025514 1.265795 0.378074
v 1.025677 1.272085 0.470287
v 1.017484 1.263673 0.003074
v 1.029667 1.260645 -0.089139
v 1.047980 1.271731 -0.371926
v 1.030377 1.273327 -0.279713
v 1.079144 1.113622 0.378074
v 1.076108 1.119156 0.470287
v 1.071500 1.112578 0.003074
v 1.086285 1.108649 -0.089139
v 1.117545 1.118870 -0.371926
v 1.097554 1.122087 -0.279713
v 1.116349 0.960378 0.378074
v 1.110520 0.966022 0.470287
v 1.111457 0.960207 0.003074
v 1.122380 0.954741 -0.089139
v 1.162838 0.961997 -0.371926
v 1.142237 0.967126 -0.279713
v 1.126239 0.780062 0.378074
v 1.122080 0.792288 0.470287
v 1.119442 0.781151 0.003074
v 1.118454 0.769750 -0.089139
v 1.167019 0.773532 -0.371926
v 1.148282 0.788092 -0.279713
v 1.088836 0.496657 0.378074
v 1.085808 0.509051 0.470287
v 1.057458 0.503206 0.003074
v 1.043619 0.494333 -0.089139
v 1.084616 0.497538 -0.371926
v 1.069811 0.512389 -0.279713
v 0.976442 0.202457 0.378074
v 0.976627 0.216496 0.470287
v 0.944096 0.218755 0.003074
v 0.939240 0.207070 -0.089139
v 0.978792 0.201273 -0.371926
v 0.979006 0.215297 -0.279713
v -0.860726 0.304333 0.378074
v -0.849082 0.295002 0.470287
v -0.906276 0.294826 0.003074
v -0.908728 0.306076 -0.089139
v -0.944926 0.286760 -0.371926
v -0.932941 0.277500 -0.279713
v -0.931502 0.504795 0.378074
v -0.941092 0.526905 0.282787
v -0.940374 0.527055 0.470287
v -0.954599 0.475864 0.098361
v -0.945148 0.477836 -0.089139
v -0.961505 0.498534 0.003074
v -0.936911 0.407223 0.009221
v -0.935193 0.431692 -0.086066
v -0.941698 0.430335 0.101434
v -0.951035 0.572306 0.378074
v -0.951791 0.560626 0.470287
v -0.978345 0.567932 0.003074
v -0.967567 0.581218 -0.089139
v -0.999935 0.564475 -0.371926
v -0.979057 0.556259 -0.279713
v -1.007976 0.774727 0.378074
v -1.013863 0.797481 0.282787
v -1.016722 0.797023 0.470287
v -1.010602 0.750609 0.098361
v -0.996056 0.752939 -0.089139
v -1.007451 0.774811 0.003074
v -0.996207 0.681823 0.009221
v -0.988486 0.706757 -0.086066
v -1.002890 0.704450 0.101434
v -1.020553 0.837758 0.378074
v -1.022369 0.831974 0.470287
v -1.012648 0.837483 0.003074
v -1.007444 0.843149 -0.089139
v -1.033477 0.838208 -0.371926
v -1.027693 0.832160 -0.279713
v -1.020854 0.944773 0.378074
v -1.020224 0.956738 0.470287
v -1.004358 0.932212 -0.089139
v -1.004769 0.944213 0.003074
v -1.008207 0.896386 0.009221
v -1.017163 0.908684 0.101434
v -1.018209 0.983931 0.378074
v -1.018619 0.978038 0.470287
v -1.002004 0.981717 0.003074
v -1.001713 0.987626 -0.089139
v -1.015612 0.983576 -0.371926
v -1.020557 0.978303 -0.279713
v -1.000856 1.090431 0.378074
v -1.001473 1.102711 0.470287
v -0.992708 1.077121 -0.089139
v -0.990676 1.089039 0.003074
v -0.995407 1.040903 0.009221
v -1.003654 1.054225 0.101434
v -0.992972 1.129738 0.378074
v -0.997959 1.124808 0.470287
v -0.986152 1.127936 0.003074
v -0.985269 1.133950 -0.089139
v -0.984600 1.127526 -0.371926
v -0.995415 1.124135 -0.279713
v -0.967321 1.237297 0.378074
v -0.972097 1.251368 0.470287
v -0.968248 1.224734 -0.089139
v -0.966076 1.236968 0.003074
v -0.975315 1.188176 0.009221
v -0.978488 1.201823 0.101434
v -0.957299 1.278143 0.378074
v -0.966358 1.275029 0.470287
v -0.956469 1.277803 0.003074
v -0.955120 1.284068 -0.089139
v -0.949820 1.275086 -0.371926
v -0.959003 1.272023 -0.279713
v -0.926627 1.390334 0.378074
v -0.930732 1.405984 0.470287
v -0.928001 1.376924 -0.089139
v -0.923114 1.388898 0.003074
v -0.937902 1.339054 0.009221
v -0.934449 1.351615 0.101434
v -0.912604 1.434741 0.378074
v -0.921793 1.432232 0.470287
v -0.907764 1.432000 0.003074
v -0.906090 1.438766 -0.089139
v -0.899892 1.427542 -0.371926
v -0.907460 1.424115 -0.279713
v -0.870870 1.552260 0.378074
v -0.871426 1.568387 0.470287
v -0.863885 1.532491 -0.089139
v -0.860310 1.546279 0.003074
v -0.881687 1.495136 0.009221
v -0.876024 1.507742 0.101434
v -0.849642 1.600081 0.378074
v -0.857404 1.596792 0.470287
v -0.837801 1.591379 0.003074
v -0.829849 1.594530 -0.089139
v -0.818672 1.577320 -0.371926
v -0.830340 1.576901 -0.279713
v -0.787607 1.719092 0.378074
v -0.781024 1.732693 0.470287
v -0.766830 1.685383 -0.089139
v -0.767793 1.704530 0.003074
v -0.800958 1.655148 0.009221
v -0.799753 1.672702 0.101434
v -0.754937 1.765971 0.378074
v -0.760526 1.760365 0.470287
v -0.734836 1.747618 0.003074
v -0.719312 1.744151 -0.089139
v -0.705267 1.720619 -0.371926
v -0.723883 1.726908 -0.279713
v -0.651241 1.867265 0.378074
v -0.642591 1.881321 0.470287
v -0.635739 1.831157 -0.089139
v -0.636176 1.853510 0.003074
v -0.681902 1.807446 0.009221
v -0.680760 1.828357 0.101434
v 0.739382 1.774257 0.378074
v 0.745217 1.757631 0.470287
v 0.717804 1.776509 -0.089139
v 0.727058 1.763005 0.003074
v 0.680078 1.807922 0.009221
v 0.700333 1.804463 0.101434
v 0.857231 1.624548 0.378074
v 0.858182 1.606807 0.470287
v 0.838558 1.629264 -0.089139
v 0.843067 1.614138 0.003074
v 0.809145 1.662964 0.009221
v 0.825352 1.656436 0.101434
v 0.941911 1.467537 0.378074
v 0.946750 1.454465 0.470287
v 0.929512 1.476327 -0.089139
v 0.930031 1.460809 0.003074
v 0.903676 1.509132 0.009221
v 0.911819 1.497932 0.101434
v 1.006955 1.312750 0.378074
v 1.014359 1.301805 0.470287
v 1.002163 1.324764 -0.089139
v 0.998904 1.309460 0.003074
v 0.977166 1.356464 0.009221
v 0.976344 1.342156 0.101434
v 1.063722 1.161554 0.378074
v 1.067531 1.149752 0.470287
v 1.063958 1.174424 -0.089139
v 1.056492 1.159643 0.003074
v 1.037703 1.205911 0.009221
v 1.031120 1.191364 0.101434
v 1.107773 1.008664 0.378074
v 1.106071 0.996235 0.470287
v 1.111197 1.021327 -0.089139
v 1.102440 1.007935 0.003074
v 1.088061 1.054754 0.009221
v 1.079991 1.041455 0.101434
v 1.128183 0.853785 0.378074
v 1.123712 0.841643 0.470287
v 1.127294 0.865741 -0.089139
v 1.122831 0.853599 0.003074
v 1.118399 0.901392 0.009221
v 1.112333 0.889194 0.101434
v 1.102420 0.572337 0.378074
v 1.090928 0.550480 0.282787
v 1.093524 0.550065 0.470287
v 1.089811 0.598054 0.098361
v 1.073366 0.600687 -0.089139
v 1.076466 0.576494 0.003074
v 1.098674 0.667726 0.009221
v 1.086538 0.645972 -0.086066
v 1.098417 0.644070 0.101434
v 1.020072 0.295775 0.378074
v 1.006319 0.274535 0.282787
v 1.003126 0.275201 0.470287
v 1.001836 0.323692 0.098361
v 0.987104 0.326767 -0.089139
v 0.981406 0.303845 0.003074
v 1.017537 0.392748 0.009221
v 1.002402 0.371795 -0.086066
v 1.020430 0.368033 0.101434
v 0.849039 0.008038 0.378074
v 0.795030 0.006281 0.282787
v 0.789875 0.008878 0.470287
v 0.852068 0.035482 0.098361
v 0.850984 0.036029 -0.089139
v 0.837567 0.013819 0.003074
v 0.880005 0.108317 0.009221
v 0.871871 0.083445 -0.086066
v 0.874016 0.082364 0.101434
v 0.845872 0.009634 -0.371926
v 0.791156 0.008233 -0.467213
v 0.796379 0.005601 -0.279713
v 1.017544 0.296303 -0.371926
v 1.020172 0.271643 -0.467213
v 1.000777 0.275691 -0.279713
v 1.108989 0.571285 -0.371926
v 1.120579 0.545732 -0.467213
v 1.081956 0.551917 -0.279713
v 1.173035 0.855347 -0.371926
v 1.152354 0.842640 -0.279713
v 1.152657 1.014797 -0.371926
v 1.136959 1.000456 -0.279713
v 1.098655 1.170784 -0.371926
v 1.087016 1.154900 -0.279713
v 1.023986 1.319711 -0.371926
v 1.017042 1.302901 -0.279713
v 0.947666 1.470796 -0.371926
v 0.944818 1.453371 -0.279713
v 0.862108 1.628132 -0.371926
v 0.864883 1.611732 -0.279713
v 0.738288 1.773258 -0.371926
v 0.748675 1.760788 -0.279713
v -0.609827 1.829452 -0.371926
v -0.609197 1.850829 -0.279713
v -0.714685 1.772054 0.009221
v -0.730020 1.775347 0.101434
v -0.737473 1.682246 -0.371926
v -0.742020 1.704027 -0.279713
v -0.823622 1.616937 0.009221
v -0.830592 1.613065 0.101434
v -0.843798 1.536928 -0.371926
v -0.844217 1.552977 -0.279713
v -0.897410 1.456990 0.009221
v -0.898947 1.450147 0.101434
v -0.915894 1.385948 -0.371926
v -0.917030 1.400384 -0.279713
v -0.949200 1.302095 0.009221
v -0.953036 1.296848 0.101434
v -0.959304 1.235179 -0.371926
v -0.965002 1.249493 -0.279713
v -0.982103 1.151858 0.009221
v -0.990366 1.147793 0.101434
v -0.993016 1.089359 -0.371926
v -0.999918 1.102498 -0.279713
v -0.999404 1.005158 0.009221
v -1.010278 1.000695 0.101434
v -1.021240 0.944787 -0.371926
v -1.022455 0.956816 -0.279713
v -1.011101 0.860818 0.009221
v -1.020293 0.855291 0.101434
v -1.028824 0.771388 -0.371926
v -1.036915 0.793790 -0.467213
v -1.023059 0.796009 -0.279713
v -0.986404 0.612880 0.009221
v -0.984783 0.601580 0.101434
v -0.985565 0.493512 -0.371926
v -0.999632 0.514687 -0.467213
v -0.972045 0.520445 -0.279713
v -0.918346 0.339353 0.009221
v -0.913134 0.328679 0.101434
v 0.917475 0.175641 0.009221
v 0.932247 0.182330 0.101434
v 1.043151 0.459146 0.009221
v 1.058042 0.467800 0.101434
v 1.112298 0.736057 0.009221
v 1.112848 0.747528 0.101434
v 1.114096 0.936910 0.009221
v 1.103836 0.942400 0.101434
v 1.077422 1.089590 0.009221
v 1.063624 1.093654 0.101434
v 1.024890 1.240638 0.009221
v 1.012970 1.243736 0.101434
v 0.961978 1.391833 0.009221
v 0.956079 1.396237 0.101434
v 0.884396 1.545265 0.009221
v 0.885881 1.553819 0.101434
v 0.783084 1.698677 0.009221
v 0.786849 1.710440 0.101434
v 0.644960 1.841183 0.009221
v 0.648655 1.855265 0.101434
v -0.836670 0.279597 0.656250
v -0.241046 2.178171 0.656250
v 0.077085 2.336434 0.656250
v -0.824679 0.113230 -0.093750
v -0.146854 2.267859 -0.093750
v 0.177585 2.256176 -0.093750
v 0.071540 2.328144 -0.093750
v -0.258396 2.204110 -0.093750
v -0.751147 0.150280 0.656250
v 0.246851 2.186849 0.093750
v -0.062732 2.314975 0.093750
v -0.873574 0.131695 -0.656250
v -0.812499 0.205571 0.281250
v -0.199436 2.231217 0.281250
v 0.111202 2.272185 0.281250
v -0.829743 0.024473 -0.468750
v -0.082618 2.287079 -0.468750
v 0.211965 2.192321 -0.468750
v 0.106379 2.264974 -0.468750
v -0.194529 2.223880 -0.468750
v -0.726345 0.076572 0.281250
v 0.207565 2.243371 0.468750
v -0.115133 2.278062 0.468750
v -0.903440 0.202851 -0.281250
v -0.812453 0.248697 0.468750
v -0.215894 2.198195 0.468750
v 0.095579 2.306457 0.468750
v -0.840600 0.062105 -0.281250
v -0.123257 2.290209 -0.281250
v 0.197172 2.227832 -0.281250
v 0.093410 2.303213 -0.281250
v -0.232831 2.223516 -0.281250
v -0.721930 0.121899 0.468750
v 0.219784 2.204011 0.281250
v -0.090014 2.298137 0.281250
v -0.892720 0.165150 -0.468750
v -0.826566 0.155381 0.093750
v -0.171352 2.246857 0.093750
v 0.143697 2.263139 0.093750
v -0.771034 0.010953 -0.656250
v -0.034011 2.272035 -0.656250
v 0.222378 2.150261 -0.656250
v 0.114764 2.219882 -0.656250
v -0.142540 2.203781 -0.656250
v -0.757103 0.017972 0.093750
v 0.203640 2.295130 0.656250
v -0.139851 2.257389 0.656250
v -0.892147 0.251644 -0.093750
vn -0.5774 -0.5774 0.5773
vn -0.5774 0.5774 0.5773
vn 0.9385 -0.3126 -0.1465
vn 0.7206 -0.6931 -0.0210
vn 0.9381 0.3118 -0.1505
vn 0.9678 0.2273 -0.1082
vn -0.5774 -0.5773 -0.5773
vn 0.9102 0.4097 0.0610
vn 0.9961 0.0560 -0.0684
vn 0.9903 -0.1026 -0.0942
vn -0.5774 0.5774 -0.5773
vn 0.9395 0.3425 0.0010
vn 0.9735 -0.2111 -0.0883
vn 0.5774 -0.5773 0.5773
vn 0.9338 -0.3548 -0.0456
vn 0.9865 0.1626 0.0202
vn 0.8752 -0.4831 -0.0256
vn 0.5774 0.5774 0.5773
vn 0.7974 -0.6033 -0.0143
vn 0.7277 -0.6855 0.0237
vn 0.9992 -0.0101 0.0379
vn 0.7487 -0.6582 0.0789
vn 0.5774 -0.5774 -0.5773
vn 0.9957 -0.0770 0.0525
vn 0.6172 -0.7656 0.1813
vn 0.5279 -0.8227 0.2111
vn 0.5774 0.5774 -0.5773
vn 0.9753 -0.2044 0.0836
vn -0.0109 -0.9766 0.2146
vn -0.4803 -0.8689 0.1197
vn 0.9476 -0.3019 0.1042
vn -0.5759 -0.8174 0.0155
vn 0.9061 -0.4105 0.1023
vn 0.8010 -0.5834 0.1347
vn -0.6752 -0.7375 -0.0121
vn 0.6389 -0.7591 0.1246
vn -0.7119 -0.6934 0.1114
vn 0.5409 -0.8365 0.0878
vn -0.8057 -0.5751 0.1415
vn -0.8715 -0.4828 0.0858
vn 0.5385 -0.8252 0.1708
vn -0.9049 -0.4178 0.0812
vn 0.1329 -0.9841 0.1176
vn -0.9376 -0.3193 0.1378
vn -0.5483 -0.8334 0.0692
vn -0.9694 -0.1766 0.1708
vn -0.7034 -0.7096 0.0427
vn -0.9878 0.0392 0.1505
vn -0.7497 -0.6598 0.0512
vn -0.9788 0.2004 0.0415
vn -0.8360 -0.5454 0.0603
vn -0.8666 -0.4985 0.0225
vn -0.9425 0.3213 -0.0916
vn -0.8959 -0.4442 -0.0117
vn -0.7163 -0.1624 -0.6786
vn -0.9458 -0.3211 -0.0488
vn -0.9713 -0.2217 -0.0865
vn -0.9893 -0.0906 -0.1145
vn -0.9887 0.0622 -0.1364
vn -0.9543 0.2505 -0.1628
vn -0.8486 0.5032 -0.1632
vn -0.8828 -0.4595 -0.0975
vn 0.7388 0.0498 -0.6721
vn 0.7472 -0.0584 -0.6620
vn 0.7342 -0.1428 -0.6638
vn 0.6589 -0.3225 -0.6796
vn 0.7057 -0.2355 -0.6682
vn 0.7561 0.1403 -0.6392
vn 0.3957 -0.5492 -0.7361
vn 0.0013 -0.5087 -0.8609
vn -0.4712 -0.5738 -0.6699
vn -0.4080 -0.5798 -0.7053
vn 0.5310 -0.4424 -0.7227
vn 0.4748 -0.4781 -0.7389
vn 0.4365 -0.5210 -0.7335
vn 0.5977 -0.3928 -0.6989
vn 0.7029 0.2511 -0.6655
vn 0.7317 -0.4149 -0.5408
vn -0.6491 -0.4138 -0.6383
vn -0.5885 -0.4811 -0.6498
vn -0.7381 -0.4094 -0.5362
vn -0.5322 -0.5350 -0.6562
vn -0.7551 -0.1421 -0.6400
vn -0.7556 0.0572 -0.6526
vn -0.7660 -0.0566 -0.6403
vn -0.7150 0.2540 -0.6514
vn -0.7585 0.1474 -0.6348
vn -0.7348 -0.2370 -0.6356
vn -0.6993 -0.3319 -0.6331
vn 0.5099 -0.6153 0.6012
vn 0.4668 -0.6338 0.6168
vn 0.0018 -0.6224 0.7827
vn -0.5552 -0.5506 0.6234
vn -0.5158 -0.6208 0.5904
vn -0.4519 -0.6531 0.6076
vn -0.6723 -0.4289 0.6034
vn -0.7127 -0.3392 0.6140
vn -0.7538 -0.1421 0.6415
vn -0.7360 0.0644 0.6739
vn -0.7603 -0.0623 0.6466
vn -0.7222 0.1391 0.6776
vn -0.7411 -0.2387 0.6276
vn -0.5973 -0.5231 0.6079
vn 0.7279 -0.0532 0.6836
vn 0.7045 0.0488 0.7080
vn 0.6248 0.2186 0.7495
vn 0.7201 -0.2326 0.6538
vn 0.6876 0.1341 0.7136
vn 0.7310 -0.1349 0.6689
vn 0.5925 -0.5064 0.6265
vn 0.6576 -0.4151 0.6286
vn -0.6509 0.2278 0.7241
vn -0.7121 -0.4308 0.5544
vn 0.7055 -0.4372 0.5578
vn 0.5579 -0.5617 0.6110
vn 0.6917 -0.3295 0.6427
vn 0.9472 0.3200 0.0178
vn 0.9598 0.2805 0.0109
vn 0.9981 -0.0413 0.0454
vn 0.9988 0.0393 0.0305
vn 0.9604 -0.2596 0.1015
vn 0.9875 -0.1437 0.0654
vn 0.8633 -0.4923 0.1106
vn 0.9325 -0.3463 0.1030
vn 0.6904 -0.7058 0.1585
vn -0.8035 -0.5916 0.0663
vn -0.8725 -0.4886 0.0047
vn -0.8541 -0.5186 0.0393
vn -0.9588 -0.2748 -0.0716
vn -0.9204 -0.3898 -0.0304
vn -0.9913 -0.0337 -0.1269
vn -0.9820 -0.1577 -0.1037
vn -0.9759 0.1562 -0.1524
vn -0.9122 0.3769 -0.1607
vn -0.7861 0.6001 -0.1478
vn 0.7312 -0.6710 0.1229
vn -0.9212 -0.3868 -0.0425
vn -0.8847 -0.4660 0.0112
vn 0.8614 -0.5046 0.0574
vn 0.9562 -0.2928 -0.0035
vn -0.9407 0.3214 0.1085
vn 0.9784 0.2064 -0.0074
vn -0.6895 -0.7217 0.0610
vn -0.9903 -0.1213 -0.0682
vn 0.9826 -0.1841 0.0255
vn -0.9534 -0.2863 -0.0950
vn 0.9242 -0.3820 -0.0059
vn -0.8071 -0.5885 0.0479
vn -0.9784 0.2057 0.0206
vn -0.9037 0.4267 0.0360
vn 0.9952 -0.0778 0.0587
vn -0.9373 -0.3387 -0.0826
vn 0.9925 -0.1126 0.0478
vn 0.9964 0.0707 0.0476
vn 0.7592 0.1625 -0.6302
vn 0.6867 0.3525 -0.6358
vn -0.7054 0.3626 -0.6090
vn -0.7630 0.1653 -0.6249
vn -0.7650 0.1315 -0.6305
vn -0.5691 -0.5178 -0.6388
vn -0.5077 -0.5680 -0.6477
vn -0.4421 -0.5867 -0.6785
vn -0.3893 -0.5872 -0.7097
vn 0.3861 -0.5724 -0.7233
vn 0.4184 -0.5454 -0.7262
vn 0.4619 -0.5067 -0.7279
vn 0.5076 -0.4697 -0.7223
vn 0.7571 0.1219 -0.6418
vn -0.6412 0.3218 0.6967
vn 0.6233 0.3095 0.7181
vn 0.6790 0.1483 0.7190
vn 0.7079 0.1194 0.6962
vn 0.5831 -0.5338 0.6124
vn 0.5366 -0.5978 0.5955
vn 0.4886 -0.6260 0.6077
vn 0.4473 -0.6585 0.6052
vn -0.4331 -0.6643 0.6092
vn -0.4864 -0.6499 0.5840
vn -0.5444 -0.5968 0.5895
vn -0.5907 -0.5240 0.6136
vn -0.7389 0.1248 0.6622
vn -0.7127 0.1531 0.6845
vn -0.7196 -0.6941 0.0210
vn -0.9964 -0.0847 0.0059
vn -0.8642 -0.0866 -0.4956
vn 0.9617 -0.2365 -0.1382
vn 0.8639 -0.5025 -0.0337
vn 0.7985 -0.6020 0.0039
vn 0.9257 0.3605 0.1143
vn 0.8078 0.5765 -0.1231
vn 0.9202 0.3883 -0.0494
vn 0.9136 0.3918 0.1086
vn 0.9881 0.1386 0.0662
vn 0.9681 0.1918 -0.1614
vn 0.9423 0.3270 -0.0712
vn 0.9308 0.3529 -0.0953
vn 0.9422 0.3314 0.0499
vn 0.9906 0.0828 0.1090
vn 0.9782 0.1953 -0.0709
vn 0.9640 0.2659 -0.0013
vn 0.9608 0.2770 -0.0125
vn 0.9981 0.0334 0.0508
vn 0.9909 -0.0440 0.1273
vn 1.0000 0.0029 -0.0039
vn 0.9997 0.0246 0.0005
vn 0.9962 -0.0852 0.0190
vn 0.9656 -0.2346 0.1118
vn 0.9866 -0.1628 0.0095
vn 0.9887 -0.1500 0.0057
vn 0.9908 -0.1347 0.0155
vn 0.9157 -0.3953 0.0726
vn 0.9720 -0.2313 0.0403
vn 0.9678 -0.2485 0.0393
vn 0.9691 -0.2464 0.0074
vn 0.8495 -0.5245 0.0565
vn 0.9628 -0.2638 0.0594
vn 0.9578 -0.2798 0.0660
vn 0.9362 -0.3513 -0.0072
vn 0.7362 -0.6747 0.0518
vn 0.9393 -0.3357 0.0706
vn 0.9384 -0.3368 0.0771
vn 0.8873 -0.4602 0.0315
vn 0.6334 -0.7732 0.0312
vn 0.8868 -0.4595 0.0503
vn 0.8917 -0.4477 0.0658
vn 0.7833 -0.6119 0.1102
vn 0.6516 -0.7568 0.0519
vn 0.7438 -0.6664 0.0529
vn 0.6918 -0.7210 0.0399
vn 0.7381 -0.6733 0.0445
vn 0.7307 -0.6752 0.1008
vn 0.6104 -0.7921 0.0028
vn 0.6957 -0.7078 0.1229
vn 0.7438 -0.6648 0.0693
vn 0.5786 -0.8090 0.1032
vn 0.6349 -0.7721 0.0258
vn 0.5566 -0.8011 0.2201
vn 0.4678 -0.8837 0.0164
vn 0.5216 -0.8454 0.1148
vn 0.0612 -0.9979 0.0229
vn 0.5073 -0.8406 0.1900
vn 0.0253 -0.9979 -0.0603
vn 0.5658 -0.8046 0.1802
vn -0.4757 -0.8788 0.0386
vn -0.5005 -0.8489 0.1697
vn -0.6380 -0.7696 -0.0258
vn -0.3579 -0.9312 0.0684
vn -0.4770 -0.8752 0.0810
vn -0.4963 -0.8656 0.0662
vn -0.6422 -0.7666 -0.0038
vn -0.6787 -0.7320 0.0592
vn -0.6375 -0.7610 0.1204
vn -0.6395 -0.7686 -0.0173
vn -0.6991 -0.7149 0.0154
vn -0.7065 -0.7068 0.0352
vn -0.6754 -0.7357 0.0505
vn -0.7691 -0.6321 0.0943
vn -0.7720 -0.6351 0.0236
vn -0.7571 -0.6532 0.0113
vn -0.7467 -0.6648 0.0205
vn -0.7923 -0.6052 0.0779
vn -0.8010 -0.5970 -0.0452
vn -0.7983 -0.6008 -0.0422
vn -0.8508 -0.5255 -0.0020
vn -0.8588 -0.4991 0.1155
vn -0.8944 -0.4464 -0.0269
vn -0.8955 -0.4451 -0.0022
vn -0.9014 -0.4314 -0.0365
vn -0.9366 -0.3082 0.1664
vn -0.9370 -0.3476 0.0346
vn -0.9276 -0.3701 0.0504
vn -0.9293 -0.3607 -0.0792
vn -0.9636 -0.1877 0.1906
vn -0.9477 -0.3145 0.0543
vn -0.9375 -0.3434 0.0555
vn -0.9512 -0.2869 -0.1140
vn -0.9703 -0.1281 0.2053
vn -0.9661 -0.2563 0.0318
vn -0.9638 -0.2647 0.0311
vn -0.9799 -0.1686 -0.1063
vn -0.9742 0.0029 0.2255
vn -0.9929 -0.1191 -0.0007
vn -0.9937 -0.1124 -0.0002
vn -0.9974 0.0497 -0.0515
vn -0.9794 0.1777 0.0963
vn -0.9659 0.1293 0.2245
vn -0.9948 0.1013 -0.0148
vn -0.9938 0.1104 -0.0101
vn -0.9671 0.2385 0.0886
vn -0.9762 0.2165 -0.0136
vn -0.9354 0.2655 0.2335
vn -0.9620 0.2718 -0.0261
vn -0.9469 0.3204 -0.0278
vn -0.8906 0.4537 0.0305
vn -0.7207 0.6647 -0.1970
vn -0.7845 0.5994 -0.1590
vn -0.8055 0.5902 -0.0536
vn -0.8411 0.5376 -0.0591
vn 0.9580 0.2855 0.0276
vn 0.9489 0.3155 -0.0017
vn 0.9804 0.1847 -0.0680
vn 0.9967 0.0046 -0.0812
vn 0.9939 -0.0685 -0.0863
vn 0.9802 -0.1483 -0.1314
vn 0.9248 -0.3319 -0.1859
vn 0.8475 -0.4824 -0.2215
vn 0.8111 -0.5318 -0.2436
vn 0.7497 -0.6381 -0.1755
vn 0.6451 -0.7600 -0.0794
vn 0.5923 -0.7937 -0.1384
vn 0.0055 -0.9832 -0.1825
vn -0.4688 -0.8559 -0.2181
vn -0.6848 -0.7198 -0.1135
vn -0.8053 -0.5776 -0.1336
vn -0.8256 -0.5439 -0.1505
vn -0.8687 -0.4821 -0.1134
vn -0.9102 -0.4005 -0.1061
vn -0.9622 -0.2537 -0.0991
vn -0.9829 -0.1568 -0.0969
vn -0.9941 -0.0417 -0.1003
vn -0.9893 0.1126 -0.0929
vn -0.9415 0.3116 -0.1280
vn -0.8861 0.4607 -0.0502
vn 0.7683 0.6355 0.0762
vn 0.8762 0.4716 -0.0998
vn 0.9790 0.1803 0.0953
vn 0.9783 0.1847 -0.0944
vn 0.9861 0.1068 -0.1271
vn 0.9387 0.3431 -0.0331
vn 0.9873 0.1412 0.0731
vn 0.9754 0.1525 -0.1592
vn 0.9883 0.0920 -0.1215
vn 0.9527 0.3032 0.0192
vn 0.9918 0.0183 0.1263
vn 0.9949 -0.0854 -0.0541
vn 0.9913 -0.1304 -0.0154
vn 0.9999 -0.0146 -0.0007
vn 0.9819 -0.1277 0.1398
vn 0.9817 -0.1884 0.0283
vn 0.9751 -0.2161 0.0507
vn 0.9863 -0.1639 0.0160
vn 0.9397 -0.3289 0.0938
vn 0.9705 -0.2345 0.0565
vn 0.9737 -0.2218 0.0526
vn 0.9754 -0.2139 0.0524
vn 0.8849 -0.4638 0.0422
vn 0.9580 -0.2835 0.0422
vn 0.9538 -0.2980 0.0386
vn 0.9647 -0.2536 0.0705
vn 0.7964 -0.6033 0.0426
vn 0.8990 -0.4360 0.0427
vn 0.8808 -0.4694 0.0617
vn 0.9387 -0.3362 0.0769
vn 0.6631 -0.7479 0.0301
vn 0.8007 -0.5898 0.1046
vn 0.7680 -0.6236 0.1462
vn 0.8730 -0.4847 0.0540
vn 0.6385 -0.7687 0.0377
vn 0.7337 -0.6540 0.1844
vn 0.7456 -0.6460 0.1636
vn 0.6710 -0.7396 0.0523
vn 0.6401 -0.7674 0.0367
vn 0.7748 -0.6273 0.0789
vn 0.5984 -0.8012 -0.0021
vn 0.6003 -0.7985 0.0453
vn 0.6285 -0.7769 0.0359
vn 0.4790 -0.8777 -0.0172
vn -0.5172 -0.8554 0.0274
vn -0.5572 -0.8272 -0.0731
vn -0.4413 -0.8954 0.0596
vn -0.6227 -0.7825 -0.0052
vn -0.5396 -0.8362 0.0980
vn -0.6813 -0.7320 0.0084
vn -0.7141 -0.6902 0.1174
vn -0.7076 -0.7056 0.0372
vn -0.6826 -0.7307 -0.0054
vn -0.7440 -0.6681 -0.0127
vn -0.7843 -0.6160 0.0743
vn -0.7678 -0.6387 -0.0503
vn -0.7877 -0.6122 -0.0689
vn -0.8053 -0.5907 -0.0496
vn -0.8154 -0.5735 0.0789
vn -0.8917 -0.4425 -0.0950
vn -0.8808 -0.4614 -0.1068
vn -0.8915 -0.4531 0.0011
vn -0.9017 -0.4059 0.1492
vn -0.9073 -0.4009 -0.1265
vn -0.8673 -0.4783 -0.1380
vn -0.9187 -0.3917 0.0511
vn -0.9532 -0.2316 0.1945
vn -0.8965 -0.4176 -0.1481
vn -0.8777 -0.4534 -0.1551
vn -0.9306 -0.3628 0.0483
vn -0.9661 -0.1564 0.2056
vn -0.9384 -0.3067 -0.1593
vn -0.9348 -0.3151 -0.1640
vn -0.9654 -0.2601 0.0193
vn -0.9725 -0.0918 0.2141
vn -0.9784 -0.1106 -0.1746
vn -0.9794 -0.0807 -0.1849
vn -0.9951 -0.0984 -0.0052
vn -0.9691 0.0932 0.2282
vn -0.9502 0.2400 -0.1987
vn -0.9313 0.3022 -0.2032
vn -0.9707 0.2401 0.0093
vn -0.9622 0.1582 0.2215
vn -0.9303 0.3137 -0.1902
vn -0.9391 0.3110 -0.1461
vn -0.8889 0.4579 -0.0147
vn -0.7239 0.6392 0.2595
vn -0.8390 0.5398 -0.0686
vn -0.8288 0.5591 0.0217
vn -0.7959 0.6028 -0.0557
vn 0.9446 0.3267 0.0320
vn 0.9465 0.3226 0.0069
vn 0.9677 0.2519 0.0133
vn 0.9534 0.2948 -0.0645
vn 0.9525 0.3022 -0.0370
vn 0.9948 0.0603 -0.0821
vn 0.9941 0.0755 -0.0780
vn 0.9958 -0.0360 -0.0843
vn 0.9954 -0.0454 -0.0840
vn 0.9893 -0.0777 -0.1232
vn 0.9899 -0.0966 -0.1042
vn 0.9544 -0.2375 -0.1809
vn 0.9637 -0.2150 -0.1585
vn 0.8813 -0.4202 -0.2161
vn 0.8933 -0.4022 -0.2008
vn 0.8286 -0.5028 -0.2462
vn 0.8267 -0.5120 -0.2334
vn 0.7627 -0.6133 -0.2054
vn 0.7921 -0.5622 -0.2379
vn 0.6867 -0.7192 -0.1057
vn 0.6063 -0.7871 -0.1133
vn 0.5022 -0.8485 -0.1672
vn -0.4220 -0.8786 -0.2237
vn -0.5565 -0.8160 -0.1563
vn -0.7749 -0.6219 -0.1130
vn -0.8217 -0.5550 -0.1292
vn -0.8269 -0.5478 -0.1270
vn -0.8533 -0.5083 -0.1158
vn -0.8544 -0.5023 -0.1328
vn -0.8855 -0.4523 -0.1062
vn -0.8895 -0.4438 -0.1086
vn -0.9434 -0.3155 -0.1017
vn -0.9380 -0.3306 -0.1046
vn -0.9762 -0.1949 -0.0955
vn -0.9775 -0.1878 -0.0960
vn -0.9905 -0.0944 -0.0997
vn -0.9897 -0.1045 -0.0975
vn -0.9947 0.0248 -0.0995
vn -0.9951 0.0112 -0.0981
vn -0.9608 0.2522 -0.1152
vn -0.9683 0.2364 -0.0803
vn -0.9333 0.3493 -0.0830
vn -0.9258 0.3592 -0.1175
vn -0.9537 0.2982 0.0391
vn -0.8396 0.5433 0.0010
vn -0.8518 -0.5239 -0.0000
vn -0.9932 -0.0884 -0.0759
vn -0.7610 -0.2742 0.5880
vn 0.8905 -0.3243 0.3192
vn 0.6039 -0.7969 0.0123
vn 0.8304 -0.5562 0.0317
vn 0.8923 0.3358 0.3017
vn 0.8598 0.4937 -0.1308
vn 0.9419 0.1553 0.2979
vn 0.9542 0.2730 -0.1220
vn 0.9555 0.2681 -0.1232
vn 0.9700 0.2423 -0.0202
vn 0.9622 0.0477 0.2682
vn 0.9710 0.2287 -0.0694
vn 0.9741 0.2137 -0.0738
vn 0.9936 0.1131 0.0059
vn 0.9564 -0.0733 0.2826
vn 0.9994 -0.0145 0.0312
vn 0.9995 -0.0243 0.0188
vn 0.9964 -0.0849 -0.0027
vn 0.9395 -0.1907 0.2846
vn 0.9891 -0.1422 0.0387
vn 0.9887 -0.1463 0.0321
vn 0.9779 -0.2091 0.0067
vn 0.9076 -0.3291 0.2607
vn 0.9700 -0.2431 0.0107
vn 0.9663 -0.2575 0.0033
vn 0.9672 -0.2518 0.0334
vn 0.8506 -0.4789 0.2172
vn 0.9471 -0.3208 0.0073
vn 0.9441 -0.3298 0.0003
vn 0.9467 -0.3167 0.0584
vn 0.7758 -0.6151 0.1406
vn 0.9302 -0.3663 0.0233
vn 0.9273 -0.3737 0.0225
vn 0.9058 -0.4191 0.0623
vn 0.7010 -0.7126 0.0283
vn 0.8936 -0.4466 0.0446
vn 0.8940 -0.4463 0.0399
vn 0.8109 -0.5840 0.0363
vn 0.6829 -0.7269 -0.0728
vn 0.7182 -0.6928 0.0646
vn 0.7342 -0.6767 0.0542
vn 0.6766 -0.7353 0.0405
vn 0.6495 -0.7555 -0.0860
vn 0.6882 -0.7235 -0.0540
vn 0.5790 -0.8077 -0.1111
vn 0.4949 -0.8622 -0.1082
vn 0.0340 -0.9983 -0.0475
vn -0.0031 -0.9987 0.0503
vn -0.5160 -0.8565 0.0122
vn -0.4764 -0.8665 0.1492
vn -0.5506 -0.8186 0.1635
vn -0.6455 -0.7578 0.0952
vn -0.6532 -0.7050 0.2762
vn -0.7291 -0.6833 0.0376
vn -0.7256 -0.6205 0.2974
vn -0.7156 -0.6952 0.0674
vn -0.7181 -0.6931 0.0625
vn -0.7608 -0.6470 -0.0512
vn -0.7774 -0.5458 0.3126
vn -0.7919 -0.6094 0.0377
vn -0.8139 -0.5794 0.0442
vn -0.8530 -0.5203 -0.0418
vn -0.8374 -0.4179 0.3524
vn -0.9092 -0.4136 0.0482
vn -0.9177 -0.3943 0.0482
vn -0.9127 -0.4081 0.0224
vn -0.8917 -0.2728 0.3612
vn -0.9441 -0.3266 0.0443
vn -0.9468 -0.3200 0.0346
vn -0.9346 -0.3507 0.0590
vn -0.9212 -0.1684 0.3508
vn -0.9475 -0.3168 0.0429
vn -0.9481 -0.3169 0.0256
vn -0.9566 -0.2869 0.0514
vn -0.9289 -0.0838 0.3608
vn -0.9522 -0.3026 0.0424
vn -0.9574 -0.2881 0.0209
vn -0.9869 -0.1593 0.0241
vn -0.9207 0.0440 0.3877
vn -0.9870 -0.1582 0.0286
vn -0.9896 -0.1435 0.0124
vn -0.9996 0.0269 0.0055
vn -0.8804 0.1500 0.4500
vn -0.9946 0.0997 0.0284
vn -0.9932 0.1135 0.0268
vn -0.9962 0.0869 0.0087
vn -0.8319 0.2710 0.4842
vn -0.9491 0.3024 0.0882
vn -0.9421 0.3209 0.0974
vn -0.9245 0.3810 -0.0114
vn -0.8232 0.5614 0.0850
vn -0.8425 0.5328 0.0799
vn 0.9400 0.3072 0.1482
vn 0.9666 0.2461 0.0711
vn 0.9926 0.1124 -0.0454
vn 0.9956 -0.0330 -0.0877
vn 0.9833 -0.1316 -0.1255
vn 0.9384 -0.2841 -0.1965
vn 0.8777 -0.3993 -0.2649
vn 0.8245 -0.4799 -0.2997
vn 0.7488 -0.5522 -0.3666
vn 0.6726 -0.6040 -0.4276
vn 0.5339 -0.6918 -0.4862
vn 0.5279 -0.7055 -0.4727
vn -0.0030 -0.8826 -0.4700
vn -0.4336 -0.7408 -0.5131
vn -0.5349 -0.6289 -0.5643
vn -0.6694 -0.5539 -0.4952
vn -0.7390 -0.5784 -0.3454
vn -0.8129 -0.4989 -0.3004
vn -0.8772 -0.3906 -0.2793
vn -0.9307 -0.2600 -0.2573
vn -0.9596 -0.1601 -0.2316
vn -0.9734 -0.0718 -0.2175
vn -0.9725 0.0897 -0.2150
vn -0.9590 0.2549 -0.1242
vn -0.9350 0.3542 0.0143
vn 0.8409 0.4422 0.3119
vn 0.7900 0.5975 -0.1374
vn 0.9227 0.1845 0.3385
vn 0.9836 0.1426 -0.1107
vn 0.9476 0.3025 -0.1023
vn 0.9601 0.2389 -0.1454
vn 0.9500 0.1135 0.2908
vn 0.9836 0.1718 -0.0544
vn 0.9423 0.3263 -0.0748
vn 0.9775 0.1940 -0.0828
vn 0.9555 -0.0358 0.2927
vn 0.9962 -0.0232 -0.0836
vn 0.9961 0.0068 -0.0884
vn 0.9995 -0.0129 0.0278
vn 0.9439 -0.1263 0.3050
vn 0.9894 -0.1246 -0.0747
vn 0.9921 -0.1067 -0.0662
vn 0.9898 -0.1397 0.0292
vn 0.9218 -0.2530 0.2938
vn 0.9730 -0.2293 -0.0265
vn 0.9788 -0.2040 -0.0178
vn 0.9731 -0.2303 0.0008
vn 0.8765 -0.4041 0.2617
vn 0.9545 -0.2983 0.0022
vn 0.9550 -0.2966 0.0063
vn 0.9516 -0.3074 0.0063
vn 0.8112 -0.5516 0.1943
vn 0.9080 -0.4182 0.0244
vn 0.9014 -0.4317 0.0332
vn 0.9329 -0.3591 0.0259
vn 0.7386 -0.6706 0.0688
vn 0.8229 -0.5658 0.0520
vn 0.8214 -0.5673 0.0595
vn 0.8904 -0.4532 0.0412
vn 0.6964 -0.7141 -0.0711
vn 0.7149 -0.6968 0.0589
vn 0.7234 -0.6879 0.0584
vn 0.7103 -0.7022 0.0485
vn 0.6938 -0.7150 -0.0866
vn 0.6815 -0.7311 0.0325
vn 0.5849 -0.8008 -0.1286
vn 0.6040 -0.7923 -0.0867
vn 0.5958 -0.8006 -0.0633
vn 0.5080 -0.8548 -0.1059
vn -0.5060 -0.8623 -0.0174
vn -0.5160 -0.8492 0.1120
vn -0.5108 -0.8498 0.1300
vn -0.5222 -0.8420 0.1356
vn -0.6084 -0.7445 0.2748
vn -0.6823 -0.7258 0.0877
vn -0.6923 -0.6540 0.3050
vn -0.6489 -0.7583 0.0630
vn -0.7139 -0.6977 -0.0595
vn -0.7237 -0.6878 0.0569
vn -0.7426 -0.5902 0.3166
vn -0.7423 -0.6694 0.0297
vn -0.7982 -0.5995 -0.0592
vn -0.8275 -0.5597 0.0453
vn -0.7966 -0.4838 0.3624
vn -0.8636 -0.5042 0.0082
vn -0.8914 -0.4517 -0.0373
vn -0.9217 -0.3843 0.0525
vn -0.8554 -0.3385 0.3921
vn -0.8983 -0.4394 -0.0016
vn -0.9108 -0.4124 -0.0187
vn -0.9439 -0.3273 0.0441
vn -0.9013 -0.2117 0.3778
vn -0.9120 -0.4099 0.0153
vn -0.9171 -0.3942 -0.0593
vn -0.9459 -0.3219 0.0410
vn -0.9220 -0.1231 0.3671
vn -0.9547 -0.2955 0.0342
vn -0.9554 -0.2798 -0.0940
vn -0.9603 -0.2765 0.0359
vn -0.9195 -0.0394 0.3911
vn -0.9900 -0.1321 0.0499
vn -0.9925 -0.0495 -0.1115
vn -0.9915 -0.1283 0.0220
vn -0.8894 0.1283 0.4387
vn -0.9856 0.1615 0.0509
vn -0.9830 0.1447 -0.1135
vn -0.9931 0.1147 0.0251
vn -0.8549 0.1598 0.4936
vn -0.9525 0.3028 -0.0316
vn -0.9779 0.1794 -0.1074
vn -0.9242 0.3668 0.1066
vn -0.7697 0.3609 0.5266
vn -0.8254 0.5467 -0.1408
vn -0.8592 0.4935 -0.1352
vn -0.8557 0.5114 0.0792
vn 0.8994 0.4150 0.1375
vn 0.9460 0.3207 -0.0478
vn 0.9560 0.2878 -0.0573
vn 0.9563 0.2878 -0.0515
vn 0.9463 0.3173 -0.0618
vn 0.9988 0.0348 -0.0343
vn 0.9977 0.0557 -0.0373
vn 0.9978 -0.0583 -0.0306
vn 0.9973 -0.0669 -0.0291
vn 0.9961 -0.0868 -0.0138
vn 0.9954 -0.0925 -0.0247
vn 0.9713 -0.2376 0.0119
vn 0.9763 -0.2162 0.0033
vn 0.9214 -0.3882 -0.0164
vn 0.9254 -0.3790 -0.0026
vn 0.8671 -0.4954 -0.0527
vn 0.8759 -0.4802 -0.0466
vn 0.6802 -0.7327 -0.0213
vn 0.7400 -0.6696 -0.0639
vn 0.5942 -0.7996 0.0871
vn 0.5228 -0.6925 -0.4971
vn 0.4317 -0.7603 -0.4853
vn -0.4346 -0.7410 -0.5119
vn -0.4656 -0.6497 -0.6010
vn -0.6250 -0.5618 -0.5420
vn -0.6972 -0.6008 -0.3910
vn -0.8023 -0.5950 0.0476
vn -0.7860 -0.5359 -0.3083
vn -0.8684 -0.4939 0.0449
vn -0.8509 -0.4438 -0.2810
vn -0.8904 -0.4538 0.0352
vn -0.9122 -0.3173 -0.2591
vn -0.9444 -0.3286 0.0133
vn -0.9514 -0.2021 -0.2325
vn -0.9801 -0.1972 -0.0208
vn -0.9690 -0.1131 -0.2196
vn -0.9902 -0.1284 -0.0553
vn -0.9796 -0.0059 -0.2008
vn -0.9967 -0.0187 -0.0786
vn -0.9655 0.2132 -0.1499
vn -0.9776 0.1659 -0.1295
vn -0.9726 0.2323 -0.0071
vn -0.9232 0.3423 -0.1744
vn -0.8964 0.4418 0.0362
vn -0.7920 0.5912 -0.1521
vn -0.7882 -0.6149 -0.0268
vn -0.9934 -0.0792 0.0831
vn 0.6625 -0.0719 0.7456
vn 0.9617 -0.1745 0.2115
vn 0.9587 -0.2291 -0.1688
vn 0.7450 -0.6628 0.0757
vn 0.9302 0.3514 -0.1061
vn 0.9466 0.3190 -0.0468
vn 0.9854 0.1407 -0.0957
vn 0.9328 0.3577 -0.0435
vn 0.9314 0.3638 -0.0085
vn 0.9568 0.2602 -0.1296
vn 0.9945 0.0841 -0.0618
vn 0.9622 0.2724 -0.0033
vn 0.9527 0.3035 -0.0180
vn 0.9966 0.0452 -0.0683
vn 0.9931 -0.0665 -0.0966
vn 0.9998 -0.0086 0.0193
vn 0.9999 -0.0014 0.0108
vn 0.9878 -0.1559 -0.0057
vn 0.9639 -0.2430 -0.1090
vn 0.9942 -0.0950 0.0502
vn 0.9934 -0.1081 0.0381
vn 0.9740 -0.2259 0.0158
vn 0.9188 -0.3867 -0.0797
vn 0.9804 -0.1702 0.0997
vn 0.9821 -0.1656 0.0893
vn 0.9689 -0.2474 0.0077
vn 0.8730 -0.4855 -0.0467
vn 0.9568 -0.2661 0.1170
vn 0.9517 -0.2821 0.1210
vn 0.9260 -0.3771 0.0188
vn 0.7665 -0.6422 -0.0063
vn 0.9258 -0.3588 0.1192
vn 0.9215 -0.3684 0.1231
vn 0.8379 -0.5414 0.0695
vn 0.6648 -0.7448 0.0578
vn 0.8504 -0.5117 0.1226
vn 0.8579 -0.4979 0.1269
vn 0.7500 -0.6436 0.1527
vn 0.7045 -0.6926 0.1549
vn 0.7242 -0.6791 0.1196
vn 0.7438 -0.6577 0.1193
vn 0.7682 -0.6328 0.0972
vn 0.5851 -0.7851 0.2033
vn 0.7619 -0.6448 0.0613
vn 0.6130 -0.7745 0.1560
vn 0.5602 -0.8225 0.0979
vn -0.0010 -0.9995 0.0321
vn -0.0264 -0.9908 0.1324
vn -0.4470 -0.8934 0.0447
vn -0.5239 -0.8448 0.1089
vn -0.4988 -0.8666 0.0122
vn -0.6519 -0.7518 0.0992
vn -0.6772 -0.7305 -0.0884
vn -0.7015 -0.7103 0.0586
vn -0.7773 -0.6258 -0.0651
vn -0.7879 -0.6079 0.0987
vn -0.8079 -0.5843 0.0766
vn -0.7211 -0.6922 -0.0279
vn -0.7942 -0.6050 -0.0570
vn -0.8222 -0.5670 0.0508
vn -0.8244 -0.5660 0.0091
vn -0.8493 -0.5227 -0.0740
vn -0.8486 -0.5216 -0.0885
vn -0.8606 -0.5093 0.0011
vn -0.8598 -0.5106 -0.0076
vn -0.8951 -0.4321 -0.1100
vn -0.9320 -0.3567 -0.0649
vn -0.9123 -0.4092 0.0151
vn -0.9165 -0.3997 0.0148
vn -0.8966 -0.4246 -0.1260
vn -0.9728 -0.2317 0.0050
vn -0.9581 -0.2861 0.0143
vn -0.9548 -0.2973 0.0022
vn -0.9394 -0.3176 -0.1288
vn -0.9857 -0.1603 0.0514
vn -0.9799 -0.1984 -0.0194
vn -0.9790 -0.2008 -0.0355
vn -0.9767 -0.1694 -0.1317
vn -0.9983 0.0019 0.0580
vn -0.9955 -0.0722 -0.0611
vn -0.9944 -0.0766 -0.0723
vn -0.9863 0.0726 -0.1480
vn -0.9876 0.1567 0.0042
vn -0.9875 0.1260 -0.0946
vn -0.9856 0.1252 -0.1135
vn -0.9335 0.3091 -0.1818
vn -0.9627 0.2679 -0.0390
vn -0.9484 0.2885 -0.1316
vn -0.9265 0.3453 -0.1493
vn -0.9146 0.3911 -0.1027
vn -0.7833 0.5991 -0.1657
vn -0.8047 0.5584 -0.2017
vn 0.9365 0.3498 -0.0225
vn 0.9419 0.3322 -0.0505
vn 0.9841 0.1726 -0.0429
vn 0.9992 -0.0218 -0.0323
vn 0.9964 -0.0786 -0.0328
vn 0.9888 -0.1492 -0.0075
vn 0.9472 -0.3205 0.0115
vn 0.8942 -0.4468 -0.0285
vn 0.8262 -0.5611 -0.0503
vn 0.6357 -0.7718 0.0181
vn 0.6010 -0.7891 0.1269
vn 0.6130 -0.7619 0.2092
vn 0.0353 -0.9889 0.1443
vn -0.5593 -0.8240 0.0905
vn -0.6984 -0.6966 0.1640
vn -0.7562 -0.6494 0.0797
vn -0.8425 -0.5368 0.0450
vn -0.8741 -0.4840 0.0405
vn -0.9170 -0.3981 0.0241
vn -0.9685 -0.2490 -0.0078
vn -0.9836 -0.1750 -0.0446
vn -0.9952 -0.0686 -0.0693
vn -0.9919 0.0816 -0.0970
vn -0.9510 0.2673 -0.1556
vn -0.8594 0.4868 -0.1566
vn 0.6267 0.7792 0.0005
vn 0.7177 0.6898 -0.0954
vn 0.9765 0.1772 -0.1230
vn 0.9790 0.2027 0.0236
vn 0.9685 0.2432 0.0537
vn 0.9366 0.3447 -0.0621
vn 0.9882 0.1343 -0.0741
vn 0.9738 0.2262 0.0235
vn 0.9896 0.1331 -0.0542
vn 0.9744 0.2246 -0.0126
vn 0.9968 -0.0077 -0.0795
vn 0.9882 -0.1278 -0.0840
vn 0.9882 -0.1080 -0.1089
vn 0.9996 -0.0102 0.0248
vn 0.9804 -0.1451 -0.1333
vn 0.9658 -0.2250 -0.1286
vn 0.9785 -0.1344 -0.1564
vn 0.9952 -0.0698 0.0684
vn 0.9365 -0.3291 -0.1207
vn 0.9532 -0.2538 -0.1642
vn 0.9671 -0.2038 -0.1522
vn 0.9776 -0.1768 0.1138
vn 0.9000 -0.4298 -0.0731
vn 0.9295 -0.3463 -0.1270
vn 0.9322 -0.3541 -0.0749
vn 0.9560 -0.2680 0.1194
vn 0.8333 -0.5515 -0.0391
vn 0.8641 -0.5014 -0.0437
vn 0.8445 -0.5354 -0.0085
vn 0.9181 -0.3777 0.1205
vn 0.6971 -0.7169 0.0140
vn 0.7425 -0.6699 -0.0007
vn 0.7537 -0.6571 0.0073
vn 0.8329 -0.5402 0.1203
vn 0.6591 -0.7460 0.0950
vn 0.6944 -0.7196 0.0025
vn 0.8281 -0.5605 0.0075
vn 0.7121 -0.6901 0.1292
vn 0.6621 -0.7258 0.1867
vn 0.7961 -0.6028 0.0541
vn 0.5571 -0.8012 0.2184
vn 0.6097 -0.7873 0.0915
vn 0.5772 -0.8093 0.1091
vn 0.4518 -0.8850 0.1127
vn -0.5153 -0.8570 0.0040
vn -0.5156 -0.8484 0.1200
vn -0.4287 -0.9025 0.0417
vn -0.5768 -0.8108 0.0991
vn -0.5412 -0.8408 -0.0085
vn -0.6969 -0.7142 0.0653
vn -0.7526 -0.6495 -0.1086
vn -0.7309 -0.6789 -0.0702
vn -0.6173 -0.7860 0.0324
vn -0.8045 -0.5892 0.0745
vn -0.7915 -0.6072 -0.0703
vn -0.7885 -0.6126 -0.0552
vn -0.7810 -0.6244 0.0167
vn -0.8233 -0.5675 0.0082
vn -0.8077 -0.5793 -0.1099
vn -0.8896 -0.4545 -0.0461
vn -0.8781 -0.4785 -0.0011
vn -0.8604 -0.5095 0.0070
vn -0.8921 -0.4366 -0.1164
vn -0.9120 -0.4100 -0.0159
vn -0.8948 -0.4465 0.0039
vn -0.9191 -0.3935 0.0192
vn -0.9611 -0.2728 -0.0442
vn -0.9164 -0.3974 -0.0475
vn -0.9222 -0.3859 0.0252
vn -0.9526 -0.3042 -0.0070
vn -0.9804 -0.1958 0.0214
vn -0.9477 -0.3065 -0.0889
vn -0.9666 -0.2525 0.0433
vn -0.9821 -0.1821 -0.0476
vn -0.9925 -0.1130 0.0464
vn -0.9914 -0.0692 -0.1113
vn -0.9974 -0.0492 0.0522
vn -0.9947 -0.0597 -0.0839
vn -0.9924 0.1224 0.0099
vn -0.9569 0.2693 -0.1090
vn -0.9286 0.3707 0.0184
vn -0.9824 0.1319 -0.1323
vn -0.9860 0.1645 -0.0284
vn -0.9497 0.3038 -0.0760
vn -0.9384 0.3291 -0.1056
vn -0.9069 0.3833 -0.1752
vn -0.5335 0.8428 -0.0706
vn -0.8609 0.4889 -0.1409
vn -0.4425 0.8932 -0.0792
vn -0.6030 0.7699 -0.2088
vn 0.9508 0.2875 0.1153
vn 0.9599 0.2646 0.0921
vn 0.9609 0.2138 0.1761
vn 0.9777 0.2081 -0.0272
vn 0.9736 0.2158 0.0749
vn 0.9964 0.0202 -0.0829
vn 0.9982 0.0191 -0.0575
vn 0.9900 -0.0717 -0.1211
vn 0.9919 -0.0802 -0.0983
vn 0.9623 -0.2028 -0.1816
vn 0.9707 -0.1957 -0.1397
vn 0.9083 -0.3348 -0.2510
vn 0.9173 -0.3374 -0.2116
vn 0.8512 -0.4338 -0.2954
vn 0.8531 -0.4436 -0.2748
vn 0.7927 -0.5122 -0.3304
vn 0.7950 -0.5222 -0.3087
vn 0.7152 -0.5659 -0.4102
vn 0.7180 -0.5619 -0.4107
vn 0.6072 -0.6122 -0.5064
vn 0.5820 -0.7967 0.1628
vn 0.6033 -0.7639 0.2291
vn -0.3797 -0.9169 0.1228
vn -0.6361 -0.7606 0.1298
vn -0.7083 -0.6850 0.1706
vn -0.8127 -0.5811 0.0442
vn -0.6827 -0.5323 -0.5006
vn -0.8586 -0.5109 0.0423
vn -0.7725 -0.5394 -0.3351
vn -0.8862 -0.4624 0.0281
vn -0.8421 -0.4524 -0.2935
vn -0.9490 -0.3152 -0.0008
vn -0.9022 -0.3342 -0.2728
vn -0.9765 -0.2125 -0.0360
vn -0.9466 -0.2053 -0.2484
vn -0.9903 -0.1235 -0.0640
vn -0.9670 -0.1140 -0.2278
vn -0.9962 -0.0158 -0.0855
vn -0.9767 -0.0230 -0.2132
vn -0.9720 0.1879 -0.1411
vn -0.9520 0.1813 -0.2465
vn -0.9130 0.3722 -0.1669
vn -0.9557 0.2738 -0.1082
vn -0.8855 0.4549 -0.0944
vn -0.8835 0.4657 0.0498
vn -0.7876 0.5984 -0.1469
vn -0.7864 0.5975 -0.1569
vn -0.8849 0.4598 0.0742
vn -0.8858 0.4613 0.0514
vn -0.9672 0.2539 -0.0123
vn -0.9595 0.2731 -0.0697
vn -0.9582 0.2140 -0.1899
vn -0.9577 0.2049 -0.2018
vn -0.6763 -0.5696 -0.4671
vn -0.6935 -0.5570 -0.4570
vn -0.6178 -0.5761 -0.5352
vn -0.5776 -0.5662 -0.5881
vn -0.4481 -0.7001 -0.5559
vn -0.4343 -0.7011 -0.5655
vn -0.4711 -0.7468 -0.4693
vn -0.4442 -0.7461 -0.4960
vn 0.4942 -0.7301 -0.4720
vn 0.4931 -0.7084 -0.5051
vn 0.5128 -0.7164 -0.4732
vn 0.4832 -0.7126 -0.5086
vn 0.5906 -0.6449 -0.4849
vn 0.5558 -0.6442 -0.5256
vn 0.7058 -0.5418 -0.4564
vn 0.7203 -0.5572 -0.4131
vn 0.9777 0.2100 0.0077
vn 0.9757 0.2162 0.0341
vn 0.9554 0.2586 0.1429
vn 0.9598 0.2419 0.1425
vn 0.9123 0.3995 0.0901
vn 0.9183 0.3917 0.0579
vn -0.9101 0.4143 0.0058
vn -0.5550 0.8301 -0.0539
vn -0.5450 0.8378 0.0329
vn -0.8021 0.5651 -0.1932
vn -0.7855 0.5732 -0.2334
vn -0.7723 0.4261 0.4712
vn -0.5987 0.6394 0.4824
vn -0.9350 0.3449 0.0830
vn -0.9486 0.2852 -0.1374
vn -0.9225 0.3675 0.1177
vn -0.9446 0.3253 -0.0439
vn -0.9385 0.3378 -0.0711
vn -0.8689 0.1653 0.4665
vn -0.8465 0.1535 0.5097
vn -0.9715 0.2265 0.0701
vn -0.9557 0.2725 -0.1110
vn -0.9836 0.1723 0.0535
vn -0.9708 0.2310 0.0646
vn -0.9637 0.2626 0.0480
vn -0.8965 0.1293 0.4237
vn -0.8732 0.1198 0.4724
vn -0.9943 -0.0861 -0.0636
vn -0.9916 0.0089 -0.1289
vn -0.9963 -0.0851 0.0145
vn -0.9510 -0.2916 -0.1029
vn -0.9700 -0.2121 -0.1192
vn -0.9692 -0.2448 0.0284
vn -0.9206 -0.3781 -0.0975
vn -0.9253 -0.3672 -0.0954
vn -0.9431 -0.3304 0.0380
vn -0.9037 -0.4238 -0.0616
vn -0.9056 -0.4213 -0.0480
vn -0.9367 -0.3475 0.0419
vn -0.8765 -0.4811 -0.0178
vn -0.8945 -0.4455 -0.0366
vn -0.9212 -0.3849 0.0574
vn -0.8201 -0.5718 0.0235
vn -0.8222 -0.5658 -0.0616
vn -0.8534 -0.5170 0.0667
vn -0.6913 -0.7217 0.0356
vn -0.7041 -0.7086 -0.0457
vn -0.7277 -0.6833 0.0597
vn -0.6192 -0.7835 0.0521
vn -0.5972 -0.8008 0.0455
vn -0.7007 -0.6505 0.2930
vn -0.6935 -0.6502 0.3104
vn -0.7110 -0.6985 0.0811
vn -0.7025 -0.7058 0.0912
vn -0.5729 -0.8188 -0.0354
vn -0.6079 -0.7908 -0.0716
vn -0.5346 -0.8394 0.0982
vn -0.5310 -0.8414 0.1008
vn -0.4204 -0.9062 0.0451
vn -0.4399 -0.8974 0.0346
vn -0.5629 -0.8178 0.1201
vn -0.5215 -0.8424 0.1358
vn -0.5082 -0.8608 0.0257
vn -0.4700 -0.8822 0.0269
vn 0.4967 -0.8611 0.1084
vn 0.5003 -0.8600 0.1005
vn 0.5499 -0.8314 0.0798
vn 0.5219 -0.8525 0.0294
vn 0.6606 -0.7459 0.0858
vn 0.7087 -0.7016 0.0741
vn 0.5892 -0.7839 0.1955
vn 0.6233 -0.7580 0.1923
vn 0.7968 -0.6021 0.0516
vn 0.7777 -0.6253 0.0642
vn 0.6419 -0.7427 0.1909
vn 0.6186 -0.7549 0.2180
vn 0.6982 -0.7058 0.1199
vn 0.7407 -0.6681 0.0707
vn 0.7222 -0.6911 0.0300
vn 0.7462 -0.6654 -0.0196
vn 0.7952 -0.6061 -0.0170
vn 0.7120 -0.6978 0.0780
vn 0.7622 -0.6366 0.1172
vn 0.7560 -0.6525 0.0516
vn 0.6990 -0.7066 0.1098
vn 0.7277 -0.6722 0.1363
vn 0.8262 -0.5565 0.0876
vn 0.8157 -0.5735 0.0759
vn 0.8699 -0.4915 0.0418
vn 0.8261 -0.5606 0.0568
vn 0.8714 -0.4887 0.0429
vn 0.8848 -0.4651 0.0297
vn 0.9228 -0.3852 0.0082
vn 0.8926 -0.4482 0.0483
vn 0.9367 -0.3494 0.0223
vn 0.9087 -0.4167 0.0247
vn 0.9237 -0.3830 -0.0080
vn 0.9179 -0.3967 0.0087
vn 0.9578 -0.2872 -0.0087
vn 0.9517 -0.3065 0.0199
vn 0.9561 -0.2929 0.0044
vn 0.9491 -0.3149 0.0107
vn 0.9589 -0.2838 0.0020
vn 0.9365 -0.3504 -0.0110
vn 0.9809 -0.1941 0.0129
vn 0.9828 -0.1847 0.0069
vn 0.9761 -0.2173 -0.0083
vn 0.9644 -0.2640 -0.0147
vn 0.9860 -0.1652 0.0240
vn 0.9645 -0.2639 0.0072
vn 0.9940 -0.1061 0.0249
vn 0.9944 -0.1017 -0.0281
vn 0.9916 -0.1279 0.0193
vn 0.9875 -0.1466 -0.0583
vn 0.9936 -0.1084 0.0329
vn 0.9884 -0.1466 0.0397
vn 0.9963 -0.0747 0.0424
vn 0.9973 0.0152 -0.0715
vn 0.9990 -0.0258 0.0371
vn 0.9968 -0.0311 -0.0741
vn 0.9971 -0.0623 0.0435
vn 0.9997 -0.0236 0.0111
vn 0.9833 0.1678 0.0698
vn 0.9807 0.1720 -0.0929
vn 0.9781 0.2061 -0.0294
vn 0.9846 0.1747 0.0099
vn 0.9913 0.1302 -0.0209
vn 0.9852 0.1578 -0.0675
vn 0.9812 0.1892 0.0372
vn 0.9777 0.1835 -0.1021
vn 0.9854 0.1600 -0.0587
vn 0.9844 0.1649 -0.0609
vn 0.9695 0.2426 0.0347
vn 0.9753 0.2029 -0.0874
vn 0.9552 0.2644 -0.1334
vn 0.9785 0.1998 0.0502
vn 0.9710 0.2309 0.0620
vn 0.9831 0.1318 -0.1273
vn 0.9603 0.2770 -0.0318
vn 0.9549 0.2604 -0.1431
vn 0.9823 0.1359 -0.1289
vn 0.9834 0.1300 -0.1265
vn 0.8120 0.5667 -0.1398
vn 0.9870 0.1496 -0.0594
vn 0.8363 0.5403 -0.0934
vn 0.8511 0.5175 -0.0890
vn -0.7136 -0.6912 0.1140
vn -0.7163 -0.6846 0.1351
vn -0.6732 -0.7183 0.1760
vn -0.6659 -0.7330 0.1388
vn -0.4875 -0.8662 0.1100
vn -0.4276 -0.8994 0.0905
vn 0.4923 -0.8401 0.2277
vn 0.5738 -0.7912 0.2114
vn 0.6280 -0.7517 0.2013
vn 0.5924 -0.7854 0.1795
vn 0.5682 -0.8227 0.0160
vn 0.5762 -0.8152 0.0590
vn 0.9074 0.4202 0.0051
vn 0.9097 0.4126 0.0472
vn -0.8665 0.4835 -0.1244
vn -0.8530 0.5214 0.0235
vn -0.8371 0.5372 0.1029
vn -0.7941 0.5845 -0.1667
vn -0.7759 0.6105 -0.1591
vn -0.9307 0.3606 -0.0610
vn -0.9015 0.4145 -0.1246
vn -0.9485 0.3052 -0.0852
vn -0.9474 0.3064 0.0919
vn -0.9651 0.2493 0.0802
vn -0.9818 0.1897 -0.0111
vn -0.9847 0.1734 -0.0169
vn -0.9708 0.1996 -0.1329
vn -0.9885 0.1503 -0.0182
vn -0.9962 0.0845 0.0187
vn -0.9951 0.0935 0.0324
vn -0.9929 0.1138 0.0332
vn -0.9852 -0.1162 -0.1259
vn -0.9881 -0.1261 -0.0879
vn -0.9852 -0.1693 0.0266
vn -0.9484 -0.3004 -0.1014
vn -0.9596 -0.2602 -0.1069
vn -0.9583 -0.2832 0.0390
vn -0.9171 -0.3944 -0.0588
vn -0.9470 -0.3105 -0.0825
vn -0.9497 -0.3110 0.0364
vn -0.9093 -0.4148 -0.0339
vn -0.9306 -0.3643 -0.0366
vn -0.9387 -0.3416 0.0467
vn -0.8740 -0.4824 -0.0589
vn -0.8862 -0.4632 0.0072
vn -0.8888 -0.4540 0.0622
vn -0.7811 -0.6222 -0.0514
vn -0.7908 -0.6112 0.0336
vn -0.7777 -0.6261 0.0565
vn -0.7504 -0.6580 -0.0625
vn -0.6990 -0.7140 0.0398
vn -0.7071 -0.7005 0.0966
vn -0.7269 -0.6778 -0.1110
vn -0.7345 -0.6716 -0.0970
vn -0.6915 -0.7193 0.0663
vn -0.6869 -0.7224 0.0798
vn -0.5882 -0.7803 0.2126
vn -0.5937 -0.7705 0.2320
vn -0.5890 -0.8009 0.1079
vn -0.5433 -0.8307 0.1210
vn -0.5165 -0.8554 0.0381
vn -0.5116 -0.8553 0.0825
vn -0.4705 -0.8695 0.1503
vn -0.5186 -0.8457 0.1262
vn -0.5439 -0.8383 -0.0393
vn -0.5352 -0.8445 -0.0215
vn 0.5041 -0.8633 -0.0249
vn 0.5557 -0.8299 -0.0491
vn 0.5714 -0.8121 -0.1183
vn 0.5872 -0.8061 -0.0734
vn 0.5046 -0.8563 -0.1105
vn 0.5330 -0.8387 -0.1114
vn 0.5987 -0.7952 -0.0961
vn 0.5811 -0.8066 -0.1085
vn 0.7289 -0.6844 -0.0179
vn 0.7198 -0.6940 0.0147
vn 0.6757 -0.7314 -0.0914
vn 0.6855 -0.7235 -0.0812
vn 0.6636 -0.7480 -0.0104
vn 0.6751 -0.7368 -0.0368
vn 0.9419 0.1126 0.3163
vn 0.9532 0.1186 0.2782
vn 0.9179 0.2090 0.3372
vn 0.9279 0.2045 0.3119
vn 0.9003 0.4338 -0.0357
vn 0.9120 0.4082 -0.0389
vn 0.7171 0.6338 0.2900
vn 0.8425 0.4726 0.2585
vn -0.9658 -0.2060 -0.1576
vn 0.6651 -0.7455 0.0439
vn 0.8572 0.5150 -0.0045
vn 0.9237 0.3808 -0.0416
vn 0.9923 0.1242 -0.0029
vn 0.9974 -0.0659 0.0290
vn 0.9895 -0.1174 0.0844
vn 0.9626 -0.2406 0.1245
vn 0.9349 -0.3329 0.1232
vn 0.8834 -0.4529 0.1205
vn 0.7902 -0.6024 0.1128
vn 0.6865 -0.7162 0.1255
vn 0.5646 -0.8245 0.0369
vn 0.5230 -0.8522 -0.0127
vn 0.1283 -0.9893 0.0693
vn -0.5262 -0.8246 0.2075
vn -0.6642 -0.7398 0.1070
vn -0.7582 -0.6437 0.1038
vn -0.8028 -0.5915 0.0753
vn -0.8381 -0.5455 0.0101
vn -0.8875 -0.4603 0.0195
vn -0.9406 -0.3386 0.0238
vn -0.9680 -0.2506 -0.0100
vn -0.9909 -0.1229 -0.0557
vn -0.9949 0.0373 -0.0935
vn -0.9667 0.2191 -0.1320
vn -0.8758 0.4499 -0.1748
vn 0.8380 0.4891 0.2421
vn 0.7972 0.6038 0.0035
vn 0.9301 0.2627 0.2566
vn 0.9989 0.0449 -0.0127
vn 0.9595 0.2815 0.0067
vn 0.9359 0.3399 -0.0922
vn 0.9591 0.1923 0.2078
vn 0.9962 -0.0095 0.0866
vn 0.9669 0.2446 0.0733
vn 0.9684 0.2448 -0.0482
vn 0.9763 0.0947 0.1945
vn 0.9199 -0.3921 -0.0098
vn 0.9877 0.1556 -0.0175
vn 0.9804 -0.0060 0.1970
vn 0.9043 -0.4243 -0.0470
vn 0.9971 0.0592 -0.0483
vn 0.9722 -0.1307 0.1944
vn 0.9077 -0.4189 -0.0257
vn 0.9957 -0.0894 -0.0225
vn 0.9448 -0.2795 0.1711
vn 0.9378 -0.3469 -0.0147
vn 0.9630 -0.2693 -0.0141
vn 0.8878 -0.4460 0.1133
vn 0.9326 -0.3609 0.0010
vn 0.9065 -0.4222 0.0065
vn 0.7878 -0.6156 0.0209
vn 0.7652 -0.6410 0.0602
vn 0.8701 -0.4882 0.0679
vn 0.6928 -0.7172 -0.0751
vn 0.4904 -0.8660 0.0976
vn 0.8208 -0.5616 0.1041
vn 0.6646 -0.7441 -0.0684
vn 0.6440 -0.7565 0.1142
vn 0.5738 -0.8149 -0.0820
vn 0.5069 -0.8619 0.0121
vn 0.5527 -0.8319 -0.0499
vn 0.5923 -0.8057 -0.0066
vn -0.5439 -0.8392 -0.0041
vn -0.3552 -0.9280 0.1128
vn -0.5321 -0.8367 0.1297
vn -0.6012 -0.7767 0.1878
vn -0.5767 -0.7864 0.2213
vn -0.6913 -0.7155 0.1005
vn -0.7707 -0.5926 0.2343
vn -0.6859 -0.7263 0.0453
vn -0.6486 -0.7585 -0.0633
vn -0.8416 -0.4779 0.2515
vn -0.6432 -0.7546 0.1296
vn -0.7698 -0.6359 -0.0545
vn -0.8973 -0.3395 0.2821
vn -0.7559 -0.6387 0.1437
vn -0.8962 -0.4400 -0.0577
vn -0.9370 -0.1910 0.2924
vn -0.8457 -0.5193 0.1228
vn -0.9591 -0.2779 -0.0532
vn -0.9581 -0.0706 0.2776
vn -0.8967 -0.4272 0.1158
vn -0.9696 -0.2293 -0.0856
vn -0.9640 0.0298 0.2643
vn -0.9381 -0.3190 0.1348
vn -0.9782 -0.1745 -0.1122
vn -0.9538 0.1426 0.2644
vn -0.9725 -0.1679 0.1616
vn -0.9939 -0.0689 -0.0865
vn -0.9333 0.2307 0.2752
vn -0.9739 0.1526 0.1682
vn -0.9852 0.1712 -0.0008
vn -0.9862 0.1649 0.0172
vn -0.9058 0.2994 0.2999
vn -0.9678 0.2434 0.0646
vn -0.9735 0.2262 0.0337
vn -0.9313 0.3447 0.1182
vn -0.8016 0.4972 0.3320
vn -0.8798 0.4574 -0.1296
vn -0.9163 0.3908 -0.0877
vn -0.8597 0.5038 0.0844
vn 0.9135 0.4003 0.0727
vn 0.9623 0.2712 0.0199
vn 0.9577 0.2873 0.0164
vn 0.6255 -0.7771 0.0699
vn 0.5854 -0.8092 0.0496
vn 0.6670 -0.6633 -0.3392
vn 0.5226 -0.7901 -0.3204
vn -0.3922 -0.8504 -0.3508
vn -0.4218 -0.8018 -0.4233
vn -0.5414 -0.7500 -0.3801
vn -0.8131 -0.5816 0.0272
vn -0.9677 0.1582 -0.1964
vn -0.9107 0.3621 -0.1987
vn -0.7926 0.5883 -0.1605
vn -0.9955 -0.0727 -0.0616
vn 0.9071 -0.3996 -0.1319
vn 0.9453 0.2927 -0.1439
vn 0.9967 0.0295 -0.0762
vn 0.9957 0.0248 -0.0892
vn 0.9955 -0.0627 -0.0707
vn 0.9816 -0.1895 -0.0249
vn 0.9662 -0.2577 0.0066
vn 0.9277 -0.3726 0.0215
vn 0.8601 -0.5076 0.0513
vn 0.7704 -0.6336 0.0714
vn 0.7069 -0.7033 0.0751
vn 0.7689 -0.6346 0.0781
vn 0.5615 -0.8275 0.0074
vn 0.0478 -0.9985 0.0266
vn -0.6019 -0.7985 0.0134
vn -0.6358 -0.7690 -0.0664
vn -0.7192 -0.6926 -0.0548
vn -0.7456 -0.6648 -0.0469
vn -0.8516 -0.5211 -0.0563
vn -0.9029 -0.4291 -0.0261
vn -0.9171 -0.3959 -0.0473
vn -0.9464 -0.3085 -0.0952
vn -0.9821 -0.1461 -0.1193
vn -0.9873 0.0946 -0.1275
vn -0.9173 0.3870 -0.0935
vn -0.9178 0.3739 -0.1335
vn 0.6934 0.7193 0.0418
vn 0.8145 0.5385 -0.2160
vn 0.9872 0.1545 -0.0403
vn 0.9499 0.3125 0.0107
vn 0.9924 0.1224 -0.0162
vn 0.9498 0.3109 -0.0364
vn 0.9899 0.1277 -0.0610
vn 0.9153 0.4003 -0.0441
vn 0.9959 0.0659 -0.0616
vn 0.9722 0.2334 0.0179
vn 0.9979 0.0163 -0.0622
vn 0.9666 -0.2528 -0.0424
vn 0.9987 0.0382 -0.0330
vn 0.9894 -0.1159 -0.0871
vn 0.8280 -0.5601 -0.0262
vn 0.9954 0.0888 -0.0361
vn 0.9435 -0.3159 -0.1002
vn 0.7646 -0.6426 -0.0501
vn 0.9977 0.0373 -0.0559
vn 0.8923 -0.4424 -0.0902
vn 0.7681 -0.6385 -0.0480
vn 0.9808 -0.1929 -0.0280
vn 0.8135 -0.5794 -0.0505
vn 0.7883 -0.6152 -0.0012
vn 0.9027 -0.4291 0.0326
vn 0.6768 -0.7361 -0.0093
vn 0.6022 -0.7953 0.0692
vn 0.8635 -0.4914 0.1137
vn 0.6620 -0.7487 0.0346
vn 0.4116 -0.9025 0.1263
vn 0.8891 -0.4430 0.1148
vn 0.6823 -0.7208 0.1218
vn 0.7885 -0.6104 0.0760
vn 0.6241 -0.7707 0.1282
vn 0.6122 -0.7892 0.0484
vn 0.6093 -0.7868 0.0987
vn 0.5138 -0.8571 -0.0374
vn -0.5393 -0.8421 -0.0072
vn -0.5944 -0.8020 0.0591
vn -0.4483 -0.8934 0.0293
vn -0.5759 -0.8151 -0.0622
vn -0.5582 -0.8295 0.0191
vn -0.7075 -0.7050 -0.0498
vn -0.6810 -0.7304 -0.0513
vn -0.5634 -0.8262 -0.0062
vn -0.6600 -0.7512 -0.0061
vn -0.7927 -0.6048 -0.0772
vn -0.7623 -0.6458 -0.0435
vn -0.8298 -0.5551 -0.0573
vn -0.8176 -0.5701 -0.0803
vn -0.9557 -0.2892 -0.0556
vn -0.9324 -0.3470 -0.1007
vn -0.9108 -0.4092 -0.0544
vn -0.9965 -0.0612 -0.0567
vn -0.9538 -0.2793 -0.1104
vn -0.9713 -0.2374 -0.0155
vn -0.9950 -0.0082 -0.0993
vn -0.9766 -0.1957 -0.0892
vn -0.9864 -0.1638 0.0160
vn -0.9891 0.0540 -0.1369
vn -0.9969 -0.0282 -0.0741
vn -0.9941 -0.0997 0.0418
vn -0.9702 0.1728 -0.1698
vn -0.9772 0.1980 -0.0765
vn -0.9942 0.0998 0.0403
vn -0.9263 0.3179 -0.2025
vn -0.9061 0.4069 -0.1156
vn -0.9775 0.1881 -0.0957
vn -0.9889 0.1486 -0.0032
vn -0.9297 0.3169 -0.1878
vn -0.9288 0.3505 -0.1202
vn -0.8981 0.4221 -0.1237
vn -0.6634 0.7328 0.1513
vn -0.9330 0.3431 -0.1083
vn -0.8846 0.4605 -0.0737
vn -0.8061 0.5628 -0.1828
vn 0.9514 0.3074 0.0190
vn 0.9559 0.2465 0.1597
vn 0.9590 0.2706 0.0845
vn 0.7113 -0.5999 -0.3663
vn 0.5312 -0.7507 -0.3928
vn 0.5502 -0.8115 0.1967
vn 0.5224 -0.8395 0.1492
vn -0.4682 -0.8834 0.0213
vn -0.6128 -0.7766 0.1459
vn -0.7426 -0.6365 0.2082
vn -0.7959 -0.4460 -0.4093
vn -0.9520 0.2359 -0.1948
vn -0.9464 0.2982 -0.1243
vn -0.8674 0.4944 0.0571
vn -0.7894 0.6032 -0.1141
vn -0.9003 0.4351 -0.0095
vn -0.9727 0.2274 -0.0454
vn -0.9642 0.2270 -0.1374
vn -0.8072 -0.4991 -0.3151
vn -0.4956 -0.7620 -0.4168
vn -0.3985 -0.8283 -0.3938
vn -0.3973 -0.8581 -0.3253
vn 0.6233 -0.7008 -0.3468
vn 0.6565 -0.6647 -0.3567
vn 0.5188 -0.7492 -0.4117
vn 0.6166 -0.7122 -0.3356
vn 0.9795 0.1981 -0.0365
vn 0.9611 0.2721 0.0482
vn 0.9141 0.4036 0.0384
vn -0.8888 0.4544 0.0598
vn -0.1224 0.9924 -0.0128
vn -0.1348 0.9908 0.0084
vn -0.8424 0.4856 -0.2336
vn -0.6996 0.6891 -0.1893
vn -0.7140 0.6364 0.2918
vn -0.9254 0.3618 0.1129
vn -0.9434 0.3268 -0.0562
vn -0.9309 0.3456 0.1181
vn -0.9633 0.2686 0.0023
vn -0.9593 0.2808 -0.0312
vn -0.8992 0.3040 0.3146
vn -0.9873 0.1541 0.0391
vn -0.9652 0.2595 0.0329
vn -0.9769 0.1971 0.0828
vn -0.9667 0.2106 0.1455
vn -0.9643 0.2325 0.1267
vn -0.9241 0.2519 0.2875
vn -0.9919 -0.1254 0.0193
vn -0.9993 -0.0120 -0.0361
vn -0.9559 -0.2913 0.0371
vn -0.9850 -0.1610 -0.0625
vn -0.9356 -0.3504 0.0432
vn -0.9629 -0.2619 -0.0656
vn -0.9352 -0.3511 0.0456
vn -0.9414 -0.3349 -0.0411
vn -0.9157 -0.3973 0.0603
vn -0.9145 -0.4040 0.0234
vn -0.8321 -0.5510 0.0631
vn -0.8468 -0.5231 0.0960
vn -0.7131 -0.6980 0.0657
vn -0.7155 -0.6889 0.1157
vn -0.6319 -0.7713 0.0764
vn -0.6028 -0.7925 0.0926
vn -0.7764 -0.5820 0.2417
vn -0.6417 -0.7631 0.0766
vn -0.6934 -0.7179 -0.0617
vn -0.6326 -0.7744 -0.0076
vn -0.5558 -0.8204 0.1341
vn -0.5995 -0.8001 -0.0203
vn -0.4582 -0.8882 0.0349
vn -0.5624 -0.8108 0.1619
vn -0.4877 -0.8710 0.0584
vn -0.4881 -0.8727 0.0085
vn 0.4957 -0.8431 0.2084
vn 0.5247 -0.8511 -0.0166
vn 0.5588 -0.8291 0.0189
vn 0.6090 -0.7713 0.1848
vn 0.7253 -0.6847 0.0714
vn 0.6637 -0.7360 0.1333
vn 0.7856 -0.6147 0.0708
vn 0.7226 -0.6858 0.0869
vn 0.6905 -0.7118 0.1289
vn 0.6888 -0.7243 0.0316
vn 0.7485 -0.6586 0.0776
vn 0.7388 -0.6717 -0.0548
vn 0.7779 -0.6268 -0.0439
vn 0.7670 -0.6401 0.0445
vn 0.7508 -0.6583 0.0541
vn 0.7207 -0.6882 0.0830
vn 0.8757 -0.4815 0.0364
vn 0.8490 -0.5220 0.0817
vn 0.8997 -0.4357 0.0268
vn 0.8808 -0.4695 0.0607
vn 0.9355 -0.3527 0.0210
vn 0.9243 -0.3815 0.0086
vn 0.9260 -0.3773 0.0105
vn 0.9265 -0.3739 0.0422
vn 0.9524 -0.3050 -0.0000
vn 0.9544 -0.2984 -0.0098
vn 0.9441 -0.3295 -0.0134
vn 0.9456 -0.3255 -0.0024
vn 0.9705 -0.2408 -0.0106
vn 0.9807 -0.1946 0.0165
vn 0.9683 -0.2500 -0.0012
vn 0.9670 -0.2543 -0.0182
vn 0.9889 -0.1469 0.0233
vn 0.9940 -0.0877 0.0647
vn 0.9895 -0.1402 0.0355
vn 0.9901 -0.1406 -0.0029
vn 0.9991 -0.0292 0.0322
vn 0.9958 -0.0209 0.0891
vn 0.9999 -0.0095 0.0105
vn 0.9998 0.0142 -0.0145
vn 0.9742 0.2184 -0.0567
vn 0.9865 0.1639 0.0057
vn 0.9833 0.1773 0.0404
vn 0.9765 0.2125 -0.0371
vn 0.9820 0.1809 -0.0553
vn 0.9681 0.2288 -0.1022
vn 0.9731 0.2159 -0.0801
vn 0.9875 0.1480 -0.0542
vn 0.9534 0.2687 -0.1372
vn 0.9709 0.2321 0.0592
vn 0.9644 0.2578 -0.0595
vn 0.9833 0.1783 -0.0350
vn 0.9749 0.2208 -0.0297
vn 0.9479 0.2858 -0.1411
vn 0.9375 0.3081 -0.1617
vn 0.9892 0.1315 -0.0648
vn 0.8243 0.5653 0.0312
vn 0.9661 0.2319 0.1139
vn 0.8705 0.4916 -0.0223
vn -0.7512 -0.6593 0.0329
vn -0.7431 -0.6684 0.0309
vn -0.4534 -0.8886 0.0698
vn 0.5214 -0.8174 0.2447
vn 0.5696 -0.8083 0.1487
vn 0.6468 -0.7617 0.0395
vn 0.8655 0.4917 0.0961
vn -0.8117 0.5755 0.0997
vn -0.8135 0.5774 0.0699
vn -0.9073 0.4076 -0.1031
vn -0.9599 0.2675 0.0838
vn -0.9655 0.2504 0.0721
vn -0.9823 0.1866 -0.0131
vn -0.9964 0.0830 0.0185
vn -0.9934 0.0975 0.0596
vn -0.9920 0.1082 0.0650
vn -0.9864 -0.1616 0.0308
vn -0.9873 -0.1360 0.0828
vn -0.9578 -0.2834 0.0480
vn -0.9634 -0.2474 0.1034
vn -0.9543 -0.2954 0.0453
vn -0.9514 -0.2941 0.0911
vn -0.9511 -0.3046 0.0521
vn -0.9431 -0.3280 0.0537
vn -0.9121 -0.4047 0.0654
vn -0.8890 -0.4579 0.0043
vn -0.7913 -0.6088 0.0569
vn -0.7944 -0.6064 -0.0347
vn -0.7207 -0.6869 0.0940
vn -0.7347 -0.6783 0.0070
vn -0.6634 -0.7436 -0.0828
vn -0.6611 -0.7456 0.0842
vn -0.6605 -0.7456 0.0880
vn -0.5283 -0.8348 0.1546
vn -0.5802 -0.8096 0.0889
vn -0.5569 -0.8262 0.0853
vn -0.5111 -0.8585 0.0423
vn -0.5222 -0.8528 0.0027
vn -0.5611 -0.8268 -0.0394
vn -0.5608 -0.8279 0.0116
vn 0.4560 -0.8899 -0.0136
vn 0.5036 -0.8639 -0.0038
vn 0.5706 -0.8186 -0.0655
vn 0.5035 -0.8627 -0.0465
vn 0.5499 -0.8338 -0.0479
vn 0.5783 -0.8096 -0.1008
vn 0.7680 -0.6404 -0.0048
vn 0.7615 -0.6481 0.0129
vn 0.6090 -0.7928 -0.0243
vn 0.6223 -0.7819 0.0374
vn 0.9545 0.1823 0.2359
vn 0.9297 0.2489 0.2715
vn 0.8977 0.4404 0.0131
vn 0.8994 0.4072 -0.1593
vn 0.5439 0.8382 0.0386
vn -0.9966 -0.0763 0.0310
vn 0.6737 -0.7362 -0.0647
vn 0.8955 0.4169 -0.1556
vn 0.9560 0.2681 -0.1192
vn 0.9910 0.1338 -0.0043
vn 0.9956 -0.0855 0.0389
vn 0.9811 -0.1931 0.0113
vn 0.9575 -0.2882 -0.0098
vn 0.9344 -0.3561 0.0094
vn 0.9075 -0.4191 0.0274
vn 0.8136 -0.5797 0.0438
vn 0.6998 -0.7137 0.0308
vn 0.7155 -0.6984 -0.0179
vn 0.4706 -0.8816 -0.0357
vn -0.0563 -0.9981 -0.0265
vn -0.5210 -0.8532 0.0224
vn -0.6248 -0.7758 0.0881
vn -0.6910 -0.7171 0.0908
vn -0.7534 -0.6554 0.0528
vn -0.8699 -0.4891 0.0639
vn -0.9260 -0.3733 0.0558
vn -0.9437 -0.3274 0.0464
vn -0.9555 -0.2911 0.0471
vn -0.9819 -0.1862 0.0337
vn -0.9997 0.0113 0.0203
vn -0.9789 0.1924 0.0684
vn -0.9028 0.4154 0.1109
vn 0.8204 0.5181 0.2421
vn 0.8190 0.5360 -0.2047
vn 0.9373 0.2350 0.2573
vn 0.9532 0.2551 -0.1621
vn 0.9712 0.1614 -0.1750
vn 0.9380 0.3296 -0.1070
vn 0.9504 0.1898 0.2466
vn 0.9722 0.1315 -0.1936
vn 0.9733 0.1624 -0.1622
vn 0.9577 0.2849 -0.0397
vn 0.9561 -0.0190 0.2923
vn 0.9687 0.2300 -0.0934
vn 0.9725 -0.2220 -0.0707
vn 0.9399 -0.1355 0.3135
vn 0.9761 0.2170 -0.0105
vn 0.9330 -0.3598 0.0102
vn 0.9121 -0.3002 0.2793
vn 0.9959 0.0791 0.0439
vn 0.9305 -0.3627 0.0504
vn 0.8660 -0.4452 0.2279
vn 0.9892 -0.1375 0.0516
vn 0.9350 -0.3510 0.0516
vn 0.7905 -0.5849 0.1817
vn 0.9176 -0.3938 0.0539
vn 0.8812 -0.4687 0.0618
vn 0.6952 -0.7121 0.0977
vn 0.8997 -0.4289 0.0817
vn 0.7219 -0.6852 0.0968
vn 0.6421 -0.7666 0.0026
vn 0.9096 -0.4010 0.1089
vn 0.6016 -0.7924 0.1011
vn 0.6437 -0.7627 -0.0626
vn 0.7299 -0.6831 0.0257
vn 0.5756 -0.8108 -0.1060
vn 0.6310 -0.7750 -0.0347
vn 0.5831 -0.8124 -0.0115
vn 0.4577 -0.8891 -0.0056
vn -0.5391 -0.8418 0.0264
vn -0.5373 -0.8418 -0.0525
vn -0.4678 -0.8791 0.0917
vn -0.5612 -0.8252 0.0642
vn -0.5400 -0.8153 0.2092
vn -0.6627 -0.7436 0.0888
vn -0.7312 -0.6328 0.2548
vn -0.7119 -0.6984 0.0732
vn -0.7517 -0.6593 -0.0169
vn -0.7527 -0.6088 0.2508
vn -0.6592 -0.7511 -0.0366
vn -0.7922 -0.6079 -0.0529
vn -0.7939 -0.5425 0.2747
vn -0.7426 -0.6649 -0.0804
vn -0.8321 -0.5520 -0.0546
vn -0.8621 -0.3838 0.3309
vn -0.7205 -0.6852 -0.1062
vn -0.7922 -0.6066 -0.0665
vn -0.9078 -0.2267 0.3529
vn -0.7007 -0.7081 -0.0876
vn -0.8045 -0.5839 -0.1086
vn -0.9214 -0.1435 0.3612
vn -0.7692 -0.6353 -0.0693
vn -0.8855 -0.4429 -0.1405
vn -0.9189 -0.0776 0.3868
vn -0.8574 -0.5104 -0.0651
vn -0.9675 -0.1755 -0.1818
vn -0.8877 0.1678 0.4287
vn -0.9922 -0.0898 -0.0861
vn -0.9443 0.2612 -0.2003
vn -0.9928 0.1033 0.0606
vn -0.8508 0.2332 0.4710
vn -0.9827 0.1217 -0.1399
vn -0.9375 0.3061 -0.1654
vn -0.9283 0.3636 0.0774
vn -0.7570 0.4018 0.5154
vn -0.7426 0.6627 -0.0966
vn -0.7998 0.5982 -0.0503
vn -0.8558 0.5154 0.0451
vn 0.9287 0.3510 0.1193
vn 0.9578 0.2723 -0.0918
vn 0.9434 0.3125 -0.1109
vn 0.7801 -0.6169 -0.1041
vn 0.6280 -0.7654 0.1411
vn 0.6204 -0.6387 -0.4552
vn 0.5216 -0.7352 -0.4330
vn -0.3506 -0.7970 -0.4917
vn -0.3830 -0.7649 -0.5179
vn -0.5669 -0.6771 -0.4692
vn -0.8154 -0.5723 0.0870
vn -0.9786 0.2027 -0.0349
vn -0.9269 0.3542 -0.1238
vn -0.7878 0.6107 -0.0806
vn -0.7496 -0.0372 -0.6608
vn 0.9877 -0.1469 0.0536
vn 0.9474 0.3200 0.0005
vn 0.9625 0.2696 0.0300
vn 0.9968 -0.0160 -0.0782
vn 0.9788 -0.1665 -0.1193
vn 0.9699 -0.1867 -0.1565
vn 0.9508 -0.2801 -0.1319
vn 0.9029 -0.4266 -0.0530
vn 0.7958 -0.6056 -0.0036
vn 0.7204 -0.6935 0.0085
vn 0.8118 -0.5832 0.0292
vn 0.7135 -0.6885 0.1301
vn 0.5310 -0.8214 0.2080
vn -0.0500 -0.9804 0.1908
vn -0.5454 -0.8237 0.1552
vn -0.6184 -0.7785 0.1079
vn -0.6355 -0.7691 0.0676
vn -0.6863 -0.7266 0.0335
vn -0.8297 -0.5580 0.0149
vn -0.8942 -0.4477 0.0009
vn -0.9110 -0.4122 0.0090
vn -0.9510 -0.3081 0.0253
vn -0.9840 -0.1733 0.0412
vn -0.9974 0.0598 0.0403
vn -0.9830 0.1834 -0.0130
vn -0.9083 0.3981 -0.1286
vn 0.5170 0.8487 -0.1113
vn 0.5978 0.7911 0.1297
vn 0.9627 0.1905 -0.1921
vn 0.9982 0.0262 -0.0531
vn 0.9249 0.3797 -0.0217
vn 0.9066 0.4212 -0.0258
vn 0.9771 0.1898 -0.0958
vn 0.9998 0.0084 -0.0173
vn 0.9846 0.1535 -0.0838
vn 0.9621 0.2727 0.0007
vn 0.9981 -0.0375 -0.0486
vn 0.9929 -0.0546 -0.1053
vn 0.9748 -0.1665 -0.1482
vn 0.9808 -0.1783 -0.0786
vn 0.9868 0.0047 -0.1620
vn 0.9386 -0.2940 -0.1805
vn 0.9407 -0.3339 -0.0597
vn 0.9848 0.0284 -0.1715
vn 0.9024 -0.4070 -0.1416
vn 0.8901 -0.4553 -0.0194
vn 0.9820 -0.1459 -0.1204
vn 0.8852 -0.4600 -0.0698
vn 0.8316 -0.5552 -0.0128
vn 0.8957 -0.4410 -0.0567
vn 0.8270 -0.5608 -0.0406
vn 0.7360 -0.6765 0.0260
vn 0.7789 -0.6256 -0.0444
vn 0.7006 -0.7108 -0.0622
vn 0.6923 -0.7127 0.1129
vn 0.8073 -0.5865 -0.0649
vn 0.7562 -0.6540 -0.0225
vn 0.7158 -0.6757 0.1762
vn 0.7545 -0.6480 0.1036
vn 0.5680 -0.7919 0.2244
vn 0.5722 -0.7963 0.1964
vn 0.5238 -0.8384 0.1506
vn 0.4493 -0.8737 0.1864
vn -0.5569 -0.8239 0.1050
vn -0.5491 -0.8215 0.1538
vn -0.4807 -0.8722 0.0903
vn -0.5700 -0.8125 0.1224
vn -0.5766 -0.8167 -0.0225
vn -0.6226 -0.7796 0.0673
vn -0.6598 -0.7510 -0.0263
vn -0.8074 -0.5859 -0.0697
vn -0.6913 -0.7127 0.1194
vn -0.7127 -0.7000 0.0449
vn -0.8593 -0.5088 -0.0518
vn -0.8358 -0.5294 0.1451
vn -0.7816 -0.6237 -0.0115
vn -0.8570 -0.5118 -0.0597
vn -0.8966 -0.4232 0.1302
vn -0.8553 -0.5171 -0.0332
vn -0.7834 -0.6195 -0.0501
vn -0.9048 -0.4090 0.1183
vn -0.9171 -0.3960 0.0469
vn -0.8019 -0.5928 -0.0749
vn -0.9345 -0.3298 0.1338
vn -0.9500 -0.2884 0.1193
vn -0.8665 -0.4880 -0.1047
vn -0.9690 -0.1903 0.1574
vn -0.9854 -0.1266 0.1140
vn -0.9868 -0.1335 -0.0919
vn -0.9849 -0.0392 0.1687
vn -0.9907 0.1350 0.0147
vn -0.9285 0.3711 -0.0160
vn -0.9729 0.2165 0.0809
vn -0.9803 0.1589 -0.1177
vn -0.9808 0.1897 -0.0449
vn -0.8657 0.4983 0.0466
vn -0.9565 0.2760 -0.0949
vn -0.9191 0.3630 -0.1536
vn -0.2512 0.9475 -0.1978
vn -0.7554 0.6494 -0.0880
vn -0.1871 0.9803 0.0639
vn -0.6800 0.7280 -0.0874
vn 0.9954 0.0942 0.0198
vn 0.9530 0.2926 0.0790
vn 0.9732 0.2299 0.0063
vn 0.5773 -0.7556 -0.3096
vn 0.5304 -0.7602 -0.3753
vn 0.5409 -0.8372 0.0811
vn 0.5634 -0.7959 0.2216
vn -0.3343 -0.9335 0.1298
vn -0.6572 -0.7533 0.0237
vn -0.7525 -0.6573 0.0411
vn -0.8439 -0.4135 -0.3417
vn -0.9512 0.2564 -0.1716
vn -0.9595 0.2658 -0.0932
vn -0.9045 0.4261 -0.0179
vn -0.7669 0.6218 -0.1591
vn -0.8616 0.4911 0.1281
vn -0.9620 0.2698 -0.0429
vn -0.9541 0.2451 -0.1720
vn -0.8111 -0.4497 -0.3739
vn -0.5435 -0.6730 -0.5017
vn -0.3739 -0.7661 -0.5227
vn -0.4000 -0.8101 -0.4287
vn 0.5658 -0.6853 -0.4586
vn 0.6133 -0.6603 -0.4334
vn 0.4874 -0.7854 -0.3817
vn 0.6684 -0.6411 -0.3772
vn 0.9613 0.2752 0.0120
vn 0.9411 0.3089 0.1378
vn 0.9475 0.3185 0.0286
vn -0.8802 0.4639 -0.1003
vn -0.8516 0.5240 -0.0097
vn -0.8762 0.4811 0.0285
vn -0.7999 0.5934 -0.0891
vn -0.7952 0.6020 -0.0722
vn -0.3665 0.9203 0.1372
vn -0.9494 0.2893 -0.1226
vn -0.9464 0.2848 -0.1525
vn -0.9260 0.3702 0.0743
vn -0.9312 0.3383 -0.1360
vn -0.9291 0.3491 -0.1224
vn -0.8530 0.1917 0.4854
vn -0.9547 0.2746 -0.1145
vn -0.9324 0.3012 -0.1996
vn -0.9884 0.1403 0.0574
vn -0.9651 0.2428 -0.0981
vn -0.9528 0.2829 -0.1106
vn -0.8744 0.1704 0.4543
vn -0.9918 -0.0170 -0.1263
vn -0.9916 -0.1101 0.0684
vn -0.9573 -0.2669 -0.1112
vn -0.9586 -0.2696 0.0912
vn -0.9072 -0.4125 -0.0819
vn -0.9280 -0.3585 0.1015
vn -0.8938 -0.4471 -0.0364
vn -0.9239 -0.3746 0.0784
vn -0.8854 -0.4633 -0.0382
vn -0.9058 -0.4222 0.0352
vn -0.8117 -0.5808 -0.0624
vn -0.8277 -0.5610 -0.0145
vn -0.7122 -0.7004 -0.0469
vn -0.7315 -0.6812 -0.0283
vn -0.6542 -0.7545 0.0512
vn -0.6266 -0.7793 0.0096
vn -0.7378 -0.6230 0.2599
vn -0.7111 -0.7008 -0.0564
vn -0.6503 -0.7541 0.0920
vn -0.6281 -0.7741 -0.0793
vn -0.5698 -0.8201 -0.0519
vn -0.5470 -0.8251 0.1414
vn -0.4681 -0.8827 0.0409
vn -0.5885 -0.8069 0.0513
vn -0.5289 -0.8302 0.1759
vn -0.5283 -0.8417 0.1119
vn 0.5335 -0.8455 -0.0196
vn 0.4891 -0.8425 0.2258
vn 0.4757 -0.8724 0.1122
vn 0.6791 -0.7312 0.0648
vn 0.6434 -0.7477 0.1641
vn 0.5759 -0.7906 0.2081
vn 0.7625 -0.6419 0.0807
vn 0.7884 -0.6127 0.0550
vn 0.6683 -0.7144 0.2075
vn 0.7014 -0.7092 0.0704
vn 0.6935 -0.7197 0.0328
vn 0.7338 -0.6653 0.1379
vn 0.7830 -0.6086 0.1281
vn 0.7349 -0.6744 0.0713
vn 0.6910 -0.7172 0.0902
vn 0.7610 -0.6322 0.1454
vn 0.8028 -0.5919 0.0712
vn 0.8718 -0.4867 0.0566
vn 0.8292 -0.5561 0.0565
vn 0.8581 -0.5133 0.0153
vn 0.8967 -0.4406 0.0416
vn 0.9390 -0.3388 0.0588
vn 0.9099 -0.4139 0.0258
vn 0.9155 -0.4023 -0.0106
vn 0.9540 -0.2994 0.0161
vn 0.9611 -0.2750 0.0260
vn 0.9554 -0.2952 0.0081
vn 0.9286 -0.3710 0.0116
vn 0.9789 -0.2045 0.0008
vn 0.9751 -0.2212 -0.0137
vn 0.9738 -0.2268 -0.0180
vn 0.9588 -0.2779 0.0588
vn 0.9909 -0.1278 -0.0410
vn 0.9881 -0.1535 -0.0120
vn 0.9921 -0.1072 -0.0649
vn 0.9805 -0.1744 0.0900
vn 0.9969 -0.0142 -0.0773
vn 0.9996 -0.0295 -0.0031
vn 0.9968 0.0042 -0.0803
vn 0.9909 -0.1220 0.0566
vn 0.9808 0.1759 -0.0848
vn 0.9773 0.1589 -0.1404
vn 0.9703 0.2398 -0.0309
vn 0.9876 0.1474 -0.0544
vn 0.9928 0.1042 -0.0586
vn 0.9820 0.1776 -0.0639
vn 0.9809 0.1843 -0.0621
vn 0.9834 0.1756 -0.0447
vn 0.9768 0.1931 -0.0926
vn 0.9664 0.1833 -0.1802
vn 0.9549 0.2802 -0.0981
vn 0.9779 0.2088 0.0069
vn 0.9735 0.2287 -0.0051
vn 0.9814 0.1497 -0.1205
vn 0.9660 0.2460 -0.0790
vn 0.9681 0.1826 -0.1716
vn 0.8374 0.5034 -0.2127
vn 0.9542 0.2022 -0.2207
vn 0.8479 0.5096 -0.1460
vn -0.7565 -0.6376 0.1458
vn -0.6504 -0.7274 0.2189
vn -0.5074 -0.8601 0.0526
vn 0.4490 -0.8905 0.0735
vn 0.5838 -0.7887 0.1925
vn 0.5406 -0.8400 0.0457
vn 0.9223 0.3830 -0.0527
vn -0.8756 0.4656 -0.1284
vn -0.8549 0.5051 0.1186
vn -0.9336 0.3584 -0.0059
vn -0.9543 0.2876 -0.0815
vn -0.9571 0.2738 0.0948
vn -0.9852 0.1709 0.0144
vn -0.9631 0.2379 -0.1257
vn -0.9969 0.0739 -0.0284
vn -0.9953 0.0833 0.0497
vn -0.9884 -0.0907 -0.1222
vn -0.9651 -0.2549 -0.0595
vn -0.9485 -0.3013 -0.0975
vn -0.9311 -0.3591 -0.0640
vn -0.9230 -0.3807 -0.0551
vn -0.9040 -0.4251 -0.0456
vn -0.9223 -0.3855 -0.0267
vn -0.8749 -0.4841 0.0133
vn -0.8877 -0.4573 -0.0544
vn -0.8400 -0.5352 0.0888
vn -0.7788 -0.6249 -0.0545
vn -0.7610 -0.6388 0.1134
vn -0.7320 -0.6783 -0.0640
vn -0.6923 -0.7065 0.1472
vn -0.6723 -0.7396 -0.0300
vn -0.7187 -0.6889 0.0946
vn -0.7041 -0.7036 0.0955
vn -0.5746 -0.7969 0.1864
vn -0.6492 -0.7486 0.1349
vn -0.6317 -0.7583 0.1611
vn -0.5601 -0.8264 0.0576
vn -0.4343 -0.8709 0.2301
vn -0.3946 -0.9006 0.1823
vn -0.5702 -0.8209 -0.0325
vn 0.6446 -0.7645 0.0007
vn 0.6587 -0.7523 0.0101
vn 0.5389 -0.8388 -0.0773
vn 0.5167 -0.8561 -0.0115
vn 0.4955 -0.8685 -0.0090
vn 0.5849 -0.8084 -0.0657
vn 0.6174 -0.7833 0.0725
vn 0.6388 -0.7635 0.0946
vn 0.6505 -0.7550 -0.0830
vn 0.6914 -0.7216 -0.0357
vn 0.9497 0.2048 0.2369
vn 0.9266 0.2756 0.2559
vn 0.9001 0.4054 -0.1595
vn 0.8726 0.4859 0.0498
vn 0.7999 0.5664 0.1984
vn -0.7476 -0.6639 0.0160
vn -0.6899 -0.7193 0.0813
vn -0.7100 -0.7034 0.0342
vn -0.7134 -0.6960 -0.0821
vn -0.7304 -0.6809 0.0536
vn -0.7942 -0.6076 0.0005
vn -0.7784 -0.6249 -0.0594
vn -0.7185 -0.6953 -0.0172
vn -0.7885 -0.6143 0.0311
vn -0.7854 -0.6168 -0.0526
vn -0.7547 -0.6547 -0.0430
vn -0.7723 -0.6341 -0.0386
vn -0.8766 -0.4790 -0.0460
vn -0.8042 -0.5924 -0.0483
vn -0.8739 -0.4861 0.0049
vn -0.8749 -0.4802 -0.0623
vn -0.8768 -0.4730 -0.0861
vn -0.8456 -0.5301 -0.0630
vn -0.9326 -0.3602 0.0227
vn -0.8871 -0.4613 0.0170
vn -0.9180 -0.3946 -0.0403
vn -0.9209 -0.3868 -0.0483
vn -0.9069 -0.4047 -0.1170
vn -0.8475 -0.5274 -0.0606
vn -0.9498 -0.3080 0.0560
vn -0.9393 -0.3413 0.0356
vn -0.9393 -0.3321 -0.0865
vn -0.9406 -0.3319 -0.0712
vn -0.9021 -0.4096 -0.1356
vn -0.8677 -0.4880 -0.0945
vn -0.9688 -0.2443 0.0408
vn -0.9682 -0.2499 -0.0084
vn -0.9574 -0.2650 -0.1147
vn -0.9601 -0.2584 -0.1073
vn -0.9438 -0.2973 -0.1443
vn -0.9071 -0.3992 -0.1337
vn -0.9934 -0.1138 0.0126
vn -0.9949 -0.0825 -0.0581
vn -0.9854 -0.1397 -0.0975
vn -0.9869 -0.1278 -0.0985
vn -0.9781 -0.1391 -0.1547
vn -0.9549 -0.2464 -0.1659
vn -0.9939 0.1098 0.0006
vn -0.9835 0.1608 -0.0829
vn -0.9901 0.1369 -0.0301
vn -0.9813 0.1882 -0.0409
vn -0.9700 0.1707 -0.1731
vn -0.9711 0.1236 -0.2040
vn -0.9716 0.2366 -0.0037
vn -0.9607 0.2569 -0.1055
vn -0.9479 0.3048 0.0932
vn -0.9574 0.2843 0.0510
vn -0.9309 0.3155 -0.1840
vn -0.9336 0.2995 -0.1964
vn -0.8222 0.5687 -0.0256
vn -0.7744 0.6179 -0.1362
vn -0.8508 0.5245 0.0307
vn -0.8675 0.4903 -0.0842
vn -0.8451 0.5265 -0.0925
vn -0.8264 0.5483 -0.1279
vn 0.9273 0.3585 -0.1074
vn 0.9501 0.3058 -0.0609
vn 0.9686 0.2461 -0.0367
vn 0.9793 0.1976 -0.0434
vn 0.9805 0.1848 -0.0670
vn 0.9798 0.1280 -0.1538
vn 0.9488 0.3152 -0.0208
vn 0.9582 0.2715 -0.0900
vn 0.9417 0.3360 -0.0150
vn 0.9642 0.2572 -0.0651
vn 0.9737 0.2230 0.0459
vn 0.9682 0.2453 0.0492
vn 0.9699 0.2429 0.0188
vn 0.9750 0.2207 0.0266
vn 0.9619 0.2643 -0.0705
vn 0.9715 0.2369 -0.0116
vn 0.9619 0.2735 0.0050
vn 0.9848 0.1684 0.0413
vn 0.9834 0.1592 0.0865
vn 0.9754 0.1685 -0.1420
vn 0.9650 0.1714 -0.1985
vn 0.9679 0.2508 0.0150
vn 0.9756 0.2187 -0.0206
vn 0.9715 0.2368 0.0117
vn 0.9852 0.1707 0.0176
vn 0.9855 0.1673 0.0280
vn 0.9840 0.1644 0.0690
vn 0.9839 0.1656 0.0670
vn 0.9841 0.1711 0.0486
vn 0.9836 0.1803 -0.0085
vn 0.9996 0.0273 0.0050
vn 0.9997 -0.0207 0.0096
vn 0.9945 -0.0918 0.0504
vn 0.9992 -0.0390 -0.0068
vn 0.9937 -0.0929 -0.0624
vn 0.9853 -0.1318 -0.1085
vn 0.9997 -0.0262 -0.0007
vn 0.9997 -0.0236 0.0029
vn 0.9985 -0.0347 -0.0418
vn 0.9984 -0.0405 0.0405
vn 0.9970 -0.0595 0.0493
vn 0.9961 -0.0371 0.0801
vn 0.9897 -0.1434 -0.0010
vn 0.9938 -0.1109 0.0050
vn 0.9896 -0.1390 0.0365
vn 0.9911 -0.1224 -0.0529
vn 0.9753 -0.2207 0.0105
vn 0.9772 -0.2113 -0.0218
vn 0.9866 -0.1624 0.0145
vn 0.9913 -0.1217 0.0506
vn 0.9929 -0.1080 -0.0490
vn 0.9971 -0.0722 0.0254
vn 0.9949 -0.0949 0.0334
vn 0.9901 -0.1173 0.0774
vn 0.9643 -0.2637 0.0225
vn 0.9824 -0.1766 0.0614
vn 0.9813 -0.1904 0.0275
vn 0.9772 -0.2094 -0.0345
vn 0.9573 -0.2864 0.0387
vn 0.9450 -0.3239 0.0463
vn 0.9781 -0.2023 0.0486
vn 0.9722 -0.2092 0.1055
vn 0.9814 -0.1912 -0.0188
vn 0.9838 -0.1789 0.0114
vn 0.9839 -0.1776 0.0202
vn 0.9772 -0.2103 0.0280
vn 0.9535 -0.2965 0.0544
vn 0.9608 -0.2558 0.1069
vn 0.9545 -0.2982 0.0066
vn 0.9569 -0.2899 -0.0156
vn 0.9525 -0.3033 0.0287
vn 0.9281 -0.3680 0.0558
vn 0.9654 -0.2516 0.0681
vn 0.9539 -0.2821 0.1022
vn 0.9563 -0.2921 -0.0107
vn 0.9569 -0.2901 -0.0095
vn 0.9574 -0.2887 -0.0058
vn 0.9549 -0.2970 -0.0059
vn 0.9326 -0.3537 0.0719
vn 0.9351 -0.3401 0.1000
vn 0.9213 -0.3888 -0.0091
vn 0.9193 -0.3936 -0.0028
vn 0.9012 -0.4322 0.0314
vn 0.8950 -0.4431 0.0517
vn 0.9359 -0.3446 0.0734
vn 0.9171 -0.3910 0.0773
vn 0.9101 -0.4137 0.0250
vn 0.9177 -0.3969 0.0193
vn 0.9236 -0.3833 0.0001
vn 0.9282 -0.3720 -0.0046
vn 0.8850 -0.4601 0.0705
vn 0.8873 -0.4556 0.0718
vn 0.8640 -0.5020 0.0378
vn 0.8481 -0.5277 0.0481
vn 0.7984 -0.5959 0.0868
vn 0.7951 -0.6013 0.0798
vn 0.8618 -0.5049 0.0490
vn 0.8318 -0.5546 0.0233
vn 0.8164 -0.5715 0.0830
vn 0.8252 -0.5552 0.1041
vn 0.8531 -0.5164 0.0746
vn 0.8609 -0.5063 0.0507
vn 0.7599 -0.6485 0.0451
vn 0.7871 -0.6166 0.0187
vn 0.7404 -0.6612 0.1211
vn 0.7348 -0.6718 0.0938
vn 0.7080 -0.6853 0.1708
vn 0.6791 -0.7236 0.1231
vn 0.6867 -0.7250 0.0524
vn 0.6963 -0.7152 0.0607
vn 0.7212 -0.6848 0.1050
vn 0.7377 -0.6640 0.1221
vn 0.7284 -0.6736 0.1251
vn 0.7083 -0.7010 0.0828
vn -0.7498 -0.6602 -0.0443
vn -0.7911 -0.6117 -0.0052
vn -0.6981 -0.7140 -0.0539
vn -0.6983 -0.7150 0.0338
vn -0.6866 -0.7259 0.0411
vn -0.6971 -0.7050 0.1306
vn -0.8280 -0.5578 -0.0571
vn -0.8416 -0.5376 -0.0526
vn -0.8196 -0.5694 -0.0629
vn -0.8261 -0.5634 0.0141
vn -0.8128 -0.5818 0.0305
vn -0.8176 -0.5648 0.1121
vn -0.8982 -0.4396 0.0067
vn -0.8896 -0.4566 0.0081
vn -0.8837 -0.4652 -0.0515
vn -0.8842 -0.4662 -0.0280
vn -0.8855 -0.4646 -0.0097
vn -0.8983 -0.4358 0.0562
vn -0.9164 -0.3969 0.0523
vn -0.9231 -0.3828 0.0380
vn -0.9063 -0.4188 -0.0572
vn -0.9146 -0.3978 -0.0731
vn -0.9188 -0.3905 -0.0577
vn -0.9279 -0.3725 -0.0174
vn -0.9328 -0.3574 0.0465
vn -0.9470 -0.3211 -0.0022
vn -0.9242 -0.3696 -0.0961
vn -0.9348 -0.3388 -0.1066
vn -0.9350 -0.3407 -0.0979
vn -0.9437 -0.3261 -0.0550
vn -0.9716 -0.2360 0.0180
vn -0.9789 -0.1976 -0.0523
vn -0.9618 -0.2520 -0.1071
vn -0.9660 -0.2370 -0.1034
vn -0.9549 -0.2759 -0.1095
vn -0.9658 -0.2526 -0.0584
vn -0.9970 -0.0770 0.0030
vn -0.9924 -0.0930 -0.0802
vn -0.9968 -0.0366 -0.0708
vn -0.9974 -0.0479 -0.0543
vn -0.9922 -0.1005 -0.0739
vn -0.9933 -0.1068 -0.0445
vn -0.9895 0.1442 0.0084
vn -0.9843 0.1651 0.0625
vn -0.9838 0.1522 -0.0952
vn -0.9787 0.1954 0.0633
vn -0.9657 0.2587 0.0233
vn -0.9685 0.2319 0.0903
vn -0.9766 0.2102 0.0446
vn -0.9679 0.2512 0.0103
vn -0.9835 0.1765 0.0403
vn -0.9315 0.3632 -0.0181
vn -0.9412 0.3295 0.0748
vn -0.9363 0.3273 -0.1272
vn -0.9220 0.3672 0.1230
vn -0.9501 0.3106 -0.0292
vn -0.9397 0.3358 0.0641
vn -0.9348 0.3415 0.0979
vn -0.9493 0.3145 0.0003
vn -0.9249 0.3598 0.1228
vn -0.6156 0.7861 -0.0545
vn -0.0986 0.9951 0.0035
vn -0.1954 0.9792 -0.0549
vn -0.9031 0.4269 0.0459
vn -0.8988 0.4329 -0.0686
vn -0.5434 0.8395 0.0012
vn -0.8886 0.4584 0.0140
vn -0.8923 0.4437 -0.0837
vn -0.8893 0.4526 0.0654
vn -0.4542 0.8907 0.0207
vn -0.0832 0.9964 -0.0180
vn -0.0941 0.9956 0.0032
vn -0.9438 0.3081 -0.1196
vn -0.9417 0.3164 -0.1142
vn -0.9582 0.2494 -0.1399
vn -0.9332 0.3004 -0.1971
vn -0.9587 0.2565 -0.1230
vn -0.9369 0.2898 -0.1955
vn -0.9859 -0.0165 -0.1667
vn -0.9786 0.0526 -0.1992
vn -0.9568 -0.2512 -0.1466
vn -0.9734 -0.1591 -0.1647
vn -0.9036 -0.4051 -0.1389
vn -0.9431 -0.3040 -0.1345
vn -0.8706 -0.4749 -0.1282
vn -0.9174 -0.3875 -0.0906
vn -0.8854 -0.4524 -0.1068
vn -0.9053 -0.4204 -0.0603
vn -0.8165 -0.5726 -0.0736
vn -0.8318 -0.5515 -0.0628
vn -0.6788 -0.7340 -0.0225
vn -0.6938 -0.7195 -0.0323
vn 0.7888 -0.6009 0.1290
vn 0.7690 -0.6345 0.0773
vn 0.7323 -0.6688 0.1280
vn 0.7468 -0.6591 0.0887
vn 0.7854 -0.6003 0.1513
vn 0.8079 -0.5772 0.1193
vn 0.8637 -0.5012 0.0527
vn 0.8802 -0.4740 0.0232
vn 0.8748 -0.4802 0.0651
vn 0.8816 -0.4661 0.0744
vn 0.9239 -0.3825 -0.0072
vn 0.9254 -0.3789 -0.0104
vn 0.9528 -0.3023 0.0265
vn 0.9498 -0.3088 0.0509
vn 0.9553 -0.2955 0.0022
vn 0.9477 -0.3191 0.0034
vn 0.9832 -0.1804 0.0284
vn 0.9828 -0.1762 0.0558
vn 0.9818 -0.1879 0.0286
vn 0.9713 -0.2333 0.0464
vn 0.9849 -0.1693 0.0361
vn 0.9918 -0.1211 0.0408
vn 0.9913 -0.1257 0.0396
vn 0.9859 -0.1428 0.0871
vn 0.9948 -0.1014 -0.0077
vn 0.9991 -0.0281 -0.0324
vn 0.9941 -0.0955 0.0514
vn 0.9964 -0.0565 0.0628
vn 0.9878 0.1261 -0.0913
vn 0.9925 0.1065 -0.0596
vn 0.9785 0.1690 -0.1179
vn 0.9887 0.1437 0.0420
vn 0.9810 0.1848 -0.0598
vn 0.9674 0.2128 -0.1372
vn 0.9670 0.2534 -0.0276
vn 0.9617 0.2020 -0.1852
vn 0.9679 0.2506 -0.0206
vn 0.9633 0.2568 -0.0785
vn -0.8527 0.5219 0.0221
vn -0.8252 0.5544 0.1086
vn -0.9322 0.3491 0.0956
vn -0.9439 0.3124 0.1067
vn -0.9843 0.1763 -0.0042
vn -0.9918 0.1269 -0.0113
vn -0.9867 -0.1369 -0.0878
vn -0.9931 -0.1043 -0.0529
vn -0.9479 -0.2978 -0.1129
vn -0.9767 -0.2066 -0.0586
vn -0.9341 -0.3448 -0.0928
vn -0.9560 -0.2896 -0.0457
vn -0.9178 -0.3942 -0.0468
vn -0.9324 -0.3612 0.0075
vn -0.8828 -0.4698 0.0025
vn -0.8976 -0.4328 0.0834
vn -0.7981 -0.6015 0.0353
vn -0.7895 -0.6028 0.1159
vn -0.6961 -0.7166 0.0432
vn -0.7130 -0.6856 0.1468
vn 0.7641 0.6420 0.0632
vn 0.4539 -0.8828 0.1213
vn -0.3261 -0.9435 0.0587
vn 0.8208 0.5574 -0.1250
vn 0.5057 -0.8602 -0.0661
vn -0.5237 -0.8516 -0.0232
vn -0.4468 -0.8924 -0.0632
vn 0.4349 -0.9005 -0.0035
vn 0.9313 0.3416 0.1264
vn -0.5427 -0.8395 -0.0247
vn 0.4635 -0.8861 -0.0014
vn 0.9325 0.3576 -0.0506
vn 0.8063 0.5555 -0.2031
vn 0.4765 -0.8779 -0.0484
vn -0.5118 -0.8591 0.0080
vn 0.6713 0.7410 0.0168
vn 0.4534 -0.8786 0.1498
vn -0.5343 -0.8317 0.1511
vn -0.5356 -0.8330 0.1388
vn 0.4814 -0.8611 0.1634
vn 0.9775 0.1452 -0.1533
vn -0.4619 -0.8500 0.2532
vn 0.5745 -0.8185 -0.0105
vn 0.9024 0.4082 -0.1377
vn 0.7897 0.6109 -0.0564
vn 0.5461 -0.8314 -0.1030
vn -0.4300 -0.8861 0.1729
vn 0.7943 0.5945 -0.1251
vn 0.5081 -0.8594 0.0574
vn -0.5545 -0.8273 0.0895
vn -0.5087 -0.8529 0.1176
vn 0.5268 -0.8493 0.0330
vn 0.9754 0.2202 0.0072
vn -0.4905 -0.8710 0.0295
vn 0.4819 -0.8761 -0.0158
vn 0.8986 0.4384 0.0188
vn 0.8013 0.5863 -0.1188
vn 0.4693 -0.8830 0.0009
vn -0.5142 -0.8544 -0.0745
vn 0.5876 0.8081 0.0418
vn 0.4365 -0.8724 0.2201
vn -0.4967 -0.8557 0.1454
vn -0.5477 -0.8132 0.1967
vn 0.5259 -0.8180 0.2331
vn 0.9227 0.3804 -0.0635
vn -0.2712 -0.9566 0.1070
vn 0.5252 -0.8484 0.0665
vn 0.8484 0.5224 -0.0858
s 1
f 2//2 7//7 1//1
f 11//11 27//27 70//70
f 27//27 14//14 23//23
f 18//18 2//2 92//92
f 14//14 184//184 1342//1342
f 7//7 187//187 1633//1633
f 11//11 18//18 27//27
f 1659//1659 1224//1224 578//578
f 2399//2399 191//191 1634//1634
f 1661//1661 1220//1220 580//580
f 468//468 469//469 142//142
f 468//468 1257//1257 583//583
f 1665//1665 1218//1218 584//584
f 472//472 473//473 154//154
f 472//472 1261//1261 587//587
f 1786//1786 725//725 842//842
f 476//476 477//477 151//151
f 591//591 476//476 151//151
f 1789//1789 729//729 846//846
f 480//480 481//481 153//153
f 595//595 480//480 153//153
f 1792//1792 733//733 850//850
f 484//484 485//485 145//145
f 599//599 484//484 145//145
f 1795//1795 737//737 854//854
f 488//488 489//489 140//140
f 603//603 488//488 140//140
f 1798//1798 741//741 858//858
f 492//492 493//493 147//147
f 607//607 492//492 147//147
f 1801//1801 745//745 862//862
f 496//496 497//497 139//139
f 611//611 496//496 139//139
f 1687//1687 1216//1216 612//612
f 500//500 501//501 136//136
f 615//615 500//500 136//136
f 1690//1690 1214//1214 616//616
f 1691//1691 363//363 1624//1624
f 1692//1692 1210//1210 618//618
f 1693//1693 365//365 1621//1621
f 1694//1694 1206//1206 620//620
f 2400//2400 1618//1618 1695//1695
f 1696//1696 1202//1202 622//622
f 2401//2401 1615//1615 1697//1697
f 1698//1698 1198//1198 624//624
f 1699//1699 371//371 1612//1612
f 1700//1700 1194//1194 626//626
f 1701//1701 373//373 1609//1609
f 1702//1702 252//252 513//513
f 516//516 143//143 517//517
f 1820//1820 2361//2361 883//883
f 1822//1822 37//37 769//769
f 520//520 148//148 521//521
f 1823//1823 2359//2359 887//887
f 1825//1825 39//39 773//773
f 524//524 138//138 525//525
f 1826//1826 2357//2357 891//891
f 1828//1828 40//40 777//777
f 528//528 137//137 529//529
f 1829//1829 2355//2355 895//895
f 1831//1831 42//42 781//781
f 532//532 152//152 533//533
f 1832//1832 2353//2353 899//899
f 1834//1834 44//44 785//785
f 536//536 146//146 537//537
f 1835//1835 2351//2351 903//903
f 1837//1837 46//46 789//789
f 540//540 144//144 541//541
f 1838//1838 2349//2349 907//907
f 1723//1723 281//281 539//539
f 544//544 149//149 545//545
f 1841//1841 2347//2347 911//911
f 1727//1727 286//286 543//543
f 548//548 141//141 549//549
f 1845//1845 2345//2345 915//915
f 1731//1731 291//291 547//547
f 805//805 297//297 1155//1155
f 1849//1849 2343//2343 919//919
f 1735//1735 299//299 553//553
f 8//8 117//117 1329//1329
f 12//12 118//118 1330//1330
f 16//16 674//674 809//809
f 21//21 676//676 810//810
f 24//24 678//678 811//811
f 28//28 680//680 812//812
f 31//31 682//682 813//813
f 33//33 684//684 814//814
f 34//34 125//125 1331//1331
f 1739//1739 1148//1148 687//687
f 1740//1740 310//310 564//564
f 1741//1741 311//311 565//565
f 1742//1742 312//312 566//566
f 1743//1743 313//313 567//567
f 1744//1744 314//314 568//568
f 693//693 569//569 103//103
f 695//695 570//570 96//96
f 697//697 571//571 97//97
f 699//699 572//572 102//102
f 701//701 573//573 98//98
f 703//703 574//574 100//100
f 705//705 575//575 99//99
f 707//707 576//576 101//101
f 709//709 577//577 112//112
f 711//711 459//459 113//113
f 2//2 11//11 7//7
f 156//156 7//7 77//77
f 23//23 157//157 86//86
f 23//23 158//158 87//87
f 7//7 155//155 77//77
f 7//7 11//11 65//65
f 7//7 168//168 68//68
f 63//63 7//7 64//64
f 27//27 23//23 83//83
f 23//23 159//159 84//84
f 23//23 84//84 85//85
f 64//64 7//7 65//65
f 23//23 85//85 83//83
f 67//67 65//65 11//11
f 27//27 83//83 88//88
f 27//27 88//88 89//89
f 66//66 67//67 11//11
f 76//76 66//66 11//11
f 27//27 89//89 79//79
f 27//27 79//79 80//80
f 73//73 76//76 11//11
f 167//167 11//11 74//74
f 27//27 160//160 82//82
f 27//27 161//161 71//71
f 166//166 11//11 75//75
f 165//165 11//11 69//69
f 27//27 162//162 72//72
f 164//164 11//11 70//70
f 27//27 163//163 70//70
f 27//27 18//18 14//14
f 169//169 14//14 112//112
f 1//1 170//170 106//106
f 1//1 171//171 108//108
f 14//14 182//182 112//112
f 14//14 18//18 98//98
f 14//14 181//181 101//101
f 99//99 14//14 100//100
f 2//2 1//1 109//109
f 1//1 172//172 105//105
f 1//1 105//105 104//104
f 100//100 14//14 98//98
f 1//1 104//104 109//109
f 102//102 98//98 18//18
f 2//2 109//109 107//107
f 2//2 107//107 116//116
f 97//97 102//102 18//18
f 96//96 97//97 18//18
f 2//2 116//116 111//111
f 2//2 111//111 110//110
f 103//103 96//96 18//18
f 180//180 18//18 93//93
f 2//2 173//173 115//115
f 2//2 174//174 90//90
f 179//179 18//18 94//94
f 178//178 18//18 95//95
f 2//2 175//175 91//91
f 177//177 18//18 92//92
f 2//2 176//176 92//92
f 23//23 715//715 185//185
f 23//23 14//14 55//55
f 14//14 183//183 713//713
f 1//1 718//718 188//188
f 1//1 7//7 4//4
f 7//7 186//186 716//716
f 11//11 2//2 18//18
f 189//189 324//324 1659//1659
f 1981//1981 2399//2399 1660//1660
f 193//193 326//326 1661//1661
f 1255//1255 2341//2341 581//581
f 1372//1372 1976//1976 327//327
f 6//6 1752//1752 1780//1780
f 198//198 330//330 1665//1665
f 1259//1259 2336//2336 585//585
f 1376//1376 1968//1968 331//331
f 9//9 1753//1753 1784//1784
f 10//10 9//9 1786//1786
f 1263//1263 2331//2331 589//589
f 1263//1263 1264//1264 151//151
f 1754//1754 844//844 1788//1788
f 13//13 10//10 1789//1789
f 1266//1266 2327//2327 593//593
f 1266//1266 1267//1267 153//153
f 1755//1755 848//848 1791//1791
f 15//15 13//13 1792//1792
f 1269//1269 2323//2323 597//597
f 1269//1269 1270//1270 145//145
f 1756//1756 852//852 1794//1794
f 17//17 15//15 1795//1795
f 1272//1272 2319//2319 601//601
f 1272//1272 1273//1273 140//140
f 1757//1757 856//856 1797//1797
f 19//19 17//17 1798//1798
f 1275//1275 2315//2315 605//605
f 1275//1275 1276//1276 147//147
f 1758//1758 860//860 1800//1800
f 20//20 19//19 1801//1801
f 1278//1278 2311//2311 609//609
f 1278//1278 1279//1279 139//139
f 1759//1759 864//864 1803//1803
f 227//227 358//358 1687//1687
f 1281//1281 2307//2307 613//613
f 1398//1398 1936//1936 359//359
f 1760//1760 868//868 1806//1806
f 232//232 362//362 1690//1690
f 231//231 1691//1691 1643//1643
f 236//236 364//364 1692//1692
f 234//234 1693//1693 1644//1644
f 240//240 366//366 1694//1694
f 238//238 367//367 2400//2400
f 244//244 368//368 1696//1696
f 242//242 369//369 2401//2401
f 248//248 370//370 1698//1698
f 246//246 1699//1699 1647//1647
f 252//252 372//372 1700//1700
f 250//250 1701//1701 1648//1648
f 1041//1041 1702//1702 628//628
f 1703//1703 1913//1913 375//375
f 1767//1767 884//884 1821//1821
f 631//631 517//517 143//143
f 773//773 1822//1822 886//886
f 1823//1823 1300//1300 148//148
f 1768//1768 888//888 1824//1824
f 635//635 521//521 148//148
f 777//777 1825//1825 890//890
f 1826//1826 1303//1303 138//138
f 1769//1769 892//892 1827//1827
f 639//639 525//525 138//138
f 781//781 1828//1828 894//894
f 1829//1829 1306//1306 137//137
f 1770//1770 896//896 1830//1830
f 643//643 529//529 137//137
f 785//785 1831//1831 898//898
f 1832//1832 1309//1309 152//152
f 1771//1771 900//900 1833//1833
f 647//647 533//533 152//152
f 789//789 1834//1834 902//902
f 1835//1835 1312//1312 146//146
f 1772//1772 904//904 1836//1836
f 651//651 537//537 146//146
f 793//793 1837//1837 906//906
f 1838//1838 1315//1315 144//144
f 1773//1773 908//908 1839//1839
f 655//655 541//541 144//144
f 1016//1016 1723//1723 656//656
f 1724//1724 1896//1896 403//403
f 50//50 1774//1774 1842//1842
f 545//545 1319//1319 659//659
f 1009//1009 1727//1727 660//660
f 1728//1728 1890//1890 407//407
f 53//53 1775//1775 1846//1846
f 549//549 1323//1323 663//663
f 1002//1002 1731//1731 664//664
f 1732//1732 1884//1884 411//411
f 55//55 1749//1749 1850//1850
f 552//552 1327//1327 667//667
f 995//995 1735//1735 668//668
f 923//923 554//554 108//108
f 923//923 1879//1879 415//415
f 925//925 555//555 105//105
f 925//925 1878//1878 417//417
f 927//927 556//556 104//104
f 673//673 674//674 120//120
f 929//929 557//557 109//109
f 675//675 676//676 119//119
f 931//931 558//558 107//107
f 677//677 678//678 122//122
f 933//933 559//559 116//116
f 679//679 680//680 121//121
f 935//935 560//560 111//111
f 681//681 682//682 124//124
f 937//937 561//561 110//110
f 683//683 684//684 123//123
f 939//939 562//562 115//115
f 939//939 1877//1877 431//431
f 309//309 433//433 1739//1739
f 985//985 1740//1740 688//688
f 983//983 1741//1741 689//689
f 981//981 1742//1742 690//690
f 979//979 1743//1743 691//691
f 977//977 1744//1744 692//692
f 693//693 1870//1870 439//439
f 49//49 126//126 1338//1338
f 949//949 696//696 128//128
f 51//51 696//696 823//823
f 951//951 698//698 127//127
f 52//52 698//698 824//824
f 953//953 700//700 130//130
f 54//54 700//700 825//825
f 955//955 702//702 129//129
f 56//56 702//702 826//826
f 957//957 704//704 132//132
f 57//57 704//704 827//827
f 959//959 706//706 131//131
f 58//58 706//706 828//828
f 707//707 1869//1869 453//453
f 59//59 133//133 1339//1339
f 709//709 1868//1868 455//455
f 60//60 134//134 1340//1340
f 711//711 1867//1867 457//457
f 323//323 458//458 1458//1458
f 296//296 135//135 1341//1341
f 967//967 1866//1866 296//296
f 61//61 296//296 1866//1866
f 965//965 1341//1341 135//135
f 1460//1460 970//970 969//969
f 970//970 1458//1458 458//458
f 322//322 456//456 1457//1457
f 963//963 1340//1340 134//134
f 1461//1461 972//972 971//971
f 972//972 1457//1457 456//456
f 321//321 454//454 1456//1456
f 961//961 1339//1339 133//133
f 1462//1462 974//974 973//973
f 974//974 1456//1456 454//454
f 320//320 960//960 574//574
f 705//705 452//452 451//451
f 319//319 958//958 573//573
f 703//703 450//450 449//449
f 318//318 956//956 572//572
f 701//701 448//448 447//447
f 317//317 954//954 571//571
f 699//699 446//446 445//445
f 316//316 952//952 570//570
f 697//697 444//444 443//443
f 315//315 950//950 569//569
f 695//695 442//442 441//441
f 314//314 440//440 1455//1455
f 947//947 1338//1338 126//126
f 1463//1463 976//976 975//975
f 976//976 1455//1455 440//440
f 821//821 1861//1861 946//946
f 977//977 1464//1464 978//978
f 567//567 1871//1871 978//978
f 820//820 1860//1860 945//945
f 979//979 1465//1465 980//980
f 566//566 1872//1872 980//980
f 819//819 1859//1859 944//944
f 981//981 1466//1466 982//982
f 565//565 1873//1873 982//982
f 818//818 1858//1858 943//943
f 983//983 1467//1467 984//984
f 564//564 1874//1874 984//984
f 817//817 1857//1857 942//942
f 985//985 1468//1468 986//986
f 563//563 1875//1875 986//986
f 174//174 115//115 1856//1856
f 987//987 1876//1876 174//174
f 90//90 174//174 1876//1876
f 685//685 1331//1331 125//125
f 1470//1470 990//990 989//989
f 990//990 1448//1448 432//432
f 816//816 431//431 685//685
f 937//937 430//430 429//429
f 815//815 429//429 683//683
f 935//935 428//428 427//427
f 814//814 427//427 681//681
f 933//933 426//426 425//425
f 813//813 425//425 679//679
f 931//931 424//424 423//423
f 812//812 423//423 677//677
f 929//929 422//422 421//421
f 811//811 421//421 675//675
f 927//927 420//420 419//419
f 810//810 419//419 673//673
f 671//671 1330//1330 118//118
f 1471//1471 992//992 991//991
f 992//992 1447//1447 418//418
f 809//809 417//417 671//671
f 669//669 1329//1329 117//117
f 1472//1472 994//994 993//993
f 994//994 1446//1446 416//416
f 808//808 415//415 669//669
f 718//718 1852//1852 922//922
f 995//995 1473//1473 996//996
f 464//464 1880//1880 996//996
f 298//298 413//413 1444//1444
f 412//412 1881//1881 1733//1733
f 412//412 1882//1882 1881//1881
f 184//184 1632//1632 1476//1476
f 1849//1849 1326//1326 150//150
f 1477//1477 295//295 1478//1478
f 1885//1885 1443//1443 412//412
f 715//715 1848//1848 918//918
f 1002//1002 1479//1479 1003//1003
f 461//461 1886//1886 1003//1003
f 293//293 409//409 1440//1440
f 408//408 1887//1887 1729//1729
f 408//408 1888//1888 1887//1887
f 294//294 1658//1658 1482//1482
f 1845//1845 1322//1322 141//141
f 1483//1483 290//290 1484//1484
f 1891//1891 1439//1439 408//408
f 801//801 1844//1844 914//914
f 1009//1009 1485//1485 1010//1010
f 547//547 1892//1892 1010//1010
f 288//288 405//405 1436//1436
f 404//404 1893//1893 1725//1725
f 404//404 1894//1894 1893//1893
f 289//289 1657//1657 1488//1488
f 1841//1841 1318//1318 149//149
f 1489//1489 285//285 1490//1490
f 1897//1897 1435//1435 404//404
f 797//797 1840//1840 910//910
f 1016//1016 1491//1491 1017//1017
f 543//543 1898//1898 1017//1017
f 795//795 401//401 909//909
f 1899//1899 654//654 1722//1722
f 1899//1899 2251//2251 1018//1018
f 1656//1656 1020//1020 1493//1493
f 1721//1721 400//400 399//399
f 281//281 398//398 1720//1720
f 791//791 397//397 905//905
f 1901//1901 650//650 1719//1719
f 1901//1901 2245//2245 1021//1021
f 1655//1655 1023//1023 1495//1495
f 1718//1718 396//396 395//395
f 277//277 394//394 1717//1717
f 787//787 393//393 901//901
f 1903//1903 646//646 1716//1716
f 1903//1903 2239//2239 1024//1024
f 1654//1654 1026//1026 1497//1497
f 1715//1715 392//392 391//391
f 273//273 390//390 1714//1714
f 783//783 389//389 897//897
f 1905//1905 642//642 1713//1713
f 1905//1905 2233//2233 1027//1027
f 1653//1653 1029//1029 1499//1499
f 1712//1712 388//388 387//387
f 269//269 386//386 1711//1711
f 779//779 385//385 893//893
f 1907//1907 638//638 1710//1710
f 1907//1907 2227//2227 1030//1030
f 1652//1652 1032//1032 1501//1501
f 1709//1709 384//384 383//383
f 265//265 382//382 1708//1708
f 775//775 381//381 889//889
f 1909//1909 634//634 1707//1707
f 1909//1909 2221//2221 1033//1033
f 1651//1651 1035//1035 1503//1503
f 1706//1706 380//380 379//379
f 261//261 378//378 1705//1705
f 771//771 377//377 885//885
f 1911//1911 630//630 1704//1704
f 1911//1911 2215//2215 1036//1036
f 1650//1650 1038//1038 1505//1505
f 1820//1820 1297//1297 143//143
f 1506//1506 256//256 1507//1507
f 1914//1914 1414//1414 376//376
f 769//769 1819//1819 882//882
f 1041//1041 1508//1508 1042//1042
f 515//515 1915//1915 1042//1042
f 253//253 1818//1818 1509//1509
f 1509//1509 1917//1917 253//253
f 32//32 1917//1917 1765//1765
f 253//253 32//32 1817//1817
f 1045//1045 1918//1918 253//253
f 35//35 253//253 1918//1918
f 249//249 1816//1816 1512//1512
f 1512//1512 1920//1920 249//249
f 30//30 1920//1920 1764//1764
f 249//249 30//30 1815//1815
f 1049//1049 1921//1921 249//249
f 32//32 249//249 1921//1921
f 245//245 30//30 2404//2404
f 1515//1515 2405//2405 245//245
f 29//29 245//245 2405//2405
f 245//245 29//29 1813//1813
f 1053//1053 1924//1924 245//245
f 30//30 245//245 1924//1924
f 241//241 29//29 2403//2403
f 1518//1518 2406//2406 241//241
f 26//26 241//241 2406//2406
f 241//241 26//26 1811//1811
f 1057//1057 1927//1927 241//241
f 29//29 241//241 1927//1927
f 237//237 1810//1810 1521//1521
f 1521//1521 1929//1929 237//237
f 25//25 1929//1929 1761//1761
f 237//237 25//25 1809//1809
f 1061//1061 1930//1930 237//237
f 26//26 237//237 1930//1930
f 233//233 1808//1808 1524//1524
f 1524//1524 1932//1932 233//233
f 22//22 1932//1932 1760//1760
f 233//233 22//22 1807//1807
f 1065//1065 1933//1933 233//233
f 25//25 233//233 1933//1933
f 1934//1934 614//614 1689//1689
f 1934//1934 2209//2209 1067//1067
f 1643//1643 1069//1069 1528//1528
f 1281//1281 1282//1282 136//136
f 1529//1529 228//228 1530//1530
f 1937//1937 1399//1399 360//360
f 1398//1398 2205//2205 867//867
f 1938//1938 1073//1073 2204//2204
f 1532//1532 2201//2201 1074//1074
f 228//228 20//20 1804//1804
f 1075//1075 1940//1940 228//228
f 22//22 228//228 1940//1940
f 1941//1941 610//610 1686//1686
f 1941//1941 2197//2197 1077//1077
f 1642//1642 1079//1079 1535//1535
f 1395//1395 356//356 355//355
f 1395//1395 2193//2193 863//863
f 1943//1943 1081//1081 2192//2192
f 1537//1537 2189//2189 1082//1082
f 223//223 354//354 1684//1684
f 1945//1945 606//606 1683//1683
f 1945//1945 2185//2185 1083//1083
f 1641//1641 1085//1085 1539//1539
f 1392//1392 352//352 351//351
f 1392//1392 2181//2181 859//859
f 1947//1947 1087//1087 2180//2180
f 1541//1541 2177//2177 1088//1088
f 219//219 350//350 1681//1681
f 1949//1949 602//602 1680//1680
f 1949//1949 2173//2173 1089//1089
f 1640//1640 1091//1091 1543//1543
f 1389//1389 348//348 347//347
f 1389//1389 2169//2169 855//855
f 1951//1951 1093//1093 2168//2168
f 1545//1545 2165//2165 1094//1094
f 215//215 346//346 1678//1678
f 1953//1953 598//598 1677//1677
f 1953//1953 2161//2161 1095//1095
f 1639//1639 1097//1097 1547//1547
f 1386//1386 344//344 343//343
f 1386//1386 2157//2157 851//851
f 1955//1955 1099//1099 2156//2156
f 1549//1549 2153//2153 1100//1100
f 211//211 342//342 1675//1675
f 1957//1957 594//594 1674//1674
f 1957//1957 2149//2149 1101//1101
f 1638//1638 1103//1103 1551//1551
f 1383//1383 340//340 339//339
f 1383//1383 2145//2145 847//847
f 1959//1959 1105//1105 2144//2144
f 1553//1553 2141//2141 1106//1106
f 207//207 338//338 1672//1672
f 1961//1961 590//590 1671//1671
f 1961//1961 2137//2137 1107//1107
f 1637//1637 1109//1109 1555//1555
f 1380//1380 336//336 335//335
f 1380//1380 2133//2133 843//843
f 1963//1963 1111//1111 2132//2132
f 1557//1557 2129//2129 1112//1112
f 203//203 334//334 1669//1669
f 332//332 1965//1965 1667//1667
f 332//332 1966//1966 1965//1965
f 202//202 1636//1636 1560//1560
f 1259//1259 1260//1260 154//154
f 1561//1561 199//199 1562//1562
f 1969//1969 1377//1377 332//332
f 1376//1376 2118//2118 839//839
f 1970//1970 1119//1119 2117//2117
f 1564//1564 2114//2114 1120//1120
f 199//199 6//6 1782//1782
f 1121//1121 1972//1972 199//199
f 9//9 199//199 1972//1972
f 328//328 1973//1973 1663//1663
f 328//328 1974//1974 1973//1973
f 197//197 1635//1635 1568//1568
f 1255//1255 1256//1256 142//142
f 1569//1569 194//194 1570//1570
f 1977//1977 1373//1373 328//328
f 1372//1372 2103//2103 835//835
f 1978//1978 1129//1129 2102//2102
f 1572//1572 2099//2099 1130//1130
f 194//194 5//5 1778//1778
f 1131//1131 1980//1980 194//194
f 6//6 194//194 1980//1980
f 1750//1750 2402//2402 1777//1777
f 1574//1574 2371//2371 1575//1575
f 1633//1633 2407//2407 1982//1982
f 190//190 3//3 1776//1776
f 1135//1135 1983//1983 190//190
f 5//5 190//190 1983//1983
f 713//713 457//457 965//965
f 831//831 455//455 963//963
f 830//830 453//453 961//961
f 829//829 451//451 959//959
f 828//828 449//449 957//957
f 827//827 447//447 955//955
f 826//826 445//445 953//953
f 825//825 443//443 951//951
f 824//824 441//441 949//949
f 823//823 439//439 947//947
f 1577//1577 49//49 822//822
f 1138//1138 1577//1577 1137//1137
f 1861//1861 255//255 1138//1138
f 1578//1578 47//47 821//821
f 1140//1140 1578//1578 1139//1139
f 1860//1860 251//251 1140//1140
f 1579//1579 45//45 820//820
f 1142//1142 1579//1579 1141//1141
f 1859//1859 247//247 1142//1142
f 1580//1580 43//43 819//819
f 1144//1144 1580//1580 1143//1143
f 1858//1858 243//243 1144//1144
f 1581//1581 41//41 818//818
f 1146//1146 1581//1581 1145//1145
f 1857//1857 239//239 1146//1146
f 1582//1582 816//816 1147//1147
f 433//433 308//308 1582//1582
f 1856//1856 562//562 941//941
f 307//307 432//432 1448//1448
f 306//306 938//938 560//560
f 305//305 936//936 559//559
f 304//304 934//934 558//558
f 303//303 932//932 557//557
f 302//302 930//930 556//556
f 301//301 928//928 555//555
f 300//300 418//418 1447//1447
f 299//299 416//416 1446//1446
f 1583//1583 8//8 807//807
f 1150//1150 1583//1583 1149//1149
f 1852//1852 192//192 1150//1150
f 1732//1732 2097//2097 665//665
f 1991//1991 1152//1152 2096//2096
f 1585//1585 2093//2093 1153//1153
f 1154//1154 298//298 806//806
f 297//297 1154//1154 1155//1155
f 551//551 150//150 552//552
f 1586//1586 53//53 801//801
f 1157//1157 1586//1586 1156//1156
f 1848//1848 295//295 1157//1157
f 1728//1728 2091//2091 661//661
f 1994//1994 1159//1159 2090//2090
f 1588//1588 2087//2087 1160//1160
f 292//292 803//803 802//802
f 1589//1589 50//50 797//797
f 1162//1162 1589//1589 1161//1161
f 1844//1844 290//290 1162//1162
f 1724//1724 2085//2085 657//657
f 1997//1997 1164//1164 2084//2084
f 1591//1591 2081//2081 1165//1165
f 287//287 799//799 798//798
f 1592//1592 48//48 793//793
f 1167//1167 1592//1592 1166//1166
f 1840//1840 285//285 1167//1167
f 1721//1721 2079//2079 653//653
f 2000//2000 1169//1169 2078//2078
f 1594//1594 2075//2075 1170//1170
f 282//282 795//795 794//794
f 1720//1720 277//277 535//535
f 1718//1718 2073//2073 649//649
f 2002//2002 1172//1172 2072//2072
f 1596//1596 2069//2069 1173//1173
f 278//278 791//791 790//790
f 1717//1717 273//273 531//531
f 1715//1715 2067//2067 645//645
f 2004//2004 1175//1175 2066//2066
f 1598//1598 2063//2063 1176//1176
f 274//274 787//787 786//786
f 1714//1714 269//269 527//527
f 1712//1712 2061//2061 641//641
f 2006//2006 1178//1178 2060//2060
f 1600//1600 2057//2057 1179//1179
f 270//270 783//783 782//782
f 1711//1711 265//265 523//523
f 1709//1709 2055//2055 637//637
f 2008//2008 1181//1181 2054//2054
f 1602//1602 2051//2051 1182//1182
f 266//266 779//779 778//778
f 1708//1708 261//261 519//519
f 1706//1706 2049//2049 633//633
f 2010//2010 1184//1184 2048//2048
f 1604//1604 2045//2045 1185//1185
f 262//262 775//775 774//774
f 1705//1705 257//257 515//515
f 1703//1703 2043//2043 629//629
f 2012//2012 1187//1187 2042//2042
f 1606//1606 2039//2039 1188//1188
f 258//258 771//771 770//770
f 1607//1607 35//35 767//767
f 1190//1190 1607//1607 1189//1189
f 1819//1819 256//256 1190//1190
f 1608//1608 254//254 1649//1649
f 373//373 1608//1608 1609//1609
f 1818//1818 35//35 1766//1766
f 1610//1610 511//511 1193//1193
f 372//372 248//248 1610//1610
f 1817//1817 765//765 880//880
f 1611//1611 250//250 1648//1648
f 371//371 1611//1611 1612//1612
f 1816//1816 32//32 1765//1765
f 1613//1613 509//509 1197//1197
f 370//370 244//244 1613//1613
f 1815//1815 763//763 878//878
f 2372//2372 1647//1647 1614//1614
f 369//369 246//246 2372//2372
f 2404//2404 1764//1764 1814//1814
f 1616//1616 507//507 1201//1201
f 368//368 240//240 1616//1616
f 1813//1813 761//761 876//876
f 2373//2373 1646//1646 1617//1617
f 367//367 242//242 2373//2373
f 2403//2403 1763//1763 1812//1812
f 1619//1619 505//505 1205//1205
f 366//366 236//236 1619//1619
f 1811//1811 759//759 874//874
f 1620//1620 238//238 1645//1645
f 365//365 1620//1620 1621//1621
f 1810//1810 26//26 1762//1762
f 1622//1622 503//503 1209//1209
f 364//364 232//232 1622//1622
f 1809//1809 757//757 872//872
f 1623//1623 234//234 1644//1644
f 363//363 1623//1623 1624//1624
f 1808//1808 25//25 1761//1761
f 1625//1625 499//499 1213//1213
f 362//362 227//227 1625//1625
f 1807//1807 753//753 870//870
f 754//754 361//361 869//869
f 754//754 230//230 229//229
f 1626//1626 495//495 1215//1215
f 358//358 223//223 1626//1626
f 1804//1804 749//749 866//866
f 750//750 357//357 865//865
f 750//750 225//225 224//224
f 1684//1684 219//219 491//491
f 746//746 353//353 861//861
f 746//746 221//221 220//220
f 1681//1681 215//215 487//487
f 742//742 349//349 857//857
f 742//742 217//217 216//216
f 1678//1678 211//211 483//483
f 738//738 345//345 853//853
f 738//738 213//213 212//212
f 1675//1675 207//207 479//479
f 734//734 341//341 849//849
f 734//734 209//209 208//208
f 1672//1672 203//203 475//475
f 730//730 337//337 845//845
f 730//730 205//205 204//204
f 1669//1669 198//198 471//471
f 200//200 333//333 1378//1378
f 726//726 201//201 200//200
f 1627//1627 467//467 1217//1217
f 330//330 193//193 1627//1627
f 1782//1782 721//721 838//838
f 195//195 329//329 1374//1374
f 722//722 196//196 195//195
f 1628//1628 465//465 1219//1219
f 326//326 189//189 1628//1628
f 1778//1778 719//719 834//834
f 2374//2374 5//5 1751//1751
f 2037//2037 2374//2374 1629//1629
f 2402//2402 190//190 2037//2037
f 1631//1631 462//462 1223//1223
f 324//324 186//186 1631//1631
f 1776//1776 716//716 832//832
f 1369//1369 716//716 186//186
f 1224//1224 2038//2038 156//156
f 2038//2038 462//462 78//78
f 2390//2390 1222//1222 1630//1630
f 1222//1222 1221//1221 2386//2386
f 2386//2386 720//720 1344//1344
f 1371//1371 719//719 189//189
f 1220//1220 2035//2035 155//155
f 2035//2035 465//465 77//77
f 117//117 723//723 722//722
f 722//722 837//837 1781//1781
f 1375//1375 721//721 193//193
f 1218//1218 2034//2034 168//168
f 2034//2034 467//467 68//68
f 118//118 727//727 726//726
f 726//726 841//841 1785//1785
f 1262//1262 471//471 63//63
f 120//120 731//731 730//730
f 120//120 845//845 21//21
f 1265//1265 475//475 64//64
f 119//119 735//735 734//734
f 119//119 849//849 24//24
f 1268//1268 479//479 65//65
f 122//122 739//739 738//738
f 122//122 853//853 28//28
f 1271//1271 483//483 67//67
f 121//121 743//743 742//742
f 121//121 857//857 31//31
f 1274//1274 487//487 66//66
f 124//124 747//747 746//746
f 124//124 861//861 33//33
f 1277//1277 491//491 76//76
f 123//123 751//751 750//750
f 123//123 865//865 34//34
f 1397//1397 749//749 223//223
f 1216//1216 2033//2033 167//167
f 2033//2033 495//495 73//73
f 125//125 755//755 754//754
f 125//125 869//869 36//36
f 1400//1400 753//753 227//227
f 1214//1214 2032//2032 166//166
f 2032//2032 499//499 74//74
f 871//871 1354//1354 1401//1401
f 1212//1212 2030//2030 2031//2031
f 1211//1211 1237//1237 2030//2030
f 1402//1402 757//757 232//232
f 1210//1210 2029//2029 165//165
f 2029//2029 503//503 75//75
f 873//873 1355//1355 1403//1403
f 1208//1208 2027//2027 2028//2028
f 1207//1207 1238//1238 2027//2027
f 1404//1404 759//759 236//236
f 1206//1206 2026//2026 164//164
f 2026//2026 505//505 69//69
f 2391//2391 762//762 1356//1356
f 1204//1204 1203//1203 2385//2385
f 2385//2385 508//508 1239//1239
f 1406//1406 761//761 240//240
f 1202//1202 2023//2023 163//163
f 2023//2023 507//507 70//70
f 2392//2392 764//764 1357//1357
f 1200//1200 1199//1199 2384//2384
f 2384//2384 510//510 1240//1240
f 1408//1408 763//763 244//244
f 1198//1198 2020//2020 162//162
f 2020//2020 509//509 72//72
f 879//879 1358//1358 1409//1409
f 1196//1196 2018//2018 2019//2019
f 1195//1195 1241//1241 2018//2018
f 1410//1410 765//765 248//248
f 1194//1194 2017//2017 161//161
f 2017//2017 511//511 71//71
f 881//881 1359//1359 1411//1411
f 1192//1192 2015//2015 2016//2016
f 1191//1191 1242//1242 2015//2015
f 1412//1412 1190//1190 374//374
f 1190//1190 1189//1189 2014//2014
f 2014//2014 767//767 252//252
f 770//770 126//126 49//49
f 2013//2013 1649//1649 254//254
f 2039//2039 770//770 2040//2040
f 2040//2040 1242//1242 514//514
f 2041//2041 1188//1188 2013//2013
f 1187//1187 2041//2041 2042//2042
f 1605//1605 258//258 1606//1606
f 1296//1296 1766//1766 35//35
f 2043//2043 1186//1186 2044//2044
f 2044//2044 1359//1359 768//768
f 1298//1298 515//515 80//80
f 774//774 128//128 51//51
f 2011//2011 1650//1650 260//260
f 2045//2045 774//774 2046//2046
f 2046//2046 1243//1243 518//518
f 2047//2047 1185//1185 2011//2011
f 1184//1184 2047//2047 2048//2048
f 1603//1603 262//262 1604//1604
f 1299//1299 1767//1767 37//37
f 2049//2049 1183//1183 2050//2050
f 2050//2050 1360//1360 772//772
f 1301//1301 519//519 79//79
f 778//778 127//127 52//52
f 2009//2009 1651//1651 264//264
f 2051//2051 778//778 2052//2052
f 2052//2052 1244//1244 522//522
f 2053//2053 1182//1182 2009//2009
f 1181//1181 2053//2053 2054//2054
f 1601//1601 266//266 1602//1602
f 1302//1302 1768//1768 39//39
f 2055//2055 1180//1180 2056//2056
f 2056//2056 1361//1361 776//776
f 1304//1304 523//523 89//89
f 782//782 130//130 54//54
f 2007//2007 1652//1652 268//268
f 2057//2057 782//782 2058//2058
f 2058//2058 1245//1245 526//526
f 2059//2059 1179//1179 2007//2007
f 1178//1178 2059//2059 2060//2060
f 1599//1599 270//270 1600//1600
f 1305//1305 1769//1769 40//40
f 2061//2061 1177//1177 2062//2062
f 2062//2062 1362//1362 780//780
f 1307//1307 527//527 88//88
f 786//786 129//129 56//56
f 2005//2005 1653//1653 272//272
f 2063//2063 786//786 2064//2064
f 2064//2064 1246//1246 530//530
f 2065//2065 1176//1176 2005//2005
f 1175//1175 2065//2065 2066//2066
f 1597//1597 274//274 1598//1598
f 1308//1308 1770//1770 42//42
f 2067//2067 1174//1174 2068//2068
f 2068//2068 1363//1363 784//784
f 1310//1310 531//531 83//83
f 790//790 132//132 57//57
f 2003//2003 1654//1654 276//276
f 2069//2069 790//790 2070//2070
f 2070//2070 1247//1247 534//534
f 2071//2071 1173//1173 2003//2003
f 1172//1172 2071//2071 2072//2072
f 1595//1595 278//278 1596//1596
f 1311//1311 1771//1771 44//44
f 2073//2073 1171//1171 2074//2074
f 2074//2074 1364//1364 788//788
f 1313//1313 535//535 85//85
f 794//794 131//131 58//58
f 2001//2001 1655//1655 280//280
f 2075//2075 794//794 2076//2076
f 2076//2076 1248//1248 538//538
f 2077//2077 1170//1170 2001//2001
f 1169//1169 2077//2077 2078//2078
f 1593//1593 282//282 1594//1594
f 1314//1314 1772//1772 46//46
f 2079//2079 1168//1168 2080//2080
f 2080//2080 1365//1365 792//792
f 1433//1433 1167//1167 402//402
f 1167//1167 1166//1166 1999//1999
f 1999//1999 793//793 281//281
f 798//798 133//133 59//59
f 1998//1998 1656//1656 284//284
f 2081//2081 798//798 2082//2082
f 2082//2082 1249//1249 542//542
f 2083//2083 1165//1165 1998//1998
f 1164//1164 2083//2083 2084//2084
f 1590//1590 287//287 1591//1591
f 1317//1317 1773//1773 48//48
f 2085//2085 1163//1163 2086//2086
f 2086//2086 1366//1366 796//796
f 1437//1437 1162//1162 406//406
f 1162//1162 1161//1161 1996//1996
f 1996//1996 797//797 286//286
f 802//802 134//134 60//60
f 1995//1995 1657//1657 289//289
f 2087//2087 802//802 2088//2088
f 2088//2088 1250//1250 546//546
f 2089//2089 1160//1160 1995//1995
f 1159//1159 2089//2089 2090//2090
f 1587//1587 292//292 1588//1588
f 1321//1321 1774//1774 50//50
f 2091//2091 1158//1158 2092//2092
f 2092//2092 1367//1367 800//800
f 1441//1441 1157//1157 410//410
f 1157//1157 1156//1156 1993//1993
f 1993//1993 801//801 291//291
f 551//551 298//298 297//297
f 296//296 1155//1155 1154//1154
f 1154//1154 135//135 296//296
f 1992//1992 1658//1658 294//294
f 2093//2093 805//805 2094//2094
f 2094//2094 1251//1251 550//550
f 2095//2095 1153//1153 1992//1992
f 1152//1152 2095//2095 2096//2096
f 1584//1584 297//297 1585//1585
f 1325//1325 1775//1775 53//53
f 2097//2097 1151//1151 2098//2098
f 2098//2098 1368//1368 804//804
f 1445//1445 1150//1150 414//414
f 1150//1150 1149//1149 1990//1990
f 1990//1990 807//807 299//299
f 553//553 1853//1853 106//106
f 554//554 1854//1854 108//108
f 105//105 555//555 928//928
f 104//104 556//556 930//930
f 109//109 557//557 932//932
f 107//107 558//558 934//934
f 116//116 559//559 936//936
f 111//111 560//560 938//938
f 561//561 1855//1855 110//110
f 1449//1449 562//562 308//308
f 1148//1148 1989//1989 235//235
f 1989//1989 816//816 36//36
f 1450//1450 1146//1146 434//434
f 1146//1146 1145//1145 1988//1988
f 1988//1988 818//818 310//310
f 1451//1451 1144//1144 435//435
f 1144//1144 1143//1143 1987//1987
f 1987//1987 819//819 311//311
f 1452//1452 1142//1142 436//436
f 1142//1142 1141//1141 1986//1986
f 1986//1986 820//820 312//312
f 1453//1453 1140//1140 437//437
f 1140//1140 1139//1139 1985//1985
f 1985//1985 821//821 313//313
f 1454//1454 1138//1138 438//438
f 1138//1138 1137//1137 1984//1984
f 1984//1984 822//822 314//314
f 51//51 947//947 126//126
f 52//52 949//949 128//128
f 54//54 951//951 127//127
f 56//56 953//953 130//130
f 57//57 955//955 129//129
f 58//58 957//957 132//132
f 59//59 959//959 131//131
f 60//60 961//961 133//133
f 61//61 963//963 134//134
f 62//62 965//965 135//135
f 719//719 1576//1576 189//189
f 1576//1576 1136//1136 1135//1135
f 1135//1135 1369//1369 324//324
f 463//463 1134//1134 2395//2395
f 1133//1133 1134//1134 2383//2383
f 717//717 833//833 2390//2390
f 721//721 1573//1573 193//193
f 1573//1573 1132//1132 1131//1131
f 1131//1131 1371//1371 326//326
f 1979//1979 1634//1634 191//191
f 2099//2099 723//723 2100//2100
f 2100//2100 1227//1227 466//466
f 2101//2101 1130//1130 1979//1979
f 1129//1129 2101//2101 2102//2102
f 1571//1571 196//196 1572//1572
f 1779//1779 1751//1751 5//5
f 2103//2103 1128//1128 2104//2104
f 2104//2104 1344//1344 720//720
f 1570//1570 836//836 1127//1127
f 1126//1126 1977//1977 1976//1976
f 1662//1662 582//582 581//581
f 1125//1125 2105//2105 1975//1975
f 1125//1125 2106//2106 2105//2105
f 470//470 1228//1228 2107//2107
f 1123//1123 2108//2108 1566//1566
f 1123//1123 2109//2109 2108//2108
f 1124//1124 1567//1567 2110//2110
f 582//582 2111//2111 1256//1256
f 582//582 2112//2112 2111//2111
f 1123//1123 1566//1566 2113//2113
f 725//725 1565//1565 198//198
f 1565//1565 1122//1122 1121//1121
f 1121//1121 1375//1375 330//330
f 1971//1971 1635//1635 197//197
f 2114//2114 727//727 2115//2115
f 2115//2115 1228//1228 470//470
f 2116//2116 1120//1120 1971//1971
f 1119//1119 2116//2116 2117//2117
f 1563//1563 201//201 1564//1564
f 1783//1783 1752//1752 6//6
f 2118//2118 1118//1118 2119//2119
f 2119//2119 1345//1345 724//724
f 1562//1562 840//840 1117//1117
f 1116//1116 1969//1969 1968//1968
f 1666//1666 586//586 585//585
f 1115//1115 2120//2120 1967//1967
f 1115//1115 2121//2121 2120//2120
f 474//474 1229//1229 2122//2122
f 1113//1113 2123//2123 1558//1558
f 1113//1113 2124//2124 2123//2123
f 1114//1114 1559//1559 2125//2125
f 586//586 2126//2126 1260//1260
f 586//586 2127//2127 2126//2126
f 1113//1113 1558//1558 2128//2128
f 475//475 1262//1262 64//64
f 1964//1964 1636//1636 202//202
f 2129//2129 731//731 2130//2130
f 2130//2130 1229//1229 474//474
f 2131//2131 1112//1112 1964//1964
f 1111//1111 2131//2131 2132//2132
f 1556//1556 205//205 1557//1557
f 1787//1787 1753//1753 9//9
f 2133//2133 1110//1110 2134//2134
f 2134//2134 1346//1346 728//728
f 1787//1787 844//844 843//843
f 2135//2135 337//337 1962//1962
f 2135//2135 2136//2136 845//845
f 1230//1230 845//845 2136//2136
f 1554//1554 1962//1962 337//337
f 2137//2137 1108//1108 2138//2138
f 2138//2138 1555//1555 1109//1109
f 2139//2139 151//151 1264//1264
f 2139//2139 2140//2140 591//591
f 1554//1554 591//591 2140//2140
f 479//479 1265//1265 65//65
f 1960//1960 1637//1637 206//206
f 2141//2141 735//735 2142//2142
f 2142//2142 1230//1230 478//478
f 2143//2143 1106//1106 1960//1960
f 1105//1105 2143//2143 2144//2144
f 1552//1552 209//209 1553//1553
f 1790//1790 1754//1754 10//10
f 2145//2145 1104//1104 2146//2146
f 2146//2146 1347//1347 732//732
f 1790//1790 848//848 847//847
f 2147//2147 341//341 1958//1958
f 2147//2147 2148//2148 849//849
f 1231//1231 849//849 2148//2148
f 1550//1550 1958//1958 341//341
f 2149//2149 1102//1102 2150//2150
f 2150//2150 1551//1551 1103//1103
f 2151//2151 153//153 1267//1267
f 2151//2151 2152//2152 595//595
f 1550//1550 595//595 2152//2152
f 483//483 1268//1268 67//67
f 1956//1956 1638//1638 210//210
f 2153//2153 739//739 2154//2154
f 2154//2154 1231//1231 482//482
f 2155//2155 1100//1100 1956//1956
f 1099//1099 2155//2155 2156//2156
f 1548//1548 213//213 1549//1549
f 1793//1793 1755//1755 13//13
f 2157//2157 1098//1098 2158//2158
f 2158//2158 1348//1348 736//736
f 1793//1793 852//852 851//851
f 2159//2159 345//345 1954//1954
f 2159//2159 2160//2160 853//853
f 1232//1232 853//853 2160//2160
f 1546//1546 1954//1954 345//345
f 2161//2161 1096//1096 2162//2162
f 2162//2162 1547//1547 1097//1097
f 2163//2163 145//145 1270//1270
f 2163//2163 2164//2164 599//599
f 1546//1546 599//599 2164//2164
f 487//487 1271//1271 66//66
f 1952//1952 1639//1639 214//214
f 2165//2165 743//743 2166//2166
f 2166//2166 1232//1232 486//486
f 2167//2167 1094//1094 1952//1952
f 1093//1093 2167//2167 2168//2168
f 1544//1544 217//217 1545//1545
f 1796//1796 1756//1756 15//15
f 2169//2169 1092//1092 2170//2170
f 2170//2170 1349//1349 740//740
f 1796//1796 856//856 855//855
f 2171//2171 349//349 1950//1950
f 2171//2171 2172//2172 857//857
f 1233//1233 857//857 2172//2172
f 1542//1542 1950//1950 349//349
f 2173//2173 1090//1090 2174//2174
f 2174//2174 1543//1543 1091//1091
f 2175//2175 140//140 1273//1273
f 2175//2175 2176//2176 603//603
f 1542//1542 603//603 2176//2176
f 491//491 1274//1274 76//76
f 1948//1948 1640//1640 218//218
f 2177//2177 747//747 2178//2178
f 2178//2178 1233//1233 490//490
f 2179//2179 1088//1088 1948//1948
f 1087//1087 2179//2179 2180//2180
f 1540//1540 221//221 1541//1541
f 1799//1799 1757//1757 17//17
f 2181//2181 1086//1086 2182//2182
f 2182//2182 1350//1350 744//744
f 1799//1799 860//860 859//859
f 2183//2183 353//353 1946//1946
f 2183//2183 2184//2184 861//861
f 1234//1234 861//861 2184//2184
f 1538//1538 1946//1946 353//353
f 2185//2185 1084//1084 2186//2186
f 2186//2186 1539//1539 1085//1085
f 2187//2187 147//147 1276//1276
f 2187//2187 2188//2188 607//607
f 1538//1538 607//607 2188//2188
f 495//495 1277//1277 73//73
f 1944//1944 1641//1641 222//222
f 2189//2189 751//751 2190//2190
f 2190//2190 1234//1234 494//494
f 2191//2191 1082//1082 1944//1944
f 1081//1081 2191//2191 2192//2192
f 1536//1536 225//225 1537//1537
f 1802//1802 1758//1758 19//19
f 2193//2193 1080//1080 2194//2194
f 2194//2194 1351//1351 748//748
f 1802//1802 864//864 863//863
f 2195//2195 357//357 1942//1942
f 2195//2195 2196//2196 865//865
f 1235//1235 865//865 2196//2196
f 1534//1534 1942//1942 357//357
f 2197//2197 1078//1078 2198//2198
f 2198//2198 1535//1535 1079//1079
f 2199//2199 139//139 1279//1279
f 2199//2199 2200//2200 611//611
f 1534//1534 611//611 2200//2200
f 753//753 1533//1533 227//227
f 1533//1533 1076//1076 1075//1075
f 1075//1075 1397//1397 358//358
f 1939//1939 1642//1642 226//226
f 2201//2201 755//755 2202//2202
f 2202//2202 1235//1235 498//498
f 2203//2203 1074//1074 1939//1939
f 1073//1073 2203//2203 2204//2204
f 1531//1531 230//230 1532//1532
f 1805//1805 1759//1759 20//20
f 2205//2205 1072//1072 2206//2206
f 2206//2206 1352//1352 752//752
f 1530//1530 868//868 1071//1071
f 1070//1070 1937//1937 1936//1936
f 1688//1688 614//614 613//613
f 2207//2207 361//361 1935//1935
f 2207//2207 2208//2208 869//869
f 1236//1236 869//869 2208//2208
f 1527//1527 1935//1935 361//361
f 2209//2209 1068//1068 2210//2210
f 2210//2210 1528//1528 1069//1069
f 2211//2211 136//136 1282//1282
f 2211//2211 2212//2212 615//615
f 1527//1527 615//615 2212//2212
f 757//757 1526//1526 232//232
f 1526//1526 1066//1066 1065//1065
f 1065//1065 1400//1400 362//362
f 756//756 1525//1525 1353//1353
f 1931//1931 1064//1064 1063//1063
f 1063//1063 1401//1401 1931//1931
f 759//759 1523//1523 236//236
f 1523//1523 1062//1062 1061//1061
f 1061//1061 1402//1402 364//364
f 758//758 1522//1522 1354//1354
f 1928//1928 1060//1060 1059//1059
f 1059//1059 1403//1403 1928//1928
f 761//761 1520//1520 240//240
f 1520//1520 1058//1058 1057//1057
f 1057//1057 1404//1404 366//366
f 760//760 1056//1056 2394//2394
f 2394//2394 1056//1056 1055//1055
f 1055//1055 875//875 2391//2391
f 763//763 1517//1517 244//244
f 1517//1517 1054//1054 1053//1053
f 1053//1053 1406//1406 368//368
f 762//762 1052//1052 2393//2393
f 2393//2393 1052//1052 1051//1051
f 1051//1051 877//877 2392//2392
f 765//765 1514//1514 248//248
f 1514//1514 1050//1050 1049//1049
f 1049//1049 1408//1408 370//370
f 764//764 1513//1513 1357//1357
f 1919//1919 1048//1048 1047//1047
f 1047//1047 1409//1409 1919//1919
f 767//767 1511//1511 252//252
f 1511//1511 1046//1046 1045//1045
f 1045//1045 1410//1410 372//372
f 766//766 1510//1510 1358//1358
f 1916//1916 1044//1044 1043//1043
f 1043//1043 1411//1411 1916//1916
f 515//515 1042//1042 1508//1508
f 1041//1041 1042//1042 1915//1915
f 769//769 882//882 1412//1412
f 1507//1507 884//884 1040//1040
f 1039//1039 1914//1914 1913//1913
f 1413//1413 630//630 883//883
f 2213//2213 377//377 1912//1912
f 2213//2213 2214//2214 885//885
f 1243//1243 885//885 2214//2214
f 1504//1504 1912//1912 377//377
f 2215//2215 1037//1037 2216//2216
f 2216//2216 1505//1505 1038//1038
f 2217//2217 143//143 1297//1297
f 2217//2217 2218//2218 631//631
f 1504//1504 631//631 2218//2218
f 126//126 885//885 51//51
f 519//519 632//632 1298//1298
f 1299//1299 888//888 633//633
f 2219//2219 381//381 1910//1910
f 2219//2219 2220//2220 889//889
f 1244//1244 889//889 2220//2220
f 1502//1502 1910//1910 381//381
f 2221//2221 1034//1034 2222//2222
f 2222//2222 1503//1503 1035//1035
f 2223//2223 148//148 1300//1300
f 2223//2223 2224//2224 635//635
f 1502//1502 635//635 2224//2224
f 128//128 889//889 52//52
f 523//523 636//636 1301//1301
f 1302//1302 892//892 637//637
f 2225//2225 385//385 1908//1908
f 2225//2225 2226//2226 893//893
f 1245//1245 893//893 2226//2226
f 1500//1500 1908//1908 385//385
f 2227//2227 1031//1031 2228//2228
f 2228//2228 1501//1501 1032//1032
f 2229//2229 138//138 1303//1303
f 2229//2229 2230//2230 639//639
f 1500//1500 639//639 2230//2230
f 127//127 893//893 54//54
f 527//527 640//640 1304//1304
f 1305//1305 896//896 641//641
f 2231//2231 389//389 1906//1906
f 2231//2231 2232//2232 897//897
f 1246//1246 897//897 2232//2232
f 1498//1498 1906//1906 389//389
f 2233//2233 1028//1028 2234//2234
f 2234//2234 1499//1499 1029//1029
f 2235//2235 137//137 1306//1306
f 2235//2235 2236//2236 643//643
f 1498//1498 643//643 2236//2236
f 130//130 897//897 56//56
f 531//531 644//644 1307//1307
f 1308//1308 900//900 645//645
f 2237//2237 393//393 1904//1904
f 2237//2237 2238//2238 901//901
f 1247//1247 901//901 2238//2238
f 1496//1496 1904//1904 393//393
f 2239//2239 1025//1025 2240//2240
f 2240//2240 1497//1497 1026//1026
f 2241//2241 152//152 1309//1309
f 2241//2241 2242//2242 647//647
f 1496//1496 647//647 2242//2242
f 129//129 901//901 57//57
f 535//535 648//648 1310//1310
f 1311//1311 904//904 649//649
f 2243//2243 397//397 1902//1902
f 2243//2243 2244//2244 905//905
f 1248//1248 905//905 2244//2244
f 1494//1494 1902//1902 397//397
f 2245//2245 1022//1022 2246//2246
f 2246//2246 1495//1495 1023//1023
f 2247//2247 146//146 1312//1312
f 2247//2247 2248//2248 651//651
f 1494//1494 651//651 2248//2248
f 132//132 905//905 58//58
f 539//539 652//652 1313//1313
f 1314//1314 908//908 653//653
f 2249//2249 401//401 1900//1900
f 2249//2249 2250//2250 909//909
f 1249//1249 909//909 2250//2250
f 1492//1492 1900//1900 401//401
f 2251//2251 1019//1019 2252//2252
f 2252//2252 1493//1493 1020//1020
f 2253//2253 144//144 1315//1315
f 2253//2253 2254//2254 655//655
f 1492//1492 655//655 2254//2254
f 131//131 909//909 59//59
f 543//543 1017//1017 1491//1491
f 1016//1016 1017//1017 1898//1898
f 797//797 910//910 1433//1433
f 1490//1490 912//912 1015//1015
f 1014//1014 1897//1897 1896//1896
f 1434//1434 658//658 911//911
f 1013//1013 2255//2255 1895//1895
f 1013//1013 2256//2256 2255//2255
f 546//546 1250//1250 2257//2257
f 1011//1011 2258//2258 1486//1486
f 1011//1011 2259//2259 2258//2258
f 1012//1012 1487//1487 2260//2260
f 658//658 2261//2261 1318//1318
f 658//658 2262//2262 2261//2261
f 1011//1011 1486//1486 2263//2263
f 799//799 913//913 1843//1843
f 547//547 1010//1010 1485//1485
f 1009//1009 1010//1010 1892//1892
f 801//801 914//914 1437//1437
f 1484//1484 916//916 1008//1008
f 1007//1007 1891//1891 1890//1890
f 1438//1438 662//662 915//915
f 1006//1006 2264//2264 1889//1889
f 1006//1006 2265//2265 2264//2264
f 550//550 1251//1251 2266//2266
f 1004//1004 2267//2267 1480//1480
f 1004//1004 2268//2268 2267//2267
f 1005//1005 1481//1481 2269//2269
f 662//662 2270//2270 1322//1322
f 662//662 2271//2271 2270//2270
f 1004//1004 1480//1480 2272//2272
f 803//803 917//917 1847//1847
f 461//461 1003//1003 1479//1479
f 1002//1002 1003//1003 1886//1886
f 715//715 918//918 1441//1441
f 1478//1478 920//920 1001//1001
f 1000//1000 1885//1885 1884//1884
f 1442//1442 666//666 919//919
f 999//999 2273//2273 1883//1883
f 999//999 2274//2274 2273//2273
f 460//460 1225//1225 2275//2275
f 997//997 2276//2276 1474//1474
f 997//997 2277//2277 2276//2276
f 998//998 1475//1475 2278//2278
f 666//666 2279//2279 1326//1326
f 666//666 2280//2280 2279//2279
f 997//997 1474//1474 2281//2281
f 806//806 921//921 1851//1851
f 464//464 996//996 1473//1473
f 995//995 996//996 1880//1880
f 718//718 922//922 1445//1445
f 12//12 669//669 117//117
f 1853//1853 924//924 994//994
f 1879//1879 994//994 416//416
f 1736//1736 670//670 669//669
f 16//16 671//671 118//118
f 1854//1854 926//926 992//992
f 1878//1878 992//992 418//418
f 1737//1737 672//672 671//671
f 21//21 673//673 120//120
f 104//104 928//928 927//927
f 24//24 675//675 119//119
f 109//109 930//930 929//929
f 28//28 677//677 122//122
f 107//107 932//932 931//931
f 31//31 679//679 121//121
f 116//116 934//934 933//933
f 33//33 681//681 124//124
f 111//111 936//936 935//935
f 34//34 683//683 123//123
f 110//110 938//938 937//937
f 36//36 685//685 125//125
f 1855//1855 940//940 990//990
f 1877//1877 990//990 432//432
f 1738//1738 686//686 685//685
f 563//563 1469//1469 309//309
f 1469//1469 988//988 987//987
f 987//987 1449//1449 433//433
f 563//563 986//986 1468//1468
f 985//985 986//986 1875//1875
f 817//817 942//942 1450//1450
f 564//564 984//984 1467//1467
f 983//983 984//984 1874//1874
f 818//818 943//943 1451//1451
f 565//565 982//982 1466//1466
f 981//981 982//982 1873//1873
f 819//819 944//944 1452//1452
f 566//566 980//980 1465//1465
f 979//979 980//980 1872//1872
f 820//820 945//945 1453//1453
f 567//567 978//978 1464//1464
f 977//977 978//978 1871//1871
f 821//821 946//946 1454//1454
f 1862//1862 948//948 976//976
f 1870//1870 976//976 440//440
f 1745//1745 694//694 947//947
f 568//568 1862//1862 93//93
f 96//96 950//950 695//695
f 103//103 569//569 950//950
f 97//97 952//952 697//697
f 96//96 570//570 952//952
f 102//102 954//954 699//699
f 97//97 571//571 954//954
f 98//98 956//956 701//701
f 102//102 572//572 956//956
f 100//100 958//958 703//703
f 98//98 573//573 958//958
f 99//99 960//960 705//705
f 100//100 574//574 960//960
f 1863//1863 962//962 974//974
f 1869//1869 974//974 454//454
f 1746//1746 708//708 961//961
f 575//575 1863//1863 99//99
f 1864//1864 964//964 972//972
f 1868//1868 972//972 456//456
f 1747//1747 710//710 963//963
f 576//576 1864//1864 101//101
f 1865//1865 966//966 970//970
f 1867//1867 970//970 458//458
f 1748//1748 712//712 965//965
f 831//831 1459//1459 323//323
f 1459//1459 968//968 967//967
f 967//967 1748//1748 458//458
f 577//577 1865//1865 112//112
f 1460//1460 969//969 711//711
f 830//830 710//710 1747//1747
f 1461//1461 971//971 709//709
f 829//829 708//708 1746//1746
f 1462//1462 973//973 707//707
f 828//828 452//452 320//320
f 451//451 706//706 959//959
f 827//827 450//450 319//319
f 449//449 704//704 957//957
f 826//826 448//448 318//318
f 447//447 702//702 955//955
f 825//825 446//446 317//317
f 445//445 700//700 953//953
f 824//824 444//444 316//316
f 443//443 698//698 951//951
f 823//823 442//442 315//315
f 441//441 696//696 949//949
f 822//822 694//694 1745//1745
f 1463//1463 975//975 693//693
f 977//977 692//692 1337//1337
f 979//979 691//691 1336//1336
f 981//981 690//690 1335//1335
f 983//983 689//689 1334//1334
f 985//985 688//688 1333//1333
f 817//817 1332//1332 38//38
f 1470//1470 989//989 939//939
f 308//308 939//939 431//431
f 429//429 684//684 683//683
f 307//307 937//937 429//429
f 427//427 682//682 681//681
f 306//306 935//935 427//427
f 425//425 680//680 679//679
f 305//305 933//933 425//425
f 423//423 678//678 677//677
f 304//304 931//931 423//423
f 421//421 676//676 675//675
f 303//303 929//929 421//421
f 419//419 674//674 673//673
f 302//302 927//927 419//419
f 1471//1471 991//991 925//925
f 301//301 925//925 417//417
f 1472//1472 993//993 923//923
f 300//300 923//923 415//415
f 995//995 668//668 1328//1328
f 552//552 667//667 1734//1734
f 920//920 2282//2282 1443//1443
f 920//920 2283//2283 2282//2282
f 714//714 1342//1342 2284//2284
f 1325//1325 1000//1000 665//665
f 1002//1002 664//664 1324//1324
f 549//549 663//663 1730//1730
f 916//916 2285//2285 1439//1439
f 916//916 2286//2286 2285//2285
f 804//804 1368//1368 2287//2287
f 1321//1321 1007//1007 661//661
f 1009//1009 660//660 1320//1320
f 545//545 659//659 1726//1726
f 912//912 2288//2288 1435//1435
f 912//912 2289//2289 2288//2288
f 800//800 1367//1367 2290//2290
f 1317//1317 1014//1014 657//657
f 1016//1016 656//656 1316//1316
f 283//283 655//655 401//401
f 2291//2291 400//400 1432//1432
f 2291//2291 2292//2292 1019//1019
f 1366//1366 1019//1019 2292//2292
f 1431//1431 654//654 907//907
f 793//793 906//906 1430//1430
f 279//279 651//651 397//397
f 2293//2293 396//396 1429//1429
f 2293//2293 2294//2294 1022//1022
f 1365//1365 1022//1022 2294//2294
f 1428//1428 650//650 903//903
f 789//789 902//902 1427//1427
f 275//275 647//647 393//393
f 2295//2295 392//392 1426//1426
f 2295//2295 2296//2296 1025//1025
f 1364//1364 1025//1025 2296//2296
f 1425//1425 646//646 899//899
f 785//785 898//898 1424//1424
f 271//271 643//643 389//389
f 2297//2297 388//388 1423//1423
f 2297//2297 2298//2298 1028//1028
f 1363//1363 1028//1028 2298//2298
f 1422//1422 642//642 895//895
f 781//781 894//894 1421//1421
f 267//267 639//639 385//385
f 2299//2299 384//384 1420//1420
f 2299//2299 2300//2300 1031//1031
f 1362//1362 1031//1031 2300//2300
f 1419//1419 638//638 891//891
f 777//777 890//890 1418//1418
f 263//263 635//635 381//381
f 2301//2301 380//380 1417//1417
f 2301//2301 2302//2302 1034//1034
f 1361//1361 1034//1034 2302//2302
f 1416//1416 634//634 887//887
f 773//773 886//886 1415//1415
f 259//259 631//631 377//377
f 2303//2303 376//376 1414//1414
f 2303//2303 2304//2304 1037//1037
f 1360//1360 1037//1037 2304//2304
f 1296//1296 1039//1039 629//629
f 1041//1041 628//628 1295//1295
f 512//512 1294//1294 1241//1241
f 513//513 1293//1293 82//82
f 510//510 1292//1292 1240//1240
f 511//511 1291//1291 71//71
f 508//508 623//623 2389//2389
f 509//509 1289//1289 72//72
f 506//506 621//621 2388//2388
f 507//507 1287//1287 70//70
f 504//504 1286//1286 1237//1237
f 505//505 1285//1285 69//69
f 502//502 1284//1284 1236//1236
f 503//503 1283//1283 75//75
f 2305//2305 360//360 1399//1399
f 2305//2305 2306//2306 1068//1068
f 1353//1353 1068//1068 2306//2306
f 1805//1805 1070//1070 867//867
f 1688//1688 1938//1938 359//359
f 2307//2307 501//501 2308//2308
f 2308//2308 1531//1531 1073//1073
f 499//499 1280//1280 74//74
f 2309//2309 356//356 1396//1396
f 2309//2309 2310//2310 1078//1078
f 1352//1352 1078//1078 2310//2310
f 1685//1685 610//610 609//609
f 1685//1685 1943//1943 355//355
f 2311//2311 497//497 2312//2312
f 2312//2312 1536//1536 1081//1081
f 749//749 862//862 1394//1394
f 2313//2313 352//352 1393//1393
f 2313//2313 2314//2314 1084//1084
f 1351//1351 1084//1084 2314//2314
f 1682//1682 606//606 605//605
f 1682//1682 1947//1947 351//351
f 2315//2315 493//493 2316//2316
f 2316//2316 1540//1540 1087//1087
f 745//745 858//858 1391//1391
f 2317//2317 348//348 1390//1390
f 2317//2317 2318//2318 1090//1090
f 1350//1350 1090//1090 2318//2318
f 1679//1679 602//602 601//601
f 1679//1679 1951//1951 347//347
f 2319//2319 489//489 2320//2320
f 2320//2320 1544//1544 1093//1093
f 741//741 854//854 1388//1388
f 2321//2321 344//344 1387//1387
f 2321//2321 2322//2322 1096//1096
f 1349//1349 1096//1096 2322//2322
f 1676//1676 598//598 597//597
f 1676//1676 1955//1955 343//343
f 2323//2323 485//485 2324//2324
f 2324//2324 1548//1548 1099//1099
f 737//737 850//850 1385//1385
f 2325//2325 340//340 1384//1384
f 2325//2325 2326//2326 1102//1102
f 1348//1348 1102//1102 2326//2326
f 1673//1673 594//594 593//593
f 1673//1673 1959//1959 339//339
f 2327//2327 481//481 2328//2328
f 2328//2328 1552//1552 1105//1105
f 733//733 846//846 1382//1382
f 2329//2329 336//336 1381//1381
f 2329//2329 2330//2330 1108//1108
f 1347//1347 1108//1108 2330//2330
f 1670//1670 590//590 589//589
f 1670//1670 1963//1963 335//335
f 2331//2331 477//477 2332//2332
f 2332//2332 1556//1556 1111//1111
f 729//729 842//842 1379//1379
f 840//840 2333//2333 1377//1377
f 840//840 2334//2334 2333//2333
f 728//728 1346//1346 2335//2335
f 1783//1783 1116//1116 839//839
f 1666//1666 1970//1970 331//331
f 2336//2336 473//473 2337//2337
f 2337//2337 1563//1563 1119//1119
f 471//471 1258//1258 63//63
f 836//836 2338//2338 1373//1373
f 836//836 2339//2339 2338//2338
f 724//724 1345//1345 2340//2340
f 1779//1779 1126//1126 835//835
f 1662//1662 1978//1978 327//327
f 2341//2341 469//469 2342//2342
f 2342//2342 1571//1571 1129//1129
f 467//467 1254//1254 68//68
f 1133//1133 579//579 2387//2387
f 465//465 1252//1252 77//77
f 183//183 711//711 457//457
f 323//323 709//709 455//455
f 322//322 707//707 453//453
f 321//321 705//705 451//451
f 320//320 703//703 449//449
f 319//319 701//701 447//447
f 318//318 699//699 445//445
f 317//317 697//697 443//443
f 316//316 695//695 441//441
f 315//315 693//693 439//439
f 1337//1337 568//568 93//93
f 1336//1336 567//567 94//94
f 1335//1335 566//566 95//95
f 1334//1334 565//565 92//92
f 1333//1333 564//564 91//91
f 1332//1332 1148//1148 235//235
f 815//815 686//686 1738//1738
f 814//814 430//430 306//306
f 813//813 428//428 305//305
f 812//812 426//426 304//304
f 811//811 424//424 303//303
f 810//810 422//422 302//302
f 809//809 420//420 301//301
f 808//808 672//672 1737//1737
f 807//807 670//670 1736//1736
f 1328//1328 553//553 106//106
f 1442//1442 1991//1991 411//411
f 2343//2343 551//551 2344//2344
f 2344//2344 1584//1584 1152//1152
f 805//805 296//296 61//61
f 1324//1324 547//547 86//86
f 1438//1438 1994//1994 407//407
f 2345//2345 548//548 2346//2346
f 2346//2346 1587//1587 1159//1159
f 548//548 293//293 292//292
f 1320//1320 543//543 87//87
f 1434//1434 1997//1997 403//403
f 2347//2347 544//544 2348//2348
f 2348//2348 1590//1590 1164//1164
f 544//544 288//288 287//287
f 1316//1316 539//539 84//84
f 1431//1431 2000//2000 399//399
f 2349//2349 540//540 2350//2350
f 2350//2350 1593//1593 1169//1169
f 540//540 283//283 282//282
f 1430//1430 789//789 277//277
f 1428//1428 2002//2002 395//395
f 2351//2351 536//536 2352//2352
f 2352//2352 1595//1595 1172//1172
f 536//536 279//279 278//278
f 1427//1427 785//785 273//273
f 1425//1425 2004//2004 391//391
f 2353//2353 532//532 2354//2354
f 2354//2354 1597//1597 1175//1175
f 532//532 275//275 274//274
f 1424//1424 781//781 269//269
f 1422//1422 2006//2006 387//387
f 2355//2355 528//528 2356//2356
f 2356//2356 1599//1599 1178//1178
f 528//528 271//271 270//270
f 1421//1421 777//777 265//265
f 1419//1419 2008//2008 383//383
f 2357//2357 524//524 2358//2358
f 2358//2358 1601//1601 1181//1181
f 524//524 267//267 266//266
f 1418//1418 773//773 261//261
f 1416//1416 2010//2010 379//379
f 2359//2359 520//520 2360//2360
f 2360//2360 1603//1603 1184//1184
f 520//520 263//263 262//262
f 1415//1415 769//769 257//257
f 1413//1413 2012//2012 375//375
f 2361//2361 516//516 2362//2362
f 2362//2362 1605//1605 1187//1187
f 516//516 259//259 258//258
f 1295//1295 513//513 82//82
f 627//627 2016//2016 1294//1294
f 1293//1293 1194//1194 161//161
f 625//625 2019//2019 1292//1292
f 1291//1291 1198//1198 162//162
f 2389//2389 1200//1200 2022//2022
f 1289//1289 1202//1202 163//163
f 2388//2388 1204//1204 2025//2025
f 1287//1287 1206//1206 164//164
f 619//619 2028//2028 1286//1286
f 1285//1285 1210//1210 165//165
f 617//617 2031//2031 1284//1284
f 1283//1283 1214//1214 166//166
f 229//229 615//615 361//361
f 229//229 501//501 500//500
f 1280//1280 1216//1216 167//167
f 224//224 611//611 357//357
f 224//224 497//497 496//496
f 1394//1394 745//745 219//219
f 220//220 607//607 353//353
f 220//220 493//493 492//492
f 1391//1391 741//741 215//215
f 216//216 603//603 349//349
f 216//216 489//489 488//488
f 1388//1388 737//737 211//211
f 212//212 599//599 345//345
f 212//212 485//485 484//484
f 1385//1385 733//733 207//207
f 208//208 595//595 341//341
f 208//208 481//481 480//480
f 1382//1382 729//729 203//203
f 204//204 591//591 337//337
f 204//204 477//477 476//476
f 1379//1379 725//725 198//198
f 472//472 587//587 1668//1668
f 200//200 473//473 472//472
f 1258//1258 1218//1218 168//168
f 468//468 583//583 1664//1664
f 195//195 469//469 468//468
f 1254//1254 1220//1220 155//155
f 2387//2387 466//466 1227//1227
f 1252//1252 1224//1224 156//156
f 2363//2363 1227//1227 8//8
f 1284//1284 235//235 36//36
f 1286//1286 239//239 38//38
f 2364//2364 2025//2025 243//243
f 2365//2365 2022//2022 247//247
f 1292//1292 251//251 45//45
f 1294//1294 255//255 47//47
f 516//516 1605//1605 2362//2362
f 2361//2361 1187//1187 883//883
f 883//883 2012//2012 1413//1413
f 520//520 1603//1603 2360//2360
f 2359//2359 1184//1184 887//887
f 887//887 2010//2010 1416//1416
f 524//524 1601//1601 2358//2358
f 2357//2357 1181//1181 891//891
f 891//891 2008//2008 1419//1419
f 528//528 1599//1599 2356//2356
f 2355//2355 1178//1178 895//895
f 895//895 2006//2006 1422//1422
f 532//532 1597//1597 2354//2354
f 2353//2353 1175//1175 899//899
f 899//899 2004//2004 1425//1425
f 536//536 1595//1595 2352//2352
f 2351//2351 1172//1172 903//903
f 903//903 2002//2002 1428//1428
f 540//540 1593//1593 2350//2350
f 2349//2349 1169//1169 907//907
f 907//907 2000//2000 1431//1431
f 544//544 1590//1590 2348//2348
f 2347//2347 1164//1164 911//911
f 911//911 1997//1997 1434//1434
f 548//548 1587//1587 2346//2346
f 2345//2345 1159//1159 915//915
f 915//915 1994//1994 1438//1438
f 551//551 1584//1584 2344//2344
f 2343//2343 1152//1152 919//919
f 919//919 1991//1991 1442//1442
f 1574//1574 1253//1253 2363//2363
f 469//469 1571//1571 2342//2342
f 2341//2341 1129//1129 581//581
f 581//581 1978//1978 1662//1662
f 5//5 1569//1569 1779//1779
f 2340//2340 1567//1567 1124//1124
f 2340//2340 1345//1345 1567//1567
f 1345//1345 197//197 1567//1567
f 2338//2338 2340//2340 1124//1124
f 2338//2338 2339//2339 2340//2340
f 2339//2339 724//724 2340//2340
f 1373//1373 1974//1974 328//328
f 1373//1373 2338//2338 1974//1974
f 2338//2338 1124//1124 1974//1974
f 473//473 1563//1563 2337//2337
f 2336//2336 1119//1119 585//585
f 585//585 1970//1970 1666//1666
f 6//6 1561//1561 1783//1783
f 2335//2335 1559//1559 1114//1114
f 2335//2335 1346//1346 1559//1559
f 1346//1346 202//202 1559//1559
f 2333//2333 2335//2335 1114//1114
f 2333//2333 2334//2334 2335//2335
f 2334//2334 728//728 2335//2335
f 1377//1377 1966//1966 332//332
f 1377//1377 2333//2333 1966//1966
f 2333//2333 1114//1114 1966//1966
f 477//477 1556//1556 2332//2332
f 2331//2331 1111//1111 589//589
f 589//589 1963//1963 1670//1670
f 335//335 1671//1671 1670//1670
f 732//732 1347//1347 2330//2330
f 732//732 2329//2329 844//844
f 844//844 2329//2329 1381//1381
f 481//481 1552//1552 2328//2328
f 2327//2327 1105//1105 593//593
f 593//593 1959//1959 1673//1673
f 339//339 1674//1674 1673//1673
f 736//736 1348//1348 2326//2326
f 736//736 2325//2325 848//848
f 848//848 2325//2325 1384//1384
f 485//485 1548//1548 2324//2324
f 2323//2323 1099//1099 597//597
f 597//597 1955//1955 1676//1676
f 343//343 1677//1677 1676//1676
f 740//740 1349//1349 2322//2322
f 740//740 2321//2321 852//852
f 852//852 2321//2321 1387//1387
f 489//489 1544//1544 2320//2320
f 2319//2319 1093//1093 601//601
f 601//601 1951//1951 1679//1679
f 347//347 1680//1680 1679//1679
f 744//744 1350//1350 2318//2318
f 744//744 2317//2317 856//856
f 856//856 2317//2317 1390//1390
f 493//493 1540//1540 2316//2316
f 2315//2315 1087//1087 605//605
f 605//605 1947//1947 1682//1682
f 351//351 1683//1683 1682//1682
f 748//748 1351//1351 2314//2314
f 748//748 2313//2313 860//860
f 860//860 2313//2313 1393//1393
f 497//497 1536//1536 2312//2312
f 2311//2311 1081//1081 609//609
f 609//609 1943//1943 1685//1685
f 355//355 1686//1686 1685//1685
f 752//752 1352//1352 2310//2310
f 752//752 2309//2309 864//864
f 864//864 2309//2309 1396//1396
f 501//501 1531//1531 2308//2308
f 2307//2307 1073//1073 613//613
f 613//613 1938//1938 1688//1688
f 20//20 1529//1529 1805//1805
f 756//756 1353//1353 2306//2306
f 756//756 2305//2305 868//868
f 868//868 2305//2305 1399//1399
f 36//36 1236//1236 1284//1284
f 38//38 1237//1237 1286//1286
f 1238//1238 2364//2364 41//41
f 1239//1239 2365//2365 43//43
f 45//45 1240//1240 1292//1292
f 47//47 1241//1241 1294//1294
f 35//35 1506//1506 1296//1296
f 772//772 1360//1360 2304//2304
f 772//772 2303//2303 884//884
f 884//884 2303//2303 1414//1414
f 379//379 1707//1707 1416//1416
f 776//776 1361//1361 2302//2302
f 776//776 2301//2301 888//888
f 888//888 2301//2301 1417//1417
f 383//383 1710//1710 1419//1419
f 780//780 1362//1362 2300//2300
f 780//780 2299//2299 892//892
f 892//892 2299//2299 1420//1420
f 387//387 1713//1713 1422//1422
f 784//784 1363//1363 2298//2298
f 784//784 2297//2297 896//896
f 896//896 2297//2297 1423//1423
f 391//391 1716//1716 1425//1425
f 788//788 1364//1364 2296//2296
f 788//788 2295//2295 900//900
f 900//900 2295//2295 1426//1426
f 395//395 1719//1719 1428//1428
f 792//792 1365//1365 2294//2294
f 792//792 2293//2293 904//904
f 904//904 2293//2293 1429//1429
f 399//399 1722//1722 1431//1431
f 796//796 1366//1366 2292//2292
f 796//796 2291//2291 908//908
f 908//908 2291//2291 1432//1432
f 48//48 1489//1489 1317//1317
f 2290//2290 1487//1487 1012//1012
f 2290//2290 1367//1367 1487//1487
f 1367//1367 289//289 1487//1487
f 2288//2288 2290//2290 1012//1012
f 2288//2288 2289//2289 2290//2290
f 2289//2289 800//800 2290//2290
f 1435//1435 1894//1894 404//404
f 1435//1435 2288//2288 1894//1894
f 2288//2288 1012//1012 1894//1894
f 50//50 1483//1483 1321//1321
f 2287//2287 1481//1481 1005//1005
f 2287//2287 1368//1368 1481//1481
f 1368//1368 294//294 1481//1481
f 2285//2285 2287//2287 1005//1005
f 2285//2285 2286//2286 2287//2287
f 2286//2286 804//804 2287//2287
f 1439//1439 1888//1888 408//408
f 1439//1439 2285//2285 1888//1888
f 2285//2285 1005//1005 1888//1888
f 53//53 1477//1477 1325//1325
f 2284//2284 1475//1475 998//998
f 2284//2284 1342//1342 1475//1475
f 1342//1342 184//184 1475//1475
f 2282//2282 2284//2284 998//998
f 2282//2282 2283//2283 2284//2284
f 2283//2283 714//714 2284//2284
f 1443//1443 1882//1882 412//412
f 1443//1443 2282//2282 1882//1882
f 2282//2282 998//998 1882//1882
f 2281//2281 1734//1734 667//667
f 2281//2281 1474//1474 1734//1734
f 1474//1474 413//413 1734//1734
f 2279//2279 2281//2281 667//667
f 2279//2279 2280//2280 2281//2281
f 2280//2280 997//997 2281//2281
f 1326//1326 1327//1327 150//150
f 1326//1326 2279//2279 1327//1327
f 2279//2279 667//667 1327//1327
f 2278//2278 1476//1476 999//999
f 2278//2278 1475//1475 1476//1476
f 1475//1475 184//184 1476//1476
f 2276//2276 2278//2278 999//999
f 2276//2276 2277//2277 2278//2278
f 2277//2277 998//998 2278//2278
f 1474//1474 1883//1883 413//413
f 1474//1474 2276//2276 1883//1883
f 2276//2276 999//999 1883//1883
f 2275//2275 1851//1851 921//921
f 2275//2275 1225//1225 1851//1851
f 1225//1225 62//62 1851//1851
f 2273//2273 2275//2275 921//921
f 2273//2273 2274//2274 2275//2275
f 2274//2274 460//460 2275//2275
f 1883//1883 1444//1444 413//413
f 1883//1883 2273//2273 1444//1444
f 2273//2273 921//921 1444//1444
f 411//411 1733//1733 1442//1442
f 1884//1884 412//412 411//411
f 295//295 1850//1850 1478//1478
f 2272//2272 1730//1730 663//663
f 2272//2272 1480//1480 1730//1730
f 1480//1480 409//409 1730//1730
f 2270//2270 2272//2272 663//663
f 2270//2270 2271//2271 2272//2272
f 2271//2271 1004//1004 2272//2272
f 1322//1322 1323//1323 141//141
f 1322//1322 2270//2270 1323//1323
f 2270//2270 663//663 1323//1323
f 2269//2269 1482//1482 1006//1006
f 2269//2269 1481//1481 1482//1482
f 1481//1481 294//294 1482//1482
f 2267//2267 2269//2269 1006//1006
f 2267//2267 2268//2268 2269//2269
f 2268//2268 1005//1005 2269//2269
f 1480//1480 1889//1889 409//409
f 1480//1480 2267//2267 1889//1889
f 2267//2267 1006//1006 1889//1889
f 2266//2266 1847//1847 917//917
f 2266//2266 1251//1251 1847//1847
f 1251//1251 61//61 1847//1847
f 2264//2264 2266//2266 917//917
f 2264//2264 2265//2265 2266//2266
f 2265//2265 550//550 2266//2266
f 1889//1889 1440//1440 409//409
f 1889//1889 2264//2264 1440//1440
f 2264//2264 917//917 1440//1440
f 407//407 1729//1729 1438//1438
f 1890//1890 408//408 407//407
f 290//290 1846//1846 1484//1484
f 2263//2263 1726//1726 659//659
f 2263//2263 1486//1486 1726//1726
f 1486//1486 405//405 1726//1726
f 2261//2261 2263//2263 659//659
f 2261//2261 2262//2262 2263//2263
f 2262//2262 1011//1011 2263//2263
f 1318//1318 1319//1319 149//149
f 1318//1318 2261//2261 1319//1319
f 2261//2261 659//659 1319//1319
f 2260//2260 1488//1488 1013//1013
f 2260//2260 1487//1487 1488//1488
f 1487//1487 289//289 1488//1488
f 2258//2258 2260//2260 1013//1013
f 2258//2258 2259//2259 2260//2260
f 2259//2259 1012//1012 2260//2260
f 1486//1486 1895//1895 405//405
f 1486//1486 2258//2258 1895//1895
f 2258//2258 1013//1013 1895//1895
f 2257//2257 1843//1843 913//913
f 2257//2257 1250//1250 1843//1843
f 1250//1250 60//60 1843//1843
f 2255//2255 2257//2257 913//913
f 2255//2255 2256//2256 2257//2257
f 2256//2256 546//546 2257//2257
f 1895//1895 1436//1436 405//405
f 1895//1895 2255//2255 1436//1436
f 2255//2255 913//913 1436//1436
f 403//403 1725//1725 1434//1434
f 1896//1896 404//404 403//403
f 285//285 1842//1842 1490//1490
f 1018//1018 1492//1492 2254//2254
f 1018//1018 2253//2253 654//654
f 654//654 2253//2253 1315//1315
f 284//284 2252//2252 1019//1019
f 1018//1018 2252//2252 1020//1020
f 1020//1020 1492//1492 1018//1018
f 542//542 1249//1249 2250//2250
f 542//542 2249//2249 1020//1020
f 1020//1020 2249//2249 1900//1900
f 46//46 1839//1839 1314//1314
f 1021//1021 1494//1494 2248//2248
f 1021//1021 2247//2247 650//650
f 650//650 2247//2247 1312//1312
f 280//280 2246//2246 1022//1022
f 1021//1021 2246//2246 1023//1023
f 1023//1023 1494//1494 1021//1021
f 538//538 1248//1248 2244//2244
f 538//538 2243//2243 1023//1023
f 1023//1023 2243//2243 1902//1902
f 44//44 1836//1836 1311//1311
f 1024//1024 1496//1496 2242//2242
f 1024//1024 2241//2241 646//646
f 646//646 2241//2241 1309//1309
f 276//276 2240//2240 1025//1025
f 1024//1024 2240//2240 1026//1026
f 1026//1026 1496//1496 1024//1024
f 534//534 1247//1247 2238//2238
f 534//534 2237//2237 1026//1026
f 1026//1026 2237//2237 1904//1904
f 42//42 1833//1833 1308//1308
f 1027//1027 1498//1498 2236//2236
f 1027//1027 2235//2235 642//642
f 642//642 2235//2235 1306//1306
f 272//272 2234//2234 1028//1028
f 1027//1027 2234//2234 1029//1029
f 1029//1029 1498//1498 1027//1027
f 530//530 1246//1246 2232//2232
f 530//530 2231//2231 1029//1029
f 1029//1029 2231//2231 1906//1906
f 40//40 1830//1830 1305//1305
f 1030//1030 1500//1500 2230//2230
f 1030//1030 2229//2229 638//638
f 638//638 2229//2229 1303//1303
f 268//268 2228//2228 1031//1031
f 1030//1030 2228//2228 1032//1032
f 1032//1032 1500//1500 1030//1030
f 526//526 1245//1245 2226//2226
f 526//526 2225//2225 1032//1032
f 1032//1032 2225//2225 1908//1908
f 39//39 1827//1827 1302//1302
f 1033//1033 1502//1502 2224//2224
f 1033//1033 2223//2223 634//634
f 634//634 2223//2223 1300//1300
f 264//264 2222//2222 1034//1034
f 1033//1033 2222//2222 1035//1035
f 1035//1035 1502//1502 1033//1033
f 522//522 1244//1244 2220//2220
f 522//522 2219//2219 1035//1035
f 1035//1035 2219//2219 1910//1910
f 37//37 1824//1824 1299//1299
f 1036//1036 1504//1504 2218//2218
f 1036//1036 2217//2217 630//630
f 630//630 2217//2217 1297//1297
f 260//260 2216//2216 1037//1037
f 1036//1036 2216//2216 1038//1038
f 1038//1038 1504//1504 1036//1036
f 518//518 1243//1243 2214//2214
f 518//518 2213//2213 1038//1038
f 1038//1038 2213//2213 1912//1912
f 375//375 1704//1704 1413//1413
f 1913//1913 376//376 375//375
f 256//256 1821//1821 1507//1507
f 373//373 1916//1916 1411//1411
f 373//373 1510//1510 1916//1916
f 250//250 1358//1358 1510//1510
f 371//371 1919//1919 1409//1409
f 371//371 1513//1513 1919//1919
f 246//246 1357//1357 1513//1513
f 1922//1922 2368//2368 369//369
f 2369//2369 1516//1516 1922//1922
f 1356//1356 2369//2369 242//242
f 1925//1925 2367//2367 367//367
f 2370//2370 1519//1519 1925//1925
f 1355//1355 2370//2370 238//238
f 365//365 1928//1928 1403//1403
f 365//365 1522//1522 1928//1928
f 234//234 1354//1354 1522//1522
f 363//363 1931//1931 1401//1401
f 363//363 1525//1525 1931//1931
f 231//231 1353//1353 1525//1525
f 1067//1067 1527//1527 2212//2212
f 1067//1067 2211//2211 614//614
f 614//614 2211//2211 1282//1282
f 231//231 2210//2210 1068//1068
f 1067//1067 2210//2210 1069//1069
f 1069//1069 1527//1527 1067//1067
f 502//502 1236//1236 2208//2208
f 502//502 2207//2207 1069//1069
f 1069//1069 2207//2207 1935//1935
f 359//359 1689//1689 1688//1688
f 1936//1936 360//360 359//359
f 228//228 1806//1806 1530//1530
f 1072//1072 1352//1352 2206//2206
f 2205//2205 752//752 867//867
f 867//867 1759//1759 1805//1805
f 1531//1531 1074//1074 1073//1073
f 1072//1072 2204//2204 2203//2203
f 2203//2203 226//226 1072//1072
f 755//755 1235//1235 2202//2202
f 2201//2201 498//498 1074//1074
f 1074//1074 1642//1642 1939//1939
f 1077//1077 1534//1534 2200//2200
f 1077//1077 2199//2199 610//610
f 610//610 2199//2199 1279//1279
f 226//226 2198//2198 1078//1078
f 1077//1077 2198//2198 1079//1079
f 1079//1079 1534//1534 1077//1077
f 498//498 1235//1235 2196//2196
f 498//498 2195//2195 1079//1079
f 1079//1079 2195//2195 1942//1942
f 19//19 1803//1803 1802//1802
f 1080//1080 1351//1351 2194//2194
f 2193//2193 748//748 863//863
f 863//863 1758//1758 1802//1802
f 1536//1536 1082//1082 1081//1081
f 1080//1080 2192//2192 2191//2191
f 2191//2191 222//222 1080//1080
f 751//751 1234//1234 2190//2190
f 2189//2189 494//494 1082//1082
f 1082//1082 1641//1641 1944//1944
f 1083//1083 1538//1538 2188//2188
f 1083//1083 2187//2187 606//606
f 606//606 2187//2187 1276//1276
f 222//222 2186//2186 1084//1084
f 1083//1083 2186//2186 1085//1085
f 1085//1085 1538//1538 1083//1083
f 494//494 1234//1234 2184//2184
f 494//494 2183//2183 1085//1085
f 1085//1085 2183//2183 1946//1946
f 17//17 1800//1800 1799//1799
f 1086//1086 1350//1350 2182//2182
f 2181//2181 744//744 859//859
f 859//859 1757//1757 1799//1799
f 1540//1540 1088//1088 1087//1087
f 1086//1086 2180//2180 2179//2179
f 2179//2179 218//218 1086//1086
f 747//747 1233//1233 2178//2178
f 2177//2177 490//490 1088//1088
f 1088//1088 1640//1640 1948//1948
f 1089//1089 1542//1542 2176//2176
f 1089//1089 2175//2175 602//602
f 602//602 2175//2175 1273//1273
f 218//218 2174//2174 1090//1090
f 1089//1089 2174//2174 1091//1091
f 1091//1091 1542//1542 1089//1089
f 490//490 1233//1233 2172//2172
f 490//490 2171//2171 1091//1091
f 1091//1091 2171//2171 1950//1950
f 15//15 1797//1797 1796//1796
f 1092//1092 1349//1349 2170//2170
f 2169//2169 740//740 855//855
f 855//855 1756//1756 1796//1796
f 1544//1544 1094//1094 1093//1093
f 1092//1092 2168//2168 2167//2167
f 2167//2167 214//214 1092//1092
f 743//743 1232//1232 2166//2166
f 2165//2165 486//486 1094//1094
f 1094//1094 1639//1639 1952//1952
f 1095//1095 1546//1546 2164//2164
f 1095//1095 2163//2163 598//598
f 598//598 2163//2163 1270//1270
f 214//214 2162//2162 1096//1096
f 1095//1095 2162//2162 1097//1097
f 1097//1097 1546//1546 1095//1095
f 486//486 1232//1232 2160//2160
f 486//486 2159//2159 1097//1097
f 1097//1097 2159//2159 1954//1954
f 13//13 1794//1794 1793//1793
f 1098//1098 1348//1348 2158//2158
f 2157//2157 736//736 851//851
f 851//851 1755//1755 1793//1793
f 1548//1548 1100//1100 1099//1099
f 1098//1098 2156//2156 2155//2155
f 2155//2155 210//210 1098//1098
f 739//739 1231//1231 2154//2154
f 2153//2153 482//482 1100//1100
f 1100//1100 1638//1638 1956//1956
f 1101//1101 1550//1550 2152//2152
f 1101//1101 2151//2151 594//594
f 594//594 2151//2151 1267//1267
f 210//210 2150//2150 1102//1102
f 1101//1101 2150//2150 1103//1103
f 1103//1103 1550//1550 1101//1101
f 482//482 1231//1231 2148//2148
f 482//482 2147//2147 1103//1103
f 1103//1103 2147//2147 1958//1958
f 10//10 1791//1791 1790//1790
f 1104//1104 1347//1347 2146//2146
f 2145//2145 732//732 847//847
f 847//847 1754//1754 1790//1790
f 1552//1552 1106//1106 1105//1105
f 1104//1104 2144//2144 2143//2143
f 2143//2143 206//206 1104//1104
f 735//735 1230//1230 2142//2142
f 2141//2141 478//478 1106//1106
f 1106//1106 1637//1637 1960//1960
f 1107//1107 1554//1554 2140//2140
f 1107//1107 2139//2139 590//590
f 590//590 2139//2139 1264//1264
f 206//206 2138//2138 1108//1108
f 1107//1107 2138//2138 1109//1109
f 1109//1109 1554//1554 1107//1107
f 478//478 1230//1230 2136//2136
f 478//478 2135//2135 1109//1109
f 1109//1109 2135//2135 1962//1962
f 9//9 1788//1788 1787//1787
f 1110//1110 1346//1346 2134//2134
f 2133//2133 728//728 843//843
f 843//843 1753//1753 1787//1787
f 1556//1556 1112//1112 1111//1111
f 1110//1110 2132//2132 2131//2131
f 2131//2131 202//202 1110//1110
f 731//731 1229//1229 2130//2130
f 2129//2129 474//474 1112//1112
f 1112//1112 1636//1636 1964//1964
f 2128//2128 1668//1668 587//587
f 2128//2128 1558//1558 1668//1668
f 1558//1558 333//333 1668//1668
f 2126//2126 2128//2128 587//587
f 2126//2126 2127//2127 2128//2128
f 2127//2127 1113//1113 2128//2128
f 1260//1260 1261//1261 154//154
f 1260//1260 2126//2126 1261//1261
f 2126//2126 587//587 1261//1261
f 2125//2125 1560//1560 1115//1115
f 2125//2125 1559//1559 1560//1560
f 1559//1559 202//202 1560//1560
f 2123//2123 2125//2125 1115//1115
f 2123//2123 2124//2124 2125//2125
f 2124//2124 1114//1114 2125//2125
f 1558//1558 1967//1967 333//333
f 1558//1558 2123//2123 1967//1967
f 2123//2123 1115//1115 1967//1967
f 2122//2122 1785//1785 841//841
f 2122//2122 1229//1229 1785//1785
f 1229//1229 16//16 1785//1785
f 2120//2120 2122//2122 841//841
f 2120//2120 2121//2121 2122//2122
f 2121//2121 474//474 2122//2122
f 1967//1967 1378//1378 333//333
f 1967//1967 2120//2120 1378//1378
f 2120//2120 841//841 1378//1378
f 331//331 1667//1667 1666//1666
f 1968//1968 332//332 331//331
f 199//199 1784//1784 1562//1562
f 1118//1118 1345//1345 2119//2119
f 2118//2118 724//724 839//839
f 839//839 1752//1752 1783//1783
f 1563//1563 1120//1120 1119//1119
f 1118//1118 2117//2117 2116//2116
f 2116//2116 197//197 1118//1118
f 727//727 1228//1228 2115//2115
f 2114//2114 470//470 1120//1120
f 1120//1120 1635//1635 1971//1971
f 2113//2113 1664//1664 583//583
f 2113//2113 1566//1566 1664//1664
f 1566//1566 329//329 1664//1664
f 2111//2111 2113//2113 583//583
f 2111//2111 2112//2112 2113//2113
f 2112//2112 1123//1123 2113//2113
f 1256//1256 1257//1257 142//142
f 1256//1256 2111//2111 1257//1257
f 2111//2111 583//583 1257//1257
f 2110//2110 1568//1568 1125//1125
f 2110//2110 1567//1567 1568//1568
f 1567//1567 197//197 1568//1568
f 2108//2108 2110//2110 1125//1125
f 2108//2108 2109//2109 2110//2110
f 2109//2109 1124//1124 2110//2110
f 1566//1566 1975//1975 329//329
f 1566//1566 2108//2108 1975//1975
f 2108//2108 1125//1125 1975//1975
f 2107//2107 1781//1781 837//837
f 2107//2107 1228//1228 1781//1781
f 1228//1228 12//12 1781//1781
f 2105//2105 2107//2107 837//837
f 2105//2105 2106//2106 2107//2107
f 2106//2106 470//470 2107//2107
f 1975//1975 1374//1374 329//329
f 1975//1975 2105//2105 1374//1374
f 2105//2105 837//837 1374//1374
f 327//327 1663//1663 1662//1662
f 1976//1976 328//328 327//327
f 194//194 1780//1780 1570//1570
f 1128//1128 1344//1344 2104//2104
f 2103//2103 720//720 835//835
f 835//835 1751//1751 1779//1779
f 1571//1571 1130//1130 1129//1129
f 1128//1128 2102//2102 2101//2101
f 2101//2101 191//191 1128//1128
f 723//723 1227//1227 2100//2100
f 2099//2099 466//466 1130//1130
f 1130//1130 1634//1634 1979//1979
f 1343//1343 1370//1370 2366//2366
f 1981//1981 1982//1982 2407//2407
f 1226//1226 1575//1575 2371//2371
f 1151//1151 1368//1368 2098//2098
f 2097//2097 804//804 665//665
f 665//665 1775//1775 1325//1325
f 1584//1584 1153//1153 1152//1152
f 1151//1151 2096//2096 2095//2095
f 2095//2095 294//294 1151//1151
f 805//805 1251//1251 2094//2094
f 2093//2093 550//550 1153//1153
f 1153//1153 1658//1658 1992//1992
f 1158//1158 1367//1367 2092//2092
f 2091//2091 800//800 661//661
f 661//661 1774//1774 1321//1321
f 1587//1587 1160//1160 1159//1159
f 1158//1158 2090//2090 2089//2089
f 2089//2089 289//289 1158//1158
f 802//802 1250//1250 2088//2088
f 2087//2087 546//546 1160//1160
f 1160//1160 1657//1657 1995//1995
f 1163//1163 1366//1366 2086//2086
f 2085//2085 796//796 657//657
f 657//657 1773//1773 1317//1317
f 1590//1590 1165//1165 1164//1164
f 1163//1163 2084//2084 2083//2083
f 2083//2083 284//284 1163//1163
f 798//798 1249//1249 2082//2082
f 2081//2081 542//542 1165//1165
f 1165//1165 1656//1656 1998//1998
f 1168//1168 1365//1365 2080//2080
f 2079//2079 792//792 653//653
f 653//653 1772//1772 1314//1314
f 1593//1593 1170//1170 1169//1169
f 1168//1168 2078//2078 2077//2077
f 2077//2077 280//280 1168//1168
f 794//794 1248//1248 2076//2076
f 2075//2075 538//538 1170//1170
f 1170//1170 1655//1655 2001//2001
f 1171//1171 1364//1364 2074//2074
f 2073//2073 788//788 649//649
f 649//649 1771//1771 1311//1311
f 1595//1595 1173//1173 1172//1172
f 1171//1171 2072//2072 2071//2071
f 2071//2071 276//276 1171//1171
f 790//790 1247//1247 2070//2070
f 2069//2069 534//534 1173//1173
f 1173//1173 1654//1654 2003//2003
f 1174//1174 1363//1363 2068//2068
f 2067//2067 784//784 645//645
f 645//645 1770//1770 1308//1308
f 1597//1597 1176//1176 1175//1175
f 1174//1174 2066//2066 2065//2065
f 2065//2065 272//272 1174//1174
f 786//786 1246//1246 2064//2064
f 2063//2063 530//530 1176//1176
f 1176//1176 1653//1653 2005//2005
f 1177//1177 1362//1362 2062//2062
f 2061//2061 780//780 641//641
f 641//641 1769//1769 1305//1305
f 1599//1599 1179//1179 1178//1178
f 1177//1177 2060//2060 2059//2059
f 2059//2059 268//268 1177//1177
f 782//782 1245//1245 2058//2058
f 2057//2057 526//526 1179//1179
f 1179//1179 1652//1652 2007//2007
f 1180//1180 1361//1361 2056//2056
f 2055//2055 776//776 637//637
f 637//637 1768//1768 1302//1302
f 1601//1601 1182//1182 1181//1181
f 1180//1180 2054//2054 2053//2053
f 2053//2053 264//264 1180//1180
f 778//778 1244//1244 2052//2052
f 2051//2051 522//522 1182//1182
f 1182//1182 1651//1651 2009//2009
f 1183//1183 1360//1360 2050//2050
f 2049//2049 772//772 633//633
f 633//633 1767//1767 1299//1299
f 1603//1603 1185//1185 1184//1184
f 1183//1183 2048//2048 2047//2047
f 2047//2047 260//260 1183//1183
f 774//774 1243//1243 2046//2046
f 2045//2045 518//518 1185//1185
f 1185//1185 1650//1650 2011//2011
f 1186//1186 1359//1359 2044//2044
f 2043//2043 768//768 629//629
f 629//629 1766//1766 1296//1296
f 1605//1605 1188//1188 1187//1187
f 1186//1186 2042//2042 2041//2041
f 2041//2041 254//254 1186//1186
f 770//770 1242//1242 2040//2040
f 2039//2039 514//514 1188//1188
f 1188//1188 1649//1649 2013//2013
f 2015//2015 49//49 255//255
f 255//255 2016//2016 2015//2015
f 1411//1411 254//254 373//373
f 2018//2018 47//47 251//251
f 251//251 2019//2019 2018//2018
f 1409//1409 250//250 371//371
f 2408//2408 1240//1240 45//45
f 2022//2022 2408//2408 247//247
f 2368//2368 1357//1357 246//246
f 2409//2409 1239//1239 43//43
f 2025//2025 2409//2409 243//243
f 2367//2367 1356//1356 242//242
f 2027//2027 41//41 239//239
f 239//239 2028//2028 2027//2027
f 1403//1403 238//238 365//365
f 2030//2030 38//38 235//235
f 235//235 2031//2031 2030//2030
f 1401//1401 234//234 363//363
f 2410//2410 1344//1344 191//191
f 1630//1630 2036//2036 2410//2410
f 2366//2366 1630//1630 325//325
f 2378//2378 2037//2037 1222//1222
f 2037//2037 1629//1629 2398//2398
f 2398//2398 1751//1751 720//720
f 1808//1808 758//758 871//871
f 1624//1624 1211//1211 1212//1212
f 1623//1623 504//504 1211//1211
f 1810//1810 760//760 873//873
f 1621//1621 1207//1207 1208//1208
f 1620//1620 506//506 1207//1207
f 2379//2379 1763//1763 762//762
f 1618//1618 1617//1617 2397//2397
f 2397//2397 1646//1646 508//508
f 2380//2380 1764//1764 764//764
f 1615//1615 1614//1614 2396//2396
f 2396//2396 1647//1647 510//510
f 1816//1816 766//766 879//879
f 1612//1612 1195//1195 1196//1196
f 1611//1611 512//512 1195//1195
f 1818//1818 768//768 881//881
f 1609//1609 1191//1191 1192//1192
f 1608//1608 514//514 1191//1191
f 258//258 2039//2039 1606//1606
f 2012//2012 1186//1186 375//375
f 375//375 2043//2043 1703//1703
f 262//262 2045//2045 1604//1604
f 2010//2010 1183//1183 379//379
f 379//379 2049//2049 1706//1706
f 266//266 2051//2051 1602//1602
f 2008//2008 1180//1180 383//383
f 383//383 2055//2055 1709//1709
f 270//270 2057//2057 1600//1600
f 2006//2006 1177//1177 387//387
f 387//387 2061//2061 1712//1712
f 274//274 2063//2063 1598//1598
f 2004//2004 1174//1174 391//391
f 391//391 2067//2067 1715//1715
f 278//278 2069//2069 1596//1596
f 2002//2002 1171//1171 395//395
f 395//395 2073//2073 1718//1718
f 282//282 2075//2075 1594//1594
f 2000//2000 1168//1168 399//399
f 399//399 2079//2079 1721//1721
f 287//287 2081//2081 1591//1591
f 1997//1997 1163//1163 403//403
f 403//403 2085//2085 1724//1724
f 292//292 2087//2087 1588//1588
f 1994//1994 1158//1158 407//407
f 407//407 2091//2091 1728//1728
f 297//297 2093//2093 1585//1585
f 1991//1991 1151//1151 411//411
f 411//411 2097//2097 1732//1732
f 1633//1633 1982//1982 2383//2383
f 1574//1574 1575//1575 2395//2395
f 1750//1750 1777//1777 2378//2378
f 196//196 2099//2099 1572//1572
f 1978//1978 1128//1128 327//327
f 327//327 2103//2103 1372//1372
f 1127//1127 1373//1373 1977//1977
f 1569//1569 1127//1127 1126//1126
f 581//581 1256//1256 1255//1255
f 1568//1568 2106//2106 1125//1125
f 1568//1568 1635//1635 2106//2106
f 1635//1635 470//470 2106//2106
f 1973//1973 2109//2109 1123//1123
f 1973//1973 1974//1974 2109//2109
f 1974//1974 1124//1124 2109//2109
f 1663//1663 2112//2112 582//582
f 1663//1663 1973//1973 2112//2112
f 1973//1973 1123//1123 2112//2112
f 201//201 2114//2114 1564//1564
f 1970//1970 1118//1118 331//331
f 331//331 2118//2118 1376//1376
f 1117//1117 1377//1377 1969//1969
f 1561//1561 1117//1117 1116//1116
f 585//585 1260//1260 1259//1259
f 1560//1560 2121//2121 1115//1115
f 1560//1560 1636//1636 2121//2121
f 1636//1636 474//474 2121//2121
f 1965//1965 2124//2124 1113//1113
f 1965//1965 1966//1966 2124//2124
f 1966//1966 1114//1114 2124//2124
f 1667//1667 2127//2127 586//586
f 1667//1667 1965//1965 2127//2127
f 1965//1965 1113//1113 2127//2127
f 205//205 2129//2129 1557//1557
f 1963//1963 1110//1110 335//335
f 335//335 2133//2133 1380//1380
f 843//843 1381//1381 1380//1380
f 206//206 1637//1637 1555//1555
f 1108//1108 1961//1961 336//336
f 336//336 1961//1961 1671//1671
f 209//209 2141//2141 1553//1553
f 1959//1959 1104//1104 339//339
f 339//339 2145//2145 1383//1383
f 847//847 1384//1384 1383//1383
f 210//210 1638//1638 1551//1551
f 1102//1102 1957//1957 340//340
f 340//340 1957//1957 1674//1674
f 213//213 2153//2153 1549//1549
f 1955//1955 1098//1098 343//343
f 343//343 2157//2157 1386//1386
f 851//851 1387//1387 1386//1386
f 214//214 1639//1639 1547//1547
f 1096//1096 1953//1953 344//344
f 344//344 1953//1953 1677//1677
f 217//217 2165//2165 1545//1545
f 1951//1951 1092//1092 347//347
f 347//347 2169//2169 1389//1389
f 855//855 1390//1390 1389//1389
f 218//218 1640//1640 1543//1543
f 1090//1090 1949//1949 348//348
f 348//348 1949//1949 1680//1680
f 221//221 2177//2177 1541//1541
f 1947//1947 1086//1086 351//351
f 351//351 2181//2181 1392//1392
f 859//859 1393//1393 1392//1392
f 222//222 1641//1641 1539//1539
f 1084//1084 1945//1945 352//352
f 352//352 1945//1945 1683//1683
f 225//225 2189//2189 1537//1537
f 1943//1943 1080//1080 355//355
f 355//355 2193//2193 1395//1395
f 863//863 1396//1396 1395//1395
f 226//226 1642//1642 1535//1535
f 1078//1078 1941//1941 356//356
f 356//356 1941//1941 1686//1686
f 230//230 2201//2201 1532//1532
f 1938//1938 1072//1072 359//359
f 359//359 2205//2205 1398//1398
f 1071//1071 1399//1399 1937//1937
f 1529//1529 1071//1071 1070//1070
f 613//613 1282//1282 1281//1281
f 231//231 1643//1643 1528//1528
f 1068//1068 1934//1934 360//360
f 360//360 1934//1934 1689//1689
f 1760//1760 1064//1064 756//756
f 1063//1063 1932//1932 1524//1524
f 1524//1524 871//871 1063//1063
f 1761//1761 1060//1060 758//758
f 1059//1059 1929//1929 1521//1521
f 1521//1521 873//873 1059//1059
f 1762//1762 1926//1926 2382//2382
f 2382//2382 1926//1926 1518//1518
f 1518//1518 1812//1812 2379//2379
f 1763//1763 1923//1923 2381//2381
f 2381//2381 1923//1923 1515//1515
f 1515//1515 1814//1814 2380//2380
f 1764//1764 1048//1048 764//764
f 1047//1047 1920//1920 1512//1512
f 1512//1512 879//879 1047//1047
f 1765//1765 1044//1044 766//766
f 1043//1043 1917//1917 1509//1509
f 1509//1509 881//881 1043//1043
f 1040//1040 1414//1414 1914//1914
f 1506//1506 1040//1040 1039//1039
f 883//883 1297//1297 1820//1820
f 260//260 1650//1650 1505//1505
f 1037//1037 1911//1911 376//376
f 376//376 1911//1911 1704//1704
f 633//633 1417//1417 1706//1706
f 264//264 1651//1651 1503//1503
f 1034//1034 1909//1909 380//380
f 380//380 1909//1909 1707//1707
f 637//637 1420//1420 1709//1709
f 268//268 1652//1652 1501//1501
f 1031//1031 1907//1907 384//384
f 384//384 1907//1907 1710//1710
f 641//641 1423//1423 1712//1712
f 272//272 1653//1653 1499//1499
f 1028//1028 1905//1905 388//388
f 388//388 1905//1905 1713//1713
f 645//645 1426//1426 1715//1715
f 276//276 1654//1654 1497//1497
f 1025//1025 1903//1903 392//392
f 392//392 1903//1903 1716//1716
f 649//649 1429//1429 1718//1718
f 280//280 1655//1655 1495//1495
f 1022//1022 1901//1901 396//396
f 396//396 1901//1901 1719//1719
f 653//653 1432//1432 1721//1721
f 284//284 1656//1656 1493//1493
f 1019//1019 1899//1899 400//400
f 400//400 1899//1899 1722//1722
f 1015//1015 1435//1435 1897//1897
f 1489//1489 1015//1015 1014//1014
f 911//911 1318//1318 1841//1841
f 1488//1488 2256//2256 1013//1013
f 1488//1488 1657//1657 2256//2256
f 1657//1657 546//546 2256//2256
f 1893//1893 2259//2259 1011//1011
f 1893//1893 1894//1894 2259//2259
f 1894//1894 1012//1012 2259//2259
f 1725//1725 2262//2262 658//658
f 1725//1725 1893//1893 2262//2262
f 1893//1893 1011//1011 2262//2262
f 1008//1008 1439//1439 1891//1891
f 1483//1483 1008//1008 1007//1007
f 915//915 1322//1322 1845//1845
f 1482//1482 2265//2265 1006//1006
f 1482//1482 1658//1658 2265//2265
f 1658//1658 550//550 2265//2265
f 1887//1887 2268//2268 1004//1004
f 1887//1887 1888//1888 2268//2268
f 1888//1888 1005//1005 2268//2268
f 1729//1729 2271//2271 662//662
f 1729//1729 1887//1887 2271//2271
f 1887//1887 1004//1004 2271//2271
f 1001//1001 1443//1443 1885//1885
f 1477//1477 1001//1001 1000//1000
f 919//919 1326//1326 1849//1849
f 1476//1476 2274//2274 999//999
f 1476//1476 1632//1632 2274//2274
f 1632//1632 460//460 2274//2274
f 1881//1881 2277//2277 997//997
f 1881//1881 1882//1882 2277//2277
f 1882//1882 998//998 2277//2277
f 1733//1733 2280//2280 666//666
f 1733//1733 1881//1881 2280//2280
f 1881//1881 997//997 2280//2280
f 1850//1850 2283//2283 920//920
f 1850//1850 1749//1749 2283//2283
f 1749//1749 714//714 2283//2283
f 665//665 1884//1884 1732//1732
f 1846//1846 2286//2286 916//916
f 1846//1846 1775//1775 2286//2286
f 1775//1775 804//804 2286//2286
f 661//661 1890//1890 1728//1728
f 1842//1842 2289//2289 912//912
f 1842//1842 1774//1774 2289//2289
f 1774//1774 800//800 2289//2289
f 657//657 1896//1896 1724//1724
f 48//48 1773//1773 1839//1839
f 907//907 1315//1315 1838//1838
f 46//46 1772//1772 1836//1836
f 903//903 1312//1312 1835//1835
f 44//44 1771//1771 1833//1833
f 899//899 1309//1309 1832//1832
f 42//42 1770//1770 1830//1830
f 895//895 1306//1306 1829//1829
f 40//40 1769//1769 1827//1827
f 891//891 1303//1303 1826//1826
f 39//39 1768//1768 1824//1824
f 887//887 1300//1300 1823//1823
f 37//37 1767//1767 1821//1821
f 629//629 1913//1913 1703//1703
f 1648//1648 627//627 512//512
f 1647//1647 625//625 510//510
f 1646//1646 1697//1697 2377//2377
f 1645//1645 1695//1695 2376//2376
f 1644//1644 619//619 504//504
f 1643//1643 617//617 502//502
f 22//22 1760//1760 1806//1806
f 867//867 1936//1936 1398//1398
f 136//136 2307//2307 1281//1281
f 20//20 1759//1759 1803//1803
f 609//609 1279//1279 1278//1278
f 139//139 2311//2311 1278//1278
f 19//19 1758//1758 1800//1800
f 605//605 1276//1276 1275//1275
f 147//147 2315//2315 1275//1275
f 17//17 1757//1757 1797//1797
f 601//601 1273//1273 1272//1272
f 140//140 2319//2319 1272//1272
f 15//15 1756//1756 1794//1794
f 597//597 1270//1270 1269//1269
f 145//145 2323//2323 1269//1269
f 13//13 1755//1755 1791//1791
f 593//593 1267//1267 1266//1266
f 153//153 2327//2327 1266//1266
f 10//10 1754//1754 1788//1788
f 589//589 1264//1264 1263//1263
f 151//151 2331//2331 1263//1263
f 1784//1784 2334//2334 840//840
f 1784//1784 1753//1753 2334//2334
f 1753//1753 728//728 2334//2334
f 839//839 1968//1968 1376//1376
f 154//154 2336//2336 1259//1259
f 1780//1780 2339//2339 836//836
f 1780//1780 1752//1752 2339//2339
f 1752//1752 724//724 2339//2339
f 835//835 1976//1976 1372//1372
f 142//142 2341//2341 1255//1255
f 1981//1981 1660//1660 2375//2375
f 150//150 2343//2343 1849//1849
f 141//141 2345//2345 1845//1845
f 149//149 2347//2347 1841//1841
f 144//144 2349//2349 1838//1838
f 146//146 2351//2351 1835//1835
f 152//152 2353//2353 1832//1832
f 137//137 2355//2355 1829//1829
f 138//138 2357//2357 1826//1826
f 148//148 2359//2359 1823//1823
f 143//143 2361//2361 1820//1820
f 1701//1701 1192//1192 627//627
f 1699//1699 1196//1196 625//625
f 2377//2377 1615//1615 1200//1200
f 2376//2376 1618//1618 1204//1204
f 1693//1693 1208//1208 619//619
f 1691//1691 1212//1212 617//617
f 2375//2375 1634//1634 466//466
f 14//14 62//62 1225//1225
f 14//14 1225//1225 460//460
f 1749//1749 55//55 14//14
f 714//714 1749//1749 14//14
f 14//14 460//460 1632//1632
f 14//14 1632//1632 184//184
f 1342//1342 714//714 14//14
f 7//7 3//3 1750//1750
f 7//7 1750//1750 717//717
f 1226//1226 4//4 7//7
f 463//463 1226//1226 7//7
f 7//7 717//717 1343//1343
f 7//7 1343//1343 187//187
f 1633//1633 463//463 7//7
f 1659//1659 324//324 1224//1224
f 1634//1634 1660//1660 2399//2399
f 2399//2399 325//325 191//191
f 1661//1661 326//326 1220//1220
f 468//468 142//142 1257//1257
f 1665//1665 330//330 1218//1218
f 472//472 154//154 1261//1261
f 1786//1786 9//9 725//725
f 1789//1789 10//10 729//729
f 1792//1792 13//13 733//733
f 1795//1795 15//15 737//737
f 1798//1798 17//17 741//741
f 1801//1801 19//19 745//745
f 1687//1687 358//358 1216//1216
f 1690//1690 362//362 1214//1214
f 1692//1692 364//364 1210//1210
f 1694//1694 366//366 1206//1206
f 2400//2400 367//367 1618//1618
f 1696//1696 368//368 1202//1202
f 2401//2401 369//369 1615//1615
f 1698//1698 370//370 1198//1198
f 1700//1700 372//372 1194//1194
f 513//513 628//628 1702//1702
f 1702//1702 374//374 252//252
f 769//769 886//886 1822//1822
f 1822//1822 39//39 37//37
f 773//773 890//890 1825//1825
f 1825//1825 40//40 39//39
f 777//777 894//894 1828//1828
f 1828//1828 42//42 40//40
f 781//781 898//898 1831//1831
f 1831//1831 44//44 42//42
f 785//785 902//902 1834//1834
f 1834//1834 46//46 44//44
f 789//789 906//906 1837//1837
f 1837//1837 48//48 46//46
f 539//539 656//656 1723//1723
f 1723//1723 402//402 281//281
f 543//543 660//660 1727//1727
f 1727//1727 406//406 286//286
f 547//547 664//664 1731//1731
f 1731//1731 410//410 291//291
f 553//553 668//668 1735//1735
f 1735//1735 414//414 299//299
f 670//670 807//807 1329//1329
f 807//807 8//8 1329//1329
f 672//672 808//808 1330//1330
f 808//808 12//12 1330//1330
f 16//16 120//120 674//674
f 21//21 119//119 676//676
f 24//24 122//122 678//678
f 28//28 121//121 680//680
f 31//31 124//124 682//682
f 33//33 123//123 684//684
f 686//686 815//815 1331//1331
f 815//815 34//34 1331//1331
f 1739//1739 433//433 1148//1148
f 564//564 688//688 1740//1740
f 1740//1740 434//434 310//310
f 565//565 689//689 1741//1741
f 1741//1741 435//435 311//311
f 566//566 690//690 1742//1742
f 1742//1742 436//436 312//312
f 567//567 691//691 1743//1743
f 1743//1743 437//437 313//313
f 568//568 692//692 1744//1744
f 1744//1744 438//438 314//314
f 156//156 78//78 7//7
f 23//23 81//81 157//157
f 23//23 86//86 158//158
f 7//7 68//68 155//155
f 7//7 63//63 168//168
f 23//23 87//87 159//159
f 167//167 73//73 11//11
f 27//27 80//80 160//160
f 27//27 82//82 161//161
f 166//166 74//74 11//11
f 165//165 75//75 11//11
f 27//27 71//71 162//162
f 164//164 69//69 11//11
f 27//27 72//72 163//163
f 169//169 113//113 14//14
f 1//1 114//114 170//170
f 1//1 106//106 171//171
f 14//14 101//101 182//182
f 14//14 99//99 181//181
f 1//1 108//108 172//172
f 180//180 103//103 18//18
f 2//2 110//110 173//173
f 2//2 115//115 174//174
f 179//179 93//93 18//18
f 178//178 94//94 18//18
f 2//2 90//90 175//175
f 177//177 95//95 18//18
f 2//2 91//91 176//176
f 461//461 81//81 23//23
f 23//23 55//55 715//715
f 185//185 461//461 23//23
f 14//14 113//113 459//459
f 14//14 459//459 183//183
f 713//713 62//62 14//14
f 464//464 114//114 1//1
f 1//1 4//4 718//718
f 188//188 464//464 1//1
f 7//7 78//78 462//462
f 7//7 462//462 186//186
f 716//716 3//3 7//7
f 578//578 465//465 1659//1659
f 465//465 189//189 1659//1659
f 1981//1981 325//325 2399//2399
f 580//580 467//467 1661//1661
f 467//467 193//193 1661//1661
f 584//584 471//471 1665//1665
f 471//471 198//198 1665//1665
f 842//842 729//729 1786//1786
f 729//729 10//10 1786//1786
f 1754//1754 732//732 844//844
f 846//846 733//733 1789//1789
f 733//733 13//13 1789//1789
f 1755//1755 736//736 848//848
f 850//850 737//737 1792//1792
f 737//737 15//15 1792//1792
f 1756//1756 740//740 852//852
f 854//854 741//741 1795//1795
f 741//741 17//17 1795//1795
f 1757//1757 744//744 856//856
f 858//858 745//745 1798//1798
f 745//745 19//19 1798//1798
f 1758//1758 748//748 860//860
f 862//862 749//749 1801//1801
f 749//749 20//20 1801//1801
f 1759//1759 752//752 864//864
f 612//612 499//499 1687//1687
f 499//499 227//227 1687//1687
f 1760//1760 756//756 868//868
f 616//616 503//503 1690//1690
f 503//503 232//232 1690//1690
f 231//231 363//363 1691//1691
f 618//618 505//505 1692//1692
f 505//505 236//236 1692//1692
f 234//234 365//365 1693//1693
f 620//620 507//507 1694//1694
f 507//507 240//240 1694//1694
f 1695//1695 1645//1645 2400//2400
f 1645//1645 238//238 2400//2400
f 622//622 509//509 1696//1696
f 509//509 244//244 1696//1696
f 1697//1697 1646//1646 2401//2401
f 1646//1646 242//242 2401//2401
f 624//624 511//511 1698//1698
f 511//511 248//248 1698//1698
f 246//246 371//371 1699//1699
f 626//626 513//513 1700//1700
f 513//513 252//252 1700//1700
f 250//250 373//373 1701//1701
f 1041//1041 374//374 1702//1702
f 1767//1767 772//772 884//884
f 773//773 39//39 1822//1822
f 1768//1768 776//776 888//888
f 777//777 40//40 1825//1825
f 1769//1769 780//780 892//892
f 781//781 42//42 1828//1828
f 1770//1770 784//784 896//896
f 785//785 44//44 1831//1831
f 1771//1771 788//788 900//900
f 789//789 46//46 1834//1834
f 1772//1772 792//792 904//904
f 793//793 48//48 1837//1837
f 1773//1773 796//796 908//908
f 1016//1016 402//402 1723//1723
f 545//545 149//149 1319//1319
f 1009//1009 406//406 1727//1727
f 549//549 141//141 1323//1323
f 1002//1002 410//410 1731//1731
f 552//552 150//150 1327//1327
f 995//995 414//414 1735//1735
f 923//923 993//993 1879//1879
f 925//925 991//991 1878//1878
f 939//939 989//989 1877//1877
f 687//687 817//817 1739//1739
f 817//817 309//309 1739//1739
f 985//985 434//434 1740//1740
f 983//983 435//435 1741//1741
f 981//981 436//436 1742//1742
f 979//979 437//437 1743//1743
f 977//977 438//438 1744//1744
f 693//693 975//975 1870//1870
f 694//694 822//822 1338//1338
f 822//822 49//49 1338//1338
f 51//51 128//128 696//696
f 52//52 127//127 698//698
f 54//54 130//130 700//700
f 56//56 129//129 702//702
f 57//57 132//132 704//704
f 58//58 131//131 706//706
f 707//707 973//973 1869//1869
f 708//708 829//829 1339//1339
f 829//829 59//59 1339//1339
f 709//709 971//971 1868//1868
f 710//710 830//830 1340//1340
f 830//830 60//60 1340//1340
f 711//711 969//969 1867//1867
f 966//966 577//577 1458//1458
f 577//577 323//323 1458//1458
f 712//712 967//967 1341//1341
f 967//967 296//296 1341//1341
f 967//967 968//968 1866//1866
f 968//968 831//831 1866//1866
f 831//831 61//61 1866//1866
f 965//965 712//712 1341//1341
f 1460//1460 169//169 970//970
f 970//970 966//966 1458//1458
f 964//964 576//576 1457//1457
f 576//576 322//322 1457//1457
f 963//963 710//710 1340//1340
f 1461//1461 182//182 972//972
f 972//972 964//964 1457//1457
f 962//962 575//575 1456//1456
f 575//575 321//321 1456//1456
f 961//961 708//708 1339//1339
f 1462//1462 181//181 974//974
f 974//974 962//962 1456//1456
f 320//320 452//452 960//960
f 705//705 960//960 452//452
f 319//319 450//450 958//958
f 703//703 958//958 450//450
f 318//318 448//448 956//956
f 701//701 956//956 448//448
f 317//317 446//446 954//954
f 699//699 954//954 446//446
f 316//316 444//444 952//952
f 697//697 952//952 444//444
f 315//315 442//442 950//950
f 695//695 950//950 442//442
f 948//948 568//568 1455//1455
f 568//568 314//314 1455//1455
f 947//947 694//694 1338//1338
f 1463//1463 180//180 976//976
f 976//976 948//948 1455//1455
f 821//821 47//47 1861//1861
f 977//977 179//179 1464//1464
f 567//567 313//313 1871//1871
f 820//820 45//45 1860//1860
f 979//979 178//178 1465//1465
f 566//566 312//312 1872//1872
f 819//819 43//43 1859//1859
f 981//981 177//177 1466//1466
f 565//565 311//311 1873//1873
f 818//818 41//41 1858//1858
f 983//983 176//176 1467//1467
f 564//564 310//310 1874//1874
f 817//817 38//38 1857//1857
f 985//985 175//175 1468//1468
f 563//563 309//309 1875//1875
f 941//941 987//987 1856//1856
f 987//987 174//174 1856//1856
f 987//987 988//988 1876//1876
f 988//988 563//563 1876//1876
f 563//563 90//90 1876//1876
f 685//685 686//686 1331//1331
f 1470//1470 173//173 990//990
f 990//990 940//940 1448//1448
f 816//816 308//308 431//431
f 937//937 938//938 430//430
f 815//815 307//307 429//429
f 935//935 936//936 428//428
f 814//814 306//306 427//427
f 933//933 934//934 426//426
f 813//813 305//305 425//425
f 931//931 932//932 424//424
f 812//812 304//304 423//423
f 929//929 930//930 422//422
f 811//811 303//303 421//421
f 927//927 928//928 420//420
f 810//810 302//302 419//419
f 671//671 672//672 1330//1330
f 1471//1471 172//172 992//992
f 992//992 926//926 1447//1447
f 809//809 301//301 417//417
f 669//669 670//670 1329//1329
f 1472//1472 171//171 994//994
f 994//994 924//924 1446//1446
f 808//808 300//300 415//415
f 718//718 4//4 1852//1852
f 995//995 170//170 1473//1473
f 464//464 188//188 1880//1880
f 1444//1444 921//921 806//806
f 806//806 298//298 1444//1444
f 715//715 55//55 1848//1848
f 1002//1002 157//157 1479//1479
f 461//461 185//185 1886//1886
f 1440//1440 917//917 803//803
f 803//803 293//293 1440//1440
f 801//801 53//53 1844//1844
f 1009//1009 158//158 1485//1485
f 547//547 291//291 1892//1892
f 1436//1436 913//913 799//799
f 799//799 288//288 1436//1436
f 797//797 50//50 1840//1840
f 1016//1016 159//159 1491//1491
f 543//543 286//286 1898//1898
f 795//795 283//283 401//401
f 1899//1899 1018//1018 654//654
f 1656//1656 542//542 1020//1020
f 1721//1721 1432//1432 400//400
f 1720//1720 652//652 539//539
f 539//539 281//281 1720//1720
f 791//791 279//279 397//397
f 1901//1901 1021//1021 650//650
f 1655//1655 538//538 1023//1023
f 1718//1718 1429//1429 396//396
f 1717//1717 648//648 535//535
f 535//535 277//277 1717//1717
f 787//787 275//275 393//393
f 1903//1903 1024//1024 646//646
f 1654//1654 534//534 1026//1026
f 1715//1715 1426//1426 392//392
f 1714//1714 644//644 531//531
f 531//531 273//273 1714//1714
f 783//783 271//271 389//389
f 1905//1905 1027//1027 642//642
f 1653//1653 530//530 1029//1029
f 1712//1712 1423//1423 388//388
f 1711//1711 640//640 527//527
f 527//527 269//269 1711//1711
f 779//779 267//267 385//385
f 1907//1907 1030//1030 638//638
f 1652//1652 526//526 1032//1032
f 1709//1709 1420//1420 384//384
f 1708//1708 636//636 523//523
f 523//523 265//265 1708//1708
f 775//775 263//263 381//381
f 1909//1909 1033//1033 634//634
f 1651//1651 522//522 1035//1035
f 1706//1706 1417//1417 380//380
f 1705//1705 632//632 519//519
f 519//519 261//261 1705//1705
f 771//771 259//259 377//377
f 1911//1911 1036//1036 630//630
f 1650//1650 518//518 1038//1038
f 769//769 37//37 1819//1819
f 1041//1041 160//160 1508//1508
f 515//515 257//257 1915//1915
f 253//253 35//35 1818//1818
f 32//32 253//253 1917//1917
f 880//880 1045//1045 1817//1817
f 1045//1045 253//253 1817//1817
f 1045//1045 1046//1046 1918//1918
f 1046//1046 767//767 1918//1918
f 767//767 35//35 1918//1918
f 249//249 32//32 1816//1816
f 30//30 249//249 1920//1920
f 878//878 1049//1049 1815//1815
f 1049//1049 249//249 1815//1815
f 1049//1049 1050//1050 1921//1921
f 1050//1050 765//765 1921//1921
f 765//765 32//32 1921//1921
f 1814//1814 1515//1515 2404//2404
f 1515//1515 245//245 2404//2404
f 1515//1515 1923//1923 2405//2405
f 1923//1923 1763//1763 2405//2405
f 1763//1763 29//29 2405//2405
f 876//876 1053//1053 1813//1813
f 1053//1053 245//245 1813//1813
f 1053//1053 1054//1054 1924//1924
f 1054//1054 763//763 1924//1924
f 763//763 30//30 1924//1924
f 1812//1812 1518//1518 2403//2403
f 1518//1518 241//241 2403//2403
f 1518//1518 1926//1926 2406//2406
f 1926//1926 1762//1762 2406//2406
f 1762//1762 26//26 2406//2406
f 874//874 1057//1057 1811//1811
f 1057//1057 241//241 1811//1811
f 1057//1057 1058//1058 1927//1927
f 1058//1058 761//761 1927//1927
f 761//761 29//29 1927//1927
f 237//237 26//26 1810//1810
f 25//25 237//237 1929//1929
f 872//872 1061//1061 1809//1809
f 1061//1061 237//237 1809//1809
f 1061//1061 1062//1062 1930//1930
f 1062//1062 759//759 1930//1930
f 759//759 26//26 1930//1930
f 233//233 25//25 1808//1808
f 22//22 233//233 1932//1932
f 870//870 1065//1065 1807//1807
f 1065//1065 233//233 1807//1807
f 1065//1065 1066//1066 1933//1933
f 1066//1066 757//757 1933//1933
f 757//757 25//25 1933//1933
f 1934//1934 1067//1067 614//614
f 1643//1643 502//502 1069//1069
f 866//866 1075//1075 1804//1804
f 1075//1075 228//228 1804//1804
f 1075//1075 1076//1076 1940//1940
f 1076//1076 753//753 1940//1940
f 753//753 22//22 1940//1940
f 1941//1941 1077//1077 610//610
f 1642//1642 498//498 1079//1079
f 1395//1395 1396//1396 356//356
f 608//608 495//495 1684//1684
f 495//495 223//223 1684//1684
f 1945//1945 1083//1083 606//606
f 1641//1641 494//494 1085//1085
f 1392//1392 1393//1393 352//352
f 604//604 491//491 1681//1681
f 491//491 219//219 1681//1681
f 1949//1949 1089//1089 602//602
f 1640//1640 490//490 1091//1091
f 1389//1389 1390//1390 348//348
f 600//600 487//487 1678//1678
f 487//487 215//215 1678//1678
f 1953//1953 1095//1095 598//598
f 1639//1639 486//486 1097//1097
f 1386//1386 1387//1387 344//344
f 596//596 483//483 1675//1675
f 483//483 211//211 1675//1675
f 1957//1957 1101//1101 594//594
f 1638//1638 482//482 1103//1103
f 1383//1383 1384//1384 340//340
f 592//592 479//479 1672//1672
f 479//479 207//207 1672//1672
f 1961//1961 1107//1107 590//590
f 1637//1637 478//478 1109//1109
f 1380//1380 1381//1381 336//336
f 588//588 475//475 1669//1669
f 475//475 203//203 1669//1669
f 838//838 1121//1121 1782//1782
f 1121//1121 199//199 1782//1782
f 1121//1121 1122//1122 1972//1972
f 1122//1122 725//725 1972//1972
f 725//725 9//9 1972//1972
f 834//834 1131//1131 1778//1778
f 1131//1131 194//194 1778//1778
f 1131//1131 1132//1132 1980//1980
f 1132//1132 721//721 1980//1980
f 721//721 6//6 1980//1980
f 1750//1750 3//3 2402//2402
f 1574//1574 192//192 2371//2371
f 1633//1633 187//187 2407//2407
f 832//832 1135//1135 1776//1776
f 1135//1135 190//190 1776//1776
f 1135//1135 1136//1136 1983//1983
f 1136//1136 719//719 1983//1983
f 719//719 5//5 1983//1983
f 713//713 183//183 457//457
f 831//831 323//323 455//455
f 830//830 322//322 453//453
f 829//829 321//321 451//451
f 828//828 320//320 449//449
f 827//827 319//319 447//447
f 826//826 318//318 445//445
f 825//825 317//317 443//443
f 824//824 316//316 441//441
f 823//823 315//315 439//439
f 822//822 1137//1137 1577//1577
f 1577//1577 255//255 49//49
f 1138//1138 255//255 1577//1577
f 1138//1138 946//946 1861//1861
f 1861//1861 47//47 255//255
f 821//821 1139//1139 1578//1578
f 1578//1578 251//251 47//47
f 1140//1140 251//251 1578//1578
f 1140//1140 945//945 1860//1860
f 1860//1860 45//45 251//251
f 820//820 1141//1141 1579//1579
f 1579//1579 247//247 45//45
f 1142//1142 247//247 1579//1579
f 1142//1142 944//944 1859//1859
f 1859//1859 43//43 247//247
f 819//819 1143//1143 1580//1580
f 1580//1580 243//243 43//43
f 1144//1144 243//243 1580//1580
f 1144//1144 943//943 1858//1858
f 1858//1858 41//41 243//243
f 818//818 1145//1145 1581//1581
f 1581//1581 239//239 41//41
f 1146//1146 239//239 1581//1581
f 1146//1146 942//942 1857//1857
f 1857//1857 38//38 239//239
f 1582//1582 308//308 816//816
f 1147//1147 1148//1148 1582//1582
f 1148//1148 433//433 1582//1582
f 1856//1856 115//115 562//562
f 940//940 561//561 1448//1448
f 561//561 307//307 1448//1448
f 306//306 430//430 938//938
f 305//305 428//428 936//936
f 304//304 426//426 934//934
f 303//303 424//424 932//932
f 302//302 422//422 930//930
f 301//301 420//420 928//928
f 926//926 554//554 1447//1447
f 554//554 300//300 1447//1447
f 924//924 553//553 1446//1446
f 553//553 299//299 1446//1446
f 807//807 1149//1149 1583//1583
f 1583//1583 192//192 8//8
f 1150//1150 192//192 1583//1583
f 1150//1150 922//922 1852//1852
f 1852//1852 4//4 192//192
f 297//297 298//298 1154//1154
f 801//801 1156//1156 1586//1586
f 1586//1586 295//295 53//53
f 1157//1157 295//295 1586//1586
f 1157//1157 918//918 1848//1848
f 1848//1848 55//55 295//295
f 292//292 293//293 803//803
f 797//797 1161//1161 1589//1589
f 1589//1589 290//290 50//50
f 1162//1162 290//290 1589//1589
f 1162//1162 914//914 1844//1844
f 1844//1844 53//53 290//290
f 287//287 288//288 799//799
f 793//793 1166//1166 1592//1592
f 1592//1592 285//285 48//48
f 1167//1167 285//285 1592//1592
f 1167//1167 910//910 1840//1840
f 1840//1840 50//50 285//285
f 282//282 283//283 795//795
f 535//535 652//652 1720//1720
f 1720//1720 398//398 277//277
f 278//278 279//279 791//791
f 531//531 648//648 1717//1717
f 1717//1717 394//394 273//273
f 274//274 275//275 787//787
f 527//527 644//644 1714//1714
f 1714//1714 390//390 269//269
f 270//270 271//271 783//783
f 523//523 640//640 1711//1711
f 1711//1711 386//386 265//265
f 266//266 267//267 779//779
f 519//519 636//636 1708//1708
f 1708//1708 382//382 261//261
f 262//262 263//263 775//775
f 515//515 632//632 1705//1705
f 1705//1705 378//378 257//257
f 258//258 259//259 771//771
f 767//767 1189//1189 1607//1607
f 1607//1607 256//256 35//35
f 1190//1190 256//256 1607//1607
f 1190//1190 882//882 1819//1819
f 1819//1819 37//37 256//256
f 373//373 254//254 1608//1608
f 1610//1610 248//248 511//511
f 1193//1193 1194//1194 1610//1610
f 1194//1194 372//372 1610//1610
f 1817//1817 32//32 765//765
f 371//371 250//250 1611//1611
f 1613//1613 244//244 509//509
f 1197//1197 1198//1198 1613//1613
f 1198//1198 370//370 1613//1613
f 1815//1815 30//30 763//763
f 2372//2372 246//246 1647//1647
f 1614//1614 1615//1615 2372//2372
f 1615//1615 369//369 2372//2372
f 2404//2404 30//30 1764//1764
f 1616//1616 240//240 507//507
f 1201//1201 1202//1202 1616//1616
f 1202//1202 368//368 1616//1616
f 1813//1813 29//29 761//761
f 2373//2373 242//242 1646//1646
f 1617//1617 1618//1618 2373//2373
f 1618//1618 367//367 2373//2373
f 2403//2403 29//29 1763//1763
f 1619//1619 236//236 505//505
f 1205//1205 1206//1206 1619//1619
f 1206//1206 366//366 1619//1619
f 1811//1811 26//26 759//759
f 365//365 238//238 1620//1620
f 1622//1622 232//232 503//503
f 1209//1209 1210//1210 1622//1622
f 1210//1210 364//364 1622//1622
f 1809//1809 25//25 757//757
f 363//363 234//234 1623//1623
f 1625//1625 227//227 499//499
f 1213//1213 1214//1214 1625//1625
f 1214//1214 362//362 1625//1625
f 1807//1807 22//22 753//753
f 754//754 229//229 361//361
f 754//754 755//755 230//230
f 1626//1626 223//223 495//495
f 1215//1215 1216//1216 1626//1626
f 1216//1216 358//358 1626//1626
f 1804//1804 20//20 749//749
f 750//750 224//224 357//357
f 750//750 751//751 225//225
f 491//491 608//608 1684//1684
f 1684//1684 354//354 219//219
f 746//746 220//220 353//353
f 746//746 747//747 221//221
f 487//487 604//604 1681//1681
f 1681//1681 350//350 215//215
f 742//742 216//216 349//349
f 742//742 743//743 217//217
f 483//483 600//600 1678//1678
f 1678//1678 346//346 211//211
f 738//738 212//212 345//345
f 738//738 739//739 213//213
f 479//479 596//596 1675//1675
f 1675//1675 342//342 207//207
f 734//734 208//208 341//341
f 734//734 735//735 209//209
f 475//475 592//592 1672//1672
f 1672//1672 338//338 203//203
f 730//730 204//204 337//337
f 730//730 731//731 205//205
f 471//471 588//588 1669//1669
f 1669//1669 334//334 198//198
f 1378//1378 841//841 726//726
f 726//726 200//200 1378//1378
f 726//726 727//727 201//201
f 1627//1627 193//193 467//467
f 1217//1217 1218//1218 1627//1627
f 1218//1218 330//330 1627//1627
f 1782//1782 6//6 721//721
f 1374//1374 837//837 722//722
f 722//722 195//195 1374//1374
f 722//722 723//723 196//196
f 1628//1628 189//189 465//465
f 1219//1219 1220//1220 1628//1628
f 1220//1220 326//326 1628//1628
f 1778//1778 5//5 719//719
f 1751//1751 1629//1629 2374//2374
f 2374//2374 190//190 5//5
f 2037//2037 190//190 2374//2374
f 2037//2037 1777//1777 2402//2402
f 2402//2402 3//3 190//190
f 1631//1631 186//186 462//462
f 1223//1223 1224//1224 1631//1631
f 1224//1224 324//324 1631//1631
f 1776//1776 3//3 716//716
f 186//186 324//324 1369//1369
f 1369//1369 832//832 716//716
f 1224//1224 1223//1223 2038//2038
f 78//78 156//156 2038//2038
f 2038//2038 1223//1223 462//462
f 1630//1630 1370//1370 2390//2390
f 2390//2390 833//833 1222//1222
f 2386//2386 2036//2036 1630//1630
f 1630//1630 1222//1222 2386//2386
f 1344//1344 2036//2036 2386//2386
f 2386//2386 1221//1221 720//720
f 189//189 326//326 1371//1371
f 1371//1371 834//834 719//719
f 1220//1220 1219//1219 2035//2035
f 77//77 155//155 2035//2035
f 2035//2035 1219//1219 465//465
f 117//117 8//8 723//723
f 1781//1781 12//12 117//117
f 117//117 722//722 1781//1781
f 193//193 330//330 1375//1375
f 1375//1375 838//838 721//721
f 1218//1218 1217//1217 2034//2034
f 68//68 168//168 2034//2034
f 2034//2034 1217//1217 467//467
f 118//118 12//12 727//727
f 1785//1785 16//16 118//118
f 118//118 726//726 1785//1785
f 63//63 64//64 1262//1262
f 1262//1262 588//588 471//471
f 120//120 16//16 731//731
f 120//120 730//730 845//845
f 64//64 65//65 1265//1265
f 1265//1265 592//592 475//475
f 119//119 21//21 735//735
f 119//119 734//734 849//849
f 65//65 67//67 1268//1268
f 1268//1268 596//596 479//479
f 122//122 24//24 739//739
f 122//122 738//738 853//853
f 67//67 66//66 1271//1271
f 1271//1271 600//600 483//483
f 121//121 28//28 743//743
f 121//121 742//742 857//857
f 66//66 76//76 1274//1274
f 1274//1274 604//604 487//487
f 124//124 31//31 747//747
f 124//124 746//746 861//861
f 76//76 73//73 1277//1277
f 1277//1277 608//608 491//491
f 123//123 33//33 751//751
f 123//123 750//750 865//865
f 223//223 358//358 1397//1397
f 1397//1397 866//866 749//749
f 1216//1216 1215//1215 2033//2033
f 73//73 167//167 2033//2033
f 2033//2033 1215//1215 495//495
f 125//125 34//34 755//755
f 125//125 754//754 869//869
f 227//227 362//362 1400//1400
f 1400//1400 870//870 753//753
f 1214//1214 1213//1213 2032//2032
f 74//74 166//166 2032//2032
f 2032//2032 1213//1213 499//499
f 871//871 758//758 1354//1354
f 1212//1212 1211//1211 2030//2030
f 1211//1211 504//504 1237//1237
f 232//232 364//364 1402//1402
f 1402//1402 872//872 757//757
f 1210//1210 1209//1209 2029//2029
f 75//75 165//165 2029//2029
f 2029//2029 1209//1209 503//503
f 873//873 760//760 1355//1355
f 1208//1208 1207//1207 2027//2027
f 1207//1207 506//506 1238//1238
f 236//236 366//366 1404//1404
f 1404//1404 874//874 759//759
f 1206//1206 1205//1205 2026//2026
f 69//69 164//164 2026//2026
f 2026//2026 1205//1205 505//505
f 1356//1356 1405//1405 2391//2391
f 2391//2391 875//875 762//762
f 2024//2024 2025//2025 2385//2385
f 2025//2025 1204//1204 2385//2385
f 1239//1239 2024//2024 2385//2385
f 2385//2385 1203//1203 508//508
f 240//240 368//368 1406//1406
f 1406//1406 876//876 761//761
f 1202//1202 1201//1201 2023//2023
f 70//70 163//163 2023//2023
f 2023//2023 1201//1201 507//507
f 1357//1357 1407//1407 2392//2392
f 2392//2392 877//877 764//764
f 2021//2021 2022//2022 2384//2384
f 2022//2022 1200//1200 2384//2384
f 1240//1240 2021//2021 2384//2384
f 2384//2384 1199//1199 510//510
f 244//244 370//370 1408//1408
f 1408//1408 878//878 763//763
f 1198//1198 1197//1197 2020//2020
f 72//72 162//162 2020//2020
f 2020//2020 1197//1197 509//509
f 879//879 766//766 1358//1358
f 1196//1196 1195//1195 2018//2018
f 1195//1195 512//512 1241//1241
f 248//248 372//372 1410//1410
f 1410//1410 880//880 765//765
f 1194//1194 1193//1193 2017//2017
f 71//71 161//161 2017//2017
f 2017//2017 1193//1193 511//511
f 881//881 768//768 1359//1359
f 1192//1192 1191//1191 2015//2015
f 1191//1191 514//514 1242//1242
f 1412//1412 882//882 1190//1190
f 2014//2014 252//252 374//374
f 374//374 1190//1190 2014//2014
f 2014//2014 1189//1189 767//767
f 770//770 771//771 126//126
f 1187//1187 1188//1188 2041//2041
f 1298//1298 632//632 515//515
f 774//774 775//775 128//128
f 1184//1184 1185//1185 2047//2047
f 1301//1301 636//636 519//519
f 778//778 779//779 127//127
f 1181//1181 1182//1182 2053//2053
f 1304//1304 640//640 523//523
f 782//782 783//783 130//130
f 1178//1178 1179//1179 2059//2059
f 1307//1307 644//644 527//527
f 786//786 787//787 129//129
f 1175//1175 1176//1176 2065//2065
f 1310//1310 648//648 531//531
f 790//790 791//791 132//132
f 1172//1172 1173//1173 2071//2071
f 1313//1313 652//652 535//535
f 794//794 795//795 131//131
f 1169//1169 1170//1170 2077//2077
f 1433//1433 910//910 1167//1167
f 1999//1999 281//281 402//402
f 402//402 1167//1167 1999//1999
f 1999//1999 1166//1166 793//793
f 798//798 799//799 133//133
f 1164//1164 1165//1165 2083//2083
f 1437//1437 914//914 1162//1162
f 1996//1996 286//286 406//406
f 406//406 1162//1162 1996//1996
f 1996//1996 1161//1161 797//797
f 802//802 803//803 134//134
f 1159//1159 1160//1160 2089//2089
f 1441//1441 918//918 1157//1157
f 1993//1993 291//291 410//410
f 410//410 1157//1157 1993//1993
f 1993//1993 1156//1156 801//801
f 551//551 552//552 298//298
f 1154//1154 806//806 135//135
f 1152//1152 1153//1153 2095//2095
f 1445//1445 922//922 1150//1150
f 1990//1990 299//299 414//414
f 414//414 1150//1150 1990//1990
f 1990//1990 1149//1149 807//807
f 553//553 924//924 1853//1853
f 554//554 926//926 1854//1854
f 561//561 940//940 1855//1855
f 308//308 433//433 1449//1449
f 1449//1449 941//941 562//562
f 1148//1148 1147//1147 1989//1989
f 36//36 235//235 1989//1989
f 1989//1989 1147//1147 816//816
f 1450//1450 942//942 1146//1146
f 1988//1988 310//310 434//434
f 434//434 1146//1146 1988//1988
f 1988//1988 1145//1145 818//818
f 1451//1451 943//943 1144//1144
f 1987//1987 311//311 435//435
f 435//435 1144//1144 1987//1987
f 1987//1987 1143//1143 819//819
f 1452//1452 944//944 1142//1142
f 1986//1986 312//312 436//436
f 436//436 1142//1142 1986//1986
f 1986//1986 1141//1141 820//820
f 1453//1453 945//945 1140//1140
f 1985//1985 313//313 437//437
f 437//437 1140//1140 1985//1985
f 1985//1985 1139//1139 821//821
f 1454//1454 946//946 1138//1138
f 1984//1984 314//314 438//438
f 438//438 1138//1138 1984//1984
f 1984//1984 1137//1137 822//822
f 51//51 823//823 947//947
f 52//52 824//824 949//949
f 54//54 825//825 951//951
f 56//56 826//826 953//953
f 57//57 827//827 955//955
f 58//58 828//828 957//957
f 59//59 829//829 959//959
f 60//60 830//830 961//961
f 61//61 831//831 963//963
f 62//62 713//713 965//965
f 719//719 1136//1136 1576//1576
f 1135//1135 324//324 1576//1576
f 324//324 189//189 1576//1576
f 1135//1135 832//832 1369//1369
f 2395//2395 1575//1575 1226//1226
f 1226//1226 463//463 2395//2395
f 1982//1982 1981//1981 2383//2383
f 1981//1981 1133//1133 2383//2383
f 2390//2390 1370//1370 1343//1343
f 1343//1343 717//717 2390//2390
f 721//721 1132//1132 1573//1573
f 1131//1131 326//326 1573//1573
f 326//326 193//193 1573//1573
f 1131//1131 834//834 1371//1371
f 1129//1129 1130//1130 2101//2101
f 1570//1570 1780//1780 836//836
f 1126//1126 1127//1127 1977//1977
f 1662//1662 1663//1663 582//582
f 725//725 1122//1122 1565//1565
f 1121//1121 330//330 1565//1565
f 330//330 198//198 1565//1565
f 1121//1121 838//838 1375//1375
f 1119//1119 1120//1120 2116//2116
f 1562//1562 1784//1784 840//840
f 1116//1116 1117//1117 1969//1969
f 1666//1666 1667//1667 586//586
f 475//475 588//588 1262//1262
f 1111//1111 1112//1112 2131//2131
f 1787//1787 1788//1788 844//844
f 2135//2135 845//845 337//337
f 1230//1230 21//21 845//845
f 2139//2139 591//591 151//151
f 1554//1554 337//337 591//591
f 479//479 592//592 1265//1265
f 1105//1105 1106//1106 2143//2143
f 1790//1790 1791//1791 848//848
f 2147//2147 849//849 341//341
f 1231//1231 24//24 849//849
f 2151//2151 595//595 153//153
f 1550//1550 341//341 595//595
f 483//483 596//596 1268//1268
f 1099//1099 1100//1100 2155//2155
f 1793//1793 1794//1794 852//852
f 2159//2159 853//853 345//345
f 1232//1232 28//28 853//853
f 2163//2163 599//599 145//145
f 1546//1546 345//345 599//599
f 487//487 600//600 1271//1271
f 1093//1093 1094//1094 2167//2167
f 1796//1796 1797//1797 856//856
f 2171//2171 857//857 349//349
f 1233//1233 31//31 857//857
f 2175//2175 603//603 140//140
f 1542//1542 349//349 603//603
f 491//491 604//604 1274//1274
f 1087//1087 1088//1088 2179//2179
f 1799//1799 1800//1800 860//860
f 2183//2183 861//861 353//353
f 1234//1234 33//33 861//861
f 2187//2187 607//607 147//147
f 1538//1538 353//353 607//607
f 495//495 608//608 1277//1277
f 1081//1081 1082//1082 2191//2191
f 1802//1802 1803//1803 864//864
f 2195//2195 865//865 357//357
f 1235//1235 34//34 865//865
f 2199//2199 611//611 139//139
f 1534//1534 357//357 611//611
f 753//753 1076//1076 1533//1533
f 1075//1075 358//358 1533//1533
f 358//358 227//227 1533//1533
f 1075//1075 866//866 1397//1397
f 1073//1073 1074//1074 2203//2203
f 1530//1530 1806//1806 868//868
f 1070//1070 1071//1071 1937//1937
f 1688//1688 1689//1689 614//614
f 2207//2207 869//869 361//361
f 1236//1236 36//36 869//869
f 2211//2211 615//615 136//136
f 1527//1527 361//361 615//615
f 757//757 1066//1066 1526//1526
f 1065//1065 362//362 1526//1526
f 362//362 232//232 1526//1526
f 1065//1065 870//870 1400//1400
f 756//756 1064//1064 1525//1525
f 1931//1931 1525//1525 1064//1064
f 1063//1063 871//871 1401//1401
f 759//759 1062//1062 1523//1523
f 1061//1061 364//364 1523//1523
f 364//364 236//236 1523//1523
f 1061//1061 872//872 1402//1402
f 758//758 1060//1060 1522//1522
f 1928//1928 1522//1522 1060//1060
f 1059//1059 873//873 1403//1403
f 761//761 1058//1058 1520//1520
f 1057//1057 366//366 1520//1520
f 366//366 240//240 1520//1520
f 1057//1057 874//874 1404//1404
f 1519//1519 1355//1355 2394//2394
f 1355//1355 760//760 2394//2394
f 1055//1055 1925//1925 2394//2394
f 1925//1925 1519//1519 2394//2394
f 1405//1405 1925//1925 2391//2391
f 1925//1925 1055//1055 2391//2391
f 763//763 1054//1054 1517//1517
f 1053//1053 368//368 1517//1517
f 368//368 244//244 1517//1517
f 1053//1053 876//876 1406//1406
f 1516//1516 1356//1356 2393//2393
f 1356//1356 762//762 2393//2393
f 1051//1051 1922//1922 2393//2393
f 1922//1922 1516//1516 2393//2393
f 1407//1407 1922//1922 2392//2392
f 1922//1922 1051//1051 2392//2392
f 765//765 1050//1050 1514//1514
f 1049//1049 370//370 1514//1514
f 370//370 248//248 1514//1514
f 1049//1049 878//878 1408//1408
f 764//764 1048//1048 1513//1513
f 1919//1919 1513//1513 1048//1048
f 1047//1047 879//879 1409//1409
f 767//767 1046//1046 1511//1511
f 1045//1045 372//372 1511//1511
f 372//372 252//252 1511//1511
f 1045//1045 880//880 1410//1410
f 766//766 1044//1044 1510//1510
f 1916//1916 1510//1510 1044//1044
f 1043//1043 881//881 1411//1411
f 1508//1508 160//160 80//80
f 80//80 515//515 1508//1508
f 257//257 374//374 1915//1915
f 374//374 1041//1041 1915//1915
f 1412//1412 374//374 257//257
f 257//257 769//769 1412//1412
f 1507//1507 1821//1821 884//884
f 1039//1039 1040//1040 1914//1914
f 1413//1413 1704//1704 630//630
f 2213//2213 885//885 377//377
f 1243//1243 51//51 885//885
f 2217//2217 631//631 143//143
f 1504//1504 377//377 631//631
f 126//126 771//771 885//885
f 1298//1298 80//80 79//79
f 79//79 519//519 1298//1298
f 1299//1299 1824//1824 888//888
f 2219//2219 889//889 381//381
f 1244//1244 52//52 889//889
f 2223//2223 635//635 148//148
f 1502//1502 381//381 635//635
f 128//128 775//775 889//889
f 1301//1301 79//79 89//89
f 89//89 523//523 1301//1301
f 1302//1302 1827//1827 892//892
f 2225//2225 893//893 385//385
f 1245//1245 54//54 893//893
f 2229//2229 639//639 138//138
f 1500//1500 385//385 639//639
f 127//127 779//779 893//893
f 1304//1304 89//89 88//88
f 88//88 527//527 1304//1304
f 1305//1305 1830//1830 896//896
f 2231//2231 897//897 389//389
f 1246//1246 56//56 897//897
f 2235//2235 643//643 137//137
f 1498//1498 389//389 643//643
f 130//130 783//783 897//897
f 1307//1307 88//88 83//83
f 83//83 531//531 1307//1307
f 1308//1308 1833//1833 900//900
f 2237//2237 901//901 393//393
f 1247//1247 57//57 901//901
f 2241//2241 647//647 152//152
f 1496//1496 393//393 647//647
f 129//129 787//787 901//901
f 1310//1310 83//83 85//85
f 85//85 535//535 1310//1310
f 1311//1311 1836//1836 904//904
f 2243//2243 905//905 397//397
f 1248//1248 58//58 905//905
f 2247//2247 651//651 146//146
f 1494//1494 397//397 651//651
f 132//132 791//791 905//905
f 1313//1313 85//85 84//84
f 84//84 539//539 1313//1313
f 1314//1314 1839//1839 908//908
f 2249//2249 909//909 401//401
f 1249//1249 59//59 909//909
f 2253//2253 655//655 144//144
f 1492//1492 401//401 655//655
f 131//131 795//795 909//909
f 1491//1491 159//159 87//87
f 87//87 543//543 1491//1491
f 286//286 402//402 1898//1898
f 402//402 1016//1016 1898//1898
f 1433//1433 402//402 286//286
f 286//286 797//797 1433//1433
f 1490//1490 1842//1842 912//912
f 1014//1014 1015//1015 1897//1897
f 1434//1434 1725//1725 658//658
f 1843//1843 60//60 133//133
f 133//133 799//799 1843//1843
f 1485//1485 158//158 86//86
f 86//86 547//547 1485//1485
f 291//291 406//406 1892//1892
f 406//406 1009//1009 1892//1892
f 1437//1437 406//406 291//291
f 291//291 801//801 1437//1437
f 1484//1484 1846//1846 916//916
f 1007//1007 1008//1008 1891//1891
f 1438//1438 1729//1729 662//662
f 1847//1847 61//61 134//134
f 134//134 803//803 1847//1847
f 1479//1479 157//157 81//81
f 81//81 461//461 1479//1479
f 185//185 410//410 1886//1886
f 410//410 1002//1002 1886//1886
f 1441//1441 410//410 185//185
f 185//185 715//715 1441//1441
f 1478//1478 1850//1850 920//920
f 1000//1000 1001//1001 1885//1885
f 1442//1442 1733//1733 666//666
f 1851//1851 62//62 135//135
f 135//135 806//806 1851//1851
f 1473//1473 170//170 114//114
f 114//114 464//464 1473//1473
f 188//188 414//414 1880//1880
f 414//414 995//995 1880//1880
f 1445//1445 414//414 188//188
f 188//188 718//718 1445//1445
f 12//12 808//808 669//669
f 994//994 171//171 1853//1853
f 171//171 106//106 1853//1853
f 416//416 415//415 1879//1879
f 1879//1879 993//993 994//994
f 669//669 415//415 1736//1736
f 415//415 416//416 1736//1736
f 16//16 809//809 671//671
f 992//992 172//172 1854//1854
f 172//172 108//108 1854//1854
f 418//418 417//417 1878//1878
f 1878//1878 991//991 992//992
f 671//671 417//417 1737//1737
f 417//417 418//418 1737//1737
f 21//21 810//810 673//673
f 104//104 105//105 928//928
f 24//24 811//811 675//675
f 109//109 104//104 930//930
f 28//28 812//812 677//677
f 107//107 109//109 932//932
f 31//31 813//813 679//679
f 116//116 107//107 934//934
f 33//33 814//814 681//681
f 111//111 116//116 936//936
f 34//34 815//815 683//683
f 110//110 111//111 938//938
f 36//36 816//816 685//685
f 990//990 173//173 1855//1855
f 173//173 110//110 1855//1855
f 432//432 431//431 1877//1877
f 1877//1877 989//989 990//990
f 685//685 431//431 1738//1738
f 431//431 432//432 1738//1738
f 563//563 988//988 1469//1469
f 987//987 433//433 1469//1469
f 433//433 309//309 1469//1469
f 987//987 941//941 1449//1449
f 1468//1468 175//175 90//90
f 90//90 563//563 1468//1468
f 309//309 434//434 1875//1875
f 434//434 985//985 1875//1875
f 1450//1450 434//434 309//309
f 309//309 817//817 1450//1450
f 1467//1467 176//176 91//91
f 91//91 564//564 1467//1467
f 310//310 435//435 1874//1874
f 435//435 983//983 1874//1874
f 1451//1451 435//435 310//310
f 310//310 818//818 1451//1451
f 1466//1466 177//177 92//92
f 92//92 565//565 1466//1466
f 311//311 436//436 1873//1873
f 436//436 981//981 1873//1873
f 1452//1452 436//436 311//311
f 311//311 819//819 1452//1452
f 1465//1465 178//178 95//95
f 95//95 566//566 1465//1465
f 312//312 437//437 1872//1872
f 437//437 979//979 1872//1872
f 1453//1453 437//437 312//312
f 312//312 820//820 1453//1453
f 1464//1464 179//179 94//94
f 94//94 567//567 1464//1464
f 313//313 438//438 1871//1871
f 438//438 977//977 1871//1871
f 1454//1454 438//438 313//313
f 313//313 821//821 1454//1454
f 976//976 180//180 1862//1862
f 180//180 93//93 1862//1862
f 440//440 439//439 1870//1870
f 1870//1870 975//975 976//976
f 947//947 439//439 1745//1745
f 439//439 440//440 1745//1745
f 568//568 948//948 1862//1862
f 96//96 103//103 950//950
f 97//97 96//96 952//952
f 102//102 97//97 954//954
f 98//98 102//102 956//956
f 100//100 98//98 958//958
f 99//99 100//100 960//960
f 974//974 181//181 1863//1863
f 181//181 99//99 1863//1863
f 454//454 453//453 1869//1869
f 1869//1869 973//973 974//974
f 961//961 453//453 1746//1746
f 453//453 454//454 1746//1746
f 575//575 962//962 1863//1863
f 972//972 182//182 1864//1864
f 182//182 101//101 1864//1864
f 456//456 455//455 1868//1868
f 1868//1868 971//971 972//972
f 963//963 455//455 1747//1747
f 455//455 456//456 1747//1747
f 576//576 964//964 1864//1864
f 970//970 169//169 1865//1865
f 169//169 112//112 1865//1865
f 458//458 457//457 1867//1867
f 1867//1867 969//969 970//970
f 965//965 457//457 1748//1748
f 457//457 458//458 1748//1748
f 831//831 968//968 1459//1459
f 967//967 458//458 1459//1459
f 458//458 323//323 1459//1459
f 967//967 712//712 1748//1748
f 577//577 966//966 1865//1865
f 711//711 113//113 1460//1460
f 113//113 169//169 1460//1460
f 456//456 322//322 1747//1747
f 322//322 830//830 1747//1747
f 709//709 112//112 1461//1461
f 112//112 182//182 1461//1461
f 454//454 321//321 1746//1746
f 321//321 829//829 1746//1746
f 707//707 101//101 1462//1462
f 101//101 181//181 1462//1462
f 828//828 706//706 452//452
f 451//451 452//452 706//706
f 827//827 704//704 450//450
f 449//449 450//450 704//704
f 826//826 702//702 448//448
f 447//447 448//448 702//702
f 825//825 700//700 446//446
f 445//445 446//446 700//700
f 824//824 698//698 444//444
f 443//443 444//444 698//698
f 823//823 696//696 442//442
f 441//441 442//442 696//696
f 440//440 314//314 1745//1745
f 314//314 822//822 1745//1745
f 693//693 103//103 1463//1463
f 103//103 180//180 1463//1463
f 1337//1337 93//93 179//179
f 179//179 977//977 1337//1337
f 1336//1336 94//94 178//178
f 178//178 979//979 1336//1336
f 1335//1335 95//95 177//177
f 177//177 981//981 1335//1335
f 1334//1334 92//92 176//176
f 176//176 983//983 1334//1334
f 1333//1333 91//91 175//175
f 175//175 985//985 1333//1333
f 817//817 687//687 1332//1332
f 939//939 115//115 1470//1470
f 115//115 173//173 1470//1470
f 308//308 562//562 939//939
f 429//429 430//430 684//684
f 307//307 561//561 937//937
f 427//427 428//428 682//682
f 306//306 560//560 935//935
f 425//425 426//426 680//680
f 305//305 559//559 933//933
f 423//423 424//424 678//678
f 304//304 558//558 931//931
f 421//421 422//422 676//676
f 303//303 557//557 929//929
f 419//419 420//420 674//674
f 302//302 556//556 927//927
f 925//925 105//105 1471//1471
f 105//105 172//172 1471//1471
f 301//301 555//555 925//925
f 923//923 108//108 1472//1472
f 108//108 171//171 1472//1472
f 300//300 554//554 923//923
f 1328//1328 106//106 170//170
f 170//170 995//995 1328//1328
f 1734//1734 413//413 298//298
f 298//298 552//552 1734//1734
f 1325//1325 1477//1477 1000//1000
f 1324//1324 86//86 157//157
f 157//157 1002//1002 1324//1324
f 1730//1730 409//409 293//293
f 293//293 549//549 1730//1730
f 1321//1321 1483//1483 1007//1007
f 1320//1320 87//87 158//158
f 158//158 1009//1009 1320//1320
f 1726//1726 405//405 288//288
f 288//288 545//545 1726//1726
f 1317//1317 1489//1489 1014//1014
f 1316//1316 84//84 159//159
f 159//159 1016//1016 1316//1316
f 283//283 541//541 655//655
f 2291//2291 1019//1019 400//400
f 1366//1366 284//284 1019//1019
f 1431//1431 1722//1722 654//654
f 1430//1430 398//398 281//281
f 281//281 793//793 1430//1430
f 279//279 537//537 651//651
f 2293//2293 1022//1022 396//396
f 1365//1365 280//280 1022//1022
f 1428//1428 1719//1719 650//650
f 1427//1427 394//394 277//277
f 277//277 789//789 1427//1427
f 275//275 533//533 647//647
f 2295//2295 1025//1025 392//392
f 1364//1364 276//276 1025//1025
f 1425//1425 1716//1716 646//646
f 1424//1424 390//390 273//273
f 273//273 785//785 1424//1424
f 271//271 529//529 643//643
f 2297//2297 1028//1028 388//388
f 1363//1363 272//272 1028//1028
f 1422//1422 1713//1713 642//642
f 1421//1421 386//386 269//269
f 269//269 781//781 1421//1421
f 267//267 525//525 639//639
f 2299//2299 1031//1031 384//384
f 1362//1362 268//268 1031//1031
f 1419//1419 1710//1710 638//638
f 1418//1418 382//382 265//265
f 265//265 777//777 1418//1418
f 263//263 521//521 635//635
f 2301//2301 1034//1034 380//380
f 1361//1361 264//264 1034//1034
f 1416//1416 1707//1707 634//634
f 1415//1415 378//378 261//261
f 261//261 773//773 1415//1415
f 259//259 517//517 631//631
f 2303//2303 1037//1037 376//376
f 1360//1360 260//260 1037//1037
f 1296//1296 1506//1506 1039//1039
f 1295//1295 82//82 160//160
f 160//160 1041//1041 1295//1295
f 512//512 627//627 1294//1294
f 513//513 626//626 1293//1293
f 510//510 625//625 1292//1292
f 511//511 624//624 1291//1291
f 1290//1290 1239//1239 2389//2389
f 1239//1239 508//508 2389//2389
f 509//509 622//622 1289//1289
f 1288//1288 1238//1238 2388//2388
f 1238//1238 506//506 2388//2388
f 507//507 620//620 1287//1287
f 504//504 619//619 1286//1286
f 505//505 618//618 1285//1285
f 502//502 617//617 1284//1284
f 503//503 616//616 1283//1283
f 2305//2305 1068//1068 360//360
f 1353//1353 231//231 1068//1068
f 1805//1805 1529//1529 1070//1070
f 499//499 612//612 1280//1280
f 2309//2309 1078//1078 356//356
f 1352//1352 226//226 1078//1078
f 1685//1685 1686//1686 610//610
f 354//354 223//223 1394//1394
f 223//223 749//749 1394//1394
f 2313//2313 1084//1084 352//352
f 1351//1351 222//222 1084//1084
f 1682//1682 1683//1683 606//606
f 350//350 219//219 1391//1391
f 219//219 745//745 1391//1391
f 2317//2317 1090//1090 348//348
f 1350//1350 218//218 1090//1090
f 1679//1679 1680//1680 602//602
f 346//346 215//215 1388//1388
f 215//215 741//741 1388//1388
f 2321//2321 1096//1096 344//344
f 1349//1349 214//214 1096//1096
f 1676//1676 1677//1677 598//598
f 342//342 211//211 1385//1385
f 211//211 737//737 1385//1385
f 2325//2325 1102//1102 340//340
f 1348//1348 210//210 1102//1102
f 1673//1673 1674//1674 594//594
f 338//338 207//207 1382//1382
f 207//207 733//733 1382//1382
f 2329//2329 1108//1108 336//336
f 1347//1347 206//206 1108//1108
f 1670//1670 1671//1671 590//590
f 334//334 203//203 1379//1379
f 203//203 729//729 1379//1379
f 1783//1783 1561//1561 1116//1116
f 471//471 584//584 1258//1258
f 1779//1779 1569//1569 1126//1126
f 467//467 580//580 1254//1254
f 2387//2387 1253//1253 1574//1574
f 1574//1574 1133//1133 2387//2387
f 465//465 578//578 1252//1252
f 183//183 459//459 711//711
f 323//323 577//577 709//709
f 322//322 576//576 707//707
f 321//321 575//575 705//705
f 320//320 574//574 703//703
f 319//319 573//573 701//701
f 318//318 572//572 699//699
f 317//317 571//571 697//697
f 316//316 570//570 695//695
f 315//315 569//569 693//693
f 1337//1337 692//692 568//568
f 1336//1336 691//691 567//567
f 1335//1335 690//690 566//566
f 1334//1334 689//689 565//565
f 1333//1333 688//688 564//564
f 235//235 38//38 1332//1332
f 1332//1332 687//687 1148//1148
f 432//432 307//307 1738//1738
f 307//307 815//815 1738//1738
f 814//814 684//684 430//430
f 813//813 682//682 428//428
f 812//812 680//680 426//426
f 811//811 678//678 424//424
f 810//810 676//676 422//422
f 809//809 674//674 420//420
f 418//418 300//300 1737//1737
f 300//300 808//808 1737//1737
f 416//416 299//299 1736//1736
f 299//299 807//807 1736//1736
f 1328//1328 668//668 553//553
f 805//805 1155//1155 296//296
f 1324//1324 664//664 547//547
f 548//548 549//549 293//293
f 1320//1320 660//660 543//543
f 544//544 545//545 288//288
f 1316//1316 656//656 539//539
f 540//540 541//541 283//283
f 277//277 398//398 1430//1430
f 1430//1430 906//906 789//789
f 536//536 537//537 279//279
f 273//273 394//394 1427//1427
f 1427//1427 902//902 785//785
f 532//532 533//533 275//275
f 269//269 390//390 1424//1424
f 1424//1424 898//898 781//781
f 528//528 529//529 271//271
f 265//265 386//386 1421//1421
f 1421//1421 894//894 777//777
f 524//524 525//525 267//267
f 261//261 382//382 1418//1418
f 1418//1418 890//890 773//773
f 520//520 521//521 263//263
f 257//257 378//378 1415//1415
f 1415//1415 886//886 769//769
f 516//516 517//517 259//259
f 1295//1295 628//628 513//513
f 627//627 1192//1192 2016//2016
f 161//161 82//82 1293//1293
f 1293//1293 626//626 1194//1194
f 625//625 1196//1196 2019//2019
f 162//162 71//71 1291//1291
f 1291//1291 624//624 1198//1198
f 2022//2022 1290//1290 2389//2389
f 2389//2389 623//623 1200//1200
f 163//163 72//72 1289//1289
f 1289//1289 622//622 1202//1202
f 2025//2025 1288//1288 2388//2388
f 2388//2388 621//621 1204//1204
f 164//164 70//70 1287//1287
f 1287//1287 620//620 1206//1206
f 619//619 1208//1208 2028//2028
f 165//165 69//69 1285//1285
f 1285//1285 618//618 1210//1210
f 617//617 1212//1212 2031//2031
f 166//166 75//75 1283//1283
f 1283//1283 616//616 1214//1214
f 229//229 500//500 615//615
f 229//229 230//230 501//501
f 167//167 74//74 1280//1280
f 1280//1280 612//612 1216//1216
f 224//224 496//496 611//611
f 224//224 225//225 497//497
f 219//219 354//354 1394//1394
f 1394//1394 862//862 745//745
f 220//220 492//492 607//607
f 220//220 221//221 493//493
f 215//215 350//350 1391//1391
f 1391//1391 858//858 741//741
f 216//216 488//488 603//603
f 216//216 217//217 489//489
f 211//211 346//346 1388//1388
f 1388//1388 854//854 737//737
f 212//212 484//484 599//599
f 212//212 213//213 485//485
f 207//207 342//342 1385//1385
f 1385//1385 850//850 733//733
f 208//208 480//480 595//595
f 208//208 209//209 481//481
f 203//203 338//338 1382//1382
f 1382//1382 846//846 729//729
f 204//204 476//476 591//591
f 204//204 205//205 477//477
f 198//198 334//334 1379//1379
f 1379//1379 842//842 725//725
f 1668//1668 333//333 200//200
f 200//200 472//472 1668//1668
f 200//200 201//201 473//473
f 168//168 63//63 1258//1258
f 1258//1258 584//584 1218//1218
f 1664//1664 329//329 195//195
f 195//195 468//468 1664//1664
f 195//195 196//196 469//469
f 155//155 68//68 1254//1254
f 1254//1254 580//580 1220//1220
f 1227//1227 1253//1253 2387//2387
f 2387//2387 579//579 466//466
f 156//156 77//77 1252//1252
f 1252//1252 578//578 1224//1224
f 2363//2363 1253//1253 1227//1227
f 1284//1284 2031//2031 235//235
f 1286//1286 2028//2028 239//239
f 243//243 41//41 2364//2364
f 2364//2364 1288//1288 2025//2025
f 247//247 43//43 2365//2365
f 2365//2365 1290//1290 2022//2022
f 1292//1292 2019//2019 251//251
f 1294//1294 2016//2016 255//255
f 516//516 258//258 1605//1605
f 2361//2361 2362//2362 1187//1187
f 883//883 1187//1187 2012//2012
f 520//520 262//262 1603//1603
f 2359//2359 2360//2360 1184//1184
f 887//887 1184//1184 2010//2010
f 524//524 266//266 1601//1601
f 2357//2357 2358//2358 1181//1181
f 891//891 1181//1181 2008//2008
f 528//528 270//270 1599//1599
f 2355//2355 2356//2356 1178//1178
f 895//895 1178//1178 2006//2006
f 532//532 274//274 1597//1597
f 2353//2353 2354//2354 1175//1175
f 899//899 1175//1175 2004//2004
f 536//536 278//278 1595//1595
f 2351//2351 2352//2352 1172//1172
f 903//903 1172//1172 2002//2002
f 540//540 282//282 1593//1593
f 2349//2349 2350//2350 1169//1169
f 907//907 1169//1169 2000//2000
f 544//544 287//287 1590//1590
f 2347//2347 2348//2348 1164//1164
f 911//911 1164//1164 1997//1997
f 548//548 292//292 1587//1587
f 2345//2345 2346//2346 1159//1159
f 915//915 1159//1159 1994//1994
f 551//551 297//297 1584//1584
f 2343//2343 2344//2344 1152//1152
f 919//919 1152//1152 1991//1991
f 2363//2363 8//8 192//192
f 192//192 1574//1574 2363//2363
f 469//469 196//196 1571//1571
f 2341//2341 2342//2342 1129//1129
f 581//581 1129//1129 1978//1978
f 5//5 194//194 1569//1569
f 473//473 201//201 1563//1563
f 2336//2336 2337//2337 1119//1119
f 585//585 1119//1119 1970//1970
f 6//6 199//199 1561//1561
f 477//477 205//205 1556//1556
f 2331//2331 2332//2332 1111//1111
f 589//589 1111//1111 1963//1963
f 335//335 336//336 1671//1671
f 732//732 2330//2330 2329//2329
f 481//481 209//209 1552//1552
f 2327//2327 2328//2328 1105//1105
f 593//593 1105//1105 1959//1959
f 339//339 340//340 1674//1674
f 736//736 2326//2326 2325//2325
f 485//485 213//213 1548//1548
f 2323//2323 2324//2324 1099//1099
f 597//597 1099//1099 1955//1955
f 343//343 344//344 1677//1677
f 740//740 2322//2322 2321//2321
f 489//489 217//217 1544//1544
f 2319//2319 2320//2320 1093//1093
f 601//601 1093//1093 1951//1951
f 347//347 348//348 1680//1680
f 744//744 2318//2318 2317//2317
f 493//493 221//221 1540//1540
f 2315//2315 2316//2316 1087//1087
f 605//605 1087//1087 1947//1947
f 351//351 352//352 1683//1683
f 748//748 2314//2314 2313//2313
f 497//497 225//225 1536//1536
f 2311//2311 2312//2312 1081//1081
f 609//609 1081//1081 1943//1943
f 355//355 356//356 1686//1686
f 752//752 2310//2310 2309//2309
f 501//501 230//230 1531//1531
f 2307//2307 2308//2308 1073//1073
f 613//613 1073//1073 1938//1938
f 20//20 228//228 1529//1529
f 756//756 2306//2306 2305//2305
f 1238//1238 1288//1288 2364//2364
f 1239//1239 1290//1290 2365//2365
f 35//35 256//256 1506//1506
f 772//772 2304//2304 2303//2303
f 379//379 380//380 1707//1707
f 776//776 2302//2302 2301//2301
f 383//383 384//384 1710//1710
f 780//780 2300//2300 2299//2299
f 387//387 388//388 1713//1713
f 784//784 2298//2298 2297//2297
f 391//391 392//392 1716//1716
f 788//788 2296//2296 2295//2295
f 395//395 396//396 1719//1719
f 792//792 2294//2294 2293//2293
f 399//399 400//400 1722//1722
f 796//796 2292//2292 2291//2291
f 48//48 285//285 1489//1489
f 50//50 290//290 1483//1483
f 53//53 295//295 1477//1477
f 411//411 412//412 1733//1733
f 1884//1884 1885//1885 412//412
f 295//295 55//55 1850//1850
f 407//407 408//408 1729//1729
f 1890//1890 1891//1891 408//408
f 290//290 53//53 1846//1846
f 403//403 404//404 1725//1725
f 1896//1896 1897//1897 404//404
f 285//285 50//50 1842//1842
f 1018//1018 2254//2254 2253//2253
f 284//284 1493//1493 2252//2252
f 1018//1018 2251//2251 2252//2252
f 1020//1020 1900//1900 1492//1492
f 542//542 2250//2250 2249//2249
f 46//46 48//48 1839//1839
f 1021//1021 2248//2248 2247//2247
f 280//280 1495//1495 2246//2246
f 1021//1021 2245//2245 2246//2246
f 1023//1023 1902//1902 1494//1494
f 538//538 2244//2244 2243//2243
f 44//44 46//46 1836//1836
f 1024//1024 2242//2242 2241//2241
f 276//276 1497//1497 2240//2240
f 1024//1024 2239//2239 2240//2240
f 1026//1026 1904//1904 1496//1496
f 534//534 2238//2238 2237//2237
f 42//42 44//44 1833//1833
f 1027//1027 2236//2236 2235//2235
f 272//272 1499//1499 2234//2234
f 1027//1027 2233//2233 2234//2234
f 1029//1029 1906//1906 1498//1498
f 530//530 2232//2232 2231//2231
f 40//40 42//42 1830//1830
f 1030//1030 2230//2230 2229//2229
f 268//268 1501//1501 2228//2228
f 1030//1030 2227//2227 2228//2228
f 1032//1032 1908//1908 1500//1500
f 526//526 2226//2226 2225//2225
f 39//39 40//40 1827//1827
f 1033//1033 2224//2224 2223//2223
f 264//264 1503//1503 2222//2222
f 1033//1033 2221//2221 2222//2222
f 1035//1035 1910//1910 1502//1502
f 522//522 2220//2220 2219//2219
f 37//37 39//39 1824//1824
f 1036//1036 2218//2218 2217//2217
f 260//260 1505//1505 2216//2216
f 1036//1036 2215//2215 2216//2216
f 1038//1038 1912//1912 1504//1504
f 518//518 2214//2214 2213//2213
f 375//375 376//376 1704//1704
f 1913//1913 1914//1914 376//376
f 256//256 37//37 1821//1821
f 373//373 250//250 1510//1510
f 371//371 246//246 1513//1513
f 1922//1922 1407//1407 2368//2368
f 1922//1922 369//369 2369//2369
f 369//369 242//242 2369//2369
f 1356//1356 1516//1516 2369//2369
f 1925//1925 1405//1405 2367//2367
f 1925//1925 367//367 2370//2370
f 367//367 238//238 2370//2370
f 1355//1355 1519//1519 2370//2370
f 365//365 234//234 1522//1522
f 363//363 231//231 1525//1525
f 1067//1067 2212//2212 2211//2211
f 231//231 1528//1528 2210//2210
f 1067//1067 2209//2209 2210//2210
f 1069//1069 1935//1935 1527//1527
f 502//502 2208//2208 2207//2207
f 359//359 360//360 1689//1689
f 1936//1936 1937//1937 360//360
f 228//228 22//22 1806//1806
f 1072//1072 226//226 1352//1352
f 2205//2205 2206//2206 752//752
f 867//867 752//752 1759//1759
f 1531//1531 1532//1532 1074//1074
f 2203//2203 1939//1939 226//226
f 755//755 34//34 1235//1235
f 2201//2201 2202//2202 498//498
f 1074//1074 498//498 1642//1642
f 1077//1077 2200//2200 2199//2199
f 226//226 1535//1535 2198//2198
f 1077//1077 2197//2197 2198//2198
f 1079//1079 1942//1942 1534//1534
f 498//498 2196//2196 2195//2195
f 19//19 20//20 1803//1803
f 1080//1080 222//222 1351//1351
f 2193//2193 2194//2194 748//748
f 863//863 748//748 1758//1758
f 1536//1536 1537//1537 1082//1082
f 2191//2191 1944//1944 222//222
f 751//751 33//33 1234//1234
f 2189//2189 2190//2190 494//494
f 1082//1082 494//494 1641//1641
f 1083//1083 2188//2188 2187//2187
f 222//222 1539//1539 2186//2186
f 1083//1083 2185//2185 2186//2186
f 1085//1085 1946//1946 1538//1538
f 494//494 2184//2184 2183//2183
f 17//17 19//19 1800//1800
f 1086//1086 218//218 1350//1350
f 2181//2181 2182//2182 744//744
f 859//859 744//744 1757//1757
f 1540//1540 1541//1541 1088//1088
f 2179//2179 1948//1948 218//218
f 747//747 31//31 1233//1233
f 2177//2177 2178//2178 490//490
f 1088//1088 490//490 1640//1640
f 1089//1089 2176//2176 2175//2175
f 218//218 1543//1543 2174//2174
f 1089//1089 2173//2173 2174//2174
f 1091//1091 1950//1950 1542//1542
f 490//490 2172//2172 2171//2171
f 15//15 17//17 1797//1797
f 1092//1092 214//214 1349//1349
f 2169//2169 2170//2170 740//740
f 855//855 740//740 1756//1756
f 1544//1544 1545//1545 1094//1094
f 2167//2167 1952//1952 214//214
f 743//743 28//28 1232//1232
f 2165//2165 2166//2166 486//486
f 1094//1094 486//486 1639//1639
f 1095//1095 2164//2164 2163//2163
f 214//214 1547//1547 2162//2162
f 1095//1095 2161//2161 2162//2162
f 1097//1097 1954//1954 1546//1546
f 486//486 2160//2160 2159//2159
f 13//13 15//15 1794//1794
f 1098//1098 210//210 1348//1348
f 2157//2157 2158//2158 736//736
f 851//851 736//736 1755//1755
f 1548//1548 1549//1549 1100//1100
f 2155//2155 1956//1956 210//210
f 739//739 24//24 1231//1231
f 2153//2153 2154//2154 482//482
f 1100//1100 482//482 1638//1638
f 1101//1101 2152//2152 2151//2151
f 210//210 1551//1551 2150//2150
f 1101//1101 2149//2149 2150//2150
f 1103//1103 1958//1958 1550//1550
f 482//482 2148//2148 2147//2147
f 10//10 13//13 1791//1791
f 1104//1104 206//206 1347//1347
f 2145//2145 2146//2146 732//732
f 847//847 732//732 1754//1754
f 1552//1552 1553//1553 1106//1106
f 2143//2143 1960//1960 206//206
f 735//735 21//21 1230//1230
f 2141//2141 2142//2142 478//478
f 1106//1106 478//478 1637//1637
f 1107//1107 2140//2140 2139//2139
f 206//206 1555//1555 2138//2138
f 1107//1107 2137//2137 2138//2138
f 1109//1109 1962//1962 1554//1554
f 478//478 2136//2136 2135//2135
f 9//9 10//10 1788//1788
f 1110//1110 202//202 1346//1346
f 2133//2133 2134//2134 728//728
f 843//843 728//728 1753//1753
f 1556//1556 1557//1557 1112//1112
f 2131//2131 1964//1964 202//202
f 731//731 16//16 1229//1229
f 2129//2129 2130//2130 474//474
f 1112//1112 474//474 1636//1636
f 331//331 332//332 1667//1667
f 1968//1968 1969//1969 332//332
f 199//199 9//9 1784//1784
f 1118//1118 197//197 1345//1345
f 2118//2118 2119//2119 724//724
f 839//839 724//724 1752//1752
f 1563//1563 1564//1564 1120//1120
f 2116//2116 1971//1971 197//197
f 727//727 12//12 1228//1228
f 2114//2114 2115//2115 470//470
f 1120//1120 470//470 1635//1635
f 327//327 328//328 1663//1663
f 1976//1976 1977//1977 328//328
f 194//194 6//6 1780//1780
f 1128//1128 191//191 1344//1344
f 2103//2103 2104//2104 720//720
f 835//835 720//720 1751//1751
f 1571//1571 1572//1572 1130//1130
f 2101//2101 1979//1979 191//191
f 723//723 8//8 1227//1227
f 2099//2099 2100//2100 466//466
f 1130//1130 466//466 1634//1634
f 2366//2366 325//325 187//187
f 187//187 1343//1343 2366//2366
f 187//187 325//325 2407//2407
f 325//325 1981//1981 2407//2407
f 2371//2371 192//192 4//4
f 4//4 1226//1226 2371//2371
f 1151//1151 294//294 1368//1368
f 2097//2097 2098//2098 804//804
f 665//665 804//804 1775//1775
f 1584//1584 1585//1585 1153//1153
f 2095//2095 1992//1992 294//294
f 805//805 61//61 1251//1251
f 2093//2093 2094//2094 550//550
f 1153//1153 550//550 1658//1658
f 1158//1158 289//289 1367//1367
f 2091//2091 2092//2092 800//800
f 661//661 800//800 1774//1774
f 1587//1587 1588//1588 1160//1160
f 2089//2089 1995//1995 289//289
f 802//802 60//60 1250//1250
f 2087//2087 2088//2088 546//546
f 1160//1160 546//546 1657//1657
f 1163//1163 284//284 1366//1366
f 2085//2085 2086//2086 796//796
f 657//657 796//796 1773//1773
f 1590//1590 1591//1591 1165//1165
f 2083//2083 1998//1998 284//284
f 798//798 59//59 1249//1249
f 2081//2081 2082//2082 542//542
f 1165//1165 542//542 1656//1656
f 1168//1168 280//280 1365//1365
f 2079//2079 2080//2080 792//792
f 653//653 792//792 1772//1772
f 1593//1593 1594//1594 1170//1170
f 2077//2077 2001//2001 280//280
f 794//794 58//58 1248//1248
f 2075//2075 2076//2076 538//538
f 1170//1170 538//538 1655//1655
f 1171//1171 276//276 1364//1364
f 2073//2073 2074//2074 788//788
f 649//649 788//788 1771//1771
f 1595//1595 1596//1596 1173//1173
f 2071//2071 2003//2003 276//276
f 790//790 57//57 1247//1247
f 2069//2069 2070//2070 534//534
f 1173//1173 534//534 1654//1654
f 1174//1174 272//272 1363//1363
f 2067//2067 2068//2068 784//784
f 645//645 784//784 1770//1770
f 1597//1597 1598//1598 1176//1176
f 2065//2065 2005//2005 272//272
f 786//786 56//56 1246//1246
f 2063//2063 2064//2064 530//530
f 1176//1176 530//530 1653//1653
f 1177//1177 268//268 1362//1362
f 2061//2061 2062//2062 780//780
f 641//641 780//780 1769//1769
f 1599//1599 1600//1600 1179//1179
f 2059//2059 2007//2007 268//268
f 782//782 54//54 1245//1245
f 2057//2057 2058//2058 526//526
f 1179//1179 526//526 1652//1652
f 1180//1180 264//264 1361//1361
f 2055//2055 2056//2056 776//776
f 637//637 776//776 1768//1768
f 1601//1601 1602//1602 1182//1182
f 2053//2053 2009//2009 264//264
f 778//778 52//52 1244//1244
f 2051//2051 2052//2052 522//522
f 1182//1182 522//522 1651//1651
f 1183//1183 260//260 1360//1360
f 2049//2049 2050//2050 772//772
f 633//633 772//772 1767//1767
f 1603//1603 1604//1604 1185//1185
f 2047//2047 2011//2011 260//260
f 774//774 51//51 1243//1243
f 2045//2045 2046//2046 518//518
f 1185//1185 518//518 1650//1650
f 1186//1186 254//254 1359//1359
f 2043//2043 2044//2044 768//768
f 629//629 768//768 1766//1766
f 1605//1605 1606//1606 1188//1188
f 2041//2041 2013//2013 254//254
f 770//770 49//49 1242//1242
f 2039//2039 2040//2040 514//514
f 1188//1188 514//514 1649//1649
f 2015//2015 1242//1242 49//49
f 1411//1411 1359//1359 254//254
f 2018//2018 1241//1241 47//47
f 1409//1409 1358//1358 250//250
f 45//45 247//247 2408//2408
f 2408//2408 2021//2021 1240//1240
f 2022//2022 2021//2021 2408//2408
f 246//246 369//369 2368//2368
f 2368//2368 1407//1407 1357//1357
f 43//43 243//243 2409//2409
f 2409//2409 2024//2024 1239//1239
f 2025//2025 2024//2024 2409//2409
f 242//242 367//367 2367//2367
f 2367//2367 1405//1405 1356//1356
f 2027//2027 1238//1238 41//41
f 1403//1403 1355//1355 238//238
f 2030//2030 1237//1237 38//38
f 1401//1401 1354//1354 234//234
f 2410//2410 2036//2036 1344//1344
f 2410//2410 191//191 325//325
f 325//325 1630//1630 2410//2410
f 2366//2366 1370//1370 1630//1630
f 1222//1222 833//833 2378//2378
f 2378//2378 1777//1777 2037//2037
f 2398//2398 1221//1221 1222//1222
f 1222//1222 2037//2037 2398//2398
f 720//720 1221//1221 2398//2398
f 2398//2398 1629//1629 1751//1751
f 1808//1808 1761//1761 758//758
f 1624//1624 1623//1623 1211//1211
f 1623//1623 1644//1644 504//504
f 1810//1810 1762//1762 760//760
f 1621//1621 1620//1620 1207//1207
f 1620//1620 1645//1645 506//506
f 762//762 875//875 2379//2379
f 2379//2379 1812//1812 1763//1763
f 1203//1203 1204//1204 2397//2397
f 1204//1204 1618//1618 2397//2397
f 508//508 1203//1203 2397//2397
f 2397//2397 1617//1617 1646//1646
f 764//764 877//877 2380//2380
f 2380//2380 1814//1814 1764//1764
f 1199//1199 1200//1200 2396//2396
f 1200//1200 1615//1615 2396//2396
f 510//510 1199//1199 2396//2396
f 2396//2396 1614//1614 1647//1647
f 1816//1816 1765//1765 766//766
f 1612//1612 1611//1611 1195//1195
f 1611//1611 1648//1648 512//512
f 1818//1818 1766//1766 768//768
f 1609//1609 1608//1608 1191//1191
f 1608//1608 1649//1649 514//514
f 258//258 770//770 2039//2039
f 2012//2012 2042//2042 1186//1186
f 375//375 1186//1186 2043//2043
f 262//262 774//774 2045//2045
f 2010//2010 2048//2048 1183//1183
f 379//379 1183//1183 2049//2049
f 266//266 778//778 2051//2051
f 2008//2008 2054//2054 1180//1180
f 383//383 1180//1180 2055//2055
f 270//270 782//782 2057//2057
f 2006//2006 2060//2060 1177//1177
f 387//387 1177//1177 2061//2061
f 274//274 786//786 2063//2063
f 2004//2004 2066//2066 1174//1174
f 391//391 1174//1174 2067//2067
f 278//278 790//790 2069//2069
f 2002//2002 2072//2072 1171//1171
f 395//395 1171//1171 2073//2073
f 282//282 794//794 2075//2075
f 2000//2000 2078//2078 1168//1168
f 399//399 1168//1168 2079//2079
f 287//287 798//798 2081//2081
f 1997//1997 2084//2084 1163//1163
f 403//403 1163//1163 2085//2085
f 292//292 802//802 2087//2087
f 1994//1994 2090//2090 1158//1158
f 407//407 1158//1158 2091//2091
f 297//297 805//805 2093//2093
f 1991//1991 2096//2096 1151//1151
f 411//411 1151//1151 2097//2097
f 2383//2383 1134//1134 463//463
f 463//463 1633//1633 2383//2383
f 1134//1134 1133//1133 2395//2395
f 1133//1133 1574//1574 2395//2395
f 2378//2378 833//833 717//717
f 717//717 1750//1750 2378//2378
f 196//196 723//723 2099//2099
f 1978//1978 2102//2102 1128//1128
f 327//327 1128//1128 2103//2103
f 1127//1127 836//836 1373//1373
f 1569//1569 1570//1570 1127//1127
f 581//581 582//582 1256//1256
f 201//201 727//727 2114//2114
f 1970//1970 2117//2117 1118//1118
f 331//331 1118//1118 2118//2118
f 1117//1117 840//840 1377//1377
f 1561//1561 1562//1562 1117//1117
f 585//585 586//586 1260//1260
f 205//205 731//731 2129//2129
f 1963//1963 2132//2132 1110//1110
f 335//335 1110//1110 2133//2133
f 843//843 844//844 1381//1381
f 1108//1108 2137//2137 1961//1961
f 209//209 735//735 2141//2141
f 1959//1959 2144//2144 1104//1104
f 339//339 1104//1104 2145//2145
f 847//847 848//848 1384//1384
f 1102//1102 2149//2149 1957//1957
f 213//213 739//739 2153//2153
f 1955//1955 2156//2156 1098//1098
f 343//343 1098//1098 2157//2157
f 851//851 852//852 1387//1387
f 1096//1096 2161//2161 1953//1953
f 217//217 743//743 2165//2165
f 1951//1951 2168//2168 1092//1092
f 347//347 1092//1092 2169//2169
f 855//855 856//856 1390//1390
f 1090//1090 2173//2173 1949//1949
f 221//221 747//747 2177//2177
f 1947//1947 2180//2180 1086//1086
f 351//351 1086//1086 2181//2181
f 859//859 860//860 1393//1393
f 1084//1084 2185//2185 1945//1945
f 225//225 751//751 2189//2189
f 1943//1943 2192//2192 1080//1080
f 355//355 1080//1080 2193//2193
f 863//863 864//864 1396//1396
f 1078//1078 2197//2197 1941//1941
f 230//230 755//755 2201//2201
f 1938//1938 2204//2204 1072//1072
f 359//359 1072//1072 2205//2205
f 1071//1071 868//868 1399//1399
f 1529//1529 1530//1530 1071//1071
f 613//613 614//614 1282//1282
f 1068//1068 2209//2209 1934//1934
f 1760//1760 1932//1932 1064//1064
f 1063//1063 1064//1064 1932//1932
f 1524//1524 1808//1808 871//871
f 1761//1761 1929//1929 1060//1060
f 1059//1059 1060//1060 1929//1929
f 1521//1521 1810//1810 873//873
f 1056//1056 760//760 2382//2382
f 760//760 1762//1762 2382//2382
f 1518//1518 1055//1055 2382//2382
f 1055//1055 1056//1056 2382//2382
f 875//875 1055//1055 2379//2379
f 1055//1055 1518//1518 2379//2379
f 1052//1052 762//762 2381//2381
f 762//762 1763//1763 2381//2381
f 1515//1515 1051//1051 2381//2381
f 1051//1051 1052//1052 2381//2381
f 877//877 1051//1051 2380//2380
f 1051//1051 1515//1515 2380//2380
f 1764//1764 1920//1920 1048//1048
f 1047//1047 1048//1048 1920//1920
f 1512//1512 1816//1816 879//879
f 1765//1765 1917//1917 1044//1044
f 1043//1043 1044//1044 1917//1917
f 1509//1509 1818//1818 881//881
f 1040//1040 884//884 1414//1414
f 1506//1506 1507//1507 1040//1040
f 883//883 630//630 1297//1297
f 1037//1037 2215//2215 1911//1911
f 633//633 888//888 1417//1417
f 1034//1034 2221//2221 1909//1909
f 637//637 892//892 1420//1420
f 1031//1031 2227//2227 1907//1907
f 641//641 896//896 1423//1423
f 1028//1028 2233//2233 1905//1905
f 645//645 900//900 1426//1426
f 1025//1025 2239//2239 1903//1903
f 649//649 904//904 1429//1429
f 1022//1022 2245//2245 1901//1901
f 653//653 908//908 1432//1432
f 1019//1019 2251//2251 1899//1899
f 1015//1015 912//912 1435//1435
f 1489//1489 1490//1490 1015//1015
f 911//911 658//658 1318//1318
f 1008//1008 916//916 1439//1439
f 1483//1483 1484//1484 1008//1008
f 915//915 662//662 1322//1322
f 1001//1001 920//920 1443//1443
f 1477//1477 1478//1478 1001//1001
f 919//919 666//666 1326//1326
f 665//665 1000//1000 1884//1884
f 661//661 1007//1007 1890//1890
f 657//657 1014//1014 1896//1896
f 907//907 654//654 1315//1315
f 903//903 650//650 1312//1312
f 899//899 646//646 1309//1309
f 895//895 642//642 1306//1306
f 891//891 638//638 1303//1303
f 887//887 634//634 1300//1300
f 629//629 1039//1039 1913//1913
f 1648//1648 1701//1701 627//627
f 1647//1647 1699//1699 625//625
f 623//623 508//508 2377//2377
f 508//508 1646//1646 2377//2377
f 621//621 506//506 2376//2376
f 506//506 1645//1645 2376//2376
f 1644//1644 1693//1693 619//619
f 1643//1643 1691//1691 617//617
f 867//867 1070//1070 1936//1936
f 136//136 501//501 2307//2307
f 609//609 610//610 1279//1279
f 139//139 497//497 2311//2311
f 605//605 606//606 1276//1276
f 147//147 493//493 2315//2315
f 601//601 602//602 1273//1273
f 140//140 489//489 2319//2319
f 597//597 598//598 1270//1270
f 145//145 485//485 2323//2323
f 593//593 594//594 1267//1267
f 153//153 481//481 2327//2327
f 589//589 590//590 1264//1264
f 151//151 477//477 2331//2331
f 839//839 1116//1116 1968//1968
f 154//154 473//473 2336//2336
f 835//835 1126//1126 1976//1976
f 142//142 469//469 2341//2341
f 2375//2375 579//579 1133//1133
f 1133//1133 1981//1981 2375//2375
f 150//150 551//551 2343//2343
f 141//141 548//548 2345//2345
f 149//149 544//544 2347//2347
f 144//144 540//540 2349//2349
f 146//146 536//536 2351//2351
f 152//152 532//532 2353//2353
f 137//137 528//528 2355//2355
f 138//138 524//524 2357//2357
f 148//148 520//520 2359//2359
f 143//143 516//516 2361//2361
f 1701//1701 1609//1609 1192//1192
f 1699//1699 1612//1612 1196//1196
f 1200//1200 623//623 2377//2377
f 2377//2377 1697//1697 1615//1615
f 1204//1204 621//621 2376//2376
f 2376//2376 1695//1695 1618//1618
f 1693//1693 1621//1621 1208//1208
f 1691//1691 1624//1624 1212//1212
f 466//466 579//579 2375//2375
f 2375//2375 1660//1660 1634//1634
