# Blender 5.2.0 LTS
# www.blender.org
o Cave
v -1.500000 0.000000 1.500000
v -1.500000 2.700000 1.500000
v -0.750000 0.000000 0.750000
v -0.819045 0.250366 0.959045
v -1.500000 0.000000 -1.500000
v -0.815790 0.537896 1.011626
v -0.972859 0.245538 0.832578
v -0.837062 0.819278 1.082175
v -1.500000 2.700000 -1.500000
v -0.843821 0.975749 1.081506
v -0.843472 1.129010 1.060776
v -1.014867 0.537299 0.819037
v 1.500000 0.000000 1.500000
v -0.841231 1.282657 1.017958
v -0.832439 1.432427 0.946825
v -1.051189 0.821202 0.807795
v -0.824586 1.579549 0.853919
v 1.500000 2.700000 1.500000
v -0.822610 1.727587 0.742263
v -1.041405 0.972320 0.804820
v -0.807781 1.864597 0.596139
v 1.500000 0.000000 -1.500000
v -1.023996 1.121667 0.807363
v -0.778724 1.987564 0.416354
v -0.759006 2.114968 0.218424
v 1.500000 2.700000 -1.500000
v -0.998316 1.276079 0.821331
v -0.743407 2.241228 -0.000000
v -0.943563 1.430845 0.828955
v -0.790321 2.140937 -0.237111
v -0.821408 2.021096 -0.444482
v -0.854363 1.579837 0.825096
v -0.742048 1.727411 0.822343
v -0.807516 1.864405 -0.595946
v -0.598843 1.867307 0.811500
v -0.806899 1.717290 -0.729707
v -0.426818 2.000038 0.794602
v -0.238539 2.142921 0.792714
v 0.000000 2.297339 0.785579
v 0.271383 2.188565 0.847752
v 0.468531 2.049765 0.857908
v 0.613649 1.882142 0.831862
v 0.735939 1.722401 0.814697
v -0.750000 0.000000 -0.750000
v 0.750000 0.000000 0.750000
v -0.990000 0.825000 -1.500000
v -0.985038 0.967500 -1.500000
v -0.965565 1.110000 -1.500000
v -0.869670 1.395000 -1.500000
v -0.927911 1.252500 -1.500000
v -0.945959 0.550000 -1.500000
v -0.213050 2.107500 -1.500000
v 0.000000 2.250000 -1.500000
v 0.397427 1.965000 -1.500000
v 0.213050 2.107500 -1.500000
v -0.684238 1.680000 -1.500000
v -0.554126 1.822500 -1.500000
v -0.397427 1.965000 -1.500000
v -0.788968 1.537500 -1.500000
v -0.888564 0.275000 -1.500000
v -0.750000 0.000000 -1.500000
v 0.788968 1.537500 -1.500000
v 0.684238 1.680000 -1.500000
v 0.750000 0.000000 -1.500000
v 0.554126 1.822500 -1.500000
v 0.965565 1.110000 -1.500000
v 0.990000 0.825000 -1.500000
v 0.985038 0.967500 -1.500000
v 0.888564 0.275000 -1.500000
v 0.945959 0.550000 -1.500000
v 0.927911 1.252500 -1.500000
v 0.869670 1.395000 -1.500000
v 1.500000 1.965000 0.397427
v 1.500000 2.107500 0.213050
v 1.500000 2.250000 0.000000
v 1.500000 1.822500 -0.554126
v 1.500000 1.965000 -0.397427
v 1.500000 2.107500 -0.213050
v 1.500000 1.537500 -0.788968
v 1.500000 1.395000 -0.869670
v 1.500000 1.110000 -0.965565
v 1.500000 0.825000 -0.990000
v 1.500000 0.967500 -0.985038
v 1.500000 0.550000 -0.945959
v 1.500000 1.252500 -0.927911
v 1.500000 1.680000 -0.684238
v 1.500000 0.967500 0.985038
v 1.500000 0.825000 0.990000
v 1.500000 0.275000 0.888564
v 1.500000 1.252500 0.927911
v 1.500000 0.550000 0.945959
v 1.500000 1.110000 0.965565
v 1.500000 1.680000 0.684238
v 1.500000 1.537500 0.788968
v 1.500000 0.275000 -0.888564
v 1.500000 0.000000 -0.750000
v 1.500000 0.000000 0.750000
v 1.500000 1.822500 0.554126
v 1.500000 1.395000 0.869670
v 0.750000 0.000000 -0.750000
v -0.816250 1.641087 0.816250
v -0.733447 1.763846 0.733447
v -0.720378 1.741578 -0.720378
v -0.822811 1.638789 -0.756073
v -0.584708 1.886025 0.584708
v -0.582707 1.881870 -0.582708
v -0.405721 1.985452 0.405721
v -0.426013 2.035483 -0.426013
v -0.211952 2.104351 0.211952
v -0.232836 2.164238 -0.232836
v 0.000000 2.309221 0.000000
v 0.247216 2.205475 0.247216
v 0.246684 2.203948 -0.246684
v 0.447065 2.087386 0.447063
v 0.436285 2.060810 -0.436285
v 0.611760 1.942219 0.611759
v 0.601030 1.919931 -0.601030
v 0.734021 1.764824 0.734021
v 0.734118 1.764989 -0.734118
v 0.756736 1.644051 0.830750
v 0.838093 1.603689 -0.838093
v 0.918800 1.444638 -0.918800
v 0.971837 1.283120 -0.971837
v 1.003561 1.125746 -1.003561
v 1.021428 0.973917 -1.021428
v 1.021193 0.820905 -1.021193
v 0.961767 0.544086 -0.961767
v 0.902778 0.264280 -0.902778
v -0.917262 0.412500 -1.500000
v -0.819282 0.137500 -1.500000
v 0.819282 0.137500 -1.500000
v 0.917262 0.412500 -1.500000
v 0.967980 0.687500 -1.500000
v 0.619182 1.751250 -1.500000
v 0.475776 1.893750 -1.500000
v 0.305238 2.036250 -1.500000
v 0.106525 2.178750 -1.500000
v -0.106525 2.178750 -1.500000
v -0.305238 2.036250 -1.500000
v -0.475776 1.893750 -1.500000
v -0.619182 1.751250 -1.500000
v -0.967980 0.687500 -1.500000
v 1.500000 0.137500 -0.819282
v 1.500000 0.137500 0.819282
v 1.500000 0.412500 0.917262
v 1.500000 0.687500 0.967980
v 1.500000 1.751250 0.619182
v 1.500000 1.893750 0.475776
v 1.500000 2.036250 0.305238
v 1.500000 2.178750 0.106525
v 1.500000 2.178750 -0.106525
v 1.500000 2.036250 -0.305238
v 1.500000 1.893750 -0.475776
v 1.500000 1.751250 -0.619182
v 1.500000 0.687500 -0.967980
v 1.500000 0.412500 -0.917262
v 1.125000 0.000000 -0.750000
v 0.750000 0.000000 -1.125000
v 0.000000 0.000000 0.750000
v 1.125000 0.000000 0.750000
v -0.750000 0.000000 -1.125000
v -0.750000 0.000000 0.000000
v -0.978093 0.243708 -0.375000
v -0.913699 0.089926 0.855722
v -1.052612 0.530341 -0.375000
v -0.988997 0.397528 0.823277
v -1.119649 0.816951 -0.375000
v -1.032650 0.677143 0.815492
v -1.108983 0.978099 -0.375000
v -1.073305 1.131512 -0.375000
v -1.026734 1.285596 -0.375000
v -0.973262 1.445251 -0.375000
v -0.892647 1.604622 -0.375000
v -0.820718 1.613713 0.000000
v -0.691293 1.685786 -1.092119
v -0.662589 1.830517 0.662589
v -0.617995 1.886497 0.652063
v -0.670623 1.798218 0.819657
v -0.555589 1.823965 -1.027063
v -0.649360 1.806359 -0.649361
v -0.407933 1.977524 -0.948713
v -0.506580 1.961497 -0.506581
v -0.424754 1.997577 0.573713
v -0.511076 1.932567 0.802467
v -0.493995 1.933818 0.493995
v -0.234578 2.137417 -0.856525
v -0.329434 2.098862 -0.329434
v -0.222814 2.121068 0.481525
v -0.331870 2.070708 0.793548
v -0.306316 2.039040 0.306316
v 0.000000 2.316188 -0.750000
v -0.121531 2.223621 -0.121531
v 0.000000 2.288405 0.375000
v -0.128892 2.212190 0.790233
v -0.116098 2.207376 0.116098
v 0.133504 2.259423 -0.133504
v 0.265782 2.180781 -0.856525
v 0.278540 2.198510 0.481525
v 0.147260 2.239652 0.823273
v 0.133389 2.259079 0.133389
v 0.466666 2.047542 -0.948713
v 0.342460 2.132569 -0.342460
v 0.481472 2.065193 0.573713
v 0.372267 2.122977 0.859608
v 0.349384 2.150486 0.349383
v 0.637864 1.906407 -1.027063
v 0.519846 1.990671 -0.519846
v 0.646759 1.915320 0.652063
v 0.541594 1.966126 0.847826
v 0.530766 2.014685 0.530764
v 0.672332 1.799779 0.821972
v 0.676272 1.855503 0.676271
v 0.668784 1.841829 -0.668784
v 0.777383 1.756390 -1.092119
v 0.787263 1.683214 -0.787263
v 0.863014 1.585437 -1.144484
v 0.917544 1.418223 -1.184835
v 0.955440 1.261720 -1.213956
v 0.987052 1.114290 -1.232783
v 1.011573 0.969769 -1.242519
v 1.018321 0.823242 -1.245000
v 0.990098 0.680416 -0.990098
v 0.972389 0.545128 -1.222980
v 0.932593 0.406101 -0.932593
v 0.914334 0.265993 -1.194282
v 0.828292 0.128420 -0.828292
v -0.827158 0.795261 0.827158
v -0.000000 1.624488 0.853573
v -0.841655 0.096256 0.901136
v 0.375000 0.240299 0.987846
v -0.813624 0.399500 0.979548
v 0.375000 0.521211 1.102147
v -0.827720 0.675209 1.044725
v 0.375000 0.814255 1.163083
v 0.375000 0.982066 1.155375
v 0.375000 1.143235 1.132019
v 0.375000 1.304702 1.083782
v 0.375000 1.463435 1.010749
v 0.375000 1.620945 0.917860
v 1.092119 1.765532 0.788530
v -0.818754 1.797609 0.669955
v -0.652063 1.882502 0.614008
v 1.027063 1.915549 0.646988
v -0.794098 1.926376 0.505446
v -0.573713 1.999534 0.426395
v 0.948713 2.094428 0.505996
v -0.767095 2.049776 0.315692
v -0.481525 2.116982 0.219873
v 0.856525 2.231319 0.302149
v -0.750964 2.179552 0.107061
v -0.375000 2.243416 0.000000
v 0.750000 2.366078 0.000000
v -0.761861 2.188608 -0.113119
v -0.481525 2.143417 -0.238895
v 0.856525 2.176350 -0.262593
v -0.813095 2.086174 -0.343823
v -0.573713 2.031998 -0.453627
v 0.948713 2.040984 -0.461165
v -0.816874 1.943226 -0.520769
v -0.652063 1.873679 -0.605202
v 1.027063 1.906816 -0.638273
v -0.805710 1.788814 -0.660323
v 1.092119 1.767382 -0.790786
v 1.144484 1.612199 -0.904351
v 1.184835 1.444278 -0.971257
v 1.213956 1.275783 -0.997433
v 1.232783 1.119103 -1.011157
v 1.242519 0.970442 -1.019442
v 1.245000 0.823510 -1.014004
v 1.222980 0.548207 -0.955689
v 1.194282 0.268048 -0.908454
v -0.939145 0.077105 -1.125000
v -0.957743 0.067734 -0.000000
v -1.012627 0.392596 -0.375000
v -1.087907 0.668294 -0.375000
v -1.116483 0.900741 -0.375000
v -1.091572 1.054638 -0.375000
v -1.048947 1.208258 -0.375000
v -0.999307 1.364832 -0.375000
v -0.935691 1.526492 -0.375000
v -0.828729 1.607553 0.000000
v -0.776486 1.569157 -1.125000
v -0.722307 1.639073 -1.125000
v -0.694200 1.819746 0.717119
v -0.623052 1.754783 -1.092119
v -0.477613 1.895769 -1.027063
v -0.523462 1.946187 0.652063
v -0.320853 2.056453 -0.948713
v -0.326612 2.063905 0.573713
v -0.130494 2.214586 -0.856525
v -0.123516 2.204153 0.481525
v 0.148864 2.242051 -0.856525
v 0.156796 2.253910 0.481525
v 0.361732 2.109345 -0.948713
v 0.379317 2.132099 0.573713
v 0.554354 1.980157 -1.027063
v 0.567302 1.994396 0.652063
v 0.700164 1.825191 0.717119
v 0.712101 1.836091 -1.092119
v 0.818677 1.669070 -1.144484
v 0.886575 1.498676 -1.184835
v 0.933657 1.338000 -1.213956
v 0.968799 1.187080 -1.232783
v 0.999055 1.041996 -1.242519
v 1.015685 0.897231 -1.245000
v 0.994397 0.683269 -1.245000
v 0.943824 0.406956 -1.222980
v 0.848406 0.122825 -1.194282
v -0.847980 1.070261 0.853145
v -0.847980 0.275000 0.873763
v -0.965499 0.758750 0.838660
v -0.867519 1.279011 0.860656
v -0.927354 1.181250 0.845376
v -0.917618 1.252500 0.854166
v -0.809835 1.492761 0.860300
v 0.032881 1.635261 0.862027
v 0.000000 1.680000 0.860738
v 0.065056 1.751250 0.871136
v 0.000000 1.822500 0.866877
v 0.078350 1.893750 0.879287
v -0.092188 2.036250 0.838193
v 0.000000 2.107500 0.840191
v 0.000000 1.965000 0.863008
v 0.000000 0.077606 0.938150
v 1.125000 0.102050 0.889637
v 0.375000 0.385525 1.046509
v 0.375000 0.660410 1.137136
v 0.375000 0.902243 1.159639
v 0.375000 1.061816 1.144101
v 0.375000 1.224113 1.108951
v 0.375000 1.384258 1.046838
v 0.375000 1.542518 0.963988
v 1.125000 1.716326 0.827421
v 1.125000 1.648252 0.884107
v -0.000000 1.629463 0.858542
v -0.717119 1.819027 0.693412
v 1.092119 1.836844 0.712926
v -0.652063 1.940787 0.518551
v 1.027063 2.006935 0.578705
v -0.573713 2.063728 0.326476
v 0.948713 2.171122 0.409477
v -0.481525 2.176886 0.105278
v 0.856525 2.296769 0.185463
v -0.481525 2.190539 -0.114410
v 0.856525 2.258102 -0.159600
v -0.573713 2.097877 -0.352868
v 0.948713 2.112566 -0.364221
v -0.652063 1.956412 -0.532761
v 1.027063 1.974604 -0.549304
v -0.717119 1.803167 -0.676043
v 1.092119 1.843013 -0.719682
v 1.144484 1.690866 -0.848334
v 1.184835 1.528518 -0.939269
v 1.213956 1.358148 -0.982954
v 1.232783 1.195847 -1.001979
v 1.242519 1.044157 -1.014870
v 1.245000 0.897275 -1.016961
v 1.245000 0.685101 -0.982957
v 1.222980 0.410034 -0.929078
v 1.194282 0.124708 -0.844669
v -0.859743 1.492761 0.809835
v -0.880972 1.252500 0.917618
v -0.883478 1.181250 0.927354
v -0.868907 0.758750 0.965499
v -0.856326 0.275000 0.847980
v -0.875709 1.279011 0.867519
v -0.878687 1.070261 0.847980
v -0.821349 1.635261 0.032881
v -0.827056 1.680000 0.000000
v -0.818954 1.751250 0.065056
v -0.823832 1.822500 0.000000
v -0.809352 1.893750 0.078350
v -0.801039 2.036250 -0.092188
v -0.771858 2.107500 0.000000
v -0.805347 1.965000 0.000000
v 0.937500 0.000000 -0.750000
v 0.750000 0.000000 -0.937500
v 0.375000 0.000000 0.750000
v 1.312500 0.000000 0.750000
v -0.750000 0.000000 -1.312500
v -0.750000 0.000000 -0.375000
v -0.993445 0.238342 -0.937500
v -1.003947 0.539311 -0.937500
v -1.026425 0.822739 -0.937500
v -1.023863 0.970820 -0.937500
v -1.015110 1.119892 -0.937500
v -0.984149 1.271334 -0.937500
v -0.921130 1.419962 -0.937500
v -0.831954 1.565329 -0.937500
v -0.863274 1.627670 -0.375000
v -0.726558 1.714707 -0.888179
v -0.588849 1.857293 -0.790595
v -0.431494 2.005612 -0.673070
v -0.263949 2.178233 -0.534788
v -0.210605 2.104101 0.347288
v -0.000000 2.348075 -0.375000
v 0.000000 2.293004 0.187500
v 0.288050 2.211726 -0.534788
v 0.280167 2.200772 0.347288
v 0.487099 2.071900 -0.673070
v 0.644472 1.913028 -0.790595
v 0.773611 1.753296 -0.888179
v 0.872787 1.591765 -0.966726
v 0.935736 1.427047 -1.027253
v 0.972441 1.267413 -1.070933
v 0.997799 1.116436 -1.099174
v 1.019143 0.970416 -1.113779
v 1.023621 0.822913 -1.117500
v 0.961461 0.547143 -1.084469
v 0.907317 0.268445 -1.041423
v -0.832592 1.192891 0.832592
v 0.375000 1.637297 0.892630
v 0.937500 0.251676 0.955296
v 0.937500 0.529087 1.059414
v 0.937500 0.816389 1.128721
v 0.937500 0.979950 1.130623
v 0.937500 1.139732 1.114478
v 0.937500 1.300069 1.069950
v 0.937500 1.453676 0.990631
v 0.937500 1.604341 0.892213
v 0.888179 1.754641 0.775250
v 0.790595 1.915550 0.646990
v 0.673070 2.075398 0.490033
v -0.347288 2.099121 0.207021
v 0.534788 2.212126 0.288337
v -0.187500 2.273573 0.000000
v 0.375000 2.344951 -0.000000
v -0.347288 2.141812 -0.237740
v 0.534788 2.179737 -0.265031
v 0.673070 2.021339 -0.444686
v 0.790595 1.888082 -0.619577
v 0.888179 1.747882 -0.767009
v 0.966726 1.595310 -0.878264
v 1.027253 1.438607 -0.959567
v 1.070933 1.276873 -1.000687
v 1.099174 1.120262 -1.016961
v 1.113779 0.971205 -1.028362
v 1.117500 0.822775 -1.025840
v 1.084469 0.545375 -0.971053
v 1.041423 0.265246 -0.916472
v -0.895798 0.185151 -1.312500
v -0.882422 0.019481 -0.375000
v -1.068838 0.452609 0.187500
v -1.083403 0.739528 0.187500
v -1.077422 0.935049 0.187500
v -1.045529 1.084637 0.187500
v -0.996031 1.232388 0.187500
v -0.934297 1.379838 0.187500
v -0.862841 1.532286 0.187500
v -0.856936 1.648698 -0.375000
v -0.777679 1.549619 -1.312500
v -0.772123 1.641233 -0.937500
v -0.598389 1.797589 -1.296060
v -0.448084 1.942001 -1.263532
v -0.273351 2.090257 -1.224357
v -0.292758 2.115367 0.661857
v -0.077691 2.250898 -1.178263
v -0.081204 2.256150 0.615763
v 0.075642 2.247834 -1.178263
v 0.094737 2.276383 0.615763
v 0.292158 2.114591 -1.224357
v 0.339017 2.175220 0.661857
v 0.486311 1.984037 -1.263532
v 0.632467 1.828705 -1.296060
v 0.739789 1.665959 -1.322242
v 0.830274 1.513842 -1.342417
v 0.900199 1.365902 -1.356978
v 0.949952 1.220212 -1.366391
v 0.983390 1.076145 -1.371260
v 0.999556 0.932337 -1.372500
v 1.009063 0.751434 -1.117500
v 0.946179 0.478209 -1.084469
v 0.875346 0.195456 -1.041423
v -0.798990 1.330391 0.862872
v -0.896969 0.412500 0.854333
v -0.955729 0.654375 0.844278
v -0.808760 1.434766 0.861994
v -0.956196 1.074375 0.832837
v 0.391440 1.612891 0.899529
v -0.342119 1.680000 0.852707
v 0.374647 1.715625 0.902819
v -0.277063 1.822500 0.841275
v 0.316238 1.858125 0.906431
v -0.244807 2.000625 0.824329
v 0.106525 2.107500 0.867355
v -0.198713 1.965000 0.834444
v 0.375000 0.030875 0.859809
v 0.937500 0.042328 0.837079
v -0.187500 0.443050 1.114639
v -0.187500 0.726397 1.165398
v -0.187500 0.937871 1.158471
v -0.187500 1.095559 1.125460
v -0.187500 1.254153 1.078401
v -0.187500 1.410146 1.008454
v -0.187500 1.557584 0.907511
v 0.937500 1.686173 0.833270
v 1.312500 1.591461 0.834612
v 0.375000 1.666742 0.881487
v 1.296060 1.829812 0.633679
v 1.263532 1.984201 0.486459
v -0.661857 2.093754 0.276054
v 1.224357 2.153580 0.322292
v -0.615763 2.218175 0.055804
v 1.178263 2.292414 0.105459
v -0.615763 2.218320 -0.055901
v 1.178263 2.273382 -0.092730
v -0.661857 2.129810 -0.303920
v 1.224357 2.119935 -0.296289
v 1.263532 1.975320 -0.478383
v 1.296060 1.837233 -0.641807
v 1.322242 1.685490 -0.766363
v 1.027253 1.482554 -0.941189
v 1.070933 1.320259 -0.991974
v 1.099174 1.160219 -1.011380
v 1.113779 1.009247 -1.024968
v 1.117500 0.861962 -1.027154
v 1.372500 0.617455 -0.965057
v 1.361490 0.342183 -0.910420
v 1.347141 0.063343 -0.795371
v -0.877665 1.288125 0.898512
v -0.879431 0.863125 0.975268
v -0.841347 0.412500 0.896969
v -0.862213 1.434766 0.808760
v -0.870667 0.810130 0.896969
v -0.823145 1.612891 0.391440
v -0.869419 1.680000 -0.342119
v -0.817216 1.715625 0.374647
v -0.865223 1.822500 -0.277063
v -0.801973 1.858125 0.316238
v -0.838242 2.000625 -0.244807
v -0.767380 2.107500 0.106525
v -0.838182 1.965000 -0.198713
v 1.312500 0.000000 -0.750000
v 0.750000 0.000000 -1.312500
v -0.375000 0.000000 0.750000
v 0.937500 0.000000 0.750000
v -0.750000 0.000000 -0.937500
v -0.750000 0.000000 0.375000
v -1.053119 0.217485 0.187500
v -1.072764 0.526627 0.187500
v -1.090474 0.818763 0.187500
v -1.072765 0.975002 0.187500
v -1.036113 1.124086 0.187500
v -0.982823 1.270890 0.187500
v -0.918955 1.418907 0.187500
v -0.843199 1.572610 0.187500
v -0.819425 1.613289 0.375000
v -0.687813 1.682932 -1.296060
v -0.567494 1.835895 -1.263532
v -0.406713 1.976070 -1.224357
v -0.228392 2.128821 -1.178262
v -0.240421 2.145537 0.615763
v 0.000000 2.299561 -1.125000
v 0.000000 2.306865 0.562500
v 0.243293 2.149528 -1.178262
v 0.281490 2.202610 0.615763
v 0.452182 2.030275 -1.224357
v 0.611197 1.879686 -1.263532
v 0.723765 1.712417 -1.296060
v 0.815229 1.554502 -1.322242
v 0.888833 1.404296 -1.342417
v 0.941862 1.257172 -1.356978
v 0.978534 1.112589 -1.366391
v 0.998672 0.968666 -1.371260
v 1.001611 0.824279 -1.372500
v 0.954603 0.548407 -1.361490
v 0.898420 0.271555 -1.347141
v -0.827005 0.397630 0.827005
v -0.375000 1.624362 0.853190
v -0.187500 0.223924 1.034695
v -0.187500 0.515162 1.134965
v -0.187500 0.813635 1.173088
v -0.187500 0.981844 1.152776
v -0.187500 1.139958 1.115607
v -0.187500 1.298193 1.064348
v -0.187500 1.451546 0.986239
v -0.187500 1.596509 0.880116
v 1.296060 1.726006 0.740335
v 1.263532 1.875811 0.607330
v 1.224357 2.040450 0.460717
v -0.615763 2.128373 0.228070
v 1.178262 2.212156 0.288359
v -0.562500 2.246125 0.000000
v 1.125000 2.340295 0.000000
v -0.615763 2.151312 -0.244576
v 1.178262 2.166181 -0.255276
v 1.224357 2.020570 -0.444041
v 1.263532 1.882494 -0.614000
v 1.296060 1.732708 -0.748507
v 1.322242 1.576209 -0.848759
v 1.342417 1.418248 -0.917595
v 1.356978 1.264012 -0.962286
v 1.366391 1.114958 -0.990396
v 1.371260 0.969140 -1.004217
v 1.372500 0.824121 -1.004162
v 1.361490 0.548683 -0.953105
v 1.347141 0.271737 -0.897900
v -0.913901 0.003620 -0.937500
v -1.021104 0.122012 0.375000
v -0.997035 0.324106 -0.937500
v -1.008032 0.610572 -0.937500
v -1.024377 0.861865 -0.937500
v -1.021057 1.008712 -0.937500
v -1.007299 1.159140 -0.937500
v -0.968470 1.310653 -0.937500
v -0.897677 1.457912 -0.937500
v -0.837125 1.593308 0.375000
v -0.799894 1.606776 -0.937500
v -0.703052 1.659374 -1.312500
v -0.686845 1.747705 -0.888179
v -0.544321 1.890422 -0.790595
v -0.383523 2.042275 -0.673070
v -0.364234 2.017318 0.485570
v -0.209350 2.217226 -0.534788
v -0.158222 2.140784 0.347288
v 0.229264 2.246999 -0.534788
v 0.215010 2.225687 0.347288
v 0.436296 2.110556 -0.673070
v 0.428465 2.100424 0.485570
v 0.600757 1.952481 -0.790595
v 0.738766 1.795112 -0.888179
v 0.846759 1.634841 -0.966726
v 0.918288 1.469585 -1.027253
v 0.960992 1.307596 -1.070933
v 0.988724 1.154232 -1.099174
v 1.013249 1.007645 -1.113779
v 1.023295 0.861827 -1.117500
v 0.964465 0.617550 -1.372500
v 0.911748 0.341906 -1.361490
v 0.793020 0.064528 -1.347141
v -0.896969 0.810130 0.842231
v -0.798990 0.137500 0.898408
v -0.975268 0.863125 0.832948
v -0.926279 1.123255 0.840630
v -0.898512 1.288125 0.858885
v -0.325679 1.657630 0.852336
v 0.342119 1.680000 0.904299
v -0.244535 1.786875 0.845350
v 0.277063 1.822500 0.903783
v -0.159538 1.929375 0.843122
v 0.060431 2.071875 0.862117
v -0.106525 2.107500 0.822234
v 0.198713 1.965000 0.896894
v -0.375000 0.140233 0.984943
v 1.312500 0.185791 0.894527
v 0.937500 0.327498 0.980784
v 0.937500 0.598951 1.080597
v 0.937500 0.865534 1.129758
v 0.937500 1.023142 1.126650
v 0.937500 1.184631 1.103768
v 0.937500 1.343630 1.049156
v 0.937500 1.494807 0.962824
v 1.312500 1.696366 0.753384
v 0.937500 1.650108 0.858854
v -0.375000 1.617564 0.870129
v 0.888179 1.794983 0.738624
v 0.790595 1.960463 0.608016
v -0.485570 2.026019 0.370959
v 0.673070 2.110877 0.436544
v -0.347288 2.130282 0.151197
v 0.534788 2.239403 0.224183
v -0.347288 2.166604 -0.175491
v 0.534788 2.214655 -0.207631
v -0.485570 2.061085 -0.398060
v 0.673070 2.056172 -0.394263
v 0.790595 1.923965 -0.574825
v 0.888179 1.788667 -0.731706
v 0.966726 1.638115 -0.851214
v 1.342417 1.530898 -0.860391
v 1.356978 1.375939 -0.924759
v 1.366391 1.224759 -0.967162
v 1.371260 1.077453 -0.992961
v 1.372500 0.932497 -1.004156
v 1.117500 0.751148 -1.010847
v 1.084469 0.476045 -0.956551
v 1.041423 0.192501 -0.881210
v -0.883907 1.074375 0.956196
v -0.855211 0.654375 0.955729
v -0.883302 0.137500 0.798990
v -0.883321 1.123255 0.926279
v -0.866577 1.330391 0.798990
v -0.868384 1.657630 -0.325679
v -0.819532 1.680000 0.342119
v -0.864149 1.786875 -0.244535
v -0.807602 1.822500 0.277063
v -0.838090 1.929375 -0.159538
v -0.778046 2.071875 0.060431
v -0.784882 2.107500 -0.106525
v -0.790131 1.965000 0.198713
v -0.793779 1.929375 0.237888
v -0.797699 1.893750 0.277063
v -0.783053 2.036250 0.106525
v -0.786828 2.000625 0.152619
v -0.753992 2.178750 0.000000
v -0.822132 2.036250 -0.198713
v -0.803590 2.071875 -0.152619
v -0.811031 1.786875 0.309591
v -0.813795 1.751250 0.342119
v -0.859381 1.858125 -0.237888
v -0.850188 1.893750 -0.198713
v -0.868315 1.715625 -0.309591
v -0.866819 1.751250 -0.277063
v -0.853242 0.672630 0.847980
v -0.847023 0.535130 0.798990
v -0.873036 0.932761 0.798990
v -0.872430 1.337005 0.868595
v -0.866875 1.385886 0.838677
v -0.853717 0.275000 0.868272
v 1.347141 0.132650 -0.828908
v 1.347141 0.201646 -0.863060
v 1.361490 0.411062 -0.924151
v 1.361490 0.479873 -0.938209
v 1.372500 0.685920 -0.977843
v 1.372500 0.754338 -0.990927
v 0.940543 1.673422 -0.824599
v 0.914361 1.708599 -0.797807
v 0.855651 1.820974 -0.695545
v 0.823123 1.852956 -0.659026
v 0.751420 1.954340 -0.530876
v 0.712245 1.985566 -0.487701
v 0.626976 2.094193 -0.350021
v 0.580882 2.136005 -0.308709
v -0.661857 2.077144 -0.410472
v 0.481525 2.251480 -0.155171
v 0.428263 2.288973 -0.103158
v -0.615763 2.193992 -0.116720
v -0.615763 2.172690 -0.179562
v 1.178263 2.271127 0.168312
v 1.178262 2.245620 0.228342
v -0.294025 2.169878 0.100591
v -0.240763 2.219498 0.056689
v 1.224357 2.116987 0.367638
v 1.224357 2.080850 0.413336
v -0.439476 2.051402 0.316949
v -0.393382 2.074230 0.260965
v 1.263532 1.947958 0.525072
v 1.263532 1.912675 0.564558
v 1.296060 1.796225 0.668439
v 1.296060 1.762711 0.703279
v 0.562500 1.634906 0.865948
v 0.750000 1.607697 0.856704
v 0.187500 1.632383 0.890293
v 0.937500 0.666688 1.097932
v 0.937500 0.734784 1.113025
v 0.937500 0.393978 1.006006
v 0.937500 0.460200 1.032471
v 0.562500 0.114154 0.865616
v 0.187500 0.147337 0.970844
v 0.750000 0.180601 0.904827
v -0.375000 0.072260 0.948760
v -0.375000 0.003331 0.914474
v 0.237888 1.929375 0.901482
v 0.277063 1.893750 0.904607
v 0.106525 2.036250 0.877445
v 0.152619 2.000625 0.888977
v 0.000000 2.178750 0.823647
v -0.198713 2.036250 0.824532
v -0.152619 2.071875 0.824041
v 0.309591 1.786875 0.905189
v 0.342119 1.751250 0.905027
v -0.237888 1.858125 0.840961
v -0.198713 1.893750 0.841711
v -0.309591 1.715625 0.848705
v -0.277063 1.751250 0.846205
v -0.916509 1.018880 0.839621
v -0.857749 1.174636 0.855430
v -0.906739 0.914505 0.840814
v -0.868272 0.275000 0.872799
v -0.847980 0.672630 0.846808
v -0.798990 0.932761 0.860617
v -0.798990 0.535130 0.849999
v 0.828005 0.133105 -1.347141
v 0.863130 0.201611 -1.347141
v 0.926206 0.410633 -1.361490
v 0.940404 0.479415 -1.361490
v 0.976573 0.686124 -1.372500
v 0.989017 0.754644 -1.372500
v 0.663186 1.791429 -1.296060
v 0.692884 1.753219 -1.296060
v 0.528003 1.951180 -1.263532
v 0.568747 1.917281 -1.263532
v 0.381495 2.134916 0.439476
v 0.334451 2.169313 0.393382
v 0.345530 2.088382 -1.224357
v 0.398014 2.061025 -1.224357
v 0.148311 2.241223 0.294025
v 0.083454 2.259514 0.240763
v 0.127130 2.209556 -1.178263
v 0.182583 2.177207 -1.178262
v -0.133609 2.219243 0.615763
v -0.186582 2.183185 0.615763
v -0.160503 2.259452 -0.481525
v -0.108822 2.297442 -0.428263
v -0.384978 2.044158 0.661857
v -0.344734 2.087352 -0.626976
v -0.306130 2.132669 -0.580882
v -0.506934 1.928013 -0.751420
v -0.469497 1.965549 -0.712245
v -0.654845 1.783813 -0.855651
v -0.622556 1.819656 -0.823123
v -1.078557 0.669791 0.187500
v -1.075135 0.599826 0.187500
v -1.066275 0.381400 0.187500
v -1.063290 0.310278 0.187500
v -0.997147 0.047879 0.375000
v -0.969700 -0.024496 0.375000
v -0.928792 0.082321 -0.562500
v -0.950219 0.157729 -0.750000
v -0.947113 0.159294 -0.187500
v -0.879112 1.174636 0.857749
v -0.882563 1.018880 0.916509
v -0.879431 0.914505 0.906739
v 0.972141 0.055462 -0.811013
v 1.006782 0.123815 -0.846443
v 1.055772 0.337877 -0.931053
v 1.070121 0.406920 -0.943999
v 1.095479 0.614578 -0.983022
v 1.106490 0.682880 -0.996827
v 1.296060 1.770867 -0.712212
v 1.296060 1.804572 -0.677581
v 1.263532 1.915271 -0.566919
v 1.263532 1.945032 -0.522411
v 1.224357 2.054447 -0.392930
v 1.224357 2.087268 -0.344669
v -0.393382 2.113990 -0.291694
v -0.439476 2.087659 -0.344971
v 1.178262 2.201050 -0.198531
v 1.178263 2.236216 -0.144962
v -0.240763 2.231247 -0.064548
v -0.294025 2.196832 -0.118620
v 0.428263 2.288019 0.102520
v 0.481525 2.258540 0.159893
v -0.615763 2.159953 0.171043
v -0.615763 2.189641 0.113809
v 0.580882 2.182650 0.344760
v 0.626976 2.148419 0.391931
v -0.661857 2.030021 0.374052
v 0.712245 2.036359 0.533891
v 0.751420 1.999955 0.572358
v 0.823123 1.869886 0.677569
v 0.855651 1.830685 0.706180
v -0.187500 0.588045 1.148695
v -0.187500 0.657012 1.158354
v -0.187500 0.309453 1.067241
v -0.187500 0.375972 1.092282
v 1.312500 0.120914 0.852199
v 1.312500 0.055539 0.810860
v -0.838677 1.385886 0.863642
v -0.868595 1.337005 0.862874
v 0.806320 0.057826 -0.972141
v 0.841676 0.126216 -1.006782
v 0.918544 0.340488 -1.055772
v 0.931316 0.409567 -1.070121
v 0.976469 0.615627 -1.095479
v 0.993199 0.683461 -1.106490
v 0.800581 1.710637 -0.914361
v 0.823809 1.672842 -0.940543
v 0.678390 1.870636 -0.823123
v 0.708488 1.832792 -0.855651
v 0.528427 2.030350 -0.712245
v 0.564587 1.991410 -0.751420
v 0.436205 2.110438 0.661857
v 0.341579 2.178534 -0.580882
v 0.389768 2.145620 -0.626976
v 0.219607 2.232561 0.615763
v 0.158271 2.256115 0.615763
v 0.111646 2.301664 -0.428263
v 0.170136 2.273854 -0.481525
v -0.063971 2.230385 0.240763
v -0.107509 2.180222 0.294025
v -0.178059 2.170443 -1.178262
v -0.128041 2.210919 -1.178263
v -0.260330 2.073409 0.393382
v -0.311493 2.044343 0.439476
v -0.359992 2.011830 -1.224357
v -0.315936 2.050091 -1.224357
v -0.528127 1.872614 -1.263532
v -0.488395 1.907626 -1.263532
v -0.658103 1.721462 -1.296060
v -0.628541 1.759795 -1.296060
v -0.850383 1.603052 -0.750000
v -0.852520 1.625037 -0.562500
v -0.866407 1.614828 -0.187500
v -1.017379 0.750102 -0.937500
v -1.011800 0.680482 -0.937500
v -0.998569 0.467275 -0.937500
v -0.996981 0.395862 -0.937500
v -0.862959 0.115492 -1.312500
v -0.829853 0.045969 -1.312500
v 0.562500 0.000000 0.750000
v -0.750000 0.000000 -0.562500
v -0.967803 0.247304 -1.218750
v -0.990506 0.541789 -1.218750
v -0.990950 0.824941 -1.218750
v -0.980145 0.967082 -1.218750
v -0.968483 1.110582 -1.218750
v -0.936631 1.255420 -1.218750
v -0.874218 1.397206 -1.218750
v -0.786835 1.536119 -1.218750
v -0.844265 1.621435 -0.562500
v -0.743451 1.728561 -0.786209
v -0.598274 1.866737 -0.672360
v -0.448073 2.025377 -0.535248
v -0.265342 2.180170 -0.373919
v -0.000000 2.323297 -0.187500
v 0.274890 2.193439 -0.373919
v 0.482400 2.066298 -0.535248
v 0.647120 1.915682 -0.672360
v 0.774308 1.753868 -0.786209
v -0.827924 1.391706 0.827924
v 0.562500 1.628008 0.864306
v 1.218750 0.244355 0.976241
v 1.218750 0.526536 1.073257
v 1.218750 0.816406 1.128444
v 1.218750 0.978768 1.116801
v 1.218750 1.134356 1.087553
v 1.218750 1.289910 1.039613
v 1.218750 1.445787 0.974369
v 1.218750 1.601543 0.887891
v 0.786209 1.747990 0.767140
v 0.672360 1.923222 0.654646
v 0.535248 2.081079 0.494798
v 0.373919 2.201847 0.280940
v 0.187500 2.352828 -0.000000
v 0.373919 2.199532 -0.279275
v 0.535248 2.036517 -0.457418
v 0.672360 1.889434 -0.620926
v 0.786209 1.744235 -0.762562
v -0.882714 0.234845 -1.406250
v -0.853243 -0.008919 -0.562500
v -1.032244 0.496119 0.468750
v -1.046965 0.780621 0.468750
v -1.041929 0.951647 0.468750
v -1.020956 1.099424 0.468750
v -0.990828 1.250069 0.468750
v -0.944865 1.404945 0.468750
v -0.868251 1.558875 0.468750
v -0.835611 1.643233 -0.562500
v -0.575360 1.809226 -1.398030
v -0.423107 1.953887 -1.381766
v -0.247518 2.104465 -1.362178
v -0.044306 2.258612 -1.339131
v 0.042551 2.255990 -1.339131
v 0.247708 2.104711 -1.362178
v 0.431534 1.963154 -1.381766
v 0.582819 1.816035 -1.398030
v -0.774495 1.460456 0.859862
v 0.570720 1.601706 0.867902
v -0.513179 1.680000 0.855708
v 0.529443 1.697813 0.874390
v -0.415595 1.822500 0.839492
v 0.435182 1.840312 0.896388
v -0.298070 1.965000 0.823205
v 0.562500 0.018206 0.799410
v 0.843750 0.019143 0.797551
v -0.468750 0.486852 1.076645
v -0.468750 0.765065 1.144099
v -0.468750 0.955378 1.149098
v -0.468750 1.113449 1.123588
v -0.468750 1.273325 1.078838
v -0.468750 1.428952 1.003604
v -0.468750 1.576933 0.900136
v 0.562500 1.654997 0.851618
v 1.398030 1.818041 0.585016
v 1.381766 1.963836 0.432154
v 1.362178 2.112944 0.254072
v 1.339131 2.250233 0.038701
v 1.339131 2.246969 -0.036518
v 1.362178 2.100859 -0.244731
v 1.381766 1.959185 -0.427924
v 1.398030 1.820373 -0.587569
v -0.857085 0.680065 0.921464
v -0.846352 1.601706 0.570720
v -0.848492 1.680000 -0.513179
v -0.837157 1.697813 0.529443
v -0.862432 1.822500 -0.415595
v -0.811365 1.840312 0.435182
v -0.851962 1.965000 -0.298070
v -0.187500 0.000000 0.750000
v -0.750000 0.000000 0.187500
v -0.991533 0.239010 -0.093750
v -1.034160 0.533742 -0.093750
v -1.096182 0.818408 -0.093750
v -1.089960 0.976472 -0.093750
v -1.053024 1.127462 -0.093750
v -0.997558 1.275825 -0.093750
v -0.937032 1.427676 -0.093750
v -0.865100 1.586788 -0.093750
v -0.815282 1.611930 0.187500
v -0.686000 1.681445 -1.194089
v -0.560952 1.829339 -1.145297
v -0.402795 1.971400 -1.086535
v -0.227697 2.127855 -1.017394
v -0.000000 2.309388 -0.937500
v 0.254921 2.165688 -1.017394
v 0.470686 2.052334 -1.086535
v 0.643208 1.911761 -1.145297
v 0.760190 1.742290 -1.194089
v -0.819355 0.596445 0.819355
v -0.187500 1.622667 0.848021
v 0.093750 0.225021 1.031557
v 0.093750 0.515102 1.135290
v 0.093750 0.813718 1.171736
v 0.093750 0.982142 1.156263
v 0.093750 1.142321 1.127441
v 0.093750 1.302339 1.076726
v 0.093750 1.455904 0.995224
v 0.093750 1.603762 0.891318
v 1.194089 1.753939 0.774395
v 1.145297 1.906891 0.638347
v 1.086535 2.091418 0.503471
v 1.017394 2.240684 0.308887
v 0.937500 2.355179 -0.000000
v 1.017394 2.177106 -0.263138
v 1.086535 2.046087 -0.465445
v 1.145297 1.910087 -0.641537
v 1.194089 1.761312 -0.783384
v -0.932423 0.037389 -1.031250
v -1.004982 0.087034 0.187500
v -0.996193 0.360154 -0.656250
v -1.055445 0.638236 -0.656250
v -1.090976 0.882018 -0.656250
v -1.072034 1.033823 -0.656250
v -1.038950 1.186560 -0.656250
v -0.992800 1.341384 -0.656250
v -0.924634 1.496705 -0.656250
v -0.827848 1.596697 0.187500
v -0.648009 1.744908 -0.990149
v -0.506018 1.887654 -0.908829
v -0.349657 2.046090 -0.810892
v -0.164419 2.207678 -0.695656
v 0.195390 2.253982 -0.695656
v 0.397565 2.108076 -0.810892
v 0.572550 1.960815 -0.908829
v 0.720919 1.811480 -0.990149
v -0.872474 0.940195 0.847236
v -0.146399 1.646445 0.853069
v 0.171060 1.680000 0.885103
v -0.089740 1.769063 0.856988
v 0.138532 1.822500 0.886409
v -0.040594 1.911562 0.860300
v 0.099357 1.965000 0.881516
v -0.187500 0.112270 0.954898
v 1.218750 0.139191 0.901468
v 0.656250 0.359251 1.000518
v 0.656250 0.632292 1.092561
v 0.656250 0.883669 1.138376
v 0.656250 1.041984 1.131753
v 0.656250 1.201484 1.095430
v 0.656250 1.356424 1.029599
v 0.656250 1.503659 0.936914
v -0.187500 1.620272 0.859925
v 0.990149 1.817479 0.727489
v 0.908829 1.981781 0.591616
v 0.810892 2.131557 0.415713
v 0.695656 2.270114 0.206180
v 0.695656 2.232221 -0.180835
v 0.810892 2.080527 -0.376273
v 0.908829 1.950736 -0.563384
v 0.990149 1.817230 -0.727217
v -0.875213 1.200326 0.823485
v -0.855046 1.646445 -0.146399
v -0.817821 1.680000 0.171060
v -0.843227 1.769063 -0.089740
v -0.811979 1.822500 0.138532
v -0.819696 1.911562 -0.040594
v -0.797422 1.965000 0.099357
v -0.794537 1.911562 0.356832
v -0.798216 1.893750 0.376420
v -0.776707 2.036250 0.205882
v -0.812627 1.804688 0.154796
v -0.815370 1.751250 0.203588
v -0.866260 1.875937 -0.356832
v -0.864378 1.893750 -0.337245
v -0.855502 1.733438 -0.464387
v -0.858254 1.751250 -0.448123
v -0.872857 0.871445 0.847980
v -0.850411 0.665195 0.774495
v 0.838573 1.667772 -0.816911
v 0.737417 1.817145 -0.691351
v 0.925093 1.879077 -0.651862
v 0.613598 1.961254 -0.537164
v 0.830479 2.009953 -0.474093
v 0.466107 2.115899 -0.366797
v 0.718703 2.146026 -0.279640
v 0.294025 2.275584 -0.171293
v 0.589131 2.303129 -0.074081
v 1.339131 2.205860 0.124658
v 1.339131 2.190346 0.152826
v 1.362178 2.059304 0.323056
v 1.362178 2.041552 0.346150
v 1.381766 1.910951 0.491419
v 1.381766 1.893450 0.511289
v 1.398030 1.765513 0.634804
v 1.398030 1.748010 0.651406
v 0.281250 1.653875 0.891758
v 0.562500 1.615145 0.880727
v 1.218750 0.665653 1.104399
v 0.656250 0.767939 1.126153
v 1.218750 0.389163 1.029079
v 0.656250 0.491723 1.053307
v 0.843750 0.113130 0.867648
v 0.281250 0.187633 0.976414
v 0.562500 0.210679 0.930676
v -0.562500 0.078830 0.935720
v -0.187500 -0.002671 0.840843
v 0.356832 1.911562 0.907403
v 0.376420 1.893750 0.905876
v 0.205882 2.036250 0.894866
v 0.154796 1.804688 0.887862
v 0.203588 1.751250 0.893057
v -0.356832 1.875937 0.832812
v -0.337245 1.893750 0.830697
v -0.464387 1.733438 0.851169
v -0.448123 1.751250 0.849217
v -0.941004 0.888815 0.835674
v -0.847980 0.473815 0.851934
v -0.774495 0.665195 0.849544
v 0.630900 1.761949 -1.398030
v 0.646803 1.743807 -1.398030
v 0.490920 1.910403 -1.381766
v 0.510616 1.892710 -1.381766
v 0.319666 2.054918 -1.362178
v 0.343552 2.038191 -1.362178
v 0.118336 2.196408 -1.339131
v 0.144348 2.177670 -1.339131
v -0.156853 2.253994 -0.294025
v -0.076209 2.306311 -0.589131
v -0.359404 2.106333 -0.466107
v -0.266120 2.128533 -0.718703
v -0.519756 1.942113 -0.613598
v -0.436620 1.968747 -0.830479
v -0.668502 1.796282 -0.737417
v -0.584634 1.817693 -0.925093
v -1.039149 0.676102 0.468750
v -1.037724 0.641074 0.468750
v -1.032979 0.388349 0.468750
v -1.034484 0.352162 0.468750
v -0.982870 0.055073 0.562500
v -0.973720 0.016581 0.562500
v -0.915469 0.089034 -0.281250
v -0.971091 0.190315 -0.562500
v -0.955924 0.197957 -0.281250
v -0.879646 0.888815 0.941004
v 1.194089 1.784068 -0.762442
v 1.194089 1.835054 -0.710965
v 1.145297 1.929289 -0.615453
v 1.145297 1.975034 -0.549695
v 1.086535 2.065523 -0.438304
v 1.086535 2.114868 -0.366001
v 1.017394 2.194546 -0.232726
v 1.017394 2.247321 -0.152389
v 0.267394 2.285314 0.139256
v 0.669025 2.282398 0.175850
v 0.443060 2.161588 0.365295
v 0.787845 2.146347 0.390330
v 0.594011 2.025068 0.559409
v 0.889241 2.002299 0.574489
v 0.721153 1.853741 0.695659
v 0.973885 1.834196 0.710026
v 0.093750 0.553733 1.142800
v 0.093750 0.657225 1.157023
v 0.093750 0.277211 1.049845
v 0.093750 0.376651 1.089025
v 1.406250 0.099021 0.810106
v 0.824415 1.673286 -1.042514
v 0.697738 1.855639 -0.721153
v 0.704294 1.828962 -0.973885
v 0.546693 2.011085 -0.594011
v 0.553321 1.979021 -0.889241
v 0.355861 2.149382 -0.443060
v 0.376065 2.127890 -0.787845
v 0.132494 2.275204 -0.267394
v 0.168228 2.271002 -0.669025
v -0.201336 2.147615 -1.017394
v -0.125999 2.207865 -1.017394
v -0.380231 1.990384 -1.086535
v -0.313947 2.047518 -1.086535
v -0.541417 1.847876 -1.145297
v -0.482961 1.901651 -1.145297
v -0.670776 1.700370 -1.194089
v -0.626008 1.757482 -1.194089
v -0.869000 1.606527 -0.562500
v -0.864359 1.633738 -0.281250
v -0.988590 0.719456 -1.218750
v -1.063529 0.672198 -0.656250
v -0.984904 0.434255 -1.218750
v -1.000869 0.395050 -0.656250
v -0.835750 -0.000104 -1.218750
v 0.187500 0.000000 0.750000
v -0.750000 0.000000 -0.187500
v -0.984658 0.241413 -0.656250
v -1.031029 0.534319 -0.656250
v -1.094143 0.818535 -0.656250
v -1.083484 0.975919 -0.656250
v -1.055016 1.127860 -0.656250
v -1.015031 1.281677 -0.656250
v -0.956658 1.437196 -0.656250
v -0.869437 1.589596 -0.656250
v -0.853832 1.624573 -0.187500
v -0.704613 1.696710 -0.990149
v -0.568773 1.837176 -0.908829
v -0.417985 1.989508 -0.810892
v -0.244180 2.150761 -0.695656
v 0.000000 2.346948 -0.562500
v 0.286204 2.209161 -0.695656
v 0.474064 2.056361 -0.810892
v 0.636562 1.905102 -0.908829
v 0.772921 1.752730 -0.990149
v -0.835039 0.994076 0.835039
v 0.187500 1.632483 0.877952
v 0.656250 0.252034 0.954271
v 0.656250 0.528015 1.065233
v 0.656250 0.815948 1.135821
v 0.656250 0.980680 1.139163
v 0.656250 1.139895 1.115293
v 0.656250 1.297066 1.060982
v 0.656250 1.447470 0.977838
v 0.656250 1.593273 0.875117
v 0.990149 1.762076 0.784316
v 0.908829 1.913645 0.645088
v 0.810892 2.076667 0.491098
v 0.695656 2.218259 0.292751
v 0.562500 2.333118 0.000000
v 0.695656 2.166736 -0.255676
v 0.810892 2.027008 -0.449441
v 0.908829 1.897787 -0.629262
v 0.990149 1.757580 -0.778835
v -0.919394 0.130159 -1.218750
v -0.907611 0.049891 -0.187500
v -1.014933 0.427987 -0.093750
v -1.071677 0.706150 -0.093750
v -1.094506 0.917809 -0.093750
v -1.068185 1.069588 -0.093750
v -1.017846 1.219096 -0.093750
v -0.958185 1.368813 -0.093750
v -0.893095 1.525894 -0.093750
v -0.852443 1.635189 -0.187500
v -0.611131 1.776562 -1.194089
v -0.463220 1.919294 -1.145297
v -0.291976 2.066723 -1.086535
v -0.101694 2.229156 -1.017394
v 0.110539 2.242379 -1.017394
v 0.334649 2.121936 -1.086535
v 0.536491 1.999867 -1.145297
v 0.684542 1.843590 -1.194089
v -0.823485 1.200326 0.860378
v 0.212161 1.624076 0.890888
v -0.171060 1.680000 0.851687
v 0.219852 1.733438 0.894968
v -0.138532 1.822500 0.852209
v 0.197294 1.875937 0.896478
v -0.099357 1.965000 0.847359
v 0.187500 0.046527 0.914288
v 1.031250 0.072579 0.862584
v 0.093750 0.409914 1.101527
v 0.093750 0.691959 1.160284
v 0.093750 0.920153 1.161801
v 0.093750 1.079206 1.138574
v 0.093750 1.239999 1.096952
v 0.093750 1.397010 1.027176
v 0.093750 1.546494 0.929469
v 0.187500 1.651339 0.874418
v 1.194089 1.840712 0.681390
v 1.145297 2.010535 0.546193
v 1.086535 2.185072 0.383445
v 1.017394 2.304102 0.151822
v 1.017394 2.267357 -0.127245
v 1.086535 2.130315 -0.341125
v 1.145297 1.990632 -0.528093
v 1.194089 1.851284 -0.692967
v -0.878841 0.940196 0.872474
v -0.820002 1.624076 0.212161
v -0.858402 1.680000 -0.171060
v -0.816539 1.733438 0.219852
v -0.848674 1.822500 -0.138532
v -0.803704 1.875937 0.197294
v -0.819626 1.965000 -0.099357
v -0.562500 0.000000 0.750000
v -0.750000 0.000000 0.562500
v -1.035650 0.223591 0.468750
v -1.034383 0.533701 0.468750
v -1.051493 0.821183 0.468750
v -1.040909 0.972278 0.468750
v -1.017958 1.120461 0.468750
v -0.986813 1.272227 0.468750
v -0.936909 1.427616 0.468750
v -0.856004 1.580899 0.468750
v -0.840118 1.620075 0.562500
v -0.686602 1.681939 -1.398030
v -0.560470 1.828857 -1.381766
v -0.404577 1.973524 -1.362178
v -0.227347 2.127368 -1.339131
v -0.000000 2.287692 -1.312500
v 0.226014 2.125515 -1.339131
v 0.415437 1.986470 -1.362178
v 0.570215 1.838621 -1.381766
v 0.694761 1.688630 -1.398030
v -0.845076 0.198815 0.845076
v -0.562500 1.624469 0.853517
v -0.468750 0.229596 1.018470
v -0.468750 0.524028 1.086863
v -0.468750 0.814900 1.152705
v -0.468750 0.981388 1.147448
v -0.468750 1.140594 1.118791
v -0.468750 1.300160 1.070221
v -0.468750 1.453631 0.990538
v -0.468750 1.599666 0.884992
v 1.398030 1.694526 0.701950
v 1.381766 1.840262 0.571852
v 1.362178 1.987445 0.416255
v 1.339131 2.139335 0.235958
v 1.312500 2.275311 -0.000000
v 1.339131 2.123187 -0.224338
v 1.362178 1.980397 -0.410342
v 1.381766 1.842671 -0.574257
v 1.398030 1.697932 -0.706104
v -0.864120 -0.014399 -0.843750
v -1.004825 0.173317 0.562500
v -0.974428 0.292952 -1.218750
v -0.990916 0.578057 -1.218750
v -0.988629 0.842786 -1.218750
v -0.978160 0.984705 -1.218750
v -0.964829 1.128862 -1.218750
v -0.929229 1.273826 -1.218750
v -0.862981 1.414737 -1.218750
v -0.859708 1.599698 0.562500
v -0.722093 1.747226 -0.786209
v -0.575867 1.885758 -0.672360
v -0.423311 2.046124 -0.535248
v -0.237666 2.201932 -0.373919
v 0.244068 2.211504 -0.373919
v 0.456087 2.088532 -0.535248
v 0.624565 1.939310 -0.672360
v 0.755987 1.778174 -0.786209
v -0.921464 0.680065 0.843213
v -0.504959 1.668815 0.856557
v 0.513179 1.680000 0.878543
v -0.399331 1.804688 0.842521
v 0.415595 1.822500 0.899520
v -0.278482 1.947187 0.827580
v 0.298070 1.965000 0.906051
v -0.562500 0.187474 0.976729
v 1.406250 0.234232 0.883931
v 1.218750 0.289235 0.992235
v 1.218750 0.563473 1.081980
v 1.218750 0.847629 1.127692
v 1.218750 1.003078 1.112610
v 1.218750 1.159413 1.080447
v 1.218750 1.314668 1.029156
v 1.218750 1.470370 0.961214
v -0.562500 1.609012 0.872381
v 0.786209 1.771595 0.748782
v 0.672360 1.947978 0.632448
v 0.535248 2.101961 0.466467
v 0.373919 2.217766 0.248257
v 0.373919 2.219748 -0.249583
v 0.535248 2.055448 -0.430518
v 0.672360 1.908147 -0.596227
v 0.786209 1.765615 -0.742232
v -0.859764 1.460456 0.774495
v -0.850389 1.668815 -0.504959
v -0.835257 1.680000 0.513179
v -0.865783 1.804688 -0.399331
v -0.810565 1.822500 0.415595
v -0.852741 1.947187 -0.278482
v -0.786013 1.965000 0.298070
v -0.798782 1.947187 0.118944
v -0.802294 1.893750 0.177706
v -0.789316 2.036250 0.007168
v -0.821903 1.769063 0.464387
v -0.825675 1.751250 0.480651
v -0.843472 1.840312 -0.118944
v -0.825685 1.893750 -0.060182
v -0.856123 1.697813 -0.154796
v -0.846999 1.751250 -0.106004
v -0.844302 0.473815 0.847980
v -0.848815 0.405065 0.823485
v 1.042514 1.683419 -0.838201
v 0.973885 1.833089 -0.708812
v 0.721153 1.834229 -0.674289
v 0.889241 1.965446 -0.540976
v 0.594011 1.979182 -0.517681
v 0.787845 2.095412 -0.350963
v 0.443060 2.136501 -0.345906
v 0.669025 2.251710 -0.155325
v 0.267394 2.291860 -0.143634
v 1.017394 2.294101 0.183679
v 1.017394 2.258201 0.275302
v 1.086535 2.168072 0.407121
v 1.086535 2.115409 0.476860
v 1.145297 1.989966 0.563274
v 1.145297 1.929848 0.615961
v 1.194089 1.824045 0.698908
v 1.194089 1.775050 0.752566
v 0.843750 1.626532 0.854553
v 0.937500 1.630161 0.873381
v 0.656250 0.666155 1.101264
v 1.218750 0.699884 1.110798
v 0.656250 0.392213 1.014462
v 1.218750 0.422632 1.040593
v 0.281250 0.088231 0.917064
v 0.093750 0.109677 0.960043
v 0.937500 0.142442 0.895017
v -0.187500 0.081143 0.931130
v -0.562500 0.042315 0.922648
v 0.118944 1.947187 0.885468
v 0.177706 1.893750 0.894222
v 0.007168 2.036250 0.855616
v 0.464387 1.769063 0.889397
v 0.480651 1.751250 0.885720
v -0.118944 1.840312 0.853712
v -0.060182 1.893750 0.858539
v -0.154796 1.697813 0.852410
v -0.106004 1.751250 0.855553
v -0.892014 1.148945 0.848415
v -0.847980 0.871445 0.850170
v -0.823485 0.405065 0.857968
v 0.699555 1.824636 -1.194089
v 0.742786 1.766120 -1.194089
v 0.557611 1.983739 -1.145297
v 0.618999 1.933189 -1.145297
v 0.361708 2.109315 -1.086535
v 0.441356 2.069471 -1.086535
v 0.138008 2.225820 -1.017394
v 0.223410 2.180618 -1.017394
v -0.141622 2.231224 -0.669025
v -0.128538 2.269290 -0.267394
v -0.328859 2.066812 -0.787845
v -0.336986 2.124960 -0.443060
v -0.488706 1.907968 -0.889241
v -0.502095 1.962043 -0.594011
v -0.631727 1.762704 -0.973885
v -0.650899 1.812872 -0.721153
v -1.063361 0.672225 -0.093750
v -1.040488 0.570118 -0.093750
v -1.009872 0.393171 -0.093750
v -0.998228 0.287984 -0.093750
v -0.990813 0.051071 0.187500
v -0.904015 -0.034501 0.187500
v -0.932318 0.080545 -0.843750
v -0.954236 0.112603 -0.937500
v -0.949017 0.115233 -0.093750
v -0.881781 1.148945 0.892014
v 1.398030 1.751698 -0.655446
v 1.398030 1.769010 -0.638634
v 1.381766 1.892983 -0.510865
v 1.381766 1.909397 -0.490006
v 1.362178 2.031524 -0.338400
v 1.362178 2.048716 -0.314873
v 1.339131 2.176394 -0.143495
v 1.339131 2.193952 -0.116693
v 0.589131 2.309086 0.078065
v 0.294025 2.266878 0.165470
v 0.718703 2.197670 0.319554
v 0.466107 2.148296 0.391836
v 0.830479 2.056941 0.516822
v 0.613598 2.007089 0.578845
v 0.925093 1.889344 0.663107
v 0.737417 1.832143 0.707777
v -0.468750 0.629032 1.112919
v -0.468750 0.662963 1.121195
v -0.468750 0.350185 1.043960
v -0.468750 0.384493 1.051453
v 1.218750 0.016959 0.801885
v 0.823010 1.672254 -0.838573
v 0.655866 1.882733 -0.925093
v 0.712393 1.836357 -0.737417
v 0.496293 2.034366 -0.830479
v 0.566301 1.993295 -0.613598
v 0.311682 2.187484 -0.718703
v 0.381536 2.134970 -0.466107
v 0.083052 2.316541 -0.589131
v 0.160512 2.259465 -0.294025
v -0.149654 2.185603 -1.339131
v -0.123603 2.204284 -1.339131
v -0.336058 2.028495 -1.362178
v -0.313773 2.047293 -1.362178
v -0.501554 1.882744 -1.381766
v -0.481940 1.900528 -1.381766
v -0.639119 1.736791 -1.398030
v -0.623261 1.754974 -1.398030
v -0.815044 1.587287 -0.937500
v -0.829158 1.607868 -0.843750
v -1.086349 0.774313 -0.656250
v -0.989044 0.684127 -1.218750
v -1.021610 0.498339 -0.656250
v -0.982812 0.398819 -1.218750
v -0.813986 0.097066 -1.406250
v -0.842406 1.586982 0.000000
v -0.830756 1.588627 0.093750
v -0.872745 1.619487 -0.468750
v -0.873021 1.629897 -0.375000
v -0.791806 1.549794 -1.125000
v -0.803433 1.568546 -1.031250
v -0.869991 0.784440 0.931234
v -0.881015 1.044570 0.882244
v -0.871256 1.304701 0.833254
v -1.003726 0.130769 0.093750
v -0.994815 0.178361 0.000000
v -1.035996 0.157611 0.281250
v -0.928460 0.125591 -0.375000
v -0.944264 0.117628 -0.656250
v -0.951083 0.157294 -0.468750
v -0.902816 0.009205 -0.656250
v -0.916561 0.045382 -0.750000
v -0.903980 0.051721 -0.468750
v -0.798990 0.336315 0.866266
v -0.774495 0.267565 0.875523
v -0.823485 0.802695 0.851576
v -0.798990 0.733945 0.851241
v -0.896969 0.611315 0.846032
v -0.872474 0.542565 0.848416
v -0.931234 0.784440 0.839034
v -0.882244 1.044570 0.846388
v -0.950774 0.993190 0.833242
v 1.031250 0.171652 0.922589
v 0.843750 0.211323 0.929398
v 1.125000 0.196887 0.958049
v 0.656250 0.149377 0.881253
v 0.375000 0.130556 0.918606
v 0.468750 0.172542 0.920822
v 0.656250 0.051526 0.818824
v 0.468750 0.073991 0.859783
v 0.750000 0.084761 0.838407
v -0.093750 1.615430 0.867225
v 0.000000 1.610559 0.874487
v 0.375000 1.647697 0.897241
v 0.468750 1.633466 0.891767
v 0.656250 1.637974 0.842343
v 0.750000 1.627658 0.842198
v -0.874405 1.131576 0.798990
v -0.872458 1.062826 0.774495
v -0.865023 0.802695 0.823485
v -0.856734 0.733945 0.798990
v -0.848683 0.611315 0.896969
v -0.844175 0.542565 0.872474
v -0.857573 0.336315 0.798990
v -0.869652 0.267565 0.774495
v 1.031250 1.631742 0.889420
v 1.125000 1.628997 0.899574
v -0.093750 0.141564 0.982301
v -0.281250 0.174358 1.002760
v -0.000000 0.170979 1.009465
v -0.833254 1.304701 0.862790
v -0.798990 1.131576 0.862192
v -0.774495 1.062826 0.865858
v -0.974624 0.145433 -1.031250
v -0.981115 0.185264 -1.125000
v -0.963368 0.194207 -0.843750
v -0.883713 0.993190 0.950774
v -0.835590 1.622802 -0.750000
v -0.834821 1.632445 -0.656250
v -0.914285 0.266010 -1.359375
v -0.961023 0.547223 -1.359375
v -0.988839 0.825072 -1.359375
v -0.981656 0.967211 -1.359375
v -0.964846 1.109856 -1.359375
v -0.929267 1.252954 -1.359375
v -0.870266 1.395289 -1.359375
v -0.788589 1.537255 -1.359375
v -0.826785 1.491114 0.826785
v 1.359375 0.264335 0.919077
v 1.359375 0.542670 0.985726
v 1.359375 0.822106 1.036624
v 1.359375 0.971425 1.030933
v 1.359375 1.118378 1.007525
v 1.359375 1.264824 0.964709
v 1.359375 1.412052 0.904823
v 1.359375 1.560625 0.824688
v -0.791368 0.000707 -0.656250
v -1.032986 0.513900 0.609375
v -1.060313 0.796111 0.609375
v -1.055026 0.961020 0.609375
v -1.040382 1.111151 0.609375
v -1.019616 1.267204 0.609375
v -0.968337 1.424932 0.609375
v -0.881330 1.578045 0.609375
v 0.656250 0.012542 0.767879
v -0.609375 0.511609 1.043964
v -0.609375 0.786694 1.119113
v -0.609375 0.963367 1.122424
v -0.609375 1.119406 1.100790
v -0.609375 1.277878 1.060009
v -0.609375 1.432016 0.985669
v -0.609375 1.581840 0.888031
v -0.974054 0.245120 -0.234375
v -1.031411 0.534249 -0.234375
v -1.107861 0.817683 -0.234375
v -1.107185 0.977945 -0.234375
v -1.073633 1.131577 -0.234375
v -1.020576 1.283534 -0.234375
v -0.961119 1.439360 -0.234375
v -0.884295 1.599216 -0.234375
v -0.821895 0.695853 0.821895
v 0.234375 0.232250 1.010875
v 0.234375 0.518338 1.117734
v 0.234375 0.814024 1.166811
v 0.234375 0.981955 1.154076
v 0.234375 1.142316 1.127416
v 0.234375 1.303212 1.079334
v 0.234375 1.461617 1.007001
v 0.234375 1.617561 0.912633
v -0.984677 0.075714 0.093750
v -1.014322 0.374306 -0.515625
v -1.084186 0.651261 -0.515625
v -1.107869 0.891523 -0.515625
v -1.081626 1.044207 -0.515625
v -1.044899 1.197660 -0.515625
v -1.000733 1.355021 -0.515625
v -0.934807 1.514228 -0.515625
v -0.093750 0.095836 0.944742
v 0.515625 0.374480 1.013492
v 0.515625 0.647490 1.107735
v 0.515625 0.893129 1.153984
v 0.515625 1.053406 1.148943
v 0.515625 1.215693 1.113143
v 0.515625 1.372972 1.044656
v 0.515625 1.524343 0.952666
v -0.878305 0.970853 0.847980
v 0.140625 1.639672 0.872433
v 1.359375 0.680544 1.011415
v 0.515625 0.782672 1.144230
v 1.359375 0.404814 0.954086
v 0.515625 0.506786 1.067073
v 0.984375 0.107310 0.879198
v 0.468750 0.220718 0.953523
v -0.093750 0.004618 0.783607
v -0.847980 0.374408 0.860063
v -1.048689 0.674574 0.609375
v -1.047323 0.657165 0.609375
v -1.018934 0.391280 0.609375
v -1.017834 0.373573 0.609375
v -0.962021 0.044027 0.656250
v -0.927575 0.082935 -0.140625
v -0.974012 0.210394 -0.468750
v 0.234375 0.539320 1.122723
v 0.234375 0.658900 1.146565
v 0.234375 0.265173 1.021586
v 0.234375 0.381258 1.066955
v -0.851363 1.624187 -0.140625
v -0.976114 0.703826 -1.359375
v -1.087976 0.668283 -0.515625
v -0.942123 0.425247 -1.359375
v -1.018038 0.391467 -0.515625
v -0.975063 0.244767 -0.796875
v -1.005411 0.539042 -0.796875
v -1.060960 0.820595 -0.796875
v -1.059052 0.973829 -0.796875
v -1.040570 1.124976 -0.796875
v -1.002444 1.277461 -0.796875
v -0.941538 1.429862 -0.796875
v -0.858141 1.582283 -0.796875
v -0.834116 1.093483 0.834116
v 0.796875 0.252301 0.953507
v 0.796875 0.529362 1.057922
v 0.796875 0.816630 1.124832
v 0.796875 0.979459 1.124881
v 0.796875 1.137354 1.102567
v 0.796875 1.294224 1.052497
v 0.796875 1.444561 0.971841
v 0.796875 1.591386 0.872202
v -0.893747 0.035326 -0.281250
v -1.048931 0.438828 0.046875
v -1.086577 0.721392 0.046875
v -1.084790 0.926388 0.046875
v -1.046902 1.075752 0.046875
v -0.994431 1.222437 0.046875
v -0.935494 1.369933 0.046875
v -0.868432 1.523689 0.046875
v 0.281250 0.037786 0.888865
v -0.046875 0.422202 1.128591
v -0.046875 0.706746 1.178029
v -0.046875 0.929236 1.166592
v -0.046875 1.087954 1.136194
v -0.046875 1.248284 1.092247
v -0.046875 1.404261 1.019485
v -0.046875 1.550855 0.916400
v -1.055361 0.216701 0.328125
v -1.054099 0.530067 0.328125
v -1.065155 0.820335 0.328125
v -1.053370 0.973343 0.328125
v -1.025286 1.121924 0.328125
v -0.981189 1.270343 0.328125
v -0.924012 1.421360 0.328125
v -0.847890 1.575646 0.328125
v -0.835020 0.298223 0.835020
v -0.328125 0.225137 1.031226
v -0.328125 0.520234 1.107449
v -0.328125 0.814043 1.166514
v -0.328125 0.982387 1.159121
v -0.328125 1.141885 1.125258
v -0.328125 1.300698 1.071825
v -0.328125 1.453917 0.991127
v -0.328125 1.598169 0.882680
v -1.016075 0.146098 0.468750
v -1.011880 0.303071 -1.078125
v -1.015684 0.591719 -1.078125
v -1.008194 0.852385 -1.078125
v -0.996009 0.996217 -1.078125
v -0.982657 1.143101 -1.078125
v -0.947780 1.291803 -1.078125
v -0.879066 1.435609 -1.078125
v -0.468750 0.161051 0.986397
v 1.078125 0.305003 1.002626
v 1.078125 0.576309 1.111907
v 1.078125 0.857323 1.150014
v 1.078125 1.015486 1.137016
v 1.078125 1.177494 1.112817
v 1.078125 1.339386 1.064205
v 1.078125 1.495722 0.985210
v -0.845927 0.573223 0.847980
v 0.703125 1.621735 0.848027
v 0.796875 0.667272 1.094285
v 1.078125 0.713087 1.138435
v 0.796875 0.393670 1.007483
v 1.078125 0.436171 1.061660
v 0.421875 0.102558 0.888629
v 0.843750 0.162072 0.898829
v -0.468750 0.019789 0.924583
v -0.847980 0.772038 0.847853
v -1.079640 0.669618 0.046875
v -1.068105 0.583324 0.046875
v -1.042627 0.386335 0.046875
v -1.033938 0.298468 0.046875
v -0.956625 -0.039459 0.281250
v -0.930189 0.081617 -0.703125
v -0.948196 0.137198 -0.843750
v -0.328125 0.609230 1.126490
v -0.328125 0.660348 1.137520
v -0.328125 0.328898 1.060013
v -0.328125 0.379954 1.073202
v -0.842920 1.617982 -0.703125
v -1.048874 0.762686 -0.796875
v -1.012392 0.680387 -1.078125
v -0.995372 0.485878 -0.796875
v -1.012913 0.392537 -1.078125
v -0.834108 1.591091 0.234375
v -0.877084 1.622675 -0.328125
v -0.829838 1.587953 -0.890625
v -1.022034 0.121544 0.234375
v -1.022305 0.186061 0.093750
v -0.935875 0.143406 -0.281250
v -0.957676 0.153972 -0.609375
v -0.891681 0.014816 -0.515625
v -0.924838 0.062762 -0.656250
v -0.798990 0.236908 0.880957
v -0.798990 0.833353 0.856086
v -0.896969 0.511908 0.849145
v 1.171875 0.166182 0.933444
v 1.031250 0.221106 0.952754
v 0.281250 0.138220 0.946167
v 0.328125 0.158825 0.948044
v 0.796875 0.050173 0.821510
v 0.656250 0.101095 0.848761
v -0.234375 1.613799 0.865006
v 0.609375 1.616006 0.868009
v 0.515625 1.654103 0.864290
v -0.871375 1.230983 0.798990
v -0.849026 0.634538 0.798990
v -0.859617 0.710723 0.896969
v -0.850113 0.435723 0.798990
v 0.890625 1.618202 0.870998
v 0.046875 0.140631 0.984153
v -0.093750 0.187324 1.019798
v -0.798990 1.032168 0.862415
v -0.958996 0.153307 -0.890625
v -0.993117 0.200768 -1.031250
v -0.845736 1.640467 -0.515625
v -1.005692 0.234061 -1.078125
v -1.015887 0.537111 -1.078125
v -1.012162 0.823624 -1.078125
v -0.999162 0.968708 -1.078125
v -0.988106 1.114501 -1.078125
v -0.959098 1.262945 -1.078125
v -0.896780 1.408151 -1.078125
v -0.806024 1.548542 -1.078125
v -0.830053 1.292298 0.830053
v 1.078125 0.243617 0.978354
v 1.078125 0.522262 1.096443
v 1.078125 0.814980 1.151420
v 1.078125 0.980917 1.141938
v 1.078125 1.141040 1.121025
v 1.078125 1.303299 1.079595
v 1.078125 1.461376 1.006505
v 1.078125 1.615138 0.908890
v -0.878411 -0.000049 -0.468750
v -1.054059 0.473630 0.328125
v -1.059062 0.761055 0.328125
v -1.055131 0.943189 0.328125
v -1.030971 1.091720 0.328125
v -0.989157 1.240099 0.328125
v -0.935058 1.390543 0.328125
v -0.863550 1.544450 0.328125
v 0.468750 0.023705 0.831268
v -0.328125 0.465288 1.094030
v -0.328125 0.745696 1.154964
v -0.328125 0.946902 1.161760
v -0.328125 1.105679 1.133122
v -0.328125 1.265053 1.083592
v -0.328125 1.420802 1.009095
v -0.328125 1.567572 0.904378
v -1.024837 0.227370 0.046875
v -1.061701 0.528666 0.046875
v -1.097640 0.818318 0.046875
v -1.077159 0.975378 0.046875
v -1.033361 1.123536 0.046875
v -0.977918 1.269248 0.046875
v -0.917873 1.418383 0.046875
v -0.844193 1.573253 0.046875
v -0.821683 0.497038 0.821683
v -0.046875 0.221184 1.042534
v -0.046875 0.511050 1.157270
v -0.046875 0.813021 1.182964
v -0.046875 0.982418 1.159481
v -0.046875 1.142010 1.125883
v -0.046875 1.301621 1.074583
v -0.046875 1.453838 0.990965
v -0.046875 1.598302 0.882885
v -1.016566 0.102748 0.281250
v -0.980690 0.345453 -0.796875
v -1.020654 0.626179 -0.796875
v -1.060292 0.872033 -0.796875
v -1.052975 1.022146 -0.796875
v -1.028082 1.174160 -0.796875
v -0.982736 1.326877 -0.796875
v -0.914623 1.479272 -0.796875
v -0.281250 0.125620 0.971173
v 0.796875 0.343914 0.988068
v 0.796875 0.616367 1.081926
v 0.796875 0.874312 1.125754
v 0.796875 1.031100 1.118499
v 0.796875 1.189797 1.087257
v 0.796875 1.344876 1.026774
v 0.796875 1.492510 0.937998
v -0.863585 0.772038 0.847980
v 0.421875 1.650966 0.887800
v 1.078125 0.661502 1.130317
v 0.796875 0.752433 1.112900
v 1.078125 0.386986 1.039507
v 0.796875 0.476733 1.039190
v 0.703125 0.117872 0.858236
v 0.656250 0.196699 0.915650
v -0.281250 -0.006139 0.890497
v -0.847980 0.573223 0.848090
v -1.054135 0.673702 0.328125
v -1.053264 0.620957 0.328125
v -1.058052 0.383116 0.328125
v -1.060354 0.328827 0.328125
v -0.978694 -0.007476 0.468750
v -0.916127 0.088703 -0.421875
v -0.961896 0.173397 -0.656250
v -0.046875 0.567440 1.167283
v -0.046875 0.654245 1.175629
v -0.046875 0.290661 1.071344
v -0.046875 0.372617 1.108358
v -0.865582 1.634637 -0.421875
v -1.010896 0.733512 -1.078125
v -1.030737 0.677449 -0.796875
v -1.013221 0.446281 -1.078125
v -0.984339 0.398500 -0.796875
v -0.989961 0.239560 -0.515625
v -1.055092 0.529884 -0.515625
v -1.113799 0.817315 -0.515625
v -1.097240 0.977095 -0.515625
v -1.063491 1.129552 -0.515625
v -1.023906 1.284649 -0.515625
v -0.970715 1.444015 -0.515625
v -0.882921 1.598326 -0.515625
v -0.832273 0.894668 0.832273
v 0.515625 0.249342 0.961973
v 0.515625 0.526462 1.073656
v 0.515625 0.815044 1.150385
v 0.515625 0.982134 1.156170
v 0.515625 1.143961 1.135657
v 0.515625 1.303876 1.081316
v 0.515625 1.457456 0.998423
v 0.515625 1.608420 0.898513
v -0.929290 0.060519 -0.093750
v -1.002506 0.412645 -0.234375
v -1.073054 0.688301 -0.234375
v -1.110146 0.909437 -0.234375
v -1.090128 1.063514 -0.234375
v -1.043313 1.216297 -0.234375
v -0.985972 1.369776 -0.234375
v -0.919701 1.529199 -0.234375
v 0.093750 0.060644 0.929042
v 0.234375 0.397815 1.073563
v 0.234375 0.676115 1.149142
v 0.234375 0.911159 1.159594
v 0.234375 1.070241 1.139359
v 0.234375 1.231579 1.101146
v 0.234375 1.391386 1.038847
v 0.234375 1.548697 0.954128
v -1.012690 0.231616 0.609375
v -1.035979 0.533407 0.609375
v -1.063077 0.820464 0.609375
v -1.054608 0.973449 0.609375
v -1.039164 1.124695 0.609375
v -1.016826 1.282278 0.609375
v -0.962263 1.439915 0.609375
v -0.873423 1.592177 0.609375
v -0.855702 0.099408 0.855702
v -0.609375 0.240514 0.987230
v -0.609375 0.530853 1.049834
v -0.609375 0.816664 1.124293
v -0.609375 0.979181 1.121633
v -0.609375 1.136522 1.098399
v -0.609375 1.295020 1.054872
v -0.609375 1.447594 0.978093
v -0.609375 1.596084 0.879459
v -0.997811 0.198403 0.656250
v -0.918380 0.286713 -1.359375
v -0.962919 0.564912 -1.359375
v -0.988209 0.833855 -1.359375
v -0.980516 0.975955 -1.359375
v -0.962676 1.118765 -1.359375
v -0.925638 1.261965 -1.359375
v -0.865088 1.404168 -1.359375
v -0.656250 0.212645 0.969546
v 1.359375 0.285406 0.924644
v 1.359375 0.560741 0.988964
v 1.359375 0.835535 1.036459
v 1.359375 0.982624 1.029320
v 1.359375 1.129776 1.004347
v 1.359375 1.276034 0.960060
v 1.359375 1.423282 0.898839
v -0.847578 0.374408 0.847980
v 0.984375 1.641351 0.874717
v 0.515625 0.664353 1.112517
v 1.359375 0.697659 1.014616
v 0.515625 0.390946 1.020537
v 1.359375 0.421918 0.958077
v 0.140625 0.078038 0.937293
v 1.031250 0.122080 0.892656
v -0.656250 0.064474 0.921442
v -0.847980 0.970853 0.852418
v -1.067902 0.671498 -0.234375
v -1.035484 0.553291 -0.234375
v -0.998967 0.395447 -0.234375
v -0.979328 0.273993 -0.234375
v -0.805240 -0.006282 0.093750
v -0.945848 0.073727 -0.984375
v -0.954545 0.090896 -1.031250
v -0.609375 0.651239 1.084327
v -0.609375 0.668118 1.089003
v -0.609375 0.375386 1.009149
v -0.609375 0.392594 1.012639
v -0.800837 1.587053 -0.984375
v -1.110144 0.788131 -0.515625
v -0.974483 0.686458 -1.359375
v -1.049643 0.510424 -0.515625
v -0.939296 0.407901 -1.359375
v -0.845441 1.599420 -0.046875
v -0.859438 1.609706 -0.609375
v -0.780308 1.551551 -1.171875
v -0.971912 0.146799 -0.046875
v -0.967809 0.170418 -0.093750
v -0.928167 0.104187 -0.468750
v -0.942161 0.161790 -0.328125
v -0.904742 0.008235 -0.796875
v -0.914223 0.025009 -0.843750
v -0.798990 0.435723 0.855873
v -0.798990 0.634538 0.848372
v -0.896969 0.710723 0.843490
v 0.890625 0.177252 0.911473
v 1.218750 0.186178 0.936531
v 0.468750 0.123676 0.889488
v 0.609375 0.180244 0.905535
v 0.515625 0.044427 0.832913
v 0.843750 0.063966 0.836906
v 0.046875 1.618712 0.871691
v 0.328125 1.642647 0.904259
v 0.796875 1.636180 0.839903
v -0.875519 1.032168 0.798990
v -0.865857 0.833353 0.798990
v -0.842327 0.511908 0.896969
v -0.869111 0.236908 0.798990
v 1.171875 1.630290 0.887444
v -0.234375 0.142883 0.979684
v 0.093750 0.158454 0.991553
v -0.798990 1.230983 0.862908
v -0.953191 0.156232 -1.171875
v -0.941883 0.183481 -1.218750
v -0.826431 1.626278 -0.796875
v -0.964052 0.193862 -0.703125
v -0.965938 0.214463 -0.750000
v -0.971513 0.168551 -0.937500
v -0.983729 0.183947 -0.984375
v -0.960710 0.109341 -1.078125
v -0.960739 0.130878 -1.125000
v 0.140625 0.177386 0.996750
v 0.187500 0.197029 1.000538
v -0.187500 0.158777 0.990911
v -0.140625 0.173318 1.004825
v -0.046875 0.109663 0.960070
v 0.000000 0.124343 0.973708
v 0.890625 0.077666 0.852489
v 0.937500 0.092130 0.866555
v 0.562500 0.064374 0.836096
v 0.609375 0.083189 0.841527
v 0.703125 0.022481 0.790925
v 0.750000 0.035533 0.807793
v 0.375000 0.179538 0.949708
v 0.421875 0.200410 0.951056
v 0.562500 0.162724 0.897535
v 0.515625 0.143922 0.892079
v 0.750000 0.133041 0.870903
v 0.796875 0.147581 0.884818
v 1.265625 0.209334 0.933345
v 1.312500 0.234633 0.925906
v 0.937500 0.192853 0.923282
v 0.984375 0.207936 0.936119
v 1.078125 0.135692 0.908413
v 1.125000 0.149530 0.923721
v -0.899217 0.054121 -0.328125
v -0.905979 0.072265 -0.375000
v -0.904992 0.029660 -0.562500
v -0.916456 0.045435 -0.609375
v -0.859899 -0.012273 -0.703125
v -0.896220 -0.009022 -0.750000
v -0.950530 0.179124 -0.375000
v -0.961980 0.194906 -0.421875
v -0.940222 0.119664 -0.515625
v -0.950416 0.136079 -0.562500
v -0.928074 0.104234 -0.187500
v -0.930881 0.124371 -0.234375
v -1.026842 0.162224 0.421875
v -1.037497 0.178407 0.375000
v -1.025285 0.141457 0.187500
v -1.025199 0.163052 0.140625
v -0.981133 0.099050 0.046875
v -0.976624 0.122874 0.000000
v -0.965326 0.193220 -0.140625
v -0.965672 0.214596 -0.187500
v -0.934378 0.101058 -0.750000
v -0.940086 0.119733 -0.796875
v -0.924348 0.041458 -0.890625
v -0.935182 0.057550 -0.937500
v 0.703125 0.212426 0.927208
v 0.750000 0.228068 0.938935
v 0.187500 0.097105 0.942223
v 0.234375 0.117503 0.944511
v 0.328125 0.059430 0.888681
v 0.375000 0.080896 0.888849
v -0.421875 0.175450 1.000592
v -0.375000 0.190744 1.013011
v -0.930077 0.210981 -1.265625
v -0.920123 0.237548 -1.312500
vn -0.5774 -0.5773 0.5774
vn -0.5774 0.5773 0.5773
vn 0.5212 -0.3037 -0.7976
vn 0.6006 0.1522 -0.7849
vn -0.5774 -0.5773 -0.5773
vn 0.6740 0.2079 -0.7089
vn 0.7797 0.1129 -0.6159
vn 0.6265 0.1261 -0.7692
vn -0.5774 0.5774 -0.5773
vn 0.6458 -0.0464 -0.7621
vn 0.6308 -0.1599 -0.7593
vn 0.7602 0.0957 -0.6426
vn 0.5773 -0.5774 0.5774
vn 0.6229 -0.2935 -0.7251
vn 0.6252 -0.4041 -0.6677
vn 0.8116 0.0064 -0.5841
vn 0.6306 -0.4599 -0.6252
vn 0.5772 0.5774 0.5774
vn 0.7429 -0.4398 -0.5046
vn 0.7941 -0.0729 -0.6033
vn 0.7158 -0.6053 -0.3482
vn 0.5773 -0.5774 -0.5773
vn 0.8030 -0.0753 -0.5912
vn 0.6697 -0.6619 -0.3368
vn 0.6658 -0.6570 -0.3537
vn 0.5773 0.5774 -0.5773
vn 0.7896 -0.1638 -0.5914
vn 0.5545 -0.8310 -0.0439
vn 0.7224 -0.3296 -0.6078
vn 0.6411 -0.7465 0.1781
vn 0.6531 -0.5857 0.4801
vn 0.6398 -0.4636 -0.6129
vn 0.5246 -0.4422 -0.7275
vn 0.6395 -0.5048 0.5798
vn 0.4125 -0.5980 -0.6871
vn 0.5917 -0.4190 0.6887
vn 0.4542 -0.6370 -0.6229
vn 0.4425 -0.6563 -0.6111
vn 0.1325 -0.8500 -0.5099
vn -0.2695 -0.7197 -0.6399
vn -0.5368 -0.5399 -0.6484
vn -0.6149 -0.3914 -0.6846
vn -0.7047 -0.3387 -0.6234
vn -0.9802 -0.0560 -0.1898
vn 0.0674 -0.2288 -0.9711
vn 0.6845 0.0335 -0.7282
vn 0.6853 -0.0609 -0.7257
vn 0.6767 -0.1315 -0.7244
vn 0.6241 -0.3041 -0.7197
vn 0.6592 -0.2181 -0.7197
vn 0.7320 0.1244 -0.6699
vn 0.4482 -0.6043 -0.6588
vn -0.0040 -0.5983 -0.8012
vn -0.4893 -0.5831 -0.6485
vn -0.4331 -0.6064 -0.6668
vn 0.5496 -0.4419 -0.7090
vn 0.5117 -0.5091 -0.6921
vn 0.4696 -0.5547 -0.6868
vn 0.5837 -0.3755 -0.7199
vn 0.6903 0.2539 -0.6776
vn 0.7291 -0.4172 -0.5426
vn -0.6383 -0.4001 -0.6576
vn -0.5735 -0.4872 -0.6586
vn -0.7221 -0.4274 -0.5440
vn -0.5397 -0.5319 -0.6526
vn -0.7136 -0.1433 -0.6858
vn -0.7147 0.0493 -0.6977
vn -0.7291 -0.0628 -0.6816
vn -0.6605 0.2304 -0.7146
vn -0.7119 0.1301 -0.6901
vn -0.6928 -0.2272 -0.6844
vn -0.6680 -0.3161 -0.6737
vn 0.6428 -0.5836 -0.4962
vn 0.6340 -0.6265 -0.4533
vn 0.8212 -0.5706 0.0046
vn 0.6377 -0.5500 0.5393
vn 0.6682 -0.5722 0.4755
vn 0.6752 -0.5969 0.4334
vn 0.5804 -0.4389 0.6859
vn 0.6000 -0.3355 0.7263
vn 0.6506 -0.1376 0.7469
vn 0.6895 0.0539 0.7223
vn 0.6636 -0.0563 0.7460
vn 0.6928 0.1339 0.7086
vn 0.6282 -0.2318 0.7428
vn 0.6029 -0.5285 0.5976
vn 0.5990 -0.0695 -0.7977
vn 0.6112 0.0525 -0.7898
vn 0.6660 0.2642 -0.6976
vn 0.6196 -0.2544 -0.7426
vn 0.6087 0.1478 -0.7795
vn 0.6087 -0.1600 -0.7771
vn 0.6196 -0.5226 -0.5857
vn 0.6038 -0.4193 -0.6779
vn 0.7162 0.2280 0.6596
vn 0.5403 -0.4251 0.7262
vn 0.5473 -0.4231 -0.7221
vn 0.6451 -0.5396 -0.5410
vn 0.6209 -0.3412 -0.7057
vn -0.6714 -0.3137 0.6714
vn 0.6218 -0.5068 -0.5971
vn 0.5156 -0.6900 -0.5081
vn 0.4692 -0.7778 0.4182
vn 0.8362 -0.5173 0.1823
vn 0.2560 -0.9463 -0.1976
vn 0.3388 -0.8079 0.4823
vn 0.2145 -0.9372 -0.2749
vn 0.3599 -0.8880 0.2861
vn 0.3892 -0.8586 -0.3338
vn 0.4486 -0.8908 0.0715
vn 0.1948 -0.9792 -0.0567
vn -0.1475 -0.9504 -0.2739
vn -0.2203 -0.9191 0.3266
vn -0.1941 -0.8919 -0.4084
vn -0.4738 -0.8605 0.1871
vn -0.2600 -0.8274 -0.4978
vn -0.6129 -0.7839 0.0992
vn -0.2962 -0.6176 -0.7286
vn -0.5917 -0.7652 0.2538
vn -0.0608 -0.6138 -0.7871
vn -0.5925 -0.5486 0.5899
vn -0.5315 -0.5165 0.6714
vn -0.5520 -0.3195 0.7702
vn -0.6103 -0.1921 0.7685
vn -0.6669 -0.0933 0.7393
vn -0.6874 0.1658 0.7071
vn -0.6508 0.2847 0.7038
vn -0.5987 0.4782 0.6426
vn 0.7481 0.1487 -0.6467
vn 0.6850 0.3509 -0.6385
vn -0.6508 0.3294 -0.6841
vn -0.7144 0.1490 -0.6837
vn -0.7212 0.1198 -0.6823
vn -0.5632 -0.5100 -0.6502
vn -0.5164 -0.5709 -0.6383
vn -0.4586 -0.6090 -0.6471
vn -0.4297 -0.6218 -0.6548
vn 0.4308 -0.6387 -0.6376
vn 0.4624 -0.5831 -0.6680
vn 0.4935 -0.5431 -0.6793
vn 0.5389 -0.4871 -0.6873
vn 0.7200 0.1027 -0.6863
vn 0.6812 0.3272 0.6549
vn 0.6531 0.3539 -0.6695
vn 0.6117 0.1686 -0.7730
vn 0.5940 0.1326 -0.7934
vn 0.6320 -0.5254 -0.5697
vn 0.6354 -0.5728 -0.5179
vn 0.6294 -0.6147 -0.4754
vn 0.6387 -0.6499 -0.4120
vn 0.6661 -0.6206 0.4138
vn 0.6662 -0.5924 0.4530
vn 0.6442 -0.5743 0.5052
vn 0.6147 -0.5379 0.5769
vn 0.6787 0.1226 0.7242
vn 0.6886 0.1467 0.7101
vn -0.0283 -0.4379 0.8986
vn -0.8989 -0.4381 0.0048
vn -0.0489 -0.1717 -0.9839
vn 0.0800 -0.2803 -0.9566
vn 0.9766 -0.1368 -0.1660
vn 0.9336 -0.1408 0.3295
vn 0.9554 0.2901 -0.0550
vn 0.5187 0.5245 -0.6751
vn 0.9639 0.2544 -0.0787
vn 0.7667 0.0715 -0.6380
vn 0.9959 0.0862 -0.0274
vn 0.7927 0.0693 -0.6057
vn 0.9873 -0.1558 0.0310
vn 0.9639 -0.2642 0.0334
vn 0.9527 -0.3039 -0.0097
vn 0.9286 -0.3697 -0.0312
vn 0.8141 -0.5806 0.0116
vn 0.9322 -0.3324 -0.1433
vn 0.7421 -0.6610 0.1111
vn 0.3714 -0.8782 -0.3015
vn 0.6582 -0.7395 0.1410
vn 0.4386 -0.5014 -0.7458
vn 0.6845 -0.7274 0.0484
vn 0.3178 -0.8103 0.4923
vn 0.6844 -0.7235 0.0897
vn 0.3682 -0.8120 0.4529
vn 0.5597 -0.8190 0.1263
vn 0.4081 -0.6261 -0.6644
vn 0.2607 -0.9301 -0.2588
vn 0.6156 -0.7836 0.0839
vn 0.4310 -0.8914 0.1406
vn 0.6082 -0.7718 0.1854
vn 0.4701 -0.6249 -0.6233
vn 0.2646 -0.9268 -0.2666
vn 0.1166 -0.9834 0.1393
vn 0.4047 -0.9062 0.1226
vn 0.2134 -0.9745 0.0694
vn 0.4277 -0.6675 -0.6095
vn 0.4391 -0.8194 -0.3685
vn -0.1201 -0.9610 0.2491
vn -0.4834 -0.8606 0.1602
vn -0.4751 -0.8799 0.0045
vn -0.1470 -0.7608 -0.6321
vn -0.0569 -0.9422 -0.3301
vn -0.5775 -0.8161 0.0211
vn -0.3455 -0.8861 0.3088
vn -0.6358 -0.7712 0.0322
vn -0.4007 -0.6286 -0.6666
vn -0.2497 -0.9303 -0.2687
vn -0.6974 -0.7150 -0.0491
vn -0.5830 -0.8034 0.1208
vn -0.8494 -0.4867 0.2040
vn -0.5988 -0.4310 -0.6750
vn -0.1925 -0.8365 -0.5131
vn -0.5821 -0.3653 -0.7264
vn -0.5164 -0.6147 -0.5962
vn -0.6578 -0.7367 0.1565
vn -0.8162 -0.5730 0.0741
vn -0.5779 -0.6568 0.4844
vn -0.8939 -0.4117 0.1772
vn -0.9395 -0.3042 0.1576
vn -0.9665 -0.2327 0.1081
vn -0.9755 -0.2064 0.0759
vn -0.9902 -0.1128 0.0819
vn -0.9938 0.0712 0.0853
vn -0.6616 0.2935 0.6901
vn -0.9821 0.1865 0.0252
vn -0.6461 0.2780 0.7108
vn -0.9500 0.3110 0.0268
vn -0.5183 0.6688 0.5330
vn -0.6588 -0.0724 0.7488
vn 0.2409 -0.7886 -0.5658
vn 0.6343 0.5190 -0.5729
vn -0.1819 0.4471 -0.8758
vn 0.6526 0.1320 -0.7461
vn -0.1542 0.3055 -0.9396
vn 0.6484 0.2300 -0.7257
vn -0.0563 0.0664 -0.9962
vn 0.0088 -0.0956 -0.9954
vn 0.0259 -0.2142 -0.9765
vn 0.0031 -0.3639 -0.9315
vn -0.0397 -0.4667 -0.8835
vn -0.0715 -0.5776 -0.8132
vn -0.0449 -0.6781 -0.7336
vn 0.7696 -0.5030 -0.3934
vn -0.0884 -0.7760 -0.6246
vn -0.0299 -0.6274 -0.7781
vn 0.6953 -0.6423 -0.3226
vn -0.0503 -0.8208 -0.5690
vn 0.0706 -0.7176 -0.6929
vn 0.6777 -0.6449 -0.3532
vn -0.1326 -0.8613 -0.4905
vn 0.1017 -0.8315 -0.5461
vn 0.6599 -0.6773 -0.3254
vn 0.0475 -0.9939 -0.0996
vn 0.0527 -0.9936 0.1001
vn 0.6366 -0.7525 0.1691
vn -0.0443 -0.9172 0.3961
vn 0.0486 -0.7896 0.6117
vn 0.6717 -0.6818 0.2899
vn -0.0706 -0.7437 0.6648
vn 0.0903 -0.7847 0.6133
vn 0.6447 -0.5017 0.5768
vn -0.0834 -0.6358 0.7673
vn 0.0780 -0.7678 0.6359
vn 0.7079 -0.4695 0.5277
vn 0.0395 -0.6314 0.7744
vn -0.0740 -0.5049 0.8600
vn -0.1299 -0.2841 0.9499
vn -0.1307 -0.1349 0.9822
vn -0.0955 -0.0916 0.9912
vn -0.0897 -0.0181 0.9958
vn -0.0826 0.1255 0.9887
vn -0.0680 0.1963 0.9782
vn -0.0674 0.2951 0.9531
vn 0.7914 0.5583 0.2489
vn 0.7034 0.6832 0.1963
vn 0.9688 0.2402 -0.0611
vn 0.9713 0.2276 -0.0686
vn 0.9979 -0.0636 0.0081
vn 0.9743 -0.2218 0.0393
vn 0.9573 -0.2887 0.0131
vn 0.9460 -0.3230 -0.0261
vn 0.8899 -0.4557 -0.0180
vn 0.6729 -0.7300 -0.1195
vn 0.7618 -0.6278 0.1594
vn 0.7853 -0.6091 0.1108
vn 0.7581 -0.6507 0.0430
vn 0.7258 -0.6875 0.0243
vn 0.6928 -0.7206 0.0290
vn 0.5415 -0.8398 0.0395
vn 0.6528 -0.7535 0.0774
vn 0.5877 -0.7918 0.1666
vn 0.5966 -0.7997 0.0676
vn 0.6201 -0.7709 0.1459
vn -0.4336 -0.8913 0.1323
vn -0.3365 -0.9404 0.0484
vn -0.4987 -0.8640 0.0686
vn -0.5524 -0.8330 0.0317
vn -0.6437 -0.7646 -0.0341
vn -0.6828 -0.7295 -0.0402
vn -0.8455 -0.5291 -0.0722
vn -0.7633 -0.6453 0.0292
vn -0.8585 -0.4707 0.2033
vn -0.9071 -0.3689 0.2025
vn -0.9508 -0.2755 0.1420
vn -0.9708 -0.2240 0.0855
vn -0.9832 -0.1652 0.0777
vn -0.9954 -0.0429 0.0860
vn -0.9818 0.1779 0.0670
vn -0.9788 0.2031 0.0283
vn -0.8601 0.5091 0.0327
vn 0.1738 0.0187 -0.9846
vn 0.0953 -0.1029 -0.9901
vn 0.1960 -0.0263 -0.9803
vn 0.1014 0.0425 -0.9939
vn 0.2198 0.0716 -0.9729
vn 0.2151 0.0411 -0.9757
vn -0.6132 -0.1708 -0.7713
vn 0.1094 0.2480 -0.9626
vn 0.0874 0.0335 -0.9956
vn 0.1312 0.0431 -0.9904
vn 0.1216 0.0177 -0.9924
vn 0.1541 -0.0034 -0.9881
vn 0.1463 -0.1494 -0.9779
vn 0.1833 -0.2432 -0.9525
vn 0.1703 -0.0856 -0.9817
vn 0.0346 0.7578 -0.6516
vn -0.0437 0.6155 -0.7869
vn -0.1661 0.3700 -0.9141
vn -0.1161 0.2088 -0.9710
vn -0.0183 -0.0425 -0.9989
vn 0.0225 -0.1455 -0.9891
vn 0.0187 -0.2910 -0.9565
vn -0.0166 -0.4240 -0.9055
vn -0.0543 -0.5118 -0.8574
vn -0.1440 -0.6198 -0.7715
vn -0.1019 -0.5004 -0.8598
vn 0.0410 -0.9991 -0.0077
vn -0.0302 -0.6736 -0.7385
vn -0.0815 -0.6935 -0.7158
vn 0.0100 -0.8438 -0.5366
vn -0.0620 -0.6149 -0.7862
vn -0.0320 -0.8449 -0.5339
vn 0.0805 -0.8000 -0.5945
vn -0.0820 -0.8573 -0.5082
vn 0.0332 -0.9139 -0.4045
vn -0.0074 -0.9220 0.3871
vn -0.0124 -0.8111 0.5847
vn -0.0686 -0.8778 0.4740
vn 0.0666 -0.8178 0.5716
vn 0.0001 -0.6836 0.7299
vn 0.0481 -0.7839 0.6190
vn -0.0310 -0.6391 0.7685
vn 0.0098 -0.7176 0.6964
vn -0.1124 -0.5688 0.8148
vn -0.1716 -0.4035 0.8987
vn -0.1844 -0.2021 0.9619
vn -0.1327 -0.1176 0.9842
vn -0.0979 -0.0694 0.9928
vn -0.0887 0.0275 0.9957
vn -0.0699 0.2077 0.9757
vn -0.0670 0.1801 0.9814
vn -0.0449 0.5016 0.8639
vn 0.7544 -0.1870 0.6292
vn 0.9898 -0.0929 -0.1082
vn 0.9948 -0.0416 -0.0931
vn 0.9822 0.1286 -0.1368
vn 0.9809 -0.0733 -0.1799
vn 0.9966 -0.0487 0.0671
vn 0.9976 0.0005 0.0700
vn 0.9940 0.0840 -0.0703
vn 0.9898 0.0104 -0.1420
vn 0.9961 -0.0314 -0.0821
vn 0.9879 -0.0776 -0.1345
vn 0.9887 -0.1238 -0.0843
vn 0.9640 -0.2196 -0.1502
vn 0.9626 -0.2604 -0.0746
vn 0.9766 -0.1876 -0.1046
vn 0.0976 -0.4193 0.9026
vn -0.8978 -0.4341 -0.0740
vn -0.0173 -0.1364 -0.9905
vn -0.2116 -0.3781 -0.9013
vn 0.8456 -0.3091 0.4351
vn 0.8879 -0.0836 -0.4524
vn 0.9763 0.1736 -0.1290
vn 0.9968 0.0687 -0.0412
vn 0.9850 0.0376 0.1686
vn 0.9766 -0.0403 0.2111
vn 0.9727 -0.1287 0.1932
vn 0.9437 -0.2873 0.1641
vn 0.8744 -0.4538 0.1717
vn 0.8240 -0.5249 0.2132
vn 0.1676 0.9776 0.1274
vn 0.6908 -0.6845 0.2330
vn 0.6227 -0.7638 0.1698
vn 0.6222 -0.7650 0.1661
vn 0.6089 -0.7849 0.1148
vn 0.5746 -0.8160 0.0637
vn 0.0217 -0.9972 -0.0714
vn 0.1966 -0.9768 -0.0851
vn -0.5378 -0.8402 -0.0691
vn -0.4720 -0.8790 0.0679
vn -0.6446 -0.7634 0.0407
vn -0.7137 -0.6974 0.0654
vn -0.8084 -0.5885 0.0118
vn -0.8985 -0.4334 -0.0693
vn -0.9486 -0.3158 0.0205
vn -0.9706 -0.2262 0.0820
vn -0.9783 -0.1921 0.0775
vn -0.9942 -0.0988 0.0417
vn -0.9954 0.0953 0.0092
vn -0.9765 0.2127 -0.0339
vn -0.9609 0.2747 -0.0353
vn -0.6579 -0.0100 0.7530
vn 0.0353 0.3314 0.9428
vn 0.0879 0.4063 -0.9095
vn 0.1313 0.3224 -0.9374
vn 0.0903 0.1022 -0.9907
vn 0.0564 -0.0455 -0.9974
vn 0.0624 -0.1720 -0.9831
vn 0.0991 -0.3571 -0.9288
vn 0.1357 -0.5106 -0.8490
vn 0.1516 -0.5798 -0.8006
vn 0.1121 -0.6199 -0.7766
vn -0.0539 -0.6130 -0.7883
vn -0.0316 -0.7992 -0.6003
vn -0.0564 -0.8631 -0.5018
vn 0.0580 -0.8942 -0.4439
vn 0.1857 -0.9796 -0.0764
vn -0.0743 -0.9971 -0.0141
vn 0.0751 -0.9087 0.4106
vn -0.1361 -0.8117 0.5680
vn -0.0554 -0.8040 0.5921
vn 0.0496 -0.7478 0.6621
vn 0.0982 -0.6164 0.7813
vn 0.2206 -0.4375 0.8718
vn 0.2084 -0.2883 0.9346
vn 0.1158 -0.1501 0.9819
vn 0.0463 -0.0992 0.9940
vn 0.0009 -0.0366 0.9993
vn -0.0234 0.1188 0.9926
vn -0.0154 0.1882 0.9820
vn 0.0225 0.3148 0.9489
vn 0.8339 0.4075 0.3721
vn 0.5763 0.8092 -0.1146
vn 0.9989 0.0450 0.0122
vn 0.9908 0.0799 -0.1091
vn 0.9889 -0.1117 -0.0983
vn 0.9716 -0.2322 -0.0457
vn 0.9441 -0.3298 -0.0036
vn 0.9252 -0.3789 0.0178
vn 0.8976 -0.4404 0.0167
vn -0.3610 -0.9256 -0.1142
vn 0.8064 -0.5913 0.0003
vn 0.7502 -0.6242 0.2181
vn 0.7683 -0.6391 0.0368
vn 0.6494 -0.7605 0.0073
vn 0.6704 -0.7420 0.0017
vn 0.6552 -0.7541 0.0456
vn 0.5678 -0.8228 0.0246
vn 0.5594 -0.8285 0.0278
vn -0.5667 -0.8198 0.0828
vn -0.3071 -0.9511 -0.0319
vn -0.4565 -0.8647 0.2097
vn -0.5867 -0.8097 -0.0089
vn -0.5748 -0.7256 0.3783
vn -0.6945 -0.5802 0.4256
vn -0.7948 -0.5256 0.3034
vn -0.8702 -0.4494 0.2022
vn -0.9287 -0.3457 0.1342
vn -0.9654 -0.2451 0.0889
vn -0.9858 -0.1431 0.0882
vn -0.9940 -0.0285 0.1054
vn -0.9787 0.2052 -0.0022
vn -0.9773 0.2084 -0.0391
vn -0.9094 0.4144 -0.0353
vn -0.9060 0.0741 -0.4167
vn 0.1854 -0.0452 -0.9816
vn 0.0301 0.1481 -0.9885
vn -0.0384 -0.0484 -0.9981
vn -0.6347 0.6996 -0.3283
vn 0.0090 0.9738 -0.2273
vn -0.0189 -0.0447 -0.9988
vn -0.0953 0.0145 -0.9953
vn 0.0397 -0.0916 -0.9950
vn 0.0033 0.0355 -0.9994
vn 0.1395 -0.1745 -0.9747
vn -0.0910 0.1267 -0.9878
vn 0.1171 -0.1221 -0.9856
vn -0.1263 0.7857 -0.6055
vn -0.0121 0.7397 -0.6729
vn 0.1553 0.2866 -0.9454
vn 0.1008 0.0986 -0.9900
vn 0.0200 -0.1128 -0.9934
vn 0.0026 -0.2201 -0.9755
vn 0.0085 -0.3088 -0.9511
vn 0.0007 -0.4635 -0.8861
vn -0.0022 -0.5874 -0.8093
vn 0.1157 -0.5825 -0.8045
vn -0.4013 -0.5304 -0.7468
vn 0.0008 -0.9359 0.3522
vn -0.3877 -0.6533 -0.6503
vn -0.4332 -0.6431 -0.6315
vn 0.0932 -0.8202 -0.5644
vn -0.4545 -0.6954 -0.5567
vn -0.0051 -0.8883 -0.4592
vn -0.2839 -0.9062 -0.3133
vn 0.0138 -0.9126 0.4086
vn -0.2104 -0.8234 0.5270
vn 0.0353 -0.8872 0.4600
vn -0.2896 -0.7851 0.5475
vn -0.3491 -0.7531 0.5577
vn -0.4258 -0.6674 0.6110
vn -0.3955 -0.5527 0.7336
vn 0.1969 -0.3707 0.9077
vn 0.1217 -0.1893 0.9743
vn 0.0331 -0.1048 0.9939
vn 0.0097 -0.0844 0.9964
vn -0.0151 0.0201 0.9997
vn -0.0483 0.1795 0.9826
vn -0.0558 0.1883 0.9805
vn -0.0504 0.5146 0.8559
vn 0.9917 -0.1210 -0.0440
vn 0.9859 0.0654 -0.1542
vn 0.9797 0.0025 -0.2007
vn 0.9950 -0.0725 0.0690
vn 0.9943 0.0919 0.0548
vn 0.5088 0.8609 -0.0021
vn 0.9986 0.0172 0.0492
vn 0.9944 -0.0825 0.0663
vn 0.9983 -0.0303 -0.0503
vn 0.9892 -0.1461 0.0079
vn 0.9609 -0.2632 -0.0862
vn 0.9739 -0.2211 -0.0521
vn 0.9679 -0.1931 -0.1609
vn -0.0087 -0.4518 0.8921
vn -0.8897 -0.4558 0.0271
vn 0.8141 -0.0405 -0.5793
vn -0.0975 -0.2389 -0.9661
vn 0.4231 -0.0782 0.9027
vn -0.9172 -0.0677 -0.3927
vn 0.9664 0.2333 0.1078
vn 0.9986 0.0446 -0.0290
vn 0.9934 -0.0109 -0.1140
vn 0.9801 -0.1811 -0.0810
vn 0.9565 -0.2903 -0.0290
vn 0.9323 -0.3617 0.0065
vn 0.9155 -0.4017 0.0204
vn 0.8790 -0.4763 0.0206
vn 0.9418 0.3119 0.1250
vn 0.8177 -0.5756 -0.0081
vn 0.7264 -0.6873 -0.0010
vn 0.6337 -0.7734 -0.0178
vn 0.6523 -0.7579 -0.0088
vn 0.5766 -0.8076 0.1238
vn 0.0169 -0.9987 0.0475
vn 0.1518 -0.9875 0.0433
vn -0.4248 -0.8912 0.1588
vn -0.4715 -0.8818 0.0132
vn -0.5171 -0.7991 0.3065
vn -0.6492 -0.6412 0.4091
vn -0.7580 -0.5236 0.3890
vn -0.8428 -0.4775 0.2482
vn -0.9077 -0.3833 0.1710
vn -0.9525 -0.2861 0.1049
vn -0.9767 -0.1982 0.0823
vn -0.9912 -0.0865 0.1000
vn -0.9910 0.0780 0.1091
vn -0.9791 0.1784 0.0982
vn -0.9401 0.3288 0.0904
vn -0.7451 0.0470 0.6653
vn -0.0157 -0.5561 -0.8310
vn 0.0418 0.4431 -0.8955
vn 0.1736 0.2223 -0.9594
vn 0.0626 -0.0115 -0.9980
vn 0.0063 -0.1774 -0.9841
vn 0.0035 -0.2626 -0.9649
vn 0.0063 -0.3801 -0.9249
vn -0.0029 -0.5378 -0.8430
vn 0.0060 -0.6071 -0.7946
vn -0.4127 -0.5992 -0.6860
vn -0.3759 -0.6770 -0.6327
vn -0.4473 -0.6516 -0.6127
vn 0.0050 -0.8618 -0.5072
vn -0.3699 -0.7801 -0.5046
vn -0.0137 -0.9993 -0.0360
vn -0.1837 -0.9759 0.1174
vn -0.0192 -0.9379 0.3464
vn -0.2115 -0.8224 0.5281
vn -0.3077 -0.7787 0.5468
vn -0.3787 -0.7300 0.5689
vn -0.4336 -0.5689 0.6988
vn -0.3754 -0.4847 0.7900
vn -0.3433 -0.3365 0.8768
vn -0.2537 -0.2237 0.9411
vn -0.1787 -0.1393 0.9740
vn -0.1365 -0.0493 0.9894
vn -0.0976 0.0964 0.9905
vn -0.0348 0.1940 0.9804
vn -0.0690 0.3190 0.9452
vn 0.5673 0.8155 0.1145
vn 0.9573 0.2794 -0.0738
vn 0.9929 0.0230 -0.1166
vn 0.9983 0.0578 0.0081
vn 0.9814 -0.0341 0.1892
vn 0.9757 -0.0663 0.2088
vn 0.9637 -0.1971 0.1801
vn 0.9111 -0.3794 0.1610
vn 0.8373 -0.5146 0.1846
vn 0.7624 -0.6437 0.0668
vn 0.7563 -0.6147 0.2241
vn 0.8266 -0.5627 0.0083
vn 0.6161 -0.7504 0.2392
vn 0.5996 -0.7800 0.1792
vn 0.6266 -0.7607 0.1692
vn 0.5171 -0.8445 0.1393
vn 0.5717 -0.8101 0.1300
vn 0.6260 -0.7744 0.0923
vn -0.4741 -0.8796 -0.0383
vn -0.3335 -0.9412 0.0539
vn -0.5755 -0.8144 0.0747
vn -0.5685 -0.8226 -0.0074
vn -0.6699 -0.7373 0.0875
vn -0.7614 -0.6478 0.0272
vn -0.8752 -0.4826 -0.0324
vn -0.9331 -0.3586 0.0278
vn -0.9629 -0.2546 0.0898
vn -0.9744 -0.2035 0.0954
vn -0.9874 -0.1489 0.0546
vn -0.9997 -0.0188 0.0170
vn -0.9814 0.1649 0.0980
vn -0.9741 0.2068 0.0910
vn -0.8570 0.5111 0.0653
vn 0.1118 -0.0011 -0.9937
vn -0.7403 0.4038 -0.5374
vn 0.2286 -0.0347 -0.9729
vn 0.1630 0.0574 -0.9850
vn 0.1252 0.0348 -0.9915
vn -0.0172 0.0144 -0.9997
vn 0.0007 0.0186 -0.9998
vn 0.0522 -0.0568 -0.9970
vn 0.0714 0.0288 -0.9970
vn 0.1224 -0.0958 -0.9878
vn 0.1805 -0.1655 -0.9696
vn 0.1561 -0.2551 -0.9542
vn 0.0896 -0.1009 -0.9909
vn 0.0228 0.4660 -0.8845
vn -0.3423 0.5310 -0.7751
vn 0.1052 0.3433 -0.9333
vn 0.1309 0.2615 -0.9563
vn 0.0767 0.0054 -0.9970
vn 0.0546 -0.1021 -0.9933
vn 0.0759 -0.2556 -0.9638
vn 0.1137 -0.4434 -0.8891
vn 0.1437 -0.5459 -0.8254
vn -0.3769 -0.5718 -0.7286
vn 0.1442 -0.5661 -0.8116
vn -0.0110 -0.7848 -0.6197
vn 0.0742 -0.6639 -0.7441
vn -0.0290 -0.6607 -0.7501
vn -0.1331 -0.8252 -0.5490
vn -0.0251 -0.8095 -0.5865
vn -0.0347 -0.8371 -0.5459
vn 0.0937 -0.9126 -0.3979
vn 0.0703 -0.9209 0.3833
vn -0.0820 -0.8359 0.5428
vn -0.0925 -0.8378 0.5381
vn -0.0343 -0.8033 0.5946
vn 0.0666 -0.7848 0.6162
vn 0.1207 -0.6661 0.7360
vn 0.1698 -0.5101 0.8432
vn -0.3745 -0.4095 0.8319
vn -0.3095 -0.2932 0.9046
vn -0.2174 -0.1953 0.9563
vn -0.1607 -0.0988 0.9820
vn -0.1217 -0.0038 0.9926
vn -0.0291 0.2080 0.9777
vn -0.0219 0.1932 0.9809
vn 0.0168 0.4325 0.9015
vn 0.4390 0.6909 0.5744
vn 0.9614 0.2745 -0.0157
vn 0.2859 0.7438 0.6042
vn 0.9995 0.0085 0.0313
vn 0.3903 0.0134 0.9206
vn 0.9933 0.1142 -0.0174
vn 0.9981 -0.0529 0.0305
vn 0.9955 -0.0243 -0.0914
vn 0.9927 -0.1193 -0.0159
vn 0.9710 -0.1689 -0.1689
vn 0.9719 -0.2279 -0.0595
vn 0.9430 -0.3122 -0.1156
vn 0.9825 -0.1756 -0.0618
vn 0.9874 -0.1526 -0.0421
vn 0.9896 -0.1418 -0.0237
vn 0.9765 -0.2056 -0.0643
vn 0.9805 -0.1845 -0.0682
vn 0.9770 -0.2060 -0.0559
vn 0.9488 -0.2876 -0.1309
vn 0.9470 -0.2911 -0.1356
vn 0.9965 -0.0833 0.0105
vn 0.9977 -0.0592 0.0325
vn 0.9901 -0.0878 -0.1091
vn 0.9810 -0.1323 -0.1420
vn 0.9996 -0.0295 -0.0052
vn 0.9990 -0.0152 -0.0410
vn 0.9957 0.0860 0.0331
vn 0.4369 0.0896 0.8950
vn 0.3943 0.0495 0.9177
vn 0.9897 -0.1298 -0.0610
vn 0.9949 -0.0510 0.0865
vn 0.9761 -0.0608 -0.2088
vn -0.0925 0.4377 0.8943
vn -0.0805 0.4381 0.8953
vn -0.0435 0.1977 0.9793
vn -0.0396 0.2030 0.9784
vn -0.0593 0.1854 0.9809
vn -0.0762 0.1871 0.9794
vn 0.1280 -0.5368 0.8340
vn 0.1294 -0.5501 0.8250
vn 0.1022 -0.6959 0.7109
vn 0.0801 -0.7117 0.6979
vn 0.0319 -0.7957 0.6048
vn -0.0083 -0.7932 0.6089
vn -0.0956 -0.7866 0.6100
vn -0.1297 -0.7681 0.6270
vn 0.0311 -0.8385 0.5440
vn -0.0823 -0.8530 0.5154
vn -0.0910 -0.8805 0.4651
vn 0.0065 -0.9381 0.3462
vn 0.0038 -0.9454 0.3260
vn -0.3023 -0.8898 -0.3418
vn -0.3288 -0.8482 -0.4152
vn 0.0986 -0.7868 -0.6093
vn 0.1714 -0.7699 -0.6147
vn -0.4437 -0.7014 -0.5579
vn -0.4457 -0.6953 -0.5638
vn -0.1376 -0.8447 -0.5172
vn -0.1400 -0.8599 -0.4909
vn -0.4155 -0.6686 -0.6168
vn -0.3927 -0.6837 -0.6151
vn -0.3924 -0.6614 -0.6392
vn -0.4044 -0.6541 -0.6392
vn -0.1883 -0.5662 -0.8025
vn 0.0169 -0.5670 -0.8235
vn 0.1574 -0.6442 -0.7485
vn 0.1221 0.2266 -0.9663
vn 0.1073 0.1949 -0.9749
vn 0.1157 0.3631 -0.9246
vn 0.1237 0.3645 -0.9230
vn -0.1165 0.5251 -0.8430
vn -0.1426 0.5166 -0.8443
vn 0.0247 0.5692 -0.8218
vn -0.0293 0.4586 -0.8882
vn 0.0130 0.8372 -0.5468
vn 0.0954 0.0002 -0.9954
vn 0.0645 0.0051 -0.9979
vn 0.1627 -0.1835 -0.9695
vn 0.1167 -0.0646 -0.9911
vn 0.1417 -0.2549 -0.9565
vn 0.1458 -0.1918 -0.9705
vn 0.1450 -0.2082 -0.9673
vn 0.0198 0.0095 -0.9998
vn -0.0249 0.0112 -0.9996
vn 0.0775 -0.0806 -0.9937
vn 0.1027 -0.0856 -0.9910
vn -0.0095 -0.0798 -0.9968
vn 0.0159 -0.0597 -0.9981
vn 0.1758 0.0133 -0.9843
vn 0.1335 0.0416 -0.9902
vn 0.1620 -0.0016 -0.9868
vn 0.1553 -0.1090 -0.9818
vn 0.0524 -0.0016 -0.9986
vn -0.9077 0.0065 -0.4195
vn -0.8916 0.0268 -0.4520
vn -0.8853 0.4528 0.1059
vn -0.8900 0.4455 0.0972
vn -0.9743 0.2030 0.0974
vn -0.9747 0.2014 0.0969
vn -0.9790 0.1753 0.1042
vn -0.9792 0.1725 0.1070
vn -0.7105 -0.5702 0.4124
vn -0.7256 -0.5617 0.3974
vn -0.5810 -0.7165 0.3861
vn -0.5991 -0.6972 0.3937
vn -0.5758 -0.8175 0.0111
vn -0.5725 -0.8189 0.0392
vn -0.4411 -0.8642 0.2419
vn -0.4669 -0.8419 0.2703
vn -0.2919 -0.9562 0.0206
vn -0.2835 -0.9573 -0.0565
vn -0.5478 -0.8294 0.1093
vn -0.4639 -0.8758 0.1333
vn 0.5687 -0.8214 0.0429
vn 0.5732 -0.8162 0.0721
vn 0.5894 -0.8055 0.0616
vn 0.5171 -0.8557 -0.0186
vn 0.5740 -0.8178 0.0421
vn 0.6330 -0.7534 0.1777
vn 0.6409 -0.7493 0.1666
vn 0.6214 -0.7679 0.1553
vn 0.6328 -0.7600 0.1483
vn 0.6171 -0.7574 0.2133
vn 0.6389 -0.7452 0.1910
vn 0.9939 0.0606 -0.0927
vn 0.9971 0.0443 -0.0624
vn 0.9977 0.0386 0.0551
vn 0.9936 0.0732 0.0864
vn 0.9464 0.3227 -0.0152
vn 0.5289 0.8449 -0.0802
vn 0.9235 0.3782 -0.0640
vn 0.9580 0.2864 0.0134
vn 0.9396 0.3242 0.1101
vn 0.9966 -0.0217 0.0792
vn 0.9987 0.0152 0.0493
vn 0.9974 0.0517 0.0509
vn 0.0485 0.5906 0.8055
vn 0.0176 0.4751 0.8797
vn 0.0064 0.1850 0.9827
vn -0.0094 0.1833 0.9830
vn -0.0229 0.1923 0.9811
vn -0.0241 0.2033 0.9788
vn -0.4370 -0.6316 0.6404
vn -0.4323 -0.6557 0.6190
vn -0.3616 -0.7660 0.5314
vn -0.3522 -0.7729 0.5279
vn -0.2948 -0.7917 0.5351
vn -0.2889 -0.7927 0.5369
vn 0.0093 -0.8959 0.4442
vn -0.0446 -0.8720 0.4876
vn -0.1942 -0.8265 0.5283
vn -0.1958 -0.8086 0.5548
vn 0.1438 -0.8854 0.4421
vn 0.1135 -0.9114 0.3956
vn -0.0365 -0.8965 -0.4415
vn 0.0527 -0.9082 -0.4151
vn -0.0033 -0.8802 -0.4745
vn -0.0120 -0.8924 -0.4510
vn 0.0221 -0.8407 -0.5411
vn -0.0261 -0.8104 -0.5853
vn 0.0792 -0.8450 -0.5289
vn -0.0243 -0.7511 -0.6598
vn -0.0236 -0.7110 -0.7028
vn -0.0241 -0.5828 -0.8123
vn 0.0219 -0.6133 -0.7895
vn 0.1627 0.1581 -0.9739
vn 0.1370 0.1196 -0.9833
vn 0.0809 0.3490 -0.9336
vn 0.1227 0.3297 -0.9361
vn -0.2433 0.5352 -0.8089
vn -0.2370 0.6216 -0.7466
vn -0.0209 0.0039 -0.9998
vn 0.1353 -0.0317 -0.9903
vn -0.8200 0.5712 -0.0350
vn -0.8813 0.4721 -0.0215
vn -0.9845 0.1724 -0.0338
vn -0.9812 0.1898 -0.0346
vn -0.9777 0.2084 -0.0269
vn -0.9728 0.2311 -0.0143
vn -0.8504 -0.5252 -0.0327
vn -0.8566 -0.5160 -0.0085
vn -0.7520 -0.6557 0.0679
vn -0.7564 -0.6522 0.0499
vn -0.6783 -0.7308 0.0762
vn -0.6737 -0.7340 0.0861
vn -0.5610 -0.8275 -0.0242
vn -0.5666 -0.8235 -0.0287
vn -0.5758 -0.8174 0.0199
vn -0.3969 -0.9175 -0.0254
vn -0.3314 -0.9428 -0.0365
vn -0.4363 -0.8983 -0.0515
vn -0.4758 -0.8779 -0.0548
vn 0.6818 -0.7262 -0.0876
vn 0.6685 -0.7436 -0.0105
vn 0.6293 -0.7771 0.0033
vn 0.6252 -0.7804 0.0129
vn 0.5757 -0.8110 0.1042
vn 0.5541 -0.8238 0.1197
vn 0.6335 -0.7737 -0.0032
vn 0.6698 -0.7425 -0.0014
vn 0.6725 -0.7400 0.0056
vn 0.6560 -0.7547 0.0082
vn 0.7876 -0.6161 0.0040
vn 0.7856 -0.6185 0.0157
vn 0.7706 -0.6268 0.1155
vn 0.7478 -0.6559 0.1032
vn 0.8083 -0.5729 -0.1354
vn 0.9875 0.1022 0.1203
vn 0.9956 0.0683 0.0634
vn 0.9956 0.0537 -0.0769
vn 0.9944 0.0137 -0.1052
vn 0.8333 0.4276 0.3504
vn 0.6842 0.6149 0.3920
vn -0.1185 -0.1786 -0.9768
vn -0.9890 -0.0328 -0.1445
vn 0.9054 0.2527 0.3413
vn 0.9809 0.0309 0.1920
vn 0.9952 -0.0538 0.0821
vn 0.9938 -0.0910 0.0634
vn 0.9873 -0.1353 0.0833
vn 0.9504 -0.2918 0.1082
vn 0.8760 -0.4713 0.1025
vn 0.9238 -0.3753 0.0760
vn 0.1971 0.9617 0.1903
vn 0.7143 -0.6968 0.0651
vn 0.6922 -0.7209 0.0335
vn 0.6798 -0.7318 0.0477
vn 0.6495 -0.7493 -0.1293
vn 0.0723 -0.9879 -0.1374
vn -0.5622 -0.8188 -0.1159
vn -0.7154 -0.6526 -0.2497
vn -0.7974 -0.5352 -0.2787
vn -0.8740 -0.3832 -0.2987
vn -0.6943 0.0947 0.7135
vn 0.1557 0.3048 0.9396
vn -0.2138 0.4500 -0.8670
vn -0.3480 0.2547 -0.9022
vn -0.3607 0.0565 -0.9310
vn -0.3515 -0.1160 -0.9290
vn -0.3645 -0.2075 -0.9078
vn -0.3847 -0.3128 -0.8684
vn -0.3706 -0.4035 -0.8365
vn -0.3395 -0.6753 -0.6548
vn 0.1950 -0.5743 -0.7951
vn 0.2257 -0.4923 -0.8406
vn 0.1994 -0.6810 -0.7047
vn 0.1092 -0.8638 -0.4918
vn 0.1333 -0.9910 -0.0124
vn 0.0080 -0.7815 0.6238
vn -0.1086 -0.8001 0.5900
vn -0.0725 -0.7441 0.6642
vn 0.1833 -0.5181 0.8354
vn 0.8649 0.4462 0.2298
vn 0.1668 0.9848 -0.0482
vn 0.9953 0.0366 -0.0900
vn 0.9955 0.0948 -0.0092
vn 0.9982 -0.0595 0.0017
vn 0.9890 -0.1428 0.0379
vn 0.9759 -0.1842 0.1169
vn 0.9366 -0.3155 0.1523
vn 0.8718 -0.4760 0.1160
vn -0.5906 -0.8070 0.0080
vn 0.7521 -0.6543 0.0787
vn 0.6779 -0.7313 0.0752
vn 0.6623 -0.7423 0.1017
vn 0.5233 -0.8413 0.1356
vn -0.5696 -0.8122 0.1259
vn -0.5755 -0.7977 0.1801
vn -0.6555 -0.7033 0.2752
vn -0.7318 -0.6265 0.2684
vn -0.9345 -0.1821 -0.3059
vn -0.4171 0.9085 -0.0269
vn 0.0870 -0.0644 -0.9941
vn -0.2593 -0.0194 -0.9656
vn 0.0951 -0.1353 -0.9862
vn -0.2860 0.0683 -0.9558
vn 0.1741 -0.1028 -0.9794
vn -0.0903 0.8418 -0.5322
vn 0.0393 0.8382 -0.5439
vn 0.2082 0.2466 -0.9465
vn 0.1545 0.1951 -0.9685
vn 0.1366 -0.0428 -0.9897
vn 0.1057 -0.1726 -0.9793
vn 0.0695 -0.2932 -0.9535
vn 0.0559 -0.4621 -0.8850
vn 0.0229 -0.5690 -0.8220
vn -0.1816 -0.8066 0.5625
vn -0.2788 -0.6440 -0.7124
vn -0.2784 -0.6991 -0.6586
vn -0.3214 -0.7280 -0.6055
vn -0.2428 -0.8630 -0.4431
vn -0.1928 -0.8268 0.5284
vn -0.1931 -0.7721 0.6054
vn -0.2291 -0.7406 0.6317
vn -0.3191 -0.6514 0.6884
vn 0.9899 0.1402 0.0186
vn 0.2720 0.9621 0.0176
vn 0.9829 -0.0546 0.1756
vn 1.0000 -0.0015 -0.0049
vn 0.9764 -0.0291 0.2140
vn 0.9979 -0.0650 0.0076
vn 0.9908 -0.0523 0.1245
vn -0.8685 -0.0224 0.4951
vn -0.9935 -0.0965 0.0600
vn 0.9524 0.2336 0.1958
vn 0.9789 0.1715 0.1106
vn 0.9952 0.0931 -0.0299
vn 0.9827 -0.1533 -0.1044
vn 0.9422 -0.3022 -0.1445
vn 0.9203 -0.3570 -0.1600
vn 0.9142 -0.3695 -0.1667
vn 0.8452 -0.5050 -0.1749
vn 0.9834 -0.1815 0.0021
vn 0.7809 -0.6243 0.0207
vn 0.7189 -0.6918 -0.0680
vn 0.6724 -0.7402 -0.0045
vn 0.6287 -0.7765 0.0422
vn 0.0833 -0.9949 0.0568
vn -0.4462 -0.8896 0.0977
vn -0.5519 -0.8319 0.0572
vn -0.6962 -0.7022 0.1492
vn -0.7975 -0.5103 0.3218
vn -0.7121 0.0728 0.6983
vn 0.0208 -0.5677 -0.8230
vn -0.1153 0.4175 -0.9014
vn -0.1396 0.2474 -0.9588
vn -0.0606 -0.0028 -0.9982
vn -0.0209 -0.1354 -0.9906
vn 0.0062 -0.2356 -0.9718
vn 0.0228 -0.3832 -0.9234
vn 0.0700 -0.5264 -0.8473
vn 0.1245 -0.5152 -0.8480
vn -0.3081 -0.6094 -0.7306
vn -0.2218 -0.6755 -0.7033
vn -0.2252 -0.6787 -0.6990
vn -0.0598 -0.8658 -0.4967
vn -0.0614 -0.9898 0.1289
vn -0.0266 -0.8633 0.5039
vn -0.0771 -0.8008 0.5939
vn -0.1325 -0.7770 0.6154
vn -0.2695 -0.5986 0.7543
vn 0.6756 0.7229 0.1449
vn 0.9352 0.3342 0.1170
vn 0.9876 0.1210 0.0998
vn 0.9543 0.2240 0.1980
vn 0.9844 -0.0595 0.1656
vn 0.9772 -0.1814 0.1100
vn 0.9643 -0.2528 0.0783
vn 0.9326 -0.3486 0.0932
vn 0.8672 -0.4842 0.1161
vn 0.7823 -0.6228 0.0096
vn 0.6537 -0.7368 0.1725
vn 0.6519 -0.7406 0.1632
vn 0.6436 -0.7578 0.1070
vn 0.6030 -0.7849 0.1427
vn -0.4334 -0.8903 0.1399
vn -0.5589 -0.8169 0.1424
vn -0.6648 -0.7464 0.0312
vn -0.7510 -0.6591 -0.0398
vn 0.1773 0.0138 -0.9841
vn 0.0327 0.0822 -0.9961
vn 0.1427 0.0282 -0.9894
vn 0.0909 0.0028 -0.9959
vn 0.1375 0.0361 -0.9898
vn 0.1460 -0.0664 -0.9870
vn 0.1767 -0.0419 -0.9834
vn -0.0045 0.6204 -0.7843
vn -0.2286 0.6067 -0.7613
vn -0.0454 0.3889 -0.9202
vn -0.0594 0.2522 -0.9659
vn -0.0995 0.0218 -0.9948
vn -0.1136 -0.1387 -0.9838
vn -0.1122 -0.3179 -0.9415
vn -0.1015 -0.4772 -0.8729
vn -0.1017 -0.5716 -0.8142
vn 0.0171 -0.8745 -0.4848
vn 0.0549 -0.7084 -0.7036
vn 0.0248 -0.6175 -0.7862
vn 0.1277 -0.7958 -0.5919
vn 0.0988 -0.8734 -0.4768
vn 0.0224 -0.7715 0.6358
vn 0.1080 -0.8052 0.5831
vn 0.1024 -0.7846 0.6115
vn 0.1384 -0.6723 0.7272
vn 0.9949 -0.0357 0.0943
vn 0.9791 0.1446 -0.1431
vn 0.9995 -0.0272 -0.0126
vn 0.9852 -0.0616 -0.1602
vn 0.9928 -0.1007 -0.0655
vn 0.9749 -0.1776 -0.1344
vn 0.9827 -0.1682 -0.0770
vn 0.9819 -0.1892 -0.0023
vn 0.9822 -0.1860 0.0247
vn 0.9785 -0.1966 -0.0622
vn 0.9969 -0.0688 -0.0384
vn 0.9967 -0.0785 -0.0207
vn 0.9891 -0.1196 0.0859
vn 0.9867 -0.1606 0.0238
vn 0.9855 -0.0212 0.1684
vn 0.9870 -0.0150 0.1598
vn 0.9948 0.0746 0.0699
vn 0.2515 0.0242 0.9676
vn 0.2536 -0.4787 0.8405
vn 0.0352 -0.6739 0.7380
vn 0.1239 -0.7154 0.6877
vn -0.1237 -0.8012 0.5855
vn 0.1144 -0.7728 0.6243
vn -0.0864 -0.7774 0.6230
vn 0.0208 -0.7674 0.6409
vn 0.0238 -0.8392 0.5433
vn 0.0480 -0.8715 0.4880
vn -0.3101 -0.8426 -0.4403
vn -0.3383 -0.8138 -0.4726
vn -0.3415 -0.7430 -0.5756
vn -0.3397 -0.7446 -0.5746
vn -0.2945 -0.7141 -0.6351
vn -0.2947 -0.7158 -0.6330
vn -0.3041 -0.6574 -0.6895
vn -0.3144 -0.6531 -0.6889
vn 0.0788 -0.6251 -0.7766
vn -0.1939 -0.6037 -0.7733
vn -0.3770 0.1840 -0.9077
vn -0.0833 0.2183 -0.9723
vn -0.2762 0.3270 -0.9038
vn -0.0534 0.3401 -0.9389
vn 0.0930 0.5209 -0.8485
vn -0.1764 0.5072 -0.8436
vn -0.0917 0.5528 -0.8282
vn 0.1178 0.3438 -0.9316
vn -0.2410 0.9128 -0.3296
vn -0.0963 -0.0590 -0.9936
vn -0.1492 -0.0476 -0.9877
vn -0.2360 0.3085 -0.9215
vn 0.1353 0.0406 -0.9900
vn 0.1294 0.0220 -0.9914
vn 0.0664 -0.1846 -0.9806
vn 0.0888 -0.1862 -0.9785
vn 0.0358 -0.1295 -0.9909
vn 0.0329 -0.1442 -0.9890
vn 0.1287 -0.0204 -0.9915
vn 0.0294 -0.0592 -0.9978
vn -0.9620 -0.0228 -0.2720
vn -0.7215 -0.6339 0.2787
vn -0.7264 -0.6334 0.2667
vn -0.6323 -0.7129 0.3032
vn -0.6354 -0.7068 0.3111
vn -0.5499 -0.8057 0.2202
vn -0.5574 -0.7918 0.2499
vn -0.5963 -0.7948 0.1123
vn -0.5545 -0.8232 0.1216
vn 0.6066 -0.7802 -0.1525
vn 0.5352 -0.8328 0.1418
vn 0.6569 -0.7538 -0.0153
vn 0.6255 -0.7674 0.1405
vn 0.6767 -0.7305 0.0918
vn 0.6664 -0.7315 0.1443
vn 0.6704 -0.7414 0.0300
vn 0.6573 -0.7259 0.2024
vn 0.9982 0.0568 -0.0185
vn 0.9986 0.0419 -0.0320
vn 0.9904 -0.0252 -0.1359
vn 0.9881 -0.0190 -0.1524
vn 0.9644 0.2143 -0.1547
vn 0.6392 0.7266 -0.2520
vn 0.9308 0.3628 0.0443
vn 0.9315 0.3636 -0.0093
vn 0.9370 0.3492 0.0078
vn 0.9971 0.0608 0.0456
vn -0.2539 -0.6688 0.6987
vn -0.2613 -0.7018 0.6627
vn -0.1449 -0.8022 0.5792
vn -0.1596 -0.8061 0.5698
vn -0.1014 -0.8140 0.5719
vn -0.1125 -0.8326 0.5423
vn -0.0563 -0.8439 0.5336
vn -0.0815 -0.8071 0.5848
vn 0.0602 -0.8311 -0.5529
vn 0.1199 -0.9030 -0.4126
vn 0.1301 -0.8405 -0.5260
vn 0.0885 -0.7990 -0.5948
vn 0.1977 -0.6240 -0.7560
vn 0.0462 -0.6455 -0.7623
vn 0.1611 -0.4033 -0.9008
vn 0.0469 -0.6569 -0.7525
vn -0.1316 0.1682 -0.9769
vn -0.1064 0.1117 -0.9880
vn -0.1271 0.3498 -0.9281
vn -0.1412 0.3601 -0.9222
vn -0.1502 0.5704 -0.8075
vn -0.8904 -0.4538 0.0350
vn -0.8498 -0.4617 -0.2542
vn -0.7368 -0.6758 -0.0177
vn -0.7642 -0.6033 -0.2282
vn -0.6441 -0.7622 0.0644
vn -0.5898 -0.7901 -0.1673
vn -0.5482 -0.8200 0.1645
vn -0.4806 -0.8716 -0.0964
vn -0.4092 -0.9057 0.1110
vn 0.6111 -0.7912 0.0255
vn 0.6421 -0.7665 0.0140
vn 0.6483 -0.7612 0.0171
vn 0.6554 -0.7547 0.0293
vn 0.6805 -0.7292 -0.0717
vn 0.6690 -0.7400 -0.0694
vn 0.7743 -0.6328 0.0008
vn 0.7877 -0.6151 -0.0356
vn 0.7678 -0.6308 0.1118
vn 0.7920 -0.6065 -0.0691
vn 0.9936 0.0139 0.1118
vn 0.9544 0.2191 0.2026
vn 0.9707 0.0624 0.2319
vn 0.9792 0.1588 0.1263
vn 0.4657 0.8789 0.1028
vn 0.0616 -0.1456 -0.9874
vn 0.9857 -0.1469 -0.0829
vn 0.9739 0.2182 0.0629
vn 0.9555 0.2325 0.1816
vn 0.9810 0.0614 0.1838
vn 0.9816 -0.1360 0.1342
vn 0.9714 -0.2221 0.0844
vn 0.9517 -0.2963 0.0808
vn 0.9057 -0.4090 0.1112
vn 0.8441 -0.5266 0.1011
vn 0.0147 0.9959 0.0895
vn 0.6786 -0.7023 0.2150
vn 0.6332 -0.7468 0.2034
vn 0.6451 -0.7520 0.1355
vn 0.5930 -0.7888 0.1617
vn 0.0531 -0.9961 0.0699
vn -0.5078 -0.8532 0.1192
vn -0.6017 -0.7889 0.1245
vn -0.7011 -0.7116 0.0462
vn -0.7746 -0.6316 -0.0314
vn -0.6560 0.0439 0.7534
vn -0.0777 0.5341 0.8418
vn -0.0326 0.4722 -0.8809
vn -0.0550 0.2838 -0.9573
vn -0.0928 0.1158 -0.9889
vn -0.1095 -0.0544 -0.9925
vn -0.1149 -0.2320 -0.9659
vn -0.1058 -0.4013 -0.9098
vn -0.1008 -0.5377 -0.8371
vn -0.1167 -0.4723 -0.8737
vn 0.0766 -0.6475 -0.7582
vn 0.0061 -0.6053 -0.7960
vn 0.0877 -0.7815 -0.6177
vn 0.0610 -0.8328 -0.5502
vn 0.0751 -0.9967 0.0294
vn -0.0095 -0.7657 0.6432
vn 0.0972 -0.7886 0.6071
vn 0.1165 -0.7454 0.6564
vn 0.1493 -0.5991 0.7866
vn 0.8267 0.3916 0.4040
vn 0.6689 0.7431 0.0199
vn 0.9763 0.1651 0.1396
vn 0.9739 0.2257 0.0223
vn 0.9954 -0.0554 -0.0776
vn 0.9609 -0.2436 -0.1315
vn 0.9266 -0.3431 -0.1542
vn 0.9187 -0.3589 -0.1650
vn 0.8961 -0.4119 -0.1656
vn -0.2360 -0.9707 -0.0443
vn 0.7738 -0.6316 -0.0475
vn 0.6703 -0.7397 -0.0599
vn 0.6670 -0.7448 0.0194
vn 0.6223 -0.7826 0.0172
vn -0.5045 -0.8578 0.0980
vn -0.4286 -0.8981 0.0991
vn -0.5866 -0.7933 0.1632
vn -0.7316 -0.6068 0.3107
vn 0.1235 0.0050 -0.9923
vn 0.0639 0.8990 -0.4332
vn 0.0235 -0.0129 -0.9996
vn 0.1093 0.0262 -0.9937
vn 0.0910 -0.0269 -0.9955
vn 0.1177 0.0193 -0.9929
vn 0.1373 -0.1159 -0.9837
vn -0.0483 0.7689 -0.6376
vn 0.0065 0.6955 -0.7185
vn -0.1460 0.3316 -0.9321
vn -0.0906 0.0949 -0.9914
vn -0.0355 -0.0954 -0.9948
vn -0.0036 -0.1796 -0.9837
vn 0.0135 -0.3023 -0.9531
vn 0.0453 -0.4657 -0.8838
vn 0.1060 -0.5674 -0.8166
vn 0.1799 -0.9109 0.3713
vn -0.2971 -0.6752 -0.6751
vn -0.3432 -0.6167 -0.7084
vn -0.2206 -0.8045 -0.5514
vn -0.0874 -0.9488 -0.3037
vn -0.0759 -0.8114 0.5795
vn -0.1029 -0.8487 0.5187
vn -0.1788 -0.7953 0.5792
vn -0.2700 -0.7205 0.6387
vn 0.9980 0.0347 0.0523
vn 0.9883 0.1524 0.0118
vn 0.9944 0.0001 -0.1058
vn 0.9985 -0.0548 -0.0068
vn 0.9862 -0.0724 -0.1488
vn 0.9913 -0.1241 -0.0446
vn 0.9635 -0.2108 -0.1650
vn 0.2919 -0.1318 -0.9473
vn 0.7506 -0.0743 -0.6566
vn 0.9775 0.1335 -0.1630
vn 0.9971 0.0422 -0.0632
vn 0.9998 0.0179 -0.0065
vn 0.9944 -0.1057 0.0078
vn 0.9815 -0.1822 0.0594
vn 0.9596 -0.2446 0.1388
vn 0.9081 -0.3919 0.1474
vn 0.8755 -0.4697 0.1137
vn -0.4706 -0.8822 0.0179
vn 0.8109 -0.5844 0.0304
vn 0.7152 -0.6938 0.0845
vn 0.6502 -0.7575 0.0581
vn 0.6478 -0.7572 0.0843
vn -0.0268 -0.9927 0.1178
vn -0.5318 -0.8302 0.1669
vn -0.5846 -0.7510 0.3069
vn -0.6727 -0.6623 0.3299
vn -0.6975 -0.6850 0.2103
vn -0.7401 0.1805 0.6479
vn 0.0713 -0.4684 -0.8807
vn 0.1735 0.3200 -0.9314
vn 0.2003 0.2455 -0.9485
vn 0.1467 0.0706 -0.9867
vn 0.1288 -0.1228 -0.9840
vn 0.0933 -0.2337 -0.9678
vn 0.0630 -0.3831 -0.9216
vn 0.0495 -0.5317 -0.8455
vn 0.0190 -0.6266 -0.7791
vn -0.2782 -0.8077 -0.5199
vn -0.3163 -0.6828 -0.6586
vn -0.3429 -0.7149 -0.6094
vn -0.3837 -0.7614 -0.5225
vn -0.2871 -0.9554 0.0690
vn -0.2341 -0.7998 0.5527
vn -0.2661 -0.7712 0.5783
vn -0.3491 -0.7048 0.6176
vn -0.3352 -0.7197 0.6080
vn 0.1500 0.9881 0.0330
vn 0.9642 0.2173 -0.1521
vn 0.9470 0.1122 0.3009
vn 0.9852 0.0091 0.1710
vn 0.9926 -0.0961 0.0743
vn 0.9928 -0.0992 0.0667
vn 0.9738 -0.2087 0.0898
vn 0.9167 -0.3845 0.1088
vn 0.8435 -0.5286 0.0954
vn 0.7574 -0.6474 0.0849
vn 0.6496 -0.7561 0.0800
vn 0.6453 -0.7593 0.0839
vn 0.6389 -0.7647 0.0839
vn 0.6129 -0.7854 -0.0870
vn -0.5223 -0.8481 -0.0891
vn -0.6309 -0.7581 -0.1654
vn -0.7226 -0.6768 -0.1407
vn -0.8065 -0.5663 -0.1701
vn 0.0187 0.0150 -0.9997
vn 0.0262 -0.0143 -0.9996
vn -0.2021 -0.0247 -0.9790
vn 0.0280 -0.1334 -0.9907
vn -0.1450 0.0171 -0.9893
vn 0.1141 -0.1331 -0.9845
vn 0.0012 -0.1569 -0.9876
vn 0.1908 0.3625 -0.9123
vn -0.2360 0.4916 -0.8382
vn -0.2333 0.3227 -0.9173
vn -0.3675 0.2067 -0.9068
vn -0.3563 -0.0462 -0.9332
vn -0.3528 -0.1632 -0.9214
vn -0.3735 -0.2612 -0.8901
vn -0.3884 -0.3561 -0.8499
vn -0.3609 -0.4485 -0.8177
vn 0.0475 -0.6949 -0.7175
vn 0.1520 -0.5727 -0.8056
vn 0.0795 -0.6546 -0.7518
vn 0.0800 -0.8050 -0.5878
vn 0.0490 -0.8895 -0.4543
vn -0.0491 -0.8376 0.5440
vn -0.1233 -0.8042 0.5814
vn -0.0869 -0.7941 0.6015
vn 0.0852 -0.6764 0.7316
vn 0.2990 -0.1854 0.9361
vn 0.9911 -0.0374 0.1276
vn 0.9968 -0.0306 0.0732
vn 0.9948 -0.0394 0.0944
vn 0.9938 -0.1017 0.0442
vn 0.9858 -0.1540 -0.0671
vn 0.9809 -0.1924 -0.0285
vn 0.9863 -0.1487 -0.0716
vn 0.9876 -0.1441 -0.0625
vn 0.9787 -0.1815 -0.0960
vn 0.9866 -0.1563 0.0476
vn 0.9868 -0.1513 0.0583
vn 0.9789 -0.1140 -0.1697
vn 0.9780 -0.1339 -0.1597
vn 0.9898 -0.0122 -0.1419
vn 0.9874 -0.0377 -0.1538
vn 0.9976 -0.0088 -0.0691
vn 0.9915 -0.0548 -0.1180
vn 0.1350 -0.5059 0.8520
vn 0.1359 -0.7007 0.7003
vn -0.0119 -0.7122 0.7018
vn 0.1091 -0.7755 0.6219
vn -0.1319 -0.7899 0.5988
vn 0.0817 -0.7979 0.5972
vn -0.0527 -0.7433 0.6668
vn 0.0199 -0.8105 0.5855
vn 0.0824 -0.8533 0.5149
vn -0.0941 -0.9383 -0.3329
vn -0.0784 -0.8995 -0.4299
vn -0.2320 -0.7825 -0.5778
vn -0.2330 -0.7497 -0.6194
vn -0.3049 -0.6232 -0.7202
vn -0.2566 -0.6520 -0.7135
vn -0.2818 -0.7008 -0.6553
vn -0.2844 -0.6967 -0.6585
vn 0.1388 -0.5825 -0.8009
vn 0.1638 -0.5483 -0.8201
vn -0.0670 0.2410 -0.9682
vn -0.3735 0.1555 -0.9145
vn -0.0472 0.3757 -0.9255
vn -0.3057 0.2956 -0.9051
vn -0.1982 0.4914 -0.8481
vn -0.0583 0.5434 -0.8374
vn 0.0886 0.5144 -0.8530
vn -0.1079 0.6705 -0.7340
vn 0.1845 0.7263 -0.6621
vn 0.1566 -0.0236 -0.9874
vn 0.1343 0.0101 -0.9909
vn 0.1866 -0.1053 -0.9768
vn -0.2122 -0.0084 -0.9772
vn -0.2307 -0.0145 -0.9729
vn 0.1086 -0.0374 -0.9934
vn 0.1288 -0.0397 -0.9909
vn 0.0478 -0.0001 -0.9989
vn 0.0699 0.0097 -0.9975
vn 0.1778 0.0460 -0.9830
vn 0.1551 0.0236 -0.9876
vn 0.0307 -0.0939 -0.9951
vn -0.7568 -0.5809 0.2997
vn -0.7613 -0.5694 0.3101
vn -0.6141 -0.7735 0.1568
vn -0.6452 -0.7488 0.1518
vn -0.4343 -0.8959 0.0941
vn -0.4815 -0.8724 0.0842
vn -0.4906 -0.8626 0.1234
vn -0.4435 -0.8878 0.1227
vn 0.5930 -0.7860 0.1747
vn 0.5440 -0.8177 -0.1881
vn 0.6329 -0.7655 0.1156
vn 0.6783 -0.7313 -0.0722
vn 0.6627 -0.7309 0.1633
vn 0.6972 -0.7096 0.1013
vn 0.6409 -0.7453 0.1836
vn 0.6927 -0.7209 0.0212
vn 0.9739 0.2217 0.0490
vn 0.9763 0.1967 0.0899
vn 0.9800 0.1257 0.1545
vn 0.9769 0.1262 0.1724
vn 0.8072 0.5501 0.2141
vn 0.2343 0.9087 0.3455
vn 0.9523 0.2950 -0.0784
vn 0.9507 0.2918 -0.1053
vn 0.9215 0.3283 0.2073
vn 0.9987 -0.0172 0.0484
vn -0.3634 -0.6437 0.6735
vn -0.3537 -0.6576 0.6652
vn -0.2956 -0.7472 0.5953
vn -0.2722 -0.7561 0.5951
vn -0.2327 -0.7873 0.5709
vn -0.2216 -0.7865 0.5765
vn -0.2094 -0.8169 0.5375
vn -0.2104 -0.8156 0.5390
vn 0.1254 -0.9236 -0.3622
vn 0.0254 -0.8434 -0.5368
vn 0.0398 -0.7834 -0.6202
vn 0.1360 -0.7937 -0.5929
vn 0.0913 -0.7168 -0.6913
vn 0.1759 -0.6121 -0.7710
vn 0.0234 -0.6053 -0.7956
vn 0.1438 -0.4546 -0.8790
vn 0.1804 0.2375 -0.9545
vn 0.1701 0.2235 -0.9597
vn 0.2026 0.2021 -0.9582
vn 0.2136 0.2206 -0.9517
vn -0.0515 0.8034 -0.5932
vn -0.8302 -0.4771 -0.2884
vn -0.7427 -0.6691 0.0261
vn -0.8506 -0.4718 -0.2320
vn -0.6440 -0.7572 0.1089
vn -0.7672 -0.6069 -0.2076
vn -0.5537 -0.8177 0.1573
vn -0.6414 -0.7451 -0.1829
vn -0.3699 -0.9265 0.0699
vn -0.5312 -0.8439 -0.0747
vn 0.5859 -0.8033 0.1070
vn 0.5730 -0.8101 0.1240
vn 0.6333 -0.7718 0.0562
vn 0.6498 -0.7572 0.0667
vn 0.6701 -0.7379 0.0806
vn 0.6683 -0.7400 0.0766
vn 0.7545 -0.6544 0.0507
vn 0.7523 -0.6555 0.0662
vn 0.7379 -0.6339 0.2317
vn 0.7803 -0.5938 0.1966
vn 0.9625 0.1897 0.1941
vn 0.9911 -0.0147 0.1320
vn 0.9605 0.2253 0.1633
vn 0.9638 0.0627 0.2591
vn 0.7792 0.5885 0.2156
vn 0.8763 -0.4595 -0.1447
vn 0.8470 -0.5301 -0.0402
vn 0.7543 -0.6496 0.0950
vn 0.7769 -0.6295 0.0140
vn 0.7399 -0.6497 0.1748
vn 0.7697 -0.6009 0.2154
vn 0.9935 0.1020 0.0510
vn 0.9979 0.0109 0.0646
vn 0.9941 -0.0462 0.0979
vn 0.9219 0.3283 0.2057
vn 0.9176 0.3171 0.2398
vn 0.9433 0.3318 0.0030
vn 0.9249 0.3782 -0.0385
vn 0.9444 0.3282 0.0183
vn 0.9256 0.3701 -0.0789
vn 0.7322 0.6793 -0.0482
vn 0.9380 0.3460 -0.0190
vn 0.9081 0.4104 -0.0837
vn -0.7217 -0.3011 -0.6233
vn -0.9715 -0.0242 -0.2359
vn 0.1216 0.0338 -0.9920
vn -0.7267 -0.2234 -0.6496
vn 0.1193 -0.0084 -0.9928
vn 0.0223 -0.0344 -0.9992
vn 0.0717 -0.0266 -0.9971
vn 0.1778 0.0218 -0.9838
vn 0.2522 -0.0225 -0.9674
vn 0.1250 0.5078 -0.8523
vn 0.0324 0.5202 -0.8535
vn 0.0246 0.5492 -0.8353
vn -0.0301 0.5726 -0.8193
vn -0.2123 0.5164 -0.8296
vn -0.1781 0.5494 -0.8164
vn -0.0418 0.5962 -0.8018
vn -0.1924 0.4972 -0.8461
vn 0.0474 0.5261 -0.8491
vn 0.0260 -0.6460 -0.7629
vn 0.0569 -0.6303 -0.7742
vn -0.0706 -0.6540 -0.7532
vn -0.1728 -0.6229 -0.7629
vn -0.1168 -0.5280 -0.8412
vn 0.0173 -0.5793 -0.8149
vn 0.5928 -0.2184 0.7752
vn 0.2234 -0.0033 0.9747
vn 0.9935 0.0909 0.0691
vn 0.6350 -0.1511 0.7576
vn 0.9910 0.1057 -0.0817
vn 0.9989 0.0405 -0.0233
vn 0.6314 -0.3058 0.7126
vn 0.3059 0.0105 0.9520
vn 0.1014 -0.6277 -0.7718
vn -0.1030 -0.6957 -0.7109
vn 0.0347 0.6117 -0.7904
vn -0.0048 0.5295 -0.8483
vn -0.0318 0.5760 -0.8168
vn 0.0156 0.0223 -0.9996
vn -0.7498 -0.2425 -0.6156
vn -0.9515 0.0123 -0.3073
vn 0.9495 0.3136 -0.0070
vn 0.9036 0.3725 0.2115
vn 0.9597 0.2646 -0.0942
vn 0.9927 -0.0047 -0.1202
vn 0.8268 -0.5534 0.1007
vn 0.7677 -0.6368 0.0708
vn 0.9036 0.3076 0.2983
vn 0.9785 0.1180 0.1691
vn 0.9999 0.0080 0.0125
vn 0.9957 -0.0915 -0.0152
vn 0.9850 -0.1722 0.0058
vn 0.9518 -0.3054 0.0297
vn 0.8941 -0.4474 0.0212
vn 0.8133 -0.5818 -0.0019
vn -0.7059 0.0692 0.7049
vn -0.3297 0.3461 -0.8783
vn -0.4038 0.1893 -0.8950
vn -0.4401 0.0709 -0.8952
vn -0.4249 -0.0870 -0.9010
vn -0.4033 -0.1986 -0.8933
vn -0.3838 -0.3091 -0.8702
vn -0.3795 -0.3931 -0.8375
vn -0.3430 -0.2930 -0.8925
vn -0.0829 0.9965 -0.0119
vn 0.9892 0.1350 -0.0575
vn 0.9942 0.1069 0.0083
vn 0.9988 -0.0467 0.0161
vn 0.9944 -0.0986 0.0371
vn 0.9848 -0.1610 0.0650
vn 0.9360 -0.3481 0.0525
vn 0.8670 -0.4979 0.0231
vn -0.0193 0.8941 -0.4475
vn 0.2176 0.2632 -0.9399
vn 0.1955 0.2059 -0.9588
vn 0.1787 -0.0297 -0.9835
vn 0.1567 -0.1408 -0.9776
vn 0.1408 -0.2733 -0.9516
vn 0.1290 -0.4399 -0.8887
vn 0.0967 -0.5332 -0.8404
vn 0.9612 0.2721 0.0449
vn 0.9749 0.2144 -0.0601
vn 0.9886 0.1326 -0.0715
vn 0.9904 -0.1236 -0.0621
vn 0.9560 -0.2838 -0.0744
vn 0.9333 -0.3414 -0.1115
vn 0.9165 -0.3744 -0.1407
vn 0.8344 -0.5416 -0.1025
vn -0.7010 -0.0618 0.7105
vn -0.1655 0.3935 -0.9043
vn -0.1229 0.2819 -0.9515
vn -0.0313 0.0259 -0.9992
vn -0.0017 -0.1199 -0.9928
vn 0.0166 -0.2233 -0.9746
vn 0.0245 -0.3565 -0.9340
vn 0.0562 -0.4695 -0.8811
vn 0.0843 -0.6504 -0.7549
vn 0.9057 0.3779 0.1919
vn 0.9796 0.1984 0.0319
vn 0.9703 0.2270 0.0841
vn 0.9918 -0.0932 0.0870
vn 0.9737 -0.2133 0.0796
vn 0.9657 -0.2528 0.0590
vn 0.9457 -0.3205 0.0541
vn 0.8713 -0.4843 0.0791
vn 0.0421 0.6037 -0.7961
vn -0.1146 0.3834 -0.9164
vn -0.1299 0.2651 -0.9554
vn -0.0843 0.0258 -0.9961
vn -0.0584 -0.1282 -0.9900
vn -0.0676 -0.3165 -0.9462
vn -0.0962 -0.4694 -0.8778
vn -0.1511 -0.5444 -0.8251
vn 0.9976 0.0167 0.0665
vn 0.1255 -0.5607 -0.8185
vn -0.4294 0.1685 -0.8872
vn -0.1073 0.2096 -0.9719
vn -0.3611 0.2269 -0.9045
vn -0.1244 0.3436 -0.9308
vn 0.0813 0.5039 -0.8599
vn -0.1719 0.5108 -0.8424
vn -0.0687 0.9596 -0.2730
vn 0.0466 -0.1226 -0.9914
vn 0.9964 0.0846 -0.0028
vn 0.9962 0.0864 -0.0120
vn 0.9914 0.0749 -0.1071
vn 0.9899 0.0507 -0.1325
vn 0.7626 0.5842 -0.2777
vn 0.9249 0.3408 0.1685
vn 0.9062 0.4153 -0.0798
vn -0.1108 0.2169 -0.9699
vn -0.0780 0.1653 -0.9832
vn -0.1568 0.3364 -0.9286
vn -0.1501 0.3634 -0.9194
vn 0.7712 -0.6079 -0.1891
vn 0.9930 0.1018 0.0599
vn 0.9758 0.2025 0.0826
vn 0.9635 0.1563 0.2172
vn 0.9724 0.2280 0.0492
vn 0.9835 0.1776 -0.0337
vn 0.9796 0.1722 0.1033
vn 0.9670 0.0904 0.2383
vn 0.9747 -0.0713 0.2117
vn 0.9719 -0.1847 0.1459
vn 0.9455 -0.3046 0.1152
vn 0.8957 -0.4220 0.1401
vn 0.7833 -0.5947 0.1808
vn -0.6772 0.0185 0.7355
vn 0.0007 0.4328 -0.9015
vn -0.0200 0.3017 -0.9532
vn -0.0239 0.1009 -0.9946
vn -0.0267 -0.0624 -0.9977
vn -0.0016 -0.2141 -0.9768
vn 0.0324 -0.3865 -0.9217
vn 0.0498 -0.5303 -0.8463
vn 0.1038 -0.5001 -0.8597
vn 0.6341 0.7732 -0.0091
vn 0.9758 0.1256 0.1792
vn 0.9913 0.1299 0.0193
vn 0.9897 -0.1301 -0.0593
vn 0.9594 -0.2734 -0.0698
vn 0.9361 -0.3469 -0.0578
vn 0.9284 -0.3664 -0.0618
vn 0.8981 -0.4313 -0.0858
vn -0.1111 0.7680 -0.6307
vn -0.0104 0.3374 -0.9413
vn 0.0001 0.0559 -0.9984
vn 0.0101 -0.1304 -0.9914
vn 0.0328 -0.2025 -0.9787
vn 0.0466 -0.3083 -0.9502
vn 0.0418 -0.4807 -0.8759
vn 0.0444 -0.5894 -0.8066
vn 0.9793 0.1906 -0.0679
vn 0.9899 0.0013 -0.1421
vn 0.9909 0.0073 -0.1344
vn 0.9861 -0.1276 -0.1067
vn 0.9680 -0.2438 -0.0604
vn 0.9503 -0.3106 0.0183
vn 0.9186 -0.3889 0.0708
vn 0.8478 -0.5278 0.0505
vn -0.7263 0.1240 0.6761
vn 0.0514 0.3749 -0.9257
vn 0.1706 0.2194 -0.9606
vn 0.0627 0.0564 -0.9964
vn 0.0161 -0.1431 -0.9896
vn -0.0085 -0.2643 -0.9644
vn -0.0194 -0.3871 -0.9218
vn -0.0148 -0.5417 -0.8405
vn -0.0198 -0.5780 -0.8158
vn 0.9662 0.2173 -0.1388
vn 0.9962 0.0536 0.0692
vn 0.9985 -0.0133 0.0531
vn 0.9868 -0.1015 0.1261
vn 0.9837 -0.0887 0.1564
vn 0.9668 -0.1906 0.1701
vn 0.9085 -0.3782 0.1775
vn 0.8276 -0.5314 0.1806
vn 0.1435 0.3901 -0.9095
vn 0.0742 0.3772 -0.9231
vn 0.0355 0.2442 -0.9691
vn -0.0085 -0.0484 -0.9988
vn -0.0628 -0.1385 -0.9884
vn -0.1057 -0.2421 -0.9645
vn -0.0997 -0.4048 -0.9090
vn -0.0442 -0.5274 -0.8485
vn 0.9978 0.0590 -0.0306
vn -0.1350 -0.4642 -0.8754
vn -0.0110 0.2255 -0.9742
vn 0.0188 0.1482 -0.9888
vn -0.0274 0.3621 -0.9317
vn 0.0611 0.3804 -0.9228
vn -0.2152 0.5008 -0.8384
vn 0.0665 0.5422 -0.8376
vn 0.1136 0.7672 -0.6313
vn 0.1295 0.0136 -0.9915
vn 0.9899 0.1304 0.0563
vn 0.9864 0.1262 0.1057
vn 0.9737 0.1034 0.2031
vn 0.9702 0.1095 0.2163
vn 0.4680 0.8822 0.0527
vn 0.9481 0.3176 0.0174
vn 0.9529 0.2900 -0.0891
vn 0.1499 0.2058 -0.9670
vn 0.1253 0.1979 -0.9722
vn 0.1190 0.2576 -0.9589
vn 0.1517 0.2452 -0.9575
vn 0.8150 -0.5728 0.0874
vn 0.9547 0.1959 0.2240
vn 0.9972 -0.0253 0.0709
vn 0.9859 0.1541 0.0655
vn 0.9988 0.0098 0.0476
vn 0.8225 -0.5681 0.0269
vn 0.7120 -0.6978 -0.0790
vn 0.7061 -0.6846 0.1813
vn 0.9380 0.3418 0.0586
vn 0.9178 0.3284 0.2231
vn 0.9343 0.3552 0.0292
vn 0.9444 0.3285 0.0111
vn 0.7694 0.6376 -0.0391
vn 0.9395 0.3424 -0.0059
vn 0.0035 -0.1663 -0.9861
vn -0.9018 0.0198 -0.4317
vn 0.1352 -0.0450 -0.9898
vn -0.1150 0.5866 -0.8017
vn 0.1688 0.5253 -0.8340
vn -0.1899 0.5029 -0.8433
vn -0.1963 0.5187 -0.8321
vn 0.0694 0.5951 -0.8007
vn -0.0414 0.5219 -0.8520
vn -0.0386 -0.5733 -0.8184
vn -0.1077 -0.6893 -0.7165
vn -0.1530 -0.6345 -0.7576
vn 0.3822 -0.0181 0.9239
vn 0.9992 0.0346 0.0207
vn 0.9931 0.1101 0.0394
vn 0.3897 -0.0139 0.9208
vn 0.1280 -0.4899 -0.8623
vn -0.0509 0.5752 -0.8164
vn 0.0456 0.5883 -0.8073
vn 0.1587 0.0128 -0.9872
vn 0.9526 0.2759 -0.1281
vn 0.9216 0.3872 -0.0283
vn 0.7105 -0.6970 0.0972
vn 0.9736 0.2129 0.0821
vn 0.9990 0.0170 0.0421
vn 0.9921 -0.0524 0.1143
vn 0.9854 -0.0871 0.1461
vn 0.9784 -0.1241 0.1651
vn 0.9445 -0.2769 0.1767
vn 0.8665 -0.4650 0.1816
vn 0.7897 -0.5812 0.1963
vn -0.6883 0.0344 0.7246
vn 0.1019 0.4379 -0.8932
vn 0.0434 0.3214 -0.9459
vn 0.0055 0.0524 -0.9986
vn -0.0411 -0.0959 -0.9945
vn -0.0943 -0.1715 -0.9807
vn -0.1114 -0.3254 -0.9390
vn -0.0645 -0.4799 -0.8749
vn 0.0397 -0.6584 -0.7516
vn 0.4824 0.8728 -0.0743
vn 0.9905 -0.0133 -0.1367
vn 0.9870 0.0794 -0.1400
vn 0.9905 -0.0708 -0.1182
vn 0.9800 -0.1833 -0.0769
vn 0.9640 -0.2659 -0.0081
vn 0.9381 -0.3413 0.0597
vn 0.8927 -0.4464 0.0619
vn -0.1197 0.8011 -0.5865
vn 0.1698 0.2366 -0.9567
vn 0.0921 0.1774 -0.9798
vn 0.0273 -0.0563 -0.9980
vn -0.0031 -0.2059 -0.9786
vn -0.0177 -0.3123 -0.9498
vn -0.0153 -0.4692 -0.8830
vn -0.0166 -0.5903 -0.8070
vn 0.9475 0.2240 0.2282
vn 0.9822 0.1227 0.1425
vn 0.9996 0.0057 -0.0288
vn 0.9744 -0.2139 -0.0697
vn 0.9463 -0.3170 -0.0638
vn 0.9313 -0.3600 -0.0551
vn 0.9214 -0.3820 -0.0713
vn 0.9444 -0.3238 -0.0577
vn -0.7227 0.0653 0.6881
vn -0.0141 0.4522 -0.8918
vn -0.0012 0.2391 -0.9710
vn 0.0046 -0.0378 -0.9993
vn 0.0166 -0.1703 -0.9853
vn 0.0412 -0.2458 -0.9685
vn 0.0480 -0.3931 -0.9183
vn 0.0403 -0.5511 -0.8335
vn 0.0378 -0.6064 -0.7943
vn 0.9446 0.3278 0.0148
vn 0.9981 0.0617 -0.0089
vn 0.9725 0.1760 0.1523
vn 0.9723 -0.0139 0.2334
vn 0.9757 -0.1175 0.1849
vn 0.9627 -0.2384 0.1282
vn 0.9212 -0.3697 0.1215
vn 0.8645 -0.4784 0.1542
vn -0.0661 0.5332 -0.8434
vn -0.0194 0.3626 -0.9317
vn -0.0119 0.2505 -0.9680
vn -0.0262 0.0072 -0.9996
vn -0.0209 -0.1302 -0.9913
vn 0.0125 -0.2959 -0.9551
vn 0.0403 -0.4670 -0.8834
vn 0.0581 -0.5638 -0.8239
vn 0.9927 0.1006 0.0669
vn -0.1760 -0.5408 -0.8225
vn 0.0268 0.1869 -0.9820
vn -0.0183 0.2013 -0.9794
vn 0.0700 0.4023 -0.9128
vn -0.0263 0.3490 -0.9368
vn 0.0064 0.5579 -0.8299
vn -0.0163 0.5903 -0.8070
vn -0.1022 0.8791 -0.4656
vn 0.0164 -0.0194 -0.9997
vn 0.9892 0.0380 -0.1417
vn 0.9899 0.0105 -0.1412
vn 0.9917 -0.0369 -0.1233
vn 0.9948 0.0014 -0.1022
vn 0.6191 0.7724 -0.1420
vn 0.9123 0.4035 -0.0699
vn 0.9563 0.2869 0.0567
vn 0.0023 0.1406 -0.9901
vn 0.0015 0.0758 -0.9971
vn -0.0214 0.3899 -0.9206
vn -0.0183 0.3891 -0.9210
vn 0.8076 -0.5805 0.1040
vn 0.9959 0.0020 0.0901
vn 0.9631 0.1891 0.1916
vn 0.9989 0.0210 0.0409
vn 0.9956 0.0919 0.0199
vn 0.9626 0.2700 -0.0217
vn 0.9651 0.2501 0.0773
vn 0.9959 0.0244 0.0875
vn 0.9817 -0.1704 0.0852
vn 0.9691 -0.2371 0.0684
vn 0.9588 -0.2795 0.0510
vn 0.9192 -0.3882 0.0657
vn 0.7816 -0.6178 0.0861
vn -0.6355 -0.0628 0.7695
vn -0.1283 0.4592 -0.8790
vn -0.1329 0.2900 -0.9478
vn -0.0972 0.1156 -0.9885
vn -0.0663 -0.0459 -0.9967
vn -0.0606 -0.2231 -0.9729
vn -0.0798 -0.4000 -0.9130
vn -0.1234 -0.5152 -0.8482
vn -0.1667 -0.6199 -0.7668
vn 0.6563 0.7446 0.1216
vn 0.9751 0.2205 -0.0229
vn 0.9604 0.2665 -0.0807
vn 0.9976 -0.0177 -0.0668
vn 0.9738 -0.2178 -0.0658
vn 0.9409 -0.3257 -0.0932
vn 0.9273 -0.3507 -0.1313
vn 0.8915 -0.4331 -0.1331
vn 0.0360 0.7527 -0.6574
vn -0.1453 0.3577 -0.9224
vn -0.0631 0.1408 -0.9880
vn -0.0123 -0.0759 -0.9970
vn 0.0093 -0.1640 -0.9864
vn 0.0219 -0.2890 -0.9571
vn 0.0381 -0.4200 -0.9067
vn 0.0877 -0.5224 -0.8482
vn 0.9789 0.1296 -0.1580
vn 0.9926 0.1153 -0.0384
vn 0.9996 0.0262 0.0131
vn 0.9970 -0.0744 0.0212
vn 0.9916 -0.1210 0.0456
vn 0.9663 -0.2501 0.0615
vn 0.8989 -0.4359 0.0454
vn 0.6449 -0.7640 -0.0194
vn -0.6640 -0.4997 0.5562
vn 0.1852 0.2571 -0.9485
vn 0.2173 0.2735 -0.9370
vn 0.1888 0.0761 -0.9791
vn 0.1715 -0.1009 -0.9800
vn 0.1506 -0.2016 -0.9678
vn 0.1384 -0.3679 -0.9195
vn 0.1201 -0.4996 -0.8579
vn 0.1101 -0.6580 -0.7449
vn 0.9555 0.2248 -0.1912
vn 0.9453 0.1772 0.2737
vn 0.9841 0.1043 0.1435
vn 0.9982 -0.0596 -0.0012
vn 0.9921 -0.1249 -0.0146
vn 0.9706 -0.2401 0.0141
vn 0.9254 -0.3777 0.0322
vn 0.8653 -0.5011 0.0152
vn 0.1444 0.3397 -0.9294
vn -0.3222 0.2334 -0.9175
vn -0.4150 0.1624 -0.8952
vn -0.4341 -0.0235 -0.9006
vn -0.4162 -0.1347 -0.8992
vn -0.3953 -0.2496 -0.8840
vn -0.3797 -0.3516 -0.8557
vn -0.3798 -0.4397 -0.8139
vn 0.9915 -0.0734 -0.1072
vn 0.0900 -0.5015 -0.8605
vn -0.1295 0.2615 -0.9565
vn -0.4345 0.1592 -0.8865
vn -0.1142 0.3797 -0.9180
vn -0.3783 0.2091 -0.9018
vn -0.0789 0.5078 -0.8578
vn 0.0938 0.5464 -0.8323
vn 0.1573 0.6115 -0.7755
vn 0.1841 0.0110 -0.9828
vn 0.9585 0.2732 -0.0819
vn 0.9701 0.2326 -0.0695
vn 0.9844 0.1756 -0.0044
vn 0.9836 0.1767 0.0352
vn 0.0918 0.9828 0.1605
vn 0.9330 0.3559 -0.0530
vn 0.9210 0.3896 0.0016
vn 0.2117 0.2616 -0.9417
vn 0.2097 0.2482 -0.9457
vn 0.2111 0.1732 -0.9620
vn 0.2158 0.2199 -0.9514
vn 0.7481 -0.6287 0.2123
vn 0.9836 0.1599 0.0841
vn 0.9927 0.0824 0.0876
vn 0.9615 0.2648 0.0731
vn 0.9590 0.1522 0.2392
vn 0.8317 -0.5262 -0.1772
vn 0.7192 -0.6899 0.0820
vn 0.6898 -0.7229 0.0395
vn 0.9223 0.3075 0.2340
vn 0.9342 0.2893 0.2086
vn 0.9060 0.4122 -0.0967
vn 0.9318 0.3628 -0.0102
vn 0.8097 0.5864 0.0218
vn 0.9305 0.3602 -0.0670
vn -0.9170 -0.0252 -0.3981
vn 0.0427 -0.0049 -0.9991
vn 0.0427 -0.0159 -0.9990
vn 0.0620 0.5070 -0.8597
vn -0.2416 0.5182 -0.8204
vn -0.1928 0.5068 -0.8402
vn -0.0556 0.5777 -0.8143
vn -0.1838 0.5488 -0.8155
vn 0.1166 0.5410 -0.8329
vn 0.1490 -0.7150 -0.6831
vn 0.0898 -0.7708 -0.6307
vn 0.1496 -0.6569 -0.7390
vn 0.9949 0.0157 0.0991
vn 0.4115 0.0308 0.9109
vn 0.9896 0.0270 -0.1412
vn 0.9764 -0.1328 -0.1704
vn -0.3741 -0.4218 -0.8259
vn -0.0252 0.5779 -0.8157
vn -0.1024 0.5457 -0.8317
vn -0.9134 -0.0000 -0.4070
vn 0.8735 0.3461 0.3424
vn 0.8658 0.3087 0.3937
vn 0.8436 -0.4925 0.2142
vn 0.9548 0.2897 0.0661
vn 0.9678 0.2493 0.0359
vn 0.9352 0.3252 -0.1404
vn 0.9447 0.3131 -0.0976
vn 0.9272 0.3597 0.1049
vn 0.9075 0.3437 0.2415
vn -0.1285 0.5121 -0.8492
vn -0.1560 0.4993 -0.8523
vn 0.0184 0.6017 -0.7985
vn 0.0501 0.5961 -0.8013
vn 0.0419 0.6206 -0.7830
vn 0.0073 0.5987 -0.8010
vn 0.1072 0.5173 -0.8491
vn 0.0857 0.5034 -0.8598
vn -0.1273 0.4981 -0.8577
vn -0.0847 0.5116 -0.8550
vn 0.0214 0.8194 -0.5728
vn 0.0353 0.6837 -0.7289
vn -0.2040 0.5200 -0.8294
vn -0.1935 0.5340 -0.8230
vn -0.1021 0.5655 -0.8184
vn -0.1505 0.5380 -0.8294
vn 0.0513 0.5707 -0.8196
vn 0.0669 0.5585 -0.8268
vn -0.3281 0.5224 -0.7870
vn -0.3782 0.4342 -0.8176
vn 0.0708 0.4841 -0.8721
vn 0.1177 0.4926 -0.8623
vn 0.0840 0.5511 -0.8302
vn 0.0189 0.5921 -0.8056
vn 0.9202 0.3905 0.0273
vn 0.9195 0.3926 -0.0214
vn 0.8944 0.4373 -0.0936
vn 0.9168 0.3958 -0.0529
vn 0.0775 0.9946 -0.0688
vn 0.5881 0.8086 -0.0175
vn 0.9212 0.3844 -0.0592
vn 0.9152 0.3941 -0.0842
vn 0.9198 0.3844 -0.0792
vn 0.9319 0.3604 -0.0420
vn 0.9313 0.3443 0.1190
vn 0.9383 0.3389 0.0692
vn 0.9572 0.2599 -0.1271
vn 0.9388 0.3287 -0.1030
vn 0.9363 0.3320 0.1146
vn 0.9279 0.3301 0.1733
vn 0.9203 0.3162 0.2302
vn 0.9218 0.3011 0.2440
vn 0.9352 0.3139 0.1641
vn 0.9449 0.3120 0.0992
vn 0.9624 0.2716 0.0085
vn 0.9622 0.2696 -0.0383
vn 0.9374 0.3385 -0.0822
vn 0.9255 0.3690 -0.0852
vn 0.0037 0.5785 -0.8157
vn 0.0068 0.5450 -0.8384
vn -0.1406 0.4907 -0.8599
vn -0.1736 0.4909 -0.8537
vn -0.2186 0.4827 -0.8481
vn -0.2223 0.4821 -0.8474
vn 0.1072 0.4551 -0.8840
vn 0.0508 0.4827 -0.8743
vn 0.8456 0.3635 0.3909
vn 0.8593 0.3624 0.3609
s 1
f 2//2 5//5 1//1
f 9//9 26//26 53//53
f 26//26 18//18 75//75
f 18//18 1//1 13//13
f 377//377 376//376 100//100
f 1//1 979//979 159//159
f 9//9 18//18 26//26
f 161//161 272//272 1018//1018
f 1880//1880 165//165 1588//1588
f 1881//1881 167//167 1589//1589
f 1915//1915 47//47 1557//1557
f 1916//1916 48//48 1558//1558
f 1917//1917 50//50 1559//1559
f 1918//1918 49//49 1560//1560
f 1919//1919 59//59 1561//1561
f 938//938 1769//1769 1553//1553
f 33//33 101//101 102//102
f 35//35 284//284 177//177
f 1239//1239 285//285 1182//1182
f 1240//1240 286//286 1180//1180
f 37//37 287//287 183//183
f 1241//1241 288//288 1178//1178
f 289//289 552//552 456//456
f 1242//1242 290//290 1176//1176
f 291//291 554//554 458//458
f 292//292 994//994 1243//1243
f 460//460 293//293 866//866
f 294//294 995//995 1244//1244
f 462//462 204//204 40//40
f 296//296 996//996 1245//1245
f 41//41 297//297 209//209
f 298//298 43//43 211//211
f 299//299 997//997 1246//1246
f 120//120 43//43 118//118
f 300//300 214//214 998//998
f 122//122 403//403 623//623
f 123//123 404//404 624//624
f 124//124 405//405 625//625
f 626//626 124//124 406//406
f 627//627 125//125 407//407
f 471//471 306//306 855//855
f 472//472 307//307 853//853
f 473//473 308//308 851//851
f 313//313 634//634 478//478
f 949//949 1337//1337 33//33
f 846//846 1044//1044 645//645
f 1888//1888 326//326 1640//1640
f 1889//1889 327//327 1638//1638
f 1923//1923 88//88 1565//1565
f 1924//1924 87//87 1566//1566
f 1925//1925 92//92 1567//1567
f 1926//1926 90//90 1568//1568
f 1927//1927 99//99 1569//1569
f 653//653 94//94 497//497
f 19//19 102//102 101//101
f 336//336 19//19 241//241
f 337//337 1010//1010 1264//1264
f 24//24 338//338 244//244
f 339//339 1011//1011 1265//1265
f 501//501 247//247 25//25
f 341//341 1012//1012 1266//1266
f 503//503 342//342 834//834
f 343//343 1013//1013 1267//1267
f 344//344 583//583 505//505
f 1268//1268 345//345 1152//1152
f 346//346 585//585 507//507
f 1269//1269 347//347 1150//1150
f 31//31 348//348 257//257
f 1270//1270 349//349 1148//1148
f 34//34 350//350 260//260
f 1271//1271 351//351 1146//1146
f 36//36 104//104 103//103
f 668//668 121//121 433//433
f 669//669 79//79 590//590
f 670//670 80//80 591//591
f 671//671 85//85 592//592
f 672//672 81//81 593//593
f 673//673 83//83 594//594
f 517//517 270//270 596//596
f 518//518 271//271 597//597
f 360//360 533//533 519//519
f 10//10 1551//1551 680//680
f 974//974 1362//1362 36//36
f 2//2 9//9 5//5
f 130//130 5//5 60//60
f 22//22 131//131 69//69
f 22//22 132//132 70//70
f 5//5 129//129 60//60
f 5//5 9//9 48//48
f 5//5 142//142 51//51
f 46//46 5//5 47//47
f 26//26 22//22 66//66
f 22//22 133//133 67//67
f 22//22 67//67 68//68
f 47//47 5//5 48//48
f 22//22 68//68 66//66
f 50//50 48//48 9//9
f 26//26 66//66 71//71
f 26//26 71//71 72//72
f 49//49 50//50 9//9
f 59//59 49//49 9//9
f 26//26 72//72 62//62
f 26//26 62//62 63//63
f 56//56 59//59 9//9
f 141//141 9//9 57//57
f 26//26 134//134 65//65
f 26//26 135//135 54//54
f 140//140 9//9 58//58
f 139//139 9//9 52//52
f 26//26 136//136 55//55
f 138//138 9//9 53//53
f 26//26 137//137 53//53
f 143//143 22//22 95//95
f 13//13 144//144 89//89
f 13//13 145//145 91//91
f 22//22 156//156 95//95
f 22//22 26//26 81//81
f 22//22 155//155 84//84
f 82//82 22//22 83//83
f 18//18 13//13 92//92
f 13//13 146//146 88//88
f 13//13 88//88 87//87
f 83//83 22//22 81//81
f 13//13 87//87 92//92
f 85//85 81//81 26//26
f 18//18 92//92 90//90
f 18//18 90//90 99//99
f 80//80 85//85 26//26
f 79//79 80//80 26//26
f 18//18 99//99 94//94
f 18//18 94//94 93//93
f 86//86 79//79 26//26
f 154//154 26//26 76//76
f 18//18 147//147 98//98
f 18//18 148//148 73//73
f 153//153 26//26 77//77
f 152//152 26//26 78//78
f 18//18 149//149 74//74
f 151//151 26//26 75//75
f 18//18 150//150 75//75
f 18//18 2//2 1//1
f 64//64 22//22 96//96
f 160//160 379//379 13//13
f 1//1 5//5 44//44
f 5//5 161//161 537//537
f 45//45 13//13 1//1
f 1//1 162//162 980//980
f 9//9 2//2 18//18
f 1554//1554 892//892 2049//2049
f 1439//1439 1604//1604 1019//1019
f 1880//1880 1940//1940 274//274
f 1881//1881 1938//1938 275//275
f 1915//1915 1556//1556 46//46
f 1916//1916 1557//1557 47//47
f 1917//1917 1558//1558 48//48
f 1918//1918 1559//1559 50//50
f 1919//1919 1560//1560 49//49
f 101//101 1327//1327 1289//1289
f 608//608 452//452 104//104
f 901//901 103//103 104//104
f 33//33 284//284 178//178
f 991//991 285//285 1239//1239
f 992//992 286//286 1240//1240
f 37//37 184//184 287//287
f 993//993 288//288 1241//1241
f 189//189 456//456 38//38
f 994//994 290//290 1242//1242
f 458//458 790//790 291//291
f 1243//1243 1425//1425 292//292
f 554//554 293//293 460//460
f 1244//1244 1423//1423 294//294
f 556//556 295//295 462//462
f 1245//1245 1421//1421 296//296
f 41//41 203//203 297//297
f 42//42 208//208 298//298
f 1246//1246 1419//1419 299//299
f 622//622 403//403 121//121
f 623//623 404//404 122//122
f 624//624 405//405 123//123
f 625//625 406//406 124//124
f 626//626 407//407 125//125
f 627//627 408//408 126//126
f 221//221 471//471 408//408
f 223//223 472//472 409//409
f 225//225 473//473 410//410
f 1778//1778 411//411 474//474
f 164//164 632//632 3//3
f 16//16 633//633 311//311
f 947//947 477//477 101//101
f 314//314 635//635 313//313
f 27//27 314//314 23//23
f 32//32 315//315 29//29
f 1300//1300 33//33 1337//1337
f 1249//1249 1414//1414 317//317
f 1251//1251 1412//1412 319//319
f 1250//1250 318//318 1111//1111
f 484//484 757//757 321//321
f 194//194 642//642 38//38
f 641//641 1409//1409 321//321
f 1042//1042 1407//1407 323//323
f 159//159 324//324 1887//1887
f 1904//1904 1343//1343 1920//1920
f 232//232 1888//1888 1597//1597
f 234//234 1889//1889 1598//1598
f 87//87 1923//1923 1566//1566
f 92//92 1924//1924 1567//1567
f 90//90 1925//1925 1568//1568
f 99//99 1926//1926 1569//1569
f 94//94 1927//1927 1570//1570
f 653//653 1309//1309 93//93
f 1786//1786 1541//1541 919//919
f 963//963 911//911 120//120
f 21//21 242//242 336//336
f 1264//1264 1394//1394 337//337
f 24//24 245//245 338//338
f 1265//1265 1392//1392 339//339
f 581//581 340//340 501//501
f 1266//1266 1390//1390 341//341
f 583//583 342//342 503//503
f 1267//1267 1388//1388 343//343
f 505//505 726//726 344//344
f 1013//1013 345//345 1268//1268
f 256//256 507//507 30//30
f 1014//1014 347//347 1269//1269
f 31//31 259//259 348//348
f 1015//1015 349//349 1270//1270
f 36//36 350//350 262//262
f 1016//1016 351//351 1271//1271
f 1017//1017 352//352 511//511
f 80//80 669//669 591//591
f 85//85 670//670 592//592
f 81//81 671//671 593//593
f 83//83 672//672 594//594
f 82//82 673//673 595//595
f 517//517 713//713 358//358
f 518//518 711//711 359//359
f 519//519 709//709 360//360
f 17//17 361//361 101//101
f 14//14 362//362 15//15
f 362//362 520//520 15//15
f 233//233 678//678 364//364
f 231//231 522//522 6//6
f 680//680 363//363 677//677
f 1687//1687 1539//1539 1299//1299
f 900//900 36//36 1362//1362
f 1274//1274 1375//1375 369//369
f 1276//1276 1373//1373 371//371
f 1275//1275 370//370 1072//1072
f 530//530 695//695 373//373
f 253//253 688//688 30//30
f 687//687 1370//1370 373//373
f 1067//1067 1368//1368 375//375
f 978//978 1366//1366 31//31
f 1068//1068 244//244 1069//1069
f 1369//1369 1277//1277 372//372
f 530//530 978//978 31//31
f 1070//1070 693//693 692//692
f 693//693 1067//1067 375//375
f 250//250 531//531 374//374
f 374//374 694//694 250//250
f 28//28 694//694 253//253
f 687//687 531//531 25//25
f 695//695 256//256 696//696
f 696//696 688//688 374//374
f 1071//1071 371//371 1065//1065
f 370//370 1071//1071 1072//1072
f 1364//1364 34//34 976//976
f 1365//1365 977//977 21//21
f 1073//1073 259//259 1074//1074
f 1374//1374 1066//1066 372//372
f 1363//1363 975//975 19//19
f 1075//1075 262//262 1076//1076
f 1376//1376 1064//1064 370//370
f 989//989 368//368 1273//1273
f 1712//1712 1537//1537 1377//1377
f 704//704 1712//1712 1377//1377
f 1654//1654 1533//1533 1210//1210
f 706//706 15//15 520//520
f 706//706 707//707 361//361
f 523//523 361//361 707//707
f 229//229 679//679 365//365
f 365//365 708//708 229//229
f 4//4 708//708 231//231
f 8//8 364//364 521//521
f 363//363 11//11 677//677
f 676//676 440//440 128//128
f 709//709 143//143 710//710
f 710//710 597//597 271//271
f 675//675 439//439 127//127
f 711//711 156//156 712//712
f 712//712 596//596 270//270
f 674//674 438//438 126//126
f 713//713 155//155 714//714
f 714//714 595//595 269//269
f 269//269 516//516 438//438
f 268//268 515//515 437//437
f 267//267 514//514 436//436
f 266//266 513//513 435//435
f 265//265 512//512 434//434
f 1079//1079 121//121 668//668
f 716//716 1079//1079 715//715
f 928//928 215//215 716//716
f 1080//1080 119//119 1360//1360
f 1080//1080 1381//1381 213//213
f 927//927 213//213 1381//1381
f 34//34 262//262 350//350
f 1082//1082 117//117 1359//1359
f 1082//1082 1383//1383 207//207
f 926//926 207//207 1383//1383
f 348//348 260//260 106//106
f 348//348 259//259 260//260
f 259//259 34//34 260//260
f 1084//1084 115//115 1358//1358
f 1084//1084 1385//1385 202//202
f 925//925 202//202 1385//1385
f 257//257 664//664 346//346
f 346//346 723//723 257//257
f 31//31 723//723 256//256
f 1086//1086 113//113 1357//1357
f 1086//1086 1387//1387 196//196
f 924//924 196//196 1387//1387
f 662//662 428//428 110//110
f 726//726 253//253 727//727
f 727//727 585//585 254//254
f 1356//1356 923//923 112//112
f 1088//1088 150//150 1089//1089
f 1389//1389 1012//1012 249//249
f 730//730 109//109 660//660
f 730//730 731//731 195//195
f 426//426 195//195 731//731
f 1355//1355 922//922 114//114
f 1090//1090 149//149 1091//1091
f 1391//1391 1011//1011 246//246
f 734//734 107//107 658//658
f 734//734 735//735 190//190
f 424//424 190//190 735//735
f 1354//1354 921//921 116//116
f 1092//1092 148//148 1093//1093
f 1393//1393 1010//1010 243//243
f 338//338 185//185 105//105
f 338//338 245//245 185//185
f 245//245 107//107 185//185
f 1353//1353 920//920 118//118
f 1094//1094 147//147 1095//1095
f 1395//1395 1009//1009 240//240
f 336//336 176//176 102//102
f 336//336 242//242 176//176
f 242//242 105//105 176//176
f 1000//1000 335//335 1052//1052
f 1713//1713 1531//1531 1396//1396
f 741//741 1713//1713 1396//1396
f 1819//1819 1527//1527 1008//1008
f 1220//1220 240//240 333//333
f 239//239 1894//1894 1603//1603
f 238//238 1893//1893 1602//1602
f 237//237 1892//1892 1601//1601
f 236//236 1891//1891 1600//1600
f 235//235 1890//1890 1599//1599
f 146//146 1922//1922 1622//1622
f 1622//1622 1931//1931 146//146
f 88//88 1931//1931 1565//1565
f 145//145 1921//1921 1624//1624
f 1624//1624 1933//1933 145//145
f 91//91 1933//1933 1564//1564
f 1934//1934 1254//1254 1887//1887
f 1934//1934 2042//2042 1402//1402
f 1871//1871 1104//1104 1627//1627
f 229//229 4//4 1920//1920
f 1105//1105 1936//1936 229//229
f 3//3 229//229 1936//1936
f 953//953 1341//1341 37//37
f 1107//1107 209//209 1108//1108
f 1408//1408 1252//1252 320//320
f 484//484 953//953 37//37
f 1109//1109 755//755 754//754
f 755//755 1042//1042 323//323
f 199//199 485//485 322//322
f 322//322 756//756 199//199
f 39//39 756//756 194//194
f 641//641 485//485 40//40
f 757//757 189//189 758//758
f 758//758 642//642 322//322
f 1110//1110 319//319 1040//1040
f 318//318 1110//1110 1111//1111
f 1339//1339 35//35 951//951
f 1340//1340 952//952 42//42
f 1112//1112 184//184 1113//1113
f 1413//1413 1041//1041 320//320
f 1338//1338 950//950 43//43
f 1114//1114 178//178 1115//1115
f 1415//1415 1039//1039 318//318
f 1211//1211 316//316 1248//1248
f 23//23 313//313 478//478
f 1416//1416 634//634 312//312
f 766//766 1416//1416 312//312
f 1036//1036 767//767 309//309
f 168//168 476//476 12//12
f 166//166 475//475 310//310
f 310//310 768//768 166//166
f 7//7 768//768 164//164
f 1721//1721 769//769 631//631
f 1510//1510 1721//1721 1417//1417
f 1811//1811 568//568 771//771
f 131//131 630//630 772//772
f 772//772 773//773 131//131
f 69//69 773//773 567//567
f 132//132 629//629 774//774
f 774//774 775//775 132//132
f 70//70 775//775 566//566
f 133//133 628//628 776//776
f 776//776 777//777 133//133
f 67//67 777//777 565//565
f 565//565 305//305 470//470
f 564//564 304//304 469//469
f 563//563 303//303 468//468
f 562//562 302//302 467//467
f 561//561 301//301 466//466
f 560//560 300//300 465//465
f 1335//1335 909//909 119//119
f 1119//1119 134//134 1120//1120
f 1420//1420 998//998 214//214
f 298//298 212//212 118//118
f 298//298 208//208 212//212
f 208//208 116//116 212//212
f 297//297 210//210 116//116
f 297//297 203//203 210//210
f 203//203 114//114 210//210
f 1334//1334 908//908 117//117
f 1121//1121 135//135 1122//1122
f 1422//1422 997//997 206//206
f 782//782 114//114 619//619
f 782//782 783//783 205//205
f 399//399 205//205 783//783
f 1333//1333 907//907 115//115
f 1123//1123 136//136 1124//1124
f 1424//1424 996//996 201//201
f 786//786 112//112 617//617
f 786//786 787//787 200//200
f 397//397 200//200 787//787
f 1332//1332 906//906 113//113
f 1125//1125 137//137 1126//1126
f 1426//1426 995//995 197//197
f 615//615 395//395 109//109
f 790//790 194//194 791//791
f 791//791 552//552 188//188
f 1127//1127 110//110 1331//1331
f 1127//1127 1428//1428 192//192
f 905//905 192//192 1428//1428
f 183//183 613//613 289//289
f 289//289 794//794 183//183
f 37//37 794//794 189//189
f 1129//1129 108//108 1330//1330
f 1129//1129 1430//1430 187//187
f 904//904 187//187 1430//1430
f 287//287 177//177 105//105
f 287//287 184//184 177//177
f 184//184 35//35 177//177
f 1131//1131 106//106 1329//1329
f 1131//1131 1432//1432 182//182
f 903//903 182//182 1432//1432
f 1133//1133 103//103 1328//1328
f 1133//1133 1434//1434 180//180
f 902//902 180//180 1434//1434
f 35//35 178//178 284//284
f 990//990 283//283 609//609
f 451//451 283//283 282//282
f 174//174 1238//1238 1200//1200
f 1593//1593 280//280 1886//1886
f 1592//1592 279//279 1885//1885
f 1591//1591 278//278 1884//1884
f 1590//1590 277//277 1883//1883
f 1589//1589 276//276 1882//1882
f 1914//1914 1555//1555 51//51
f 1630//1630 168//168 1631//1631
f 1939//1939 1588//1588 165//165
f 1913//1913 1554//1554 60//60
f 1632//1632 166//166 1633//1633
f 1941//1941 1587//1587 163//163
f 891//891 1571//1571 930//930
f 1139//1139 1634//1634 1140//1140
f 980//980 1942//1942 1440//1440
f 1943//1943 1441//1441 2039//2039
f 1442//1442 1943//1943 1944//1944
f 1587//1587 981//981 2035//2035
f 1063//1063 368//368 369//369
f 366//366 1498//1498 523//523
f 1444//1444 810//810 366//366
f 364//364 1496//1496 812//812
f 226//226 376//376 813//813
f 813//813 814//814 226//226
f 128//128 814//814 676//676
f 815//815 128//128 440//440
f 815//815 816//816 224//224
f 675//675 224//224 816//816
f 817//817 127//127 439//439
f 817//817 818//818 222//222
f 674//674 222//222 818//818
f 357//357 437//437 516//516
f 356//356 436//436 515//515
f 514//514 266//266 435//435
f 513//513 265//265 434//434
f 512//512 264//264 433//433
f 352//352 590//590 511//511
f 1145//1145 263//263 1017//1017
f 351//351 1145//1145 1146//1146
f 1360//1360 119//119 928//928
f 260//260 180//180 106//106
f 260//260 350//350 180//180
f 350//350 103//103 180//180
f 1147//1147 261//261 1016//1016
f 349//349 1147//1147 1148//1148
f 1359//1359 117//117 927//927
f 257//257 182//182 108//108
f 257//257 348//348 182//182
f 348//348 106//106 182//182
f 1149//1149 258//258 1015//1015
f 347//347 1149//1149 1150//1150
f 1358//1358 115//115 926//926
f 187//187 428//428 825//825
f 825//825 826//826 187//187
f 108//108 826//826 664//664
f 1151//1151 255//255 1014//1014
f 345//345 1151//1151 1152//1152
f 1357//1357 113//113 925//925
f 192//192 426//426 829//829
f 829//829 830//830 192//192
f 110//110 830//830 662//662
f 200//200 924//924 1153//1153
f 1153//1153 1454//1454 200//200
f 112//112 1454//1454 1356//1356
f 833//833 248//248 581//581
f 342//342 833//833 834//834
f 660//660 109//109 424//424
f 205//205 923//923 1155//1155
f 1155//1155 1456//1456 205//205
f 114//114 1456//1456 1355//1355
f 837//837 24//24 247//247
f 340//340 837//837 247//247
f 658//658 245//245 340//340
f 210//210 922//922 1157//1157
f 1157//1157 1458//1458 210//210
f 116//116 1458//1458 1354//1354
f 244//244 242//242 21//21
f 244//244 338//338 242//242
f 338//338 105//105 242//242
f 212//212 921//921 1159//1159
f 1159//1159 1460//1460 212//212
f 118//118 1460//1460 1353//1353
f 21//21 336//336 241//241
f 496//496 334//334 654//654
f 332//332 1602//1602 1894//1894
f 331//331 1601//1601 1893//1893
f 330//330 1600//1600 1892//1892
f 329//329 1599//1599 1891//1891
f 328//328 1598//1598 1890//1890
f 1637//1637 232//232 1597//1597
f 327//327 1637//1637 1638//1638
f 1922//1922 91//91 1564//1564
f 1639//1639 230//230 1596//1596
f 326//326 1639//1639 1640//1640
f 1921//1921 89//89 1563//1563
f 536//536 955//955 488//488
f 846//846 1165//1165 847//847
f 379//379 1465//1465 847//847
f 1038//1038 316//316 317//317
f 315//315 477//477 848//848
f 848//848 849//849 315//315
f 29//29 849//849 635//635
f 850//850 158//158 377//377
f 851//851 158//158 850//850
f 630//630 64//64 534//534
f 852//852 225//225 410//410
f 307//307 852//852 853//853
f 629//629 69//69 567//567
f 854//854 223//223 409//409
f 306//306 854//854 855//855
f 628//628 70//70 566//566
f 470//470 220//220 564//564
f 469//469 219//219 563//563
f 303//303 562//562 468//468
f 302//302 561//561 467//467
f 301//301 560//560 466//466
f 215//215 119//119 909//909
f 856//856 1466//1466 215//215
f 121//121 215//215 1466//1466
f 213//213 908//908 1167//1167
f 1167//1167 1468//1468 213//213
f 119//119 1468//1468 1335//1335
f 42//42 298//298 211//211
f 209//209 208//208 42//42
f 209//209 297//297 208//208
f 297//297 116//116 208//208
f 207//207 907//907 1169//1169
f 1169//1169 1470//1470 207//207
f 117//117 1470//1470 1334//1334
f 862//862 41//41 204//204
f 295//295 862//862 204//204
f 619//619 203//203 295//295
f 202//202 906//906 1171//1171
f 1171//1171 1472//1472 202//202
f 115//115 1472//1472 1333//1333
f 865//865 198//198 556//556
f 293//293 865//865 866//866
f 617//617 112//112 399//399
f 196//196 905//905 1173//1173
f 1173//1173 1474//1474 196//196
f 113//113 1474//1474 1332//1332
f 195//195 397//397 869//869
f 869//869 870//870 195//195
f 109//109 870//870 615//615
f 1175//1175 186//186 993//993
f 290//290 1175//1175 1176//1176
f 1331//1331 110//110 904//904
f 190//190 395//395 873//873
f 873//873 874//874 190//190
f 107//107 874//874 613//613
f 1177//1177 181//181 992//992
f 288//288 1177//1177 1178//1178
f 1330//1330 108//108 903//903
f 183//183 185//185 107//107
f 183//183 287//287 185//185
f 287//287 105//105 185//185
f 1179//1179 179//179 991//991
f 286//286 1179//1179 1180//1180
f 1329//1329 106//106 902//902
f 1181//1181 175//175 990//990
f 285//285 1181//1181 1182//1182
f 1328//1328 103//103 901//901
f 177//177 176//176 105//105
f 177//177 284//284 176//176
f 284//284 102//102 176//176
f 1483//1483 1740//1740 1495//1495
f 1733//1733 882//882 881//881
f 1027//1027 1738//1738 1491//1491
f 1886//1886 173//173 1594//1594
f 1885//1885 172//172 1593//1593
f 1884//1884 171//171 1592//1592
f 1883//1883 170//170 1591//1591
f 1882//1882 169//169 1590//1590
f 1642//1642 46//46 1556//1556
f 1642//1642 1951//1951 142//142
f 1914//1914 142//142 1951//1951
f 1644//1644 51//51 1555//1555
f 1644//1644 1953//1953 129//129
f 1913//1913 129//129 1953//1953
f 130//130 60//60 929//929
f 888//888 1489//1489 130//130
f 61//61 130//130 1489//1489
f 533//533 158//158 534//534
f 96//96 534//534 64//64
f 380//380 1189//1189 161//161
f 1189//1189 889//889 888//888
f 888//888 1229//1229 272//272
f 1821//1821 887//887 1861//1861
f 1861//1861 886//886 1736//1736
f 1736//1736 383//383 1647//1647
f 1822//1822 885//885 1859//1859
f 1859//1859 884//884 1734//1734
f 1734//1734 384//384 1648//1648
f 1790//1790 542//542 1682//1682
f 1791//1791 543//543 1683//1683
f 1792//1792 544//544 1684//1684
f 1793//1793 545//545 1685//1685
f 1794//1794 546//546 1686//1686
f 1490//1490 1810//1810 988//988
f 1738//1738 607//607 546//546
f 1327//1327 1902//1902 1288//1288
f 1739//1739 883//883 173//173
f 1493//1493 1739//1739 1492//1492
f 1641//1641 281//281 883//883
f 1494//1494 1777//1777 899//899
f 1740//1740 881//881 389//389
f 1183//1183 1869//1869 1199//1199
f 610//610 1201//1201 1028//1028
f 880//880 1481//1481 1482//1482
f 879//879 1290//1290 1481//1481
f 611//611 1202//1202 1029//1029
f 878//878 1479//1479 1480//1480
f 877//877 1291//1291 1479//1479
f 612//612 1203//1203 1030//1030
f 876//876 1477//1477 1478//1478
f 875//875 1292//1292 1477//1477
f 289//289 613//613 874//874
f 188//188 874//874 873//873
f 188//188 873//873 395//395
f 614//614 1204//1204 1031//1031
f 872//872 1475//1475 1476//1476
f 871//871 1293//1293 1475//1475
f 291//291 615//615 870//870
f 193//193 870//870 869//869
f 193//193 869//869 397//397
f 616//616 1174//1174 1032//1032
f 1473//1473 868//868 867//867
f 867//867 1205//1205 1473//1473
f 617//617 198//198 293//293
f 199//199 866//866 865//865
f 865//865 40//40 199//199
f 618//618 1172//1172 1033//1033
f 1471//1471 864//864 863//863
f 863//863 1206//1206 1471//1471
f 620//620 1170//1170 1034//1034
f 1469//1469 861//861 860//860
f 860//860 1207//1207 1469//1469
f 621//621 1168//1168 1035//1035
f 1467//1467 859//859 858//858
f 858//858 1208//1208 1467//1467
f 622//622 1166//1166 300//300
f 1166//1166 857//857 856//856
f 856//856 1209//1209 214//214
f 62//62 466//466 560//560
f 72//72 467//467 561//561
f 71//71 468//468 562//562
f 66//66 469//469 563//563
f 68//68 470//470 564//564
f 628//628 223//223 306//306
f 222//222 855//855 854//854
f 854//854 127//127 222//222
f 629//629 225//225 307//307
f 224//224 853//853 852//852
f 852//852 128//128 224//224
f 308//308 534//534 158//158
f 226//226 851//851 850//850
f 226//226 377//377 100//100
f 313//313 635//635 849//849
f 312//312 849//849 848//848
f 312//312 848//848 477//477
f 1338//1338 479//479 637//637
f 379//379 847//847 1165//1165
f 846//846 847//847 1465//1465
f 536//536 488//488 1255//1255
f 646//646 1655//1655 1829//1829
f 845//845 1731//1731 1732//1732
f 844//844 1688//1688 1731//1731
f 647//647 1656//1656 1830//1830
f 843//843 1729//1729 1730//1730
f 842//842 1689//1689 1729//1729
f 491//491 1690//1690 1798//1798
f 492//492 1691//1691 1799//1799
f 493//493 1692//1692 1800//1800
f 494//494 1693//1693 1801//1801
f 495//495 1694//1694 1802//1802
f 120//120 496//496 654//654
f 656//656 1160//1160 1053//1053
f 1459//1459 841//841 840//840
f 840//840 1221//1221 1459//1459
f 657//657 1158//1158 1054//1054
f 1457//1457 839//839 838//838
f 838//838 1222//1222 1457//1457
f 659//659 1156//1156 1055//1055
f 1455//1455 836//836 835//835
f 835//835 1223//1223 1455//1455
f 660//660 248//248 342//342
f 250//250 834//834 833//833
f 833//833 25//25 250//250
f 661//661 1154//1154 1056//1056
f 1453//1453 832//832 831//831
f 831//831 1224//1224 1453//1453
f 344//344 662//662 830//830
f 251//251 830//830 829//829
f 251//251 829//829 426//426
f 663//663 1225//1225 1057//1057
f 828//828 1451//1451 1452//1452
f 827//827 1314//1314 1451//1451
f 346//346 664//664 826//826
f 254//254 826//826 825//825
f 254//254 825//825 428//428
f 665//665 1226//1226 1058//1058
f 824//824 1449//1449 1450//1450
f 823//823 1315//1315 1449//1449
f 666//666 1227//1227 1059//1059
f 822//822 1447//1447 1448//1448
f 821//821 1316//1316 1447//1447
f 667//667 1228//1228 1060//1060
f 820//820 1445//1445 1446//1446
f 819//819 1317//1317 1445//1445
f 511//511 79//79 86//86
f 122//122 433//433 121//121
f 123//123 434//434 122//122
f 124//124 435//435 123//123
f 515//515 124//124 125//125
f 516//516 125//125 126//126
f 358//358 674//674 818//818
f 358//358 817//817 270//270
f 270//270 817//817 439//439
f 359//359 675//675 816//816
f 359//359 815//815 271//271
f 271//271 815//815 440//440
f 360//360 676//676 814//814
f 157//157 814//814 813//813
f 157//157 813//813 376//376
f 812//812 1272//1272 367//367
f 1496//1496 524//524 812//812
f 678//678 972//972 524//524
f 1497//1497 367//367 810//810
f 811//811 1497//1497 810//810
f 1144//1144 812//812 811//811
f 523//523 1361//1361 101//101
f 1498//1498 681//681 523//523
f 810//810 1061//1061 681//681
f 1363//1363 525//525 683//683
f 1957//1957 1499//1499 2033//2033
f 1500//1500 1957//1957 1958//1958
f 1679//1679 1281//1281 2029//2029
f 1502//1502 1851//1851 1959//1959
f 1959//1959 2024//2024 1502//1502
f 1142//1142 1744//1744 1852//1852
f 1961//1961 1505//1505 2021//2021
f 1506//1506 1961//1961 1962//1962
f 1851//1851 1141//1141 2017//2017
f 538//538 806//806 1850//1850
f 805//805 806//806 1726//1726
f 381//381 442//442 1663//1663
f 1679//1679 804//804 1849//1849
f 1724//1724 804//804 1725//1725
f 1646//1646 600//600 1821//1821
f 1680//1680 802//802 1847//1847
f 1722//1722 802//802 1723//1723
f 1647//1647 601//601 1822//1822
f 1681//1681 445//445 1790//1790
f 1682//1682 446//446 1791//1791
f 1683//1683 447//447 1792//1792
f 1684//1684 448//448 1793//1793
f 1685//1685 449//449 1794//1794
f 390//390 938//938 900//900
f 59//59 609//609 451//451
f 1290//1290 609//609 56//56
f 1202//1202 800//800 1134//1134
f 1134//1134 799//799 1433//1433
f 1433//1433 610//610 1028//1028
f 1203//1203 798//798 1132//1132
f 1132//1132 797//797 1431//1431
f 1431//1431 611//611 1029//1029
f 1204//1204 796//796 1130//1130
f 1130//1130 795//795 1429//1429
f 1429//1429 612//612 1030//1030
f 1205//1205 793//793 1128//1128
f 1128//1128 792//792 1427//1427
f 1427//1427 614//614 1031//1031
f 38//38 791//791 194//194
f 291//291 791//791 188//188
f 188//188 615//615 291//291
f 1295//1295 789//789 1126//1126
f 1425//1425 789//789 1426//1426
f 1206//1206 616//616 1032//1032
f 193//193 397//397 787//787
f 193//193 786//786 293//293
f 293//293 786//786 617//617
f 1296//1296 785//785 1124//1124
f 1423//1423 785//785 1424//1424
f 1207//1207 618//618 1033//1033
f 198//198 399//399 783//783
f 198//198 782//782 295//295
f 295//295 782//782 619//619
f 1297//1297 781//781 1122//1122
f 1421//1421 781//781 1422//1422
f 1208//1208 620//620 1034//1034
f 1298//1298 779//779 1120//1120
f 1419//1419 779//779 1420//1420
f 1209//1209 621//621 1035//1035
f 62//62 465//465 63//63
f 72//72 466//466 62//62
f 71//71 467//467 72//72
f 66//66 468//468 71//71
f 68//68 469//469 66//66
f 67//67 470//470 68//68
f 221//221 565//565 777//777
f 306//306 777//777 776//776
f 306//306 776//776 628//628
f 223//223 566//566 775//775
f 307//307 775//775 774//774
f 307//307 774//774 629//629
f 225//225 567//567 773//773
f 308//308 773//773 772//772
f 308//308 772//772 630//630
f 1747//1747 632//632 310//310
f 1509//1509 1747//1747 1508//1508
f 1903//1903 3//3 632//632
f 1418//1418 1629//1629 1117//1117
f 1510//1510 1748//1748 1511//1511
f 1118//1118 1964//1964 1511//1511
f 1749//1749 475//475 12//12
f 1513//1513 1749//1749 1512//1512
f 1629//1629 310//310 475//475
f 1514//1514 311//311 767//767
f 631//631 1514//1514 767//767
f 1336//1336 476//476 631//631
f 767//767 1116//1116 765//765
f 765//765 1515//1515 767//767
f 309//309 1515//1515 766//766
f 1516//1516 20//20 634//634
f 765//765 1516//1516 634//634
f 1116//1116 633//633 765//765
f 911//911 479//479 948//948
f 1339//1339 764//764 1115//1115
f 1414//1414 764//764 1415//1415
f 1250//1250 637//637 1038//1038
f 1341//1341 762//762 1113//1113
f 1412//1412 762//762 1413//1413
f 1252//1252 639//639 1040//1040
f 638//638 1251//1251 1039//1039
f 760//760 1410//1410 1411//1411
f 759//759 1340//1340 1410//1410
f 38//38 758//758 189//189
f 321//321 758//758 322//322
f 322//322 641//641 321//321
f 1342//1342 643//643 204//204
f 754//754 755//755 323//323
f 1253//1253 486//486 321//321
f 1108//1108 483//483 753//753
f 752//752 1408//1408 1407//1407
f 1253//1253 640//640 486//486
f 535//535 751//751 1844//1844
f 1844//1844 751//751 750//750
f 750//750 644//644 1828//1828
f 1966//1966 1404//1404 1719//1719
f 1966//1966 2012//2012 1517//1517
f 1779//1779 1519//1519 1751//1751
f 1842//1842 2008//2008 1102//1102
f 1968//1968 1521//1521 2007//2007
f 1753//1753 2004//2004 1522//1522
f 1970//1970 954//954 1795//1795
f 1970//1970 2000//2000 1523//1523
f 1842//1842 1525//1525 1755//1755
f 414//414 1841//1841 1656//1656
f 1716//1716 746//746 745//745
f 745//745 1829//1829 1716//1716
f 415//415 1839//1839 1657//1657
f 1714//1714 744//744 743//743
f 743//743 1830//1830 1714//1714
f 573//573 1798//1798 1691//1691
f 574//574 1799//1799 1692//1692
f 575//575 1800//1800 1693//1693
f 576//576 1801//1801 1694//1694
f 577//577 1802//1802 1695//1695
f 920//920 421//421 120//120
f 1756//1756 1052//1052 1526//1526
f 577//577 1756//1756 1526//1526
f 1911//1911 1352//1352 1308//1308
f 742//742 1621//1621 1096//1096
f 1528//1528 1973//1973 742//742
f 239//239 1973//1973 1529//1529
f 1758//1758 963//963 1530//1530
f 740//740 1758//1758 1530//1530
f 1621//1621 1263//1263 1096//1096
f 1300//1300 655//655 1352//1352
f 1309//1309 739//739 1095//1095
f 1394//1394 739//739 1395//1395
f 1220//1220 656//656 1053//1053
f 1310//1310 737//737 1093//1093
f 1392//1392 737//737 1393//1393
f 1221//1221 657//657 1054//1054
f 248//248 424//424 735//735
f 248//248 734//734 340//340
f 340//340 734//734 658//658
f 1311//1311 733//733 1091//1091
f 1390//1390 733//733 1391//1391
f 1222//1222 659//659 1055//1055
f 251//251 426//426 731//731
f 251//251 730//730 342//342
f 342//342 730//730 660//660
f 1312//1312 729//729 1089//1089
f 1388//1388 729//729 1389//1389
f 1223//1223 661//661 1056//1056
f 30//30 727//727 253//253
f 344//344 727//727 254//254
f 254//254 662//662 344//344
f 1224//1224 725//725 1087//1087
f 1087//1087 724//724 1386//1386
f 1386//1386 663//663 1057//1057
f 1225//1225 722//722 1085//1085
f 1085//1085 721//721 1384//1384
f 1384//1384 665//665 1058//1058
f 1226//1226 720//720 1083//1083
f 1083//1083 719//719 1382//1382
f 1382//1382 666//666 1059//1059
f 1227//1227 718//718 1081//1081
f 1081//1081 717//717 1380//1380
f 1380//1380 667//667 1060//1060
f 1228//1228 716//716 263//263
f 716//716 715//715 1379//1379
f 1379//1379 668//668 352//352
f 122//122 434//434 512//512
f 123//123 435//435 513//513
f 124//124 436//436 514//514
f 125//125 437//437 515//515
f 126//126 438//438 516//516
f 82//82 714//714 155//155
f 358//358 714//714 269//269
f 269//269 674//674 358//358
f 84//84 712//712 156//156
f 359//359 712//712 270//270
f 270//270 675//675 359//359
f 95//95 710//710 143//143
f 360//360 710//710 271//271
f 271//271 676//676 360//360
f 366//366 523//523 707//707
f 366//366 706//706 363//363
f 363//363 706//706 520//520
f 1759//1759 1061//1061 1532//1532
f 411//411 1759//1759 1532//1532
f 1562//1562 1361//1361 910//910
f 705//705 1620//1620 1077//1077
f 1534//1534 1976//1976 705//705
f 227//227 1976//1976 1535//1535
f 1761//1761 972//972 1536//1536
f 703//703 1761//1761 1536//1536
f 1620//1620 1272//1272 1077//1077
f 1289//1289 525//525 973//973
f 1364//1364 702//702 1076//1076
f 1375//1375 702//702 1376//1376
f 1275//1275 683//683 1063//1063
f 1366//1366 700//700 1074//1074
f 1373//1373 700//700 1374//1374
f 1277//1277 685//685 1065//1065
f 684//684 1276//1276 1064//1064
f 698//698 1371//1371 1372//1372
f 697//697 1365//1365 1371//1371
f 30//30 696//696 256//256
f 373//373 696//696 374//374
f 374//374 687//687 373//373
f 1367//1367 689//689 247//247
f 692//692 693//693 375//375
f 1278//1278 532//532 373//373
f 1069//1069 529//529 691//691
f 690//690 1369//1369 1368//1368
f 1278//1278 686//686 532//532
f 1367//1367 690//690 689//689
f 1070//1070 692//692 25//25
f 256//256 530//530 31//31
f 527//527 1372//1372 975//975
f 1073//1073 528//528 976//976
f 1075//1075 526//526 974//974
f 1200//1200 682//682 1062//1062
f 1762//1762 1378//1378 1538//1538
f 568//568 1762//1762 1538//1538
f 1595//1595 1078//1078 999//999
f 10//10 680//680 677//677
f 143//143 519//519 96//96
f 156//156 518//518 95//95
f 155//155 517//517 84//84
f 595//595 357//357 269//269
f 594//594 356//356 268//268
f 593//593 355//355 267//267
f 592//592 354//354 266//266
f 591//591 353//353 265//265
f 1317//1317 511//511 86//86
f 1316//1316 510//510 971//971
f 1315//1315 509//509 970//970
f 1314//1314 508//508 969//969
f 1313//1313 506//506 968//968
f 253//253 505//505 28//28
f 1088//1088 504//504 967//967
f 28//28 583//583 503//503
f 1090//1090 502//502 966//966
f 25//25 581//581 501//501
f 1092//1092 500//500 965//965
f 1094//1094 499//499 964//964
f 1211//1211 498//498 1263//1263
f 1763//1763 1397//1397 1540//1540
f 420//420 1763//1763 1540//1540
f 1878//1878 1097//1097 1219//1219
f 1009//1009 578//578 653//653
f 420//420 1835//1835 1662//1662
f 419//419 1834//1834 1661//1661
f 418//418 1833//1833 1660//1660
f 417//417 1832//1832 1659//1659
f 416//416 1831//1831 1658//1658
f 572//572 1797//1797 1690//1690
f 571//571 1796//1796 1689//1689
f 1980//1980 1043//1043 1828//1828
f 1980//1980 1994//1994 1542//1542
f 1812//1812 1544//1544 1765//1765
f 378//378 487//487 1795//1795
f 1342//1342 752//752 643//643
f 1109//1109 754//754 40//40
f 189//189 484//484 37//37
f 481//481 1411//1411 950//950
f 1112//1112 482//482 951//951
f 1114//1114 480//480 949//949
f 1000//1000 636//636 1037//1037
f 1545//1545 312//312 477//477
f 474//474 1545//1545 477//477
f 1247//1247 766//766 474//474
f 1766//1766 770//770 309//309
f 1547//1547 1766//1766 1546//1546
f 1870//1870 227//227 770//770
f 128//128 410//410 473//473
f 127//127 409//409 472//472
f 126//126 408//408 471//471
f 221//221 627//627 305//305
f 220//220 626//626 304//304
f 219//219 625//625 303//303
f 218//218 624//624 302//302
f 217//217 623//623 301//301
f 216//216 622//622 300//300
f 1119//1119 464//464 946//946
f 1121//1121 463//463 945//945
f 40//40 556//556 462//462
f 1123//1123 461//461 944//944
f 39//39 554//554 460//460
f 1125//1125 459//459 943//943
f 194//194 458//458 39//39
f 1294//1294 457//457 942//942
f 1293//1293 455//455 941//941
f 1292//1292 454//454 940//940
f 1291//1291 453//453 939//939
f 1201//1201 452//452 283//283
f 282//282 452//452 608//608
f 547//547 1027//1027 989//989
f 1652//1652 606//606 1827//1827
f 1651//1651 605//605 1826//1826
f 1650//1650 604//604 1825//1825
f 1649//1649 603//603 1824//1824
f 1648//1648 602//602 1823//1823
f 1846//1846 444//444 1789//1789
f 1848//1848 443//443 1788//1788
f 805//805 599//599 1696//1696
f 1983//1983 1548//1548 1991//1991
f 1549//1549 1983//1983 1984//1984
f 1646//1646 1192//1192 1987//1987
f 1274//1274 682//682 526//526
f 680//680 1444//1444 366//366
f 1551//1551 811//811 680//680
f 521//521 1144//1144 811//811
f 96//96 519//519 533//533
f 95//95 518//518 597//597
f 84//84 517//517 596//596
f 673//673 268//268 357//357
f 672//672 267//267 356//356
f 355//355 592//592 266//266
f 354//354 591//591 265//265
f 353//353 590//590 264//264
f 668//668 264//264 352//352
f 510//510 1446//1446 971//971
f 509//509 1448//1448 970//970
f 508//508 1450//1450 969//969
f 30//30 507//507 585//585
f 506//506 1452//1452 968//968
f 28//28 505//505 583//583
f 504//504 1313//1313 967//967
f 503//503 250//250 28//28
f 502//502 1312//1312 966//966
f 500//500 1311//1311 965//965
f 499//499 1310//1310 964//964
f 333//333 497//497 334//334
f 652//652 1661//1661 1835//1835
f 651//651 1660//1660 1834//1834
f 650//650 1659//1659 1833//1833
f 649//649 1658//1658 1832//1832
f 648//648 1657//1657 1831//1831
f 490//490 1730//1730 1797//1797
f 489//489 1732//1732 1796//1796
f 846//846 645//645 1344//1344
f 1249//1249 636//636 480//480
f 20//20 478//478 634//634
f 128//128 851//851 226//226
f 472//472 224//224 127//127
f 471//471 222//222 126//126
f 305//305 407//407 220//220
f 304//304 406//406 219//219
f 625//625 218//218 303//303
f 624//624 217//217 302//302
f 623//623 216//216 301//301
f 465//465 1298//1298 63//63
f 464//464 1297//1297 946//946
f 463//463 1296//1296 945//945
f 461//461 1295//1295 944//944
f 460//460 199//199 39//39
f 459//459 1294//1294 943//943
f 39//39 458//458 554//554
f 457//457 1476//1476 942//942
f 38//38 456//456 552//552
f 455//455 1478//1478 941//941
f 454//454 1480//1480 940//940
f 453//453 1482//1482 939//939
f 1552//1552 1733//1733 1484//1484
f 1769//1769 450//450 882//882
f 1238//1238 1641//1641 1184//1184
f 1827//1827 389//389 1653//1653
f 1826//1826 388//388 1652//1652
f 1825//1825 387//387 1651//1651
f 1824//1824 386//386 1650//1650
f 1823//1823 385//385 1649//1649
f 1789//1789 541//541 1681//1681
f 1788//1788 540//540 1680//1680
f 537//537 1318//1318 44//44
f 157//157 377//377 158//158
f 1572//1572 1282//1282 1896//1896
f 1573//1573 1283//1283 1897//1897
f 1607//1607 1195//1195 1865//1865
f 1608//1608 1196//1196 1866//1866
f 1609//1609 1197//1197 1867//1867
f 1610//1610 1198//1198 1868//1868
f 1611//1611 1199//1199 1869//1869
f 1857//1857 450//450 1184//1184
f 1985//1985 1552//1552 608//608
f 1949//1949 608//608 1484//1484
f 939//939 141//141 57//57
f 940//940 140//140 58//58
f 941//941 139//139 52//52
f 942//942 138//138 53//53
f 53//53 943//943 1294//1294
f 55//55 944//944 1295//1295
f 54//54 945//945 1296//1296
f 65//65 946//946 1297//1297
f 317//317 1037//1037 1249//1249
f 956//956 1948//1948 1580//1580
f 957//957 1946//1946 1581//1581
f 1047//1047 1873//1873 1615//1615
f 1048//1048 1874//1874 1616//1616
f 1049//1049 1875//1875 1617//1617
f 1050//1050 1876//1876 1618//1618
f 1051//1051 1877//1877 1619//1619
f 98//98 964//964 1310//1310
f 73//73 965//965 1311//1311
f 74//74 966//966 1312//1312
f 75//75 967//967 1313//1313
f 968//968 151//151 75//75
f 969//969 152//152 78//78
f 970//970 153//153 77//77
f 971//971 154//154 76//76
f 369//369 1062//1062 1274//1274
f 1986//1986 1142//1142 1852//1852
f 1192//1192 1986//1986 1987//1987
f 1862//1862 163//163 1636//1636
f 1550//1550 1767//1767 1988//1988
f 1988//1988 1989//1989 1550//1550
f 382//382 1989//1989 1768//1768
f 1990//1990 1442//1442 1944//1944
f 1548//1548 1990//1990 1991//1991
f 1767//1767 808//808 1728//1728
f 1139//1139 1319//1319 1912//1912
f 1632//1632 931//931 1572//1572
f 1630//1630 932//932 1573//1573
f 1864//1864 1022//1022 1607//1607
f 1865//1865 1023//1023 1608//1608
f 1866//1866 1024//1024 1609//1609
f 1867//1867 1025//1025 1610//1610
f 1868//1868 1026//1026 1611//1611
f 989//989 281//281 174//174
f 57//57 1291//1291 939//939
f 58//58 1292//1292 940//940
f 52//52 1293//1293 941//941
f 53//53 1294//1294 942//942
f 137//137 943//943 53//53
f 136//136 944//944 55//55
f 135//135 945//945 54//54
f 134//134 946//946 65//65
f 1654//1654 1547//1547 411//411
f 411//411 1546//1546 1982//1982
f 1982//1982 1247//1247 474//474
f 228//228 1037//1037 316//316
f 178//178 949//949 33//33
f 184//184 951//951 35//35
f 950//950 211//211 43//43
f 41//41 1107//1107 1342//1342
f 890//890 1579//1579 45//45
f 1992//1992 748//748 1981//1981
f 1992//1992 1993//1993 1103//1103
f 1596//1596 1103//1103 1993//1993
f 1764//1764 1981//1981 748//748
f 1994//1994 1543//1543 1995//1995
f 1995//1995 1765//1765 1544//1544
f 1996//1996 324//324 1612//1612
f 1996//1996 1997//1997 1403//1403
f 1764//1764 1403//1403 1997//1997
f 1302//1302 1580//1580 1905//1905
f 1303//1303 1581//1581 1906//1906
f 1215//1215 1615//1615 1874//1874
f 1216//1216 1616//1616 1875//1875
f 1217//1217 1617//1617 1876//1876
f 1218//1218 1618//1618 1877//1877
f 1219//1219 1619//1619 1878//1878
f 1219//1219 1097//1097 741//741
f 1541//1541 1979//1979 497//497
f 1540//1540 1397//1397 334//334
f 228//228 1263//1263 335//335
f 147//147 964//964 98//98
f 148//148 965//965 73//73
f 149//149 966//966 74//74
f 150//150 967//967 75//75
f 75//75 1313//1313 968//968
f 78//78 1314//1314 969//969
f 77//77 1315//1315 970//970
f 76//76 1316//1316 971//971
f 999//999 1078//1078 704//704
f 1539//1539 1978//1978 679//679
f 1538//1538 1378//1378 365//365
f 174//174 1062//1062 368//368
f 262//262 974//974 36//36
f 259//259 976//976 34//34
f 975//975 241//241 19//19
f 24//24 1068//1068 1367//1367
f 375//375 1066//1066 1278//1278
f 1368//1368 372//372 375//375
f 244//244 977//977 1069//1069
f 1371//1371 21//21 241//241
f 241//241 1372//1372 1371//1371
f 1064//1064 371//371 370//370
f 372//372 1065//1065 371//371
f 371//371 1374//1374 372//372
f 31//31 1074//1074 259//259
f 370//370 1063//1063 369//369
f 369//369 1376//1376 370//370
f 34//34 1076//1076 262//262
f 101//101 1289//1289 973//973
f 1077//1077 1272//1272 524//524
f 1537//1537 1977//1977 522//522
f 1536//1536 972//972 6//6
f 1078//1078 1760//1760 704//704
f 1760//1760 1535//1535 703//703
f 1534//1534 1836//1836 703//703
f 910//910 1361//1361 681//681
f 1533//1533 1975//1975 705//705
f 1532//1532 1061//1061 367//367
f 351//351 1380//1380 1060//1060
f 261//261 1380//1380 351//351
f 261//261 1227//1227 1081//1081
f 349//349 1382//1382 1059//1059
f 258//258 1382//1382 349//349
f 258//258 1226//1226 1083//1083
f 347//347 1384//1384 1058//1058
f 255//255 1384//1384 347//347
f 255//255 1225//1225 1085//1085
f 345//345 1386//1386 1057//1057
f 252//252 1386//1386 345//345
f 252//252 1224//1224 1087//1087
f 249//249 1056//1056 343//343
f 343//343 1389//1389 249//249
f 74//74 1089//1089 150//150
f 246//246 1055//1055 341//341
f 341//341 1391//1391 246//246
f 73//73 1091//1091 149//149
f 243//243 1054//1054 339//339
f 339//339 1393//1393 243//243
f 98//98 1093//1093 148//148
f 240//240 1053//1053 337//337
f 337//337 1395//1395 240//240
f 93//93 1095//1095 147//147
f 101//101 1352//1352 17//17
f 1096//1096 1263//1263 498//498
f 1531//1531 1974//1974 654//654
f 1530//1530 963//963 120//120
f 1097//1097 1757//1757 741//741
f 1757//1757 1529//1529 740//740
f 1528//1528 1837//1837 740//740
f 1308//1308 1352//1352 655//655
f 1527//1527 1972//1972 742//742
f 1526//1526 1052//1052 335//335
f 1308//1308 1586//1586 1911//1911
f 1307//1307 1585//1585 1910//1910
f 1306//1306 1584//1584 1909//1909
f 1305//1305 1583//1583 1908//1908
f 1304//1304 1582//1582 1907//1907
f 1398//1398 1614//1614 1930//1930
f 1930//1930 1099//1099 1398//1398
f 1214//1214 1623//1623 1873//1873
f 1400//1400 1613//1613 1932//1932
f 1932//1932 1101//1101 1400//1400
f 1213//1213 1625//1625 1872//1872
f 1998//1998 488//488 1971//1971
f 1998//1998 1999//1999 1255//1255
f 1626//1626 1255//1255 1999//1999
f 1754//1754 1971//1971 488//488
f 2000//2000 1524//1524 2001//2001
f 2001//2001 1755//1755 1525//1525
f 2002//2002 45//45 1579//1579
f 2002//2002 2003//2003 955//955
f 1754//1754 955//955 2003//2003
f 1969//1969 1843//1843 749//749
f 2004//2004 1103//1103 2005//2005
f 2005//2005 1627//1627 1104//1104
f 2006//2006 1522//1522 1969//1969
f 2007//2007 1522//1522 2006//2006
f 1752//1752 748//748 1753//1753
f 1626//1626 1935//1935 325//325
f 2008//2008 1520//1520 2009//2009
f 2009//2009 1719//1719 1404//1404
f 2010//2010 645//645 1967//1967
f 2010//2010 2011//2011 1344//1344
f 1563//1563 1344//1344 2011//2011
f 1750//1750 1967//1967 645//645
f 2012//2012 1518//1518 2013//2013
f 2013//2013 1751//1751 1519//1519
f 2014//2014 325//325 1935//1935
f 2014//2014 2015//2015 1044//1044
f 1750//1750 1044//1044 2015//2015
f 1405//1405 1612//1612 324//324
f 1628//1628 1106//1106 1405//1405
f 979//979 1628//1628 159//159
f 323//323 1041//1041 1253//1253
f 1407//1407 320//320 323//323
f 209//209 952//952 1108//1108
f 1410//1410 42//42 211//211
f 211//211 1411//1411 1410//1410
f 1039//1039 319//319 318//318
f 320//320 1040//1040 319//319
f 319//319 1413//1413 320//320
f 37//37 1113//1113 184//184
f 318//318 1038//1038 317//317
f 317//317 1415//1415 318//318
f 35//35 1115//1115 178//178
f 120//120 911//911 948//948
f 1845//1845 1513//1513 769//769
f 769//769 1512//1512 1965//1965
f 1965//1965 1336//1336 631//631
f 227//227 1511//1511 1748//1748
f 1964//1964 769//769 1511//1511
f 771//771 1117//1117 1845//1845
f 1687//1687 1509//1509 568//568
f 568//568 1508//1508 1963//1963
f 1963//1963 1418//1418 771//771
f 214//214 1035//1035 299//299
f 299//299 1420//1420 214//214
f 63//63 1120//1120 134//134
f 206//206 1034//1034 296//296
f 296//296 1422//1422 206//206
f 65//65 1122//1122 135//135
f 201//201 1033//1033 294//294
f 294//294 1424//1424 201//201
f 54//54 1124//1124 136//136
f 197//197 1032//1032 292//292
f 292//292 1426//1426 197//197
f 55//55 1126//1126 137//137
f 290//290 1427//1427 1031//1031
f 191//191 1427//1427 290//290
f 191//191 1205//1205 1128//1128
f 288//288 1429//1429 1030//1030
f 186//186 1429//1429 288//288
f 186//186 1204//1204 1130//1130
f 286//286 1431//1431 1029//1029
f 181//181 1431//1431 286//286
f 181//181 1203//1203 1132//1132
f 285//285 1433//1433 1028//1028
f 179//179 1433//1433 285//285
f 179//179 1202//1202 1134//1134
f 104//104 900//900 938//938
f 1901//1901 937//937 1578//1578
f 1900//1900 936//936 1577//1577
f 1899//1899 935//935 1576//1576
f 1898//1898 934//934 1575//1575
f 1897//1897 933//933 1574//1574
f 1863//1863 1021//1021 1606//1606
f 1938//1938 1436//1436 1939//1939
f 1896//1896 1136//1136 1631//1631
f 1862//1862 1020//1020 1605//1605
f 1940//1940 1438//1438 1941//1941
f 1895//1895 1138//1138 1633//1633
f 1191//1191 1230//1230 1879//1879
f 1439//1439 1440//1440 1942//1942
f 1280//1280 1140//1140 1634//1634
f 2016//2016 1230//1230 1663//1663
f 1141//1141 2016//2016 2017//2017
f 1635//1635 273//273 1879//1879
f 1507//1507 1745//1745 2018//2018
f 2018//2018 2019//2019 1507//1507
f 807//807 2019//2019 1746//1746
f 2020//2020 930//930 1571//1571
f 1505//1505 2020//2020 2021//2021
f 1745//1745 442//442 1787//1787
f 1143//1143 1960//1960 2022//2022
f 2022//2022 2023//2023 1143//1143
f 163//163 2023//2023 1636//1636
f 1743//1743 1960//1960 809//809
f 2024//2024 1503//1503 2025//2025
f 2025//2025 1744//1744 1504//1504
f 1443//1443 1635//1635 2026//2026
f 2026//2026 2027//2027 1443//1443
f 809//809 2027//2027 1743//1743
f 2028//2028 1319//1319 1696//1696
f 1281//1281 2028//2028 2029//2029
f 1895//1895 7//7 1912//1912
f 1501//1501 1741//1741 2030//2030
f 2030//2030 2031//2031 1501//1501
f 539//539 2031//2031 1742//1742
f 2032//2032 1019//1019 1604//1604
f 1499//1499 2032//2032 2033//2033
f 1741//1741 599//599 1820//1820
f 19//19 973//973 1363//1363
f 1445//1445 86//86 154//154
f 154//154 1446//1446 1445//1445
f 1060//1060 263//263 351//351
f 1447//1447 76//76 153//153
f 153//153 1448//1448 1447//1447
f 1059//1059 261//261 349//349
f 1449//1449 77//77 152//152
f 152//152 1450//1450 1449//1449
f 1058//1058 258//258 347//347
f 1451//1451 78//78 151//151
f 151//151 1452//1452 1451//1451
f 1057//1057 255//255 345//345
f 252//252 1453//1453 1224//1224
f 252//252 1154//1154 1453//1453
f 343//343 1056//1056 1154//1154
f 249//249 1455//1455 1223//1223
f 249//249 1156//1156 1455//1455
f 341//341 1055//1055 1156//1156
f 246//246 1457//1457 1222//1222
f 246//246 1158//1158 1457//1457
f 339//339 1054//1054 1158//1158
f 243//243 1459//1459 1221//1221
f 243//243 1160//1160 1459//1459
f 337//337 1053//1053 1160//1160
f 962//962 1910//1910 1586//1586
f 961//961 1909//1909 1585//1585
f 960//960 1908//1908 1584//1584
f 959//959 1907//1907 1583//1583
f 958//958 1906//1906 1582//1582
f 1461//1461 1905//1905 1945//1945
f 1462//1462 1945//1945 1946//1946
f 1046//1046 1872//1872 1614//1614
f 1463//1463 1904//1904 1947//1947
f 1464//1464 1947//1947 1948//1948
f 1045//1045 1871//1871 1613//1613
f 43//43 948//948 1338//1338
f 206//206 1467//1467 1208//1208
f 206//206 1168//1168 1467//1467
f 299//299 1035//1035 1168//1168
f 201//201 1469//1469 1207//1207
f 201//201 1170//1170 1469//1469
f 296//296 1034//1034 1170//1170
f 197//197 1471//1471 1206//1206
f 197//197 1172//1172 1471//1471
f 294//294 1033//1033 1172//1172
f 191//191 1473//1473 1205//1205
f 191//191 1174//1174 1473//1473
f 292//292 1032//1032 1174//1174
f 1475//1475 52//52 138//138
f 138//138 1476//1476 1475//1475
f 1031//1031 186//186 290//290
f 1477//1477 58//58 139//139
f 139//139 1478//1478 1477//1477
f 1030//1030 181//181 288//288
f 1479//1479 57//57 140//140
f 140//140 1480//1480 1479//1479
f 1029//1029 179//179 286//286
f 1481//1481 56//56 141//141
f 141//141 1482//1482 1481//1481
f 1028//1028 175//175 285//285
f 1653//1653 881//881 1199//1199
f 1956//1956 1494//1494 451//451
f 1561//1561 451//451 899//899
f 1857//1857 1493//1493 882//882
f 882//882 1492//1492 1955//1955
f 1955//1955 1183//1183 881//881
f 1686//1686 607//607 1288//1288
f 1954//1954 1490//1490 883//883
f 1594//1594 883//883 988//988
f 1578//1578 1288//1288 1902//1902
f 1577//1577 1287//1287 1901//1901
f 1576//1576 1286//1286 1900//1900
f 1575//1575 1285//1285 1899//1899
f 1574//1574 1284//1284 1898//1898
f 1950//1950 1194//1194 1864//1864
f 1643//1643 1485//1485 1950//1950
f 1606//1606 1186//1186 1643//1643
f 1952//1952 1193//1193 1863//1863
f 1645//1645 1487//1487 1952//1952
f 1605//1605 1188//1188 1645//1645
f 1697//1697 1488//1488 1737//1737
f 1737//1737 1187//1187 1860//1860
f 1860//1860 893//893 1771//1771
f 1698//1698 1486//1486 1735//1735
f 1735//1735 1185//1185 1858//1858
f 1858//1858 894//894 1772//1772
f 1666//1666 984//984 1806//1806
f 1667//1667 985//985 1807//1807
f 1668//1668 986//986 1808//1808
f 1669//1669 987//987 1809//1809
f 1670//1670 988//988 1810//1810
f 1954//1954 281//281 1491//1491
f 1949//1949 1483//1483 282//282
f 1956//1956 282//282 1495//1495
f 1328//1328 391//391 610//610
f 1182//1182 879//879 880//880
f 1181//1181 548//548 879//879
f 1329//1329 392//392 611//611
f 1180//1180 877//877 878//878
f 1179//1179 549//549 877//877
f 1330//1330 393//393 612//612
f 1178//1178 875//875 876//876
f 1177//1177 550//550 875//875
f 1331//1331 394//394 614//614
f 1176//1176 871//871 872//872
f 1175//1175 551//551 871//871
f 1332//1332 868//868 616//616
f 867//867 1474//1474 1173//1173
f 1173//1173 396//396 867//867
f 1333//1333 864//864 618//618
f 863//863 1472//1472 1171//1171
f 1171//1171 398//398 863//863
f 1334//1334 861//861 620//620
f 860//860 1470//1470 1169//1169
f 1169//1169 400//400 860//860
f 1335//1335 859//859 621//621
f 858//858 1468//1468 1167//1167
f 1167//1167 401//401 858//858
f 637//637 1248//1248 1038//1038
f 1345//1345 1779//1779 1705//1705
f 1164//1164 1855//1855 1856//1856
f 1163//1163 1812//1812 1855//1855
f 1346//1346 1780//1780 1706//1706
f 1162//1162 1853//1853 1854//1854
f 1161//1161 1813//1813 1853//1853
f 1258//1258 1814//1814 1674//1674
f 1259//1259 1815//1815 1675//1675
f 1260//1260 1816//1816 1676//1676
f 1261//1261 1817//1817 1677//1677
f 1262//1262 1818//1818 1678//1678
f 1353//1353 841//841 656//656
f 840//840 1460//1460 1159//1159
f 1159//1159 422//422 840//840
f 1354//1354 839//839 657//657
f 838//838 1458//1458 1157//1157
f 1157//1157 423//423 838//838
f 1355//1355 836//836 659//659
f 835//835 1456//1456 1155//1155
f 1155//1155 425//425 835//835
f 1356//1356 832//832 661//661
f 831//831 1454//1454 1153//1153
f 1153//1153 427//427 831//831
f 1357//1357 429//429 663//663
f 1152//1152 827//827 828//828
f 1151//1151 586//586 827//827
f 1358//1358 430//430 665//665
f 1150//1150 823//823 824//824
f 1149//1149 587//587 823//823
f 1359//1359 431//431 666//666
f 1148//1148 821//821 822//822
f 1147//1147 588//588 821//821
f 1360//1360 432//432 667//667
f 1146//1146 819//819 820//820
f 1145//1145 589//589 819//819
f 683//683 1273//1273 1063//1063
f 2034//2034 1500//1500 1958//1958
f 981//981 2034//2034 2035//2035
f 1803//1803 539//539 1742//1742
f 1503//1503 1727//1727 2036//2036
f 2036//2036 2037//2037 1503//1503
f 808//808 2037//2037 1728//1728
f 2038//2038 1506//1506 1962//1962
f 1441//1441 2038//2038 2039//2039
f 1727//1727 807//807 1746//1746
f 980//980 1440//1440 1726//1726
f 1139//1139 1140//1140 1850//1850
f 891//891 930//930 1787//1787
f 1803//1803 1438//1438 1725//1725
f 1848//1848 1138//1138 1849//1849
f 1770//1770 1320//1320 1697//1697
f 1804//1804 1436//1436 1723//1723
f 1846//1846 1136//1136 1847//1847
f 1771//1771 1321//1321 1698//1698
f 1805//1805 1233//1233 1666//1666
f 1806//1806 1234//1234 1667//1667
f 1807//1807 1235//1235 1668//1668
f 1808//1808 1236//1236 1669//1669
f 1809//1809 1237//1237 1670//1670
f 1200//1200 450//450 390//390
f 392//392 1434//1434 800//800
f 800//800 1133//1133 799//799
f 799//799 1328//1328 610//610
f 393//393 1432//1432 798//798
f 798//798 1131//1131 797//797
f 797//797 1329//1329 611//611
f 394//394 1430//1430 796//796
f 796//796 1129//1129 795//795
f 795//795 1330//1330 612//612
f 396//396 1428//1428 793//793
f 793//793 1127//1127 792//792
f 792//792 1331//1331 614//614
f 555//555 1426//1426 789//789
f 788//788 1126//1126 789//789
f 398//398 1332//1332 616//616
f 557//557 1424//1424 785//785
f 784//784 1124//1124 785//785
f 400//400 1333//1333 618//618
f 558//558 1422//1422 781//781
f 780//780 1122//1122 781//781
f 401//401 1334//1334 620//620
f 559//559 1420//1420 779//779
f 778//778 1120//1120 779//779
f 402//402 1335//1335 621//621
f 1595//1595 1118//1118 227//227
f 770//770 1417//1417 1937//1937
f 1937//1937 1036//1036 309//309
f 412//412 1248//1248 479//479
f 638//638 1415//1415 764//764
f 763//763 1115//1115 764//764
f 481//481 1338//1338 637//637
f 640//640 1413//1413 762//762
f 761//761 1113//1113 762//762
f 483//483 1340//1340 639//639
f 1339//1339 482//482 638//638
f 1111//1111 759//759 760//760
f 1110//1110 639//639 759//759
f 753//753 1252//1252 1408//1408
f 1107//1107 753//753 752//752
f 486//486 1341//1341 953//953
f 1279//1279 1406//1406 1720//1720
f 1720//1720 1406//1406 1105//1105
f 1105//1105 1343//1343 1704//1704
f 2040//2040 749//749 1843//1843
f 2040//2040 2041//2041 1518//1518
f 1655//1655 1518//1518 2041//2041
f 1718//1718 1968//1968 747//747
f 2042//2042 1403//1403 2043//2043
f 2043//2043 1752//1752 1521//1521
f 2044//2044 487//487 1671//1671
f 2044//2044 2045//2045 1524//1524
f 1718//1718 1524//1524 2045//2045
f 913//913 1717//1717 1780//1780
f 1840//1840 1401//1401 1100//1100
f 1100//1100 1705//1705 1840//1840
f 914//914 1715//1715 1781//1781
f 1838//1838 1399//1399 1098//1098
f 1098//1098 1706//1706 1838//1838
f 1004//1004 1674//1674 1815//1815
f 1005//1005 1675//1675 1816//1816
f 1006//1006 1676//1676 1817//1817
f 1007//1007 1677//1677 1818//1818
f 1008//1008 1678//1678 1819//1819
f 1008//1008 1527//1527 742//742
f 1397//1397 1929//1929 334//334
f 1396//1396 1531//1531 654//654
f 569//569 1052//1052 655//655
f 578//578 1395//1395 739//739
f 738//738 1095//1095 739//739
f 421//421 1353//1353 656//656
f 579//579 1393//1393 737//737
f 736//736 1093//1093 737//737
f 422//422 1354//1354 657//657
f 580//580 1391//1391 733//733
f 732//732 1091//1091 733//733
f 423//423 1355//1355 659//659
f 582//582 1389//1389 729//729
f 728//728 1089//1089 729//729
f 425//425 1356//1356 661//661
f 427//427 1387//1387 725//725
f 725//725 1086//1086 724//724
f 724//724 1357//1357 663//663
f 429//429 1385//1385 722//722
f 722//722 1084//1084 721//721
f 721//721 1358//1358 665//665
f 430//430 1383//1383 720//720
f 720//720 1082//1082 719//719
f 719//719 1359//1359 666//666
f 431//431 1381//1381 718//718
f 718//718 1080//1080 717//717
f 717//717 1360//1360 667//667
f 1210//1210 1533//1533 705//705
f 1378//1378 1928//1928 365//365
f 1377//1377 1537//1537 522//522
f 547//547 1273//1273 525//525
f 684//684 1376//1376 702//702
f 701//701 1076//1076 702//702
f 527//527 1363//1363 683//683
f 686//686 1374//1374 700//700
f 699//699 1074//1074 700//700
f 529//529 1365//1365 685//685
f 1364//1364 528//528 684//684
f 1072//1072 697//697 698//698
f 1071//1071 685//685 697//697
f 691//691 1277//1277 1369//1369
f 1068//1068 691//691 690//690
f 532//532 1366//1366 978//978
f 689//689 1368//1368 1067//1067
f 1275//1275 698//698 527//527
f 699//699 1276//1276 528//528
f 701//701 1274//1274 526//526
f 390//390 1362//1362 682//682
f 1299//1299 1539//1539 679//679
f 588//588 1271//1271 510//510
f 587//587 1270//1270 509//509
f 586//586 1269//1269 508//508
f 584//584 1268//1268 506//506
f 728//728 1267//1267 504//504
f 732//732 1266//1266 502//502
f 736//736 1265//1265 500//500
f 738//738 1264//1264 499//499
f 412//412 963//963 498//498
f 919//919 1541//1541 497//497
f 919//919 1711//1711 1786//1786
f 918//918 1710//1710 1785//1785
f 917//917 1709//1709 1784//1784
f 916//916 1708//1708 1783//1783
f 915//915 1707//1707 1782//1782
f 1003//1003 1673//1673 1814//1814
f 1002//1002 1672//1672 1813//1813
f 2046//2046 644//644 1704//1704
f 2046//2046 2047//2047 1543//1543
f 1688//1688 1543//1543 2047//2047
f 1190//1190 1254//1254 1671//1671
f 643//643 1407//1407 1042//1042
f 1250//1250 760//760 481//481
f 761//761 1251//1251 482//482
f 763//763 1249//1249 480//480
f 569//569 1337//1337 636//636
f 1562//1562 947//947 101//101
f 778//778 1246//1246 464//464
f 780//780 1245//1245 463//463
f 784//784 1244//1244 461//461
f 788//788 1243//1243 459//459
f 553//553 1242//1242 457//457
f 551//551 1241//1241 455//455
f 550//550 1240//1240 454//454
f 549//549 1239//1239 453//453
f 1289//1289 607//607 547//547
f 1776//1776 1326//1326 1703//1703
f 1775//1775 1325//1325 1702//1702
f 1774//1774 1324//1324 1701//1701
f 1773//1773 1323//1323 1700//1700
f 1772//1772 1322//1322 1699//1699
f 1722//1722 1232//1232 1665//1665
f 1724//1724 1231//1231 1664//1664
f 1439//1439 1019//1019 1820//1820
f 2048//2048 1549//1549 1984//1984
f 892//892 2048//2048 2049//2049
f 1770//1770 382//382 1768//1768
f 526//526 1362//1362 974//974
f 1271//1271 820//820 510//510
f 1270//1270 822//822 509//509
f 1269//1269 824//824 508//508
f 1268//1268 828//828 506//506
f 1267//1267 584//584 504//504
f 1266//1266 582//582 502//502
f 1265//1265 580//580 500//500
f 1264//1264 579//579 499//499
f 1351//1351 1785//1785 1711//1711
f 1350//1350 1784//1784 1710//1710
f 1349//1349 1783//1783 1709//1709
f 1348//1348 1782//1782 1708//1708
f 1347//1347 1781//1781 1707//1707
f 1257//1257 1854//1854 1673//1673
f 1256//1256 1856//1856 1672//1672
f 480//480 1337//1337 949//949
f 1246//1246 558//558 464//464
f 1245//1245 557//557 463//463
f 1244//1244 555//555 461//461
f 1243//1243 553//553 459//459
f 1242//1242 872//872 457//457
f 1241//1241 876//876 455//455
f 1240//1240 878//878 454//454
f 1239//1239 880//880 453//453
f 1985//1985 104//104 1553//1553
f 1703//1703 899//899 1777//1777
f 1702//1702 898//898 1776//1776
f 1701//1701 897//897 1775//1775
f 1700//1700 896//896 1774//1774
f 1699//1699 895//895 1773//1773
f 1665//1665 983//983 1805//1805
f 1664//1664 982//982 1804//1804
f 443//443 1804//1804 540//540
f 444//444 1805//1805 541//541
f 602//602 1773//1773 385//385
f 603//603 1774//1774 386//386
f 604//604 1775//1775 387//387
f 605//605 1776//1776 388//388
f 606//606 1777//1777 389//389
f 1672//1672 845//845 489//489
f 1673//1673 843//843 490//490
f 1707//1707 415//415 648//648
f 1708//1708 416//416 649//649
f 1709//1709 417//417 650//650
f 1710//1710 418//418 651//651
f 1711//1711 419//419 652//652
f 1770//1770 1549//1549 892//892
f 929//929 2049//2049 2048//2048
f 2048//2048 441//441 929//929
f 803//803 1664//1664 443//443
f 801//801 1665//1665 444//444
f 384//384 1699//1699 602//602
f 385//385 1700//1700 603//603
f 386//386 1701//1701 604//604
f 387//387 1702//1702 605//605
f 388//388 1703//1703 606//606
f 1301//1301 1688//1688 2047//2047
f 1301//1301 2046//2046 1343//1343
f 1343//1343 2046//2046 1704//1704
f 1813//1813 489//489 571//571
f 1814//1814 490//490 572//572
f 1782//1782 648//648 416//416
f 1783//1783 649//649 417//417
f 1784//1784 650//650 418//418
f 1785//1785 651//651 419//419
f 1786//1786 652//652 420//420
f 1819//1819 495//495 577//577
f 1818//1818 494//494 576//576
f 1817//1817 493//493 575//575
f 1816//1816 492//492 574//574
f 1815//1815 491//491 573//573
f 1838//1838 647//647 743//743
f 743//743 1715//1715 1838//1838
f 1781//1781 744//744 415//415
f 1840//1840 646//646 745//745
f 745//745 1717//1717 1840//1840
f 1780//1780 746//746 414//414
f 1402//1402 1718//1718 2045//2045
f 1402//1402 2044//2044 1254//1254
f 1254//1254 2044//2044 1671//1671
f 748//748 2043//2043 1403//1403
f 1402//1402 2043//2043 1521//1521
f 1521//1521 1718//1718 1402//1402
f 1212//1212 1655//1655 2041//2041
f 1212//1212 2040//2040 1104//1104
f 1104//1104 2040//2040 1843//1843
f 545//545 1670//1670 449//449
f 544//544 1669//1669 448//448
f 543//543 1668//1668 447//447
f 542//542 1667//1667 446//446
f 541//541 1666//1666 445//445
f 383//383 1698//1698 601//601
f 801//801 1847//1847 802//802
f 540//540 1723//1723 802//802
f 382//382 1697//1697 600//600
f 803//803 1849//1849 804//804
f 539//539 1725//1725 804//804
f 1727//1727 1506//1506 1441//1441
f 1018//1018 2039//2039 2038//2038
f 2038//2038 598//598 1018//1018
f 1442//1442 1728//1728 2037//2037
f 1441//1441 2037//2037 2036//2036
f 1441//1441 2036//2036 1727//1727
f 1803//1803 1500//1500 981//981
f 1143//1143 2035//2035 2034//2034
f 2034//2034 809//809 1143//1143
f 1678//1678 576//576 495//495
f 1677//1677 575//575 494//494
f 1676//1676 574//574 493//493
f 1675//1675 573//573 492//492
f 1674//1674 572//572 491//491
f 1853//1853 571//571 842//842
f 1854//1854 842//842 843//843
f 1706//1706 414//414 647//647
f 1855//1855 570//570 844//844
f 1856//1856 844//844 845//845
f 1705//1705 413//413 646//646
f 449//449 1810//1810 546//546
f 448//448 1809//1809 545//545
f 447//447 1808//1808 544//544
f 446//446 1807//1807 543//543
f 445//445 1806//1806 542//542
f 884//884 1772//1772 384//384
f 885//885 1858//1858 884//884
f 601//601 1735//1735 885//885
f 886//886 1771//1771 383//383
f 887//887 1860//1860 886//886
f 600//600 1737//1737 887//887
f 274//274 1605//1605 1645//1645
f 274//274 1952//1952 165//165
f 165//165 1952//1952 1863//1863
f 275//275 1606//1606 1643//1643
f 275//275 1950//1950 167//167
f 167//167 1950//1950 1864//1864
f 20//20 1574//1574 1898//1898
f 23//23 1575//1575 1899//1899
f 27//27 1576//1576 1900//1900
f 29//29 1577//1577 1901//1901
f 32//32 1578//1578 1902//1902
f 1613//1613 230//230 326//326
f 231//231 1948//1948 1947//1947
f 1947//1947 4//4 231//231
f 1614//1614 232//232 327//327
f 233//233 1946//1946 1945//1945
f 1945//1945 6//6 233//233
f 1582//1582 8//8 10//10
f 1583//1583 10//10 11//11
f 1584//1584 11//11 14//14
f 1585//1585 14//14 15//15
f 1586//1586 15//15 17//17
f 1741//1741 1019//1019 1499//1499
f 1443//1443 2033//2033 2032//2032
f 2032//2032 273//273 1443//1443
f 1500//1500 1742//1742 2031//2031
f 1499//1499 2031//2031 2030//2030
f 1499//1499 2030//2030 1741//1741
f 1895//1895 1319//1319 1281//1281
f 1501//1501 2029//2029 2028//2028
f 2028//2028 599//599 1501//1501
f 1502//1502 1743//1743 2027//2027
f 1141//1141 2027//2027 2026//2026
f 1141//1141 2026//2026 1635//1635
f 1503//1503 1744//1744 2025//2025
f 2024//2024 1504//1504 1502//1502
f 1502//1502 1960//1960 1743//1743
f 1142//1142 1636//1636 2023//2023
f 1504//1504 2023//2023 2022//2022
f 1504//1504 2022//2022 1960//1960
f 1745//1745 930//930 1505//1505
f 1318//1318 2021//2021 2020//2020
f 2020//2020 44//44 1318//1318
f 1506//1506 1746//1746 2019//2019
f 1505//1505 2019//2019 2018//2018
f 1505//1505 2018//2018 1745//1745
f 1635//1635 1230//1230 1141//1141
f 1507//1507 2017//2017 2016//2016
f 2016//2016 442//442 1507//1507
f 7//7 1633//1633 166//166
f 274//274 1941//1941 163//163
f 163//163 1605//1605 274//274
f 12//12 1631//1631 168//168
f 275//275 1939//1939 165//165
f 165//165 1606//1606 275//275
f 16//16 1574//1574 20//20
f 20//20 1575//1575 23//23
f 23//23 1576//1576 27//27
f 27//27 1577//1577 29//29
f 29//29 1578//1578 32//32
f 1517//1517 1750//1750 2015//2015
f 1517//1517 2014//2014 1404//1404
f 1404//1404 2014//2014 1935//1935
f 413//413 2013//2013 1518//1518
f 1517//1517 2013//2013 1519//1519
f 1519//1519 1750//1750 1517//1517
f 912//912 1563//1563 2011//2011
f 912//912 2010//2010 1519//1519
f 1519//1519 2010//2010 1967//1967
f 749//749 2009//2009 1520//1520
f 1102//1102 2009//2009 1404//1404
f 1404//1404 1626//1626 1102//1102
f 1521//1521 1753//1753 1522//1522
f 1520//1520 2007//2007 2006//2006
f 1520//1520 1969//1969 749//749
f 230//230 2005//2005 1103//1103
f 1522//1522 2005//2005 1104//1104
f 1104//1104 1969//1969 1522//1522
f 1523//1523 1754//1754 2003//2003
f 1523//1523 2002//2002 954//954
f 954//954 2002//2002 1579//1579
f 747//747 2001//2001 1524//1524
f 1523//1523 2001//2001 1525//1525
f 1525//1525 1754//1754 1523//1523
f 1102//1102 1626//1626 1999//1999
f 1102//1102 1998//1998 1525//1525
f 1525//1525 1998//1998 1971//1971
f 232//232 1872//1872 1625//1625
f 326//326 1625//1625 1932//1932
f 326//326 1932//1932 1613//1613
f 234//234 1873//1873 1623//1623
f 327//327 1623//1623 1930//1930
f 327//327 1930//1930 1614//1614
f 10//10 1907//1907 1582//1582
f 11//11 1908//1908 1583//1583
f 14//14 1909//1909 1584//1584
f 15//15 1910//1910 1585//1585
f 17//17 1911//1911 1586//1586
f 1878//1878 332//332 239//239
f 1877//1877 331//331 238//238
f 1876//1876 330//330 237//237
f 1875//1875 329//329 236//236
f 1874//1874 328//328 235//235
f 8//8 1906//1906 1581//1581
f 6//6 1905//1905 1580//1580
f 1542//1542 1764//1764 1997//1997
f 1542//1542 1996//1996 1043//1043
f 1043//1043 1996//1996 1612//1612
f 570//570 1995//1995 1543//1543
f 1542//1542 1995//1995 1544//1544
f 1544//1544 1764//1764 1542//1542
f 1001//1001 1596//1596 1993//1993
f 1001//1001 1992//1992 1544//1544
f 1544//1544 1992//1992 1981//1981
f 172//172 1611//1611 280//280
f 171//171 1610//1610 279//279
f 170//170 1609//1609 278//278
f 169//169 1608//1608 277//277
f 167//167 1607//1607 276//276
f 168//168 1573//1573 16//16
f 166//166 1572//1572 12//12
f 1767//1767 1442//1442 1548//1548
f 1229//1229 1991//1991 1990//1990
f 1990//1990 272//272 1229//1229
f 1549//1549 1768//1768 1989//1989
f 1548//1548 1989//1989 1988//1988
f 1548//1548 1988//1988 1767//1767
f 1862//1862 1142//1142 1192//1192
f 1550//1550 1987//1987 1986//1986
f 1986//1986 808//808 1550//1550
f 1619//1619 238//238 332//332
f 1618//1618 237//237 331//331
f 1617//1617 236//236 330//330
f 1616//1616 235//235 329//329
f 1615//1615 234//234 328//328
f 1581//1581 233//233 8//8
f 1580//1580 231//231 6//6
f 280//280 1869//1869 173//173
f 279//279 1868//1868 172//172
f 278//278 1867//1867 171//171
f 277//277 1866//1866 170//170
f 276//276 1865//1865 169//169
f 16//16 1573//1573 1897//1897
f 12//12 1572//1572 1896//1896
f 931//931 1680//1680 1282//1282
f 932//932 1681//1681 1283//1283
f 1022//1022 1649//1649 1195//1195
f 1023//1023 1650//1650 1196//1196
f 1024//1024 1651//1651 1197//1197
f 1025//1025 1652//1652 1198//1198
f 1026//1026 1653//1653 1199//1199
f 1796//1796 1464//1464 956//956
f 1797//1797 1462//1462 957//957
f 1831//1831 1214//1214 1047//1047
f 1832//1832 1215//1215 1048//1048
f 1833//1833 1216//1216 1049//1049
f 1834//1834 1217//1217 1050//1050
f 1835//1835 1218//1218 1051//1051
f 1646//1646 1550//1550 382//382
f 441//441 1984//1984 1983//1983
f 1983//1983 1229//1229 441//441
f 1137//1137 1788//1788 931//931
f 1135//1135 1789//1789 932//932
f 1194//1194 1823//1823 1022//1022
f 1195//1195 1824//1824 1023//1023
f 1196//1196 1825//1825 1024//1024
f 1197//1197 1826//1826 1025//1025
f 1198//1198 1827//1827 1026//1026
f 570//570 1812//1812 1765//1765
f 1543//1543 1980//1980 644//644
f 644//644 1980//1980 1828//1828
f 1689//1689 956//956 1302//1302
f 1690//1690 957//957 1303//1303
f 1658//1658 1047//1047 1215//1215
f 1659//1659 1048//1048 1216//1216
f 1660//1660 1049//1049 1217//1217
f 1661//1661 1050//1050 1218//1218
f 1662//1662 1051//1051 1219//1219
f 1695//1695 962//962 1308//1308
f 1694//1694 961//961 1307//1307
f 1693//1693 960//960 1306//1306
f 1692//1692 959//959 1305//1305
f 1691//1691 958//958 1304//1304
f 1714//1714 1046//1046 1398//1398
f 1398//1398 1839//1839 1714//1714
f 1657//1657 1099//1099 1214//1214
f 1716//1716 1045//1045 1400//1400
f 1400//1400 1841//1841 1716//1716
f 1656//1656 1101//1101 1213//1213
f 747//747 1842//1842 1755//1755
f 1524//1524 1970//1970 487//487
f 487//487 1970//1970 1795//1795
f 1103//1103 1753//1753 748//748
f 747//747 2007//2007 1520//1520
f 1520//1520 1842//1842 747//747
f 413//413 1779//1779 1751//1751
f 1518//1518 1966//1966 749//749
f 749//749 1966//1966 1719//1719
f 1287//1287 1794//1794 937//937
f 1286//1286 1793//1793 936//936
f 1285//1285 1792//1792 935//935
f 1284//1284 1791//1791 934//934
f 1283//1283 1790//1790 933//933
f 1193//1193 1822//1822 1021//1021
f 1435//1435 1723//1723 1436//1436
f 1282//1282 1847//1847 1136//1136
f 1192//1192 1821//1821 1020//1020
f 1437//1437 1725//1725 1438//1438
f 1281//1281 1849//1849 1138//1138
f 1851//1851 1507//1507 807//807
f 598//598 1962//1962 1961//1961
f 1961//1961 1318//1318 598//598
f 808//808 1852//1852 1744//1744
f 807//807 2024//2024 1959//1959
f 807//807 1959//1959 1851//1851
f 1679//1679 1501//1501 539//539
f 809//809 1958//1958 1957//1957
f 1957//1957 1443//1443 809//809
f 1802//1802 1307//1307 962//962
f 1801//1801 1306//1306 961//961
f 1800//1800 1305//1305 960//960
f 1799//1799 1304//1304 959//959
f 1798//1798 1303//1303 958//958
f 1729//1729 1302//1302 1461//1461
f 1730//1730 1461//1461 1462//1462
f 1830//1830 1213//1213 1046//1046
f 1731//1731 1301//1301 1463//1463
f 1732//1732 1463//1463 1464//1464
f 1829//1829 1212//1212 1045//1045
f 937//937 1686//1686 1288//1288
f 936//936 1685//1685 1287//1287
f 935//935 1684//1684 1286//1286
f 934//934 1683//1683 1285//1285
f 933//933 1682//1682 1284//1284
f 1485//1485 1648//1648 1194//1194
f 1186//1186 1734//1734 1485//1485
f 1021//1021 1859//1859 1186//1186
f 1487//1487 1647//1647 1193//1193
f 1188//1188 1736//1736 1487//1487
f 1020//1020 1861//1861 1188//1188
f 1320//1320 1953//1953 1488//1488
f 1488//1488 1644//1644 1187//1187
f 1187//1187 1555//1555 893//893
f 1321//1321 1951//1951 1486//1486
f 1486//1486 1642//1642 1185//1185
f 1185//1185 1556//1556 894//894
f 1233//1233 1590//1590 984//984
f 1234//1234 1591//1591 985//985
f 1235//1235 1592//1592 986//986
f 1236//1236 1593//1593 987//987
f 1237//1237 1594//1594 988//988
f 1921//1921 912//912 1345//1345
f 1640//1640 1163//1163 1164//1164
f 1639//1639 1001//1001 1163//1163
f 1922//1922 913//913 1346//1346
f 1638//1638 1161//1161 1162//1162
f 1637//1637 1002//1002 1161//1161
f 1890//1890 1003//1003 1258//1258
f 1891//1891 1004//1004 1259//1259
f 1892//1892 1005//1005 1260//1260
f 1893//1893 1006//1006 1261//1261
f 1894//1894 1007//1007 1262//1262
f 1587//1587 1143//1143 163//163
f 272//272 1944//1944 1943//1943
f 1943//1943 1018//1018 272//272
f 981//981 1941//1941 1438//1438
f 1137//1137 1633//1633 1138//1138
f 892//892 1913//1913 1320//1320
f 982//982 1939//1939 1436//1436
f 1135//1135 1631//1631 1136//1136
f 893//893 1914//1914 1321//1321
f 983//983 1882//1882 1233//1233
f 984//984 1883//1883 1234//1234
f 985//985 1884//1884 1235//1235
f 986//986 1885//1885 1236//1236
f 987//987 1886//1886 1237//1237
f 230//230 1871//1871 1627//1627
f 1403//1403 1934//1934 324//324
f 324//324 1934//1934 1887//1887
f 1564//1564 1401//1401 913//913
f 1100//1100 1933//1933 1624//1624
f 1624//1624 1345//1345 1100//1100
f 1565//1565 1399//1399 914//914
f 1098//1098 1931//1931 1622//1622
f 1622//1622 1346//1346 1098//1098
f 1599//1599 1258//1258 1004//1004
f 1600//1600 1259//1259 1005//1005
f 1601//1601 1260//1260 1006//1006
f 1602//1602 1261//1261 1007//1007
f 1603//1603 1262//1262 1008//1008
f 1570//1570 1351//1351 919//919
f 1569//1569 1350//1350 918//918
f 1568//1568 1349//1349 917//917
f 1567//1567 1348//1348 916//916
f 1566//1566 1347//1347 915//915
f 1598//1598 1257//1257 1003//1003
f 1597//1597 1256//1256 1002//1002
f 4//4 1904//1904 1920//1920
f 898//898 1919//1919 1326//1326
f 897//897 1918//1918 1325//1325
f 896//896 1917//1917 1324//1324
f 895//895 1916//1916 1323//1323
f 894//894 1915//1915 1322//1322
f 1435//1435 1881//1881 1232//1232
f 1437//1437 1880//1880 1231//1231
f 1554//1554 929//929 60//60
f 1927//1927 918//918 1351//1351
f 1926//1926 917//917 1350//1350
f 1925//1925 916//916 1349//1349
f 1924//1924 915//915 1348//1348
f 1923//1923 914//914 1347//1347
f 1889//1889 1162//1162 1257//1257
f 1888//1888 1164//1164 1256//1256
f 1326//1326 1561//1561 899//899
f 1325//1325 1560//1560 898//898
f 1324//1324 1559//1559 897//897
f 1323//1323 1558//1558 896//896
f 1322//1322 1557//1557 895//895
f 1232//1232 1589//1589 983//983
f 1231//1231 1588//1588 982//982
f 890//890 45//45 1//1
f 1//1 3//3 1279//1279
f 1//1 1279//1279 535//535
f 378//378 890//890 1//1
f 1190//1190 378//378 1//1
f 1//1 535//535 979//979
f 159//159 1190//1190 1//1
f 598//598 537//537 1018//1018
f 537//537 161//161 1018//1018
f 1880//1880 274//274 165//165
f 1881//1881 275//275 167//167
f 1915//1915 46//46 47//47
f 1916//1916 47//47 48//48
f 1917//1917 48//48 50//50
f 1918//1918 50//50 49//49
f 1919//1919 49//49 59//59
f 938//938 450//450 1769//1769
f 289//289 188//188 552//552
f 291//291 193//193 554//554
f 292//292 191//191 994//994
f 294//294 197//197 995//995
f 462//462 295//295 204//204
f 296//296 201//201 996//996
f 298//298 118//118 43//43
f 299//299 206//206 997//997
f 559//559 465//465 998//998
f 465//465 300//300 998//998
f 122//122 121//121 403//403
f 123//123 122//122 404//404
f 124//124 123//123 405//405
f 626//626 125//125 124//124
f 627//627 126//126 125//125
f 313//313 312//312 634//634
f 846//846 325//325 1044//1044
f 653//653 93//93 94//94
f 336//336 102//102 19//19
f 337//337 243//243 1010//1010
f 339//339 246//246 1011//1011
f 501//501 340//340 247//247
f 341//341 249//249 1012//1012
f 343//343 252//252 1013//1013
f 344//344 251//251 583//583
f 346//346 254//254 585//585
f 517//517 358//358 270//270
f 518//518 359//359 271//271
f 360//360 157//157 533//533
f 10//10 521//521 1551//1551
f 130//130 61//61 5//5
f 22//22 64//64 131//131
f 22//22 69//69 132//132
f 5//5 51//51 129//129
f 5//5 46//46 142//142
f 22//22 70//70 133//133
f 141//141 56//56 9//9
f 26//26 63//63 134//134
f 26//26 65//65 135//135
f 140//140 57//57 9//9
f 139//139 58//58 9//9
f 26//26 54//54 136//136
f 138//138 52//52 9//9
f 26//26 55//55 137//137
f 143//143 96//96 22//22
f 13//13 97//97 144//144
f 13//13 89//89 145//145
f 22//22 84//84 156//156
f 22//22 82//82 155//155
f 13//13 91//91 146//146
f 154//154 86//86 26//26
f 18//18 93//93 147//147
f 18//18 98//98 148//148
f 153//153 76//76 26//26
f 152//152 77//77 26//26
f 18//18 73//73 149//149
f 151//151 78//78 26//26
f 18//18 74//74 150//150
f 13//13 45//45 536//536
f 13//13 536//536 160//160
f 379//379 97//97 13//13
f 5//5 61//61 380//380
f 5//5 380//380 161//161
f 537//537 44//44 5//5
f 1//1 44//44 891//891
f 1//1 891//891 381//381
f 1280//1280 3//3 1//1
f 538//538 1280//1280 1//1
f 1//1 381//381 1191//1191
f 1//1 1191//1191 162//162
f 980//980 538//538 1//1
f 1439//1439 273//273 1604//1604
f 101//101 32//32 1327//1327
f 452//452 391//391 104//104
f 391//391 901//901 104//104
f 33//33 102//102 284//284
f 991//991 179//179 285//285
f 992//992 181//181 286//286
f 993//993 186//186 288//288
f 189//189 289//289 456//456
f 994//994 191//191 290//290
f 554//554 193//193 293//293
f 556//556 198//198 295//295
f 221//221 306//306 471//471
f 223//223 307//307 472//472
f 225//225 308//308 473//473
f 947//947 910//910 474//474
f 910//910 1778//1778 474//474
f 164//164 310//310 632//632
f 311//311 168//168 16//16
f 16//16 20//20 633//633
f 947//947 474//474 477//477
f 314//314 29//29 635//635
f 27//27 29//29 314//314
f 32//32 101//101 315//315
f 1300//1300 101//101 33//33
f 194//194 322//322 642//642
f 641//641 754//754 1409//1409
f 1254//1254 1190//1190 1887//1887
f 1190//1190 159//159 1887//1887
f 1904//1904 1301//1301 1343//1343
f 232//232 326//326 1888//1888
f 234//234 327//327 1889//1889
f 87//87 88//88 1923//1923
f 92//92 87//87 1924//1924
f 90//90 92//92 1925//1925
f 99//99 90//90 1926//1926
f 94//94 99//99 1927//1927
f 653//653 578//578 1309//1309
f 1786//1786 420//420 1541//1541
f 581//581 248//248 340//340
f 583//583 251//251 342//342
f 1013//1013 252//252 345//345
f 256//256 346//346 507//507
f 1014//1014 255//255 347//347
f 1015//1015 258//258 349//349
f 36//36 103//103 350//350
f 1016//1016 261//261 351//351
f 511//511 589//589 1017//1017
f 1017//1017 263//263 352//352
f 80//80 79//79 669//669
f 85//85 80//80 670//670
f 81//81 85//85 671//671
f 83//83 81//81 672//672
f 82//82 83//83 673//673
f 17//17 15//15 361//361
f 14//14 11//11 362//362
f 362//362 363//363 520//520
f 233//233 6//6 678//678
f 231//231 365//365 522//522
f 680//680 366//366 363//363
f 1687//1687 568//568 1539//1539
f 900//900 104//104 36//36
f 253//253 374//374 688//688
f 687//687 692//692 1370//1370
f 530//530 532//532 978//978
f 1070//1070 247//247 693//693
f 693//693 689//689 1067//1067
f 250//250 25//25 531//531
f 374//374 253//253 694//694
f 28//28 250//250 694//694
f 370//370 371//371 1071//1071
f 989//989 174//174 368//368
f 1712//1712 703//703 1537//1537
f 1377//1377 1378//1378 704//704
f 704//704 703//703 1712//1712
f 1654//1654 411//411 1533//1533
f 706//706 361//361 15//15
f 523//523 101//101 361//361
f 229//229 3//3 679//679
f 365//365 231//231 708//708
f 4//4 229//229 708//708
f 521//521 10//10 8//8
f 8//8 233//233 364//364
f 362//362 11//11 363//363
f 11//11 10//10 677//677
f 269//269 357//357 516//516
f 268//268 356//356 515//515
f 267//267 355//355 514//514
f 266//266 354//354 513//513
f 265//265 353//353 512//512
f 668//668 715//715 1079//1079
f 1079//1079 215//215 121//121
f 716//716 215//215 1079//1079
f 716//716 432//432 928//928
f 928//928 119//119 215//215
f 1080//1080 213//213 119//119
f 927//927 117//117 213//213
f 1082//1082 207//207 117//117
f 926//926 115//115 207//207
f 1084//1084 202//202 115//115
f 925//925 113//113 202//202
f 257//257 108//108 664//664
f 346//346 256//256 723//723
f 31//31 257//257 723//723
f 1086//1086 196//196 113//113
f 924//924 111//111 196//196
f 730//730 195//195 109//109
f 426//426 111//111 195//195
f 734//734 190//190 107//107
f 424//424 109//109 190//190
f 1000//1000 228//228 335//335
f 1713//1713 740//740 1531//1531
f 1396//1396 1397//1397 741//741
f 741//741 740//740 1713//1713
f 1819//1819 577//577 1527//1527
f 333//333 496//496 1220//1220
f 496//496 421//421 1220//1220
f 239//239 332//332 1894//1894
f 238//238 331//331 1893//1893
f 237//237 330//330 1892//1892
f 236//236 329//329 1891//1891
f 235//235 328//328 1890//1890
f 146//146 91//91 1922//1922
f 88//88 146//146 1931//1931
f 145//145 89//89 1921//1921
f 91//91 145//145 1933//1933
f 1934//1934 1402//1402 1254//1254
f 1871//1871 1212//1212 1104//1104
f 1343//1343 1105//1105 1920//1920
f 1105//1105 229//229 1920//1920
f 1105//1105 1406//1406 1936//1936
f 1406//1406 1279//1279 1936//1936
f 1279//1279 3//3 1936//1936
f 484//484 486//486 953//953
f 1109//1109 204//204 755//755
f 755//755 643//643 1042//1042
f 199//199 40//40 485//485
f 322//322 194//194 756//756
f 39//39 199//199 756//756
f 318//318 319//319 1110//1110
f 1211//1211 228//228 316//316
f 478//478 20//20 23//23
f 23//23 314//314 313//313
f 1416//1416 765//765 634//634
f 766//766 765//765 1416//1416
f 1036//1036 631//631 767//767
f 168//168 311//311 476//476
f 166//166 12//12 475//475
f 310//310 164//164 768//768
f 7//7 166//166 768//768
f 1036//1036 1417//1417 631//631
f 1417//1417 1721//1721 631//631
f 1510//1510 769//769 1721//1721
f 1118//1118 999//999 771//771
f 999//999 1811//1811 771//771
f 131//131 64//64 630//630
f 69//69 131//131 773//773
f 132//132 69//69 629//629
f 70//70 132//132 775//775
f 133//133 70//70 628//628
f 67//67 133//133 777//777
f 565//565 221//221 305//305
f 564//564 220//220 304//304
f 563//563 219//219 303//303
f 562//562 218//218 302//302
f 561//561 217//217 301//301
f 560//560 216//216 300//300
f 782//782 205//205 114//114
f 399//399 112//112 205//205
f 786//786 200//200 112//112
f 397//397 111//111 200//200
f 1127//1127 192//192 110//110
f 905//905 111//111 192//192
f 183//183 107//107 613//613
f 289//289 189//189 794//794
f 37//37 183//183 794//794
f 1129//1129 187//187 108//108
f 904//904 110//110 187//187
f 1131//1131 182//182 106//106
f 903//903 108//108 182//182
f 1133//1133 180//180 103//103
f 902//902 106//106 180//180
f 609//609 548//548 990//990
f 990//990 175//175 283//283
f 451//451 609//609 283//283
f 174//174 281//281 1238//1238
f 1593//1593 172//172 280//280
f 1592//1592 171//171 279//279
f 1591//1591 170//170 278//278
f 1590//1590 169//169 277//277
f 1589//1589 167//167 276//276
f 891//891 44//44 1571//1571
f 1139//1139 164//164 1634//1634
f 980//980 162//162 1942//1942
f 1442//1442 1441//1441 1943//1943
f 1063//1063 1273//1273 368//368
f 366//366 810//810 1498//1498
f 1444//1444 811//811 810//810
f 364//364 678//678 1496//1496
f 226//226 100//100 376//376
f 128//128 226//226 814//814
f 815//815 224//224 128//128
f 675//675 127//127 224//224
f 817//817 222//222 127//127
f 674//674 126//126 222//222
f 357//357 268//268 437//437
f 356//356 267//267 436//436
f 514//514 355//355 266//266
f 513//513 354//354 265//265
f 512//512 353//353 264//264
f 352//352 264//264 590//590
f 351//351 263//263 1145//1145
f 349//349 261//261 1147//1147
f 347//347 258//258 1149//1149
f 187//187 110//110 428//428
f 108//108 187//187 826//826
f 345//345 255//255 1151//1151
f 192//192 111//111 426//426
f 110//110 192//192 830//830
f 200//200 111//111 924//924
f 112//112 200//200 1454//1454
f 342//342 248//248 833//833
f 205//205 112//112 923//923
f 114//114 205//205 1456//1456
f 837//837 245//245 24//24
f 340//340 245//245 837//837
f 658//658 107//107 245//245
f 210//210 114//114 922//922
f 116//116 210//210 1458//1458
f 212//212 116//116 921//921
f 118//118 212//212 1460//1460
f 496//496 333//333 334//334
f 332//332 238//238 1602//1602
f 331//331 237//237 1601//1601
f 330//330 236//236 1600//1600
f 329//329 235//235 1599//1599
f 328//328 234//234 1598//1598
f 327//327 232//232 1637//1637
f 326//326 230//230 1639//1639
f 536//536 45//45 955//955
f 846//846 144//144 1165//1165
f 379//379 160//160 1465//1465
f 1038//1038 1248//1248 316//316
f 315//315 101//101 477//477
f 29//29 315//315 849//849
f 851//851 308//308 158//158
f 307//307 225//225 852//852
f 306//306 223//223 854//854
f 470//470 305//305 220//220
f 469//469 304//304 219//219
f 303//303 218//218 562//562
f 302//302 217//217 561//561
f 301//301 216//216 560//560
f 402//402 856//856 909//909
f 856//856 215//215 909//909
f 856//856 857//857 1466//1466
f 857//857 622//622 1466//1466
f 622//622 121//121 1466//1466
f 213//213 117//117 908//908
f 119//119 213//213 1468//1468
f 207//207 115//115 907//907
f 117//117 207//207 1470//1470
f 862//862 203//203 41//41
f 295//295 203//203 862//862
f 619//619 114//114 203//203
f 202//202 113//113 906//906
f 115//115 202//202 1472//1472
f 293//293 198//198 865//865
f 196//196 111//111 905//905
f 113//113 196//196 1474//1474
f 195//195 111//111 397//397
f 109//109 195//195 870//870
f 290//290 186//186 1175//1175
f 190//190 109//109 395//395
f 107//107 190//190 874//874
f 288//288 181//181 1177//1177
f 286//286 179//179 1179//1179
f 285//285 175//175 1181//1181
f 1483//1483 881//881 1740//1740
f 1483//1483 1484//1484 881//881
f 1484//1484 1733//1733 881//881
f 1027//1027 607//607 1738//1738
f 1886//1886 280//280 173//173
f 1885//1885 279//279 172//172
f 1884//1884 278//278 171//171
f 1883//1883 277//277 170//170
f 1882//1882 276//276 169//169
f 1642//1642 142//142 46//46
f 1914//1914 51//51 142//142
f 1644//1644 129//129 51//51
f 1913//1913 60//60 129//129
f 441//441 888//888 929//929
f 888//888 130//130 929//929
f 888//888 889//889 1489//1489
f 889//889 380//380 1489//1489
f 380//380 61//61 1489//1489
f 533//533 157//157 158//158
f 96//96 533//533 534//534
f 380//380 889//889 1189//1189
f 888//888 272//272 1189//1189
f 272//272 161//161 1189//1189
f 888//888 441//441 1229//1229
f 1821//1821 600//600 887//887
f 1861//1861 887//887 886//886
f 1736//1736 886//886 383//383
f 1822//1822 601//601 885//885
f 1859//1859 885//885 884//884
f 1734//1734 884//884 384//384
f 1790//1790 445//445 542//542
f 1791//1791 446//446 543//543
f 1792//1792 447//447 544//544
f 1793//1793 448//448 545//545
f 1794//1794 449//449 546//546
f 1490//1490 546//546 1810//1810
f 1490//1490 1491//1491 546//546
f 1491//1491 1738//1738 546//546
f 1327//1327 32//32 1902//1902
f 1183//1183 1492//1492 173//173
f 1492//1492 1739//1739 173//173
f 1493//1493 883//883 1739//1739
f 1493//1493 1184//1184 883//883
f 1184//1184 1641//1641 883//883
f 1494//1494 389//389 1777//1777
f 1494//1494 1495//1495 389//389
f 1495//1495 1740//1740 389//389
f 1183//1183 173//173 1869//1869
f 610//610 391//391 1201//1201
f 880//880 879//879 1481//1481
f 879//879 548//548 1290//1290
f 611//611 392//392 1202//1202
f 878//878 877//877 1479//1479
f 877//877 549//549 1291//1291
f 612//612 393//393 1203//1203
f 876//876 875//875 1477//1477
f 875//875 550//550 1292//1292
f 188//188 289//289 874//874
f 614//614 394//394 1204//1204
f 872//872 871//871 1475//1475
f 871//871 551//551 1293//1293
f 193//193 291//291 870//870
f 616//616 868//868 1174//1174
f 1473//1473 1174//1174 868//868
f 867//867 396//396 1205//1205
f 617//617 399//399 198//198
f 865//865 556//556 40//40
f 618//618 864//864 1172//1172
f 1471//1471 1172//1172 864//864
f 863//863 398//398 1206//1206
f 620//620 861//861 1170//1170
f 1469//1469 1170//1170 861//861
f 860//860 400//400 1207//1207
f 621//621 859//859 1168//1168
f 1467//1467 1168//1168 859//859
f 858//858 401//401 1208//1208
f 622//622 857//857 1166//1166
f 856//856 214//214 1166//1166
f 214//214 300//300 1166//1166
f 856//856 402//402 1209//1209
f 628//628 566//566 223//223
f 854//854 409//409 127//127
f 629//629 567//567 225//225
f 852//852 410//410 128//128
f 308//308 630//630 534//534
f 226//226 850//850 377//377
f 312//312 313//313 849//849
f 1338//1338 948//948 479//479
f 1165//1165 144//144 97//97
f 97//97 379//379 1165//1165
f 160//160 325//325 1465//1465
f 325//325 846//846 1465//1465
f 1255//1255 325//325 160//160
f 160//160 536//536 1255//1255
f 646//646 413//413 1655//1655
f 845//845 844//844 1731//1731
f 844//844 570//570 1688//1688
f 647//647 414//414 1656//1656
f 843//843 842//842 1729//1729
f 842//842 571//571 1689//1689
f 491//491 572//572 1690//1690
f 492//492 573//573 1691//1691
f 493//493 574//574 1692//1692
f 494//494 575//575 1693//1693
f 495//495 576//576 1694//1694
f 656//656 841//841 1160//1160
f 1459//1459 1160//1160 841//841
f 840//840 422//422 1221//1221
f 657//657 839//839 1158//1158
f 1457//1457 1158//1158 839//839
f 838//838 423//423 1222//1222
f 659//659 836//836 1156//1156
f 1455//1455 1156//1156 836//836
f 835//835 425//425 1223//1223
f 660//660 424//424 248//248
f 833//833 581//581 25//25
f 661//661 832//832 1154//1154
f 1453//1453 1154//1154 832//832
f 831//831 427//427 1224//1224
f 251//251 344//344 830//830
f 663//663 429//429 1225//1225
f 828//828 827//827 1451//1451
f 827//827 586//586 1314//1314
f 254//254 346//346 826//826
f 665//665 430//430 1226//1226
f 824//824 823//823 1449//1449
f 823//823 587//587 1315//1315
f 666//666 431//431 1227//1227
f 822//822 821//821 1447//1447
f 821//821 588//588 1316//1316
f 667//667 432//432 1228//1228
f 820//820 819//819 1445//1445
f 819//819 589//589 1317//1317
f 511//511 590//590 79//79
f 122//122 512//512 433//433
f 123//123 513//513 434//434
f 124//124 514//514 435//435
f 515//515 436//436 124//124
f 516//516 437//437 125//125
f 358//358 818//818 817//817
f 359//359 816//816 815//815
f 157//157 360//360 814//814
f 812//812 524//524 1272//1272
f 1496//1496 678//678 524//524
f 678//678 6//6 972//972
f 1497//1497 812//812 367//367
f 811//811 812//812 1497//1497
f 1144//1144 364//364 812//812
f 523//523 681//681 1361//1361
f 1498//1498 810//810 681//681
f 810//810 367//367 1061//1061
f 1363//1363 973//973 525//525
f 1500//1500 1499//1499 1957//1957
f 1502//1502 1141//1141 1851//1851
f 1142//1142 1504//1504 1744//1744
f 1506//1506 1505//1505 1961//1961
f 1850//1850 1140//1140 1280//1280
f 1280//1280 538//538 1850//1850
f 1440//1440 1439//1439 1726//1726
f 1439//1439 805//805 1726//1726
f 1663//1663 1230//1230 1191//1191
f 1191//1191 381//381 1663//1663
f 1679//1679 539//539 804//804
f 1724//1724 803//803 804//804
f 1646//1646 382//382 600//600
f 1680//1680 540//540 802//802
f 1722//1722 801//801 802//802
f 1647//1647 383//383 601//601
f 1681//1681 541//541 445//445
f 1682//1682 542//542 446//446
f 1683//1683 543//543 447//447
f 1684//1684 544//544 448//448
f 1685//1685 545//545 449//449
f 390//390 450//450 938//938
f 59//59 56//56 609//609
f 1290//1290 548//548 609//609
f 1202//1202 392//392 800//800
f 1134//1134 800//800 799//799
f 1433//1433 799//799 610//610
f 1203//1203 393//393 798//798
f 1132//1132 798//798 797//797
f 1431//1431 797//797 611//611
f 1204//1204 394//394 796//796
f 1130//1130 796//796 795//795
f 1429//1429 795//795 612//612
f 1205//1205 396//396 793//793
f 1128//1128 793//793 792//792
f 1427//1427 792//792 614//614
f 38//38 552//552 791//791
f 291//291 790//790 791//791
f 188//188 395//395 615//615
f 1295//1295 555//555 789//789
f 1425//1425 788//788 789//789
f 1206//1206 398//398 616//616
f 193//193 787//787 786//786
f 1296//1296 557//557 785//785
f 1423//1423 784//784 785//785
f 1207//1207 400//400 618//618
f 198//198 783//783 782//782
f 1297//1297 558//558 781//781
f 1421//1421 780//780 781//781
f 1208//1208 401//401 620//620
f 1298//1298 559//559 779//779
f 1419//1419 778//778 779//779
f 1209//1209 402//402 621//621
f 62//62 560//560 465//465
f 72//72 561//561 466//466
f 71//71 562//562 467//467
f 66//66 563//563 468//468
f 68//68 564//564 469//469
f 67//67 565//565 470//470
f 306//306 221//221 777//777
f 307//307 223//223 775//775
f 308//308 225//225 773//773
f 1418//1418 1508//1508 310//310
f 1508//1508 1747//1747 310//310
f 1509//1509 632//632 1747//1747
f 1509//1509 1299//1299 632//632
f 1299//1299 1903//1903 632//632
f 1418//1418 310//310 1629//1629
f 1510//1510 770//770 1748//1748
f 1118//1118 771//771 1964//1964
f 1336//1336 1512//1512 12//12
f 1512//1512 1749//1749 12//12
f 1513//1513 475//475 1749//1749
f 1513//1513 1117//1117 475//475
f 1117//1117 1629//1629 475//475
f 1514//1514 476//476 311//311
f 631//631 476//476 1514//1514
f 1336//1336 12//12 476//476
f 767//767 311//311 1116//1116
f 765//765 766//766 1515//1515
f 309//309 767//767 1515//1515
f 1516//1516 633//633 20//20
f 765//765 633//633 1516//1516
f 1116//1116 311//311 633//633
f 911//911 412//412 479//479
f 1339//1339 638//638 764//764
f 1414//1414 763//763 764//764
f 1250//1250 481//481 637//637
f 1341//1341 640//640 762//762
f 1412//1412 761//761 762//762
f 1252//1252 483//483 639//639
f 638//638 482//482 1251//1251
f 760//760 759//759 1410//1410
f 759//759 639//639 1340//1340
f 38//38 642//642 758//758
f 321//321 757//757 758//758
f 322//322 485//485 641//641
f 755//755 204//204 643//643
f 204//204 41//41 1342//1342
f 323//323 321//321 1409//1409
f 1409//1409 754//754 323//323
f 484//484 321//321 486//486
f 321//321 323//323 1253//1253
f 1108//1108 952//952 483//483
f 752//752 753//753 1408//1408
f 1253//1253 1041//1041 640//640
f 1106//1106 979//979 1844//1844
f 979//979 535//535 1844//1844
f 750//750 1405//1405 1844//1844
f 1405//1405 1106//1106 1844//1844
f 1043//1043 1405//1405 1828//1828
f 1405//1405 750//750 1828//1828
f 1966//1966 1517//1517 1404//1404
f 1779//1779 912//912 1519//1519
f 1970//1970 1523//1523 954//954
f 1842//1842 1102//1102 1525//1525
f 414//414 746//746 1841//1841
f 1716//1716 1841//1841 746//746
f 745//745 646//646 1829//1829
f 415//415 744//744 1839//1839
f 1714//1714 1839//1839 744//744
f 743//743 647//647 1830//1830
f 573//573 491//491 1798//1798
f 574//574 492//492 1799//1799
f 575//575 493//493 1800//1800
f 576//576 494//494 1801//1801
f 577//577 495//495 1802//1802
f 496//496 120//120 421//421
f 120//120 118//118 920//920
f 1756//1756 655//655 1052//1052
f 1526//1526 1527//1527 577//577
f 577//577 655//655 1756//1756
f 1911//1911 17//17 1352//1352
f 1096//1096 1528//1528 742//742
f 742//742 335//335 1621//1621
f 1528//1528 1529//1529 1973//1973
f 1529//1529 1097//1097 239//239
f 239//239 742//742 1973//1973
f 1758//1758 498//498 963//963
f 1530//1530 1531//1531 740//740
f 740//740 498//498 1758//1758
f 1621//1621 335//335 1263//1263
f 1300//1300 569//569 655//655
f 1309//1309 578//578 739//739
f 1394//1394 738//738 739//739
f 1220//1220 421//421 656//656
f 1310//1310 579//579 737//737
f 1392//1392 736//736 737//737
f 1221//1221 422//422 657//657
f 248//248 735//735 734//734
f 1311//1311 580//580 733//733
f 1390//1390 732//732 733//733
f 1222//1222 423//423 659//659
f 251//251 731//731 730//730
f 1312//1312 582//582 729//729
f 1388//1388 728//728 729//729
f 1223//1223 425//425 661//661
f 30//30 585//585 727//727
f 344//344 726//726 727//727
f 254//254 428//428 662//662
f 1224//1224 427//427 725//725
f 1087//1087 725//725 724//724
f 1386//1386 724//724 663//663
f 1225//1225 429//429 722//722
f 1085//1085 722//722 721//721
f 1384//1384 721//721 665//665
f 1226//1226 430//430 720//720
f 1083//1083 720//720 719//719
f 1382//1382 719//719 666//666
f 1227//1227 431//431 718//718
f 1081//1081 718//718 717//717
f 1380//1380 717//717 667//667
f 1228//1228 432//432 716//716
f 1379//1379 352//352 263//263
f 263//263 716//716 1379//1379
f 1379//1379 715//715 668//668
f 82//82 595//595 714//714
f 358//358 713//713 714//714
f 269//269 438//438 674//674
f 84//84 596//596 712//712
f 359//359 711//711 712//712
f 270//270 439//439 675//675
f 95//95 597//597 710//710
f 360//360 709//709 710//710
f 271//271 440//440 676//676
f 366//366 707//707 706//706
f 1759//1759 681//681 1061//1061
f 1532//1532 1533//1533 411//411
f 411//411 681//681 1759//1759
f 1562//1562 101//101 1361//1361
f 1077//1077 1534//1534 705//705
f 705//705 367//367 1620//1620
f 1534//1534 1535//1535 1976//1976
f 1535//1535 1078//1078 227//227
f 227//227 705//705 1976//1976
f 1761//1761 524//524 972//972
f 1536//1536 1537//1537 703//703
f 703//703 524//524 1761//1761
f 1620//1620 367//367 1272//1272
f 1289//1289 547//547 525//525
f 1364//1364 684//684 702//702
f 1375//1375 701//701 702//702
f 1275//1275 527//527 683//683
f 1366//1366 686//686 700//700
f 1373//1373 699//699 700//700
f 1277//1277 529//529 685//685
f 684//684 528//528 1276//1276
f 698//698 697//697 1371//1371
f 697//697 685//685 1365//1365
f 30//30 688//688 696//696
f 373//373 695//695 696//696
f 374//374 531//531 687//687
f 693//693 247//247 689//689
f 247//247 24//24 1367//1367
f 375//375 373//373 1370//1370
f 1370//1370 692//692 375//375
f 530//530 373//373 532//532
f 373//373 375//375 1278//1278
f 1069//1069 977//977 529//529
f 690//690 691//691 1369//1369
f 1278//1278 1066//1066 686//686
f 1367//1367 1068//1068 690//690
f 687//687 25//25 692//692
f 25//25 247//247 1070//1070
f 256//256 695//695 530//530
f 527//527 698//698 1372//1372
f 1073//1073 699//699 528//528
f 1075//1075 701//701 526//526
f 1200//1200 390//390 682//682
f 1762//1762 704//704 1378//1378
f 1538//1538 1539//1539 568//568
f 568//568 704//704 1762//1762
f 1595//1595 227//227 1078//1078
f 143//143 709//709 519//519
f 156//156 711//711 518//518
f 155//155 713//713 517//517
f 595//595 673//673 357//357
f 594//594 672//672 356//356
f 593//593 671//671 355//355
f 592//592 670//670 354//354
f 591//591 669//669 353//353
f 1317//1317 589//589 511//511
f 1316//1316 588//588 510//510
f 1315//1315 587//587 509//509
f 1314//1314 586//586 508//508
f 1313//1313 584//584 506//506
f 253//253 726//726 505//505
f 1088//1088 728//728 504//504
f 1090//1090 732//732 502//502
f 1092//1092 736//736 500//500
f 1094//1094 738//738 499//499
f 1211//1211 412//412 498//498
f 1763//1763 741//741 1397//1397
f 1540//1540 1541//1541 420//420
f 420//420 741//741 1763//1763
f 1878//1878 239//239 1097//1097
f 653//653 333//333 1009//1009
f 333//333 240//240 1009//1009
f 420//420 652//652 1835//1835
f 419//419 651//651 1834//1834
f 418//418 650//650 1833//1833
f 417//417 649//649 1832//1832
f 416//416 648//648 1831//1831
f 572//572 490//490 1797//1797
f 571//571 489//489 1796//1796
f 1980//1980 1542//1542 1043//1043
f 1812//1812 1001//1001 1544//1544
f 954//954 890//890 1795//1795
f 890//890 378//378 1795//1795
f 1342//1342 1107//1107 752//752
f 641//641 40//40 754//754
f 40//40 204//204 1109//1109
f 189//189 757//757 484//484
f 481//481 760//760 1411//1411
f 1112//1112 761//761 482//482
f 1114//1114 763//763 480//480
f 1000//1000 569//569 636//636
f 1545//1545 766//766 312//312
f 474//474 766//766 1545//1545
f 1247//1247 309//309 766//766
f 1247//1247 1546//1546 309//309
f 1546//1546 1766//1766 309//309
f 1547//1547 770//770 1766//1766
f 1547//1547 1210//1210 770//770
f 1210//1210 1870//1870 770//770
f 221//221 408//408 627//627
f 220//220 407//407 626//626
f 219//219 406//406 625//625
f 218//218 405//405 624//624
f 217//217 404//404 623//623
f 216//216 403//403 622//622
f 1119//1119 778//778 464//464
f 1121//1121 780//780 463//463
f 1123//1123 784//784 461//461
f 1125//1125 788//788 459//459
f 194//194 790//790 458//458
f 1294//1294 553//553 457//457
f 1293//1293 551//551 455//455
f 1292//1292 550//550 454//454
f 1291//1291 549//549 453//453
f 283//283 175//175 1201//1201
f 1201//1201 391//391 452//452
f 282//282 283//283 452//452
f 547//547 607//607 1027//1027
f 1652//1652 388//388 606//606
f 1651//1651 387//387 605//605
f 1650//1650 386//386 604//604
f 1649//1649 385//385 603//603
f 1648//1648 384//384 602//602
f 1846//1846 801//801 444//444
f 1848//1848 803//803 443//443
f 1696//1696 1319//1319 1139//1139
f 1139//1139 805//805 1696//1696
f 1549//1549 1548//1548 1983//1983
f 1274//1274 1062//1062 682//682
f 680//680 811//811 1444//1444
f 1551//1551 521//521 811//811
f 521//521 364//364 1144//1144
f 673//673 594//594 268//268
f 672//672 593//593 267//267
f 355//355 671//671 592//592
f 354//354 670//670 591//591
f 353//353 669//669 590//590
f 668//668 433//433 264//264
f 510//510 820//820 1446//1446
f 509//509 822//822 1448//1448
f 508//508 824//824 1450//1450
f 506//506 828//828 1452//1452
f 504//504 584//584 1313//1313
f 503//503 834//834 250//250
f 502//502 582//582 1312//1312
f 500//500 580//580 1311//1311
f 499//499 579//579 1310//1310
f 333//333 653//653 497//497
f 652//652 419//419 1661//1661
f 651//651 418//418 1660//1660
f 650//650 417//417 1659//1659
f 649//649 416//416 1658//1658
f 648//648 415//415 1657//1657
f 490//490 843//843 1730//1730
f 489//489 845//845 1732//1732
f 1344//1344 89//89 144//144
f 144//144 846//846 1344//1344
f 1249//1249 1037//1037 636//636
f 128//128 473//473 851//851
f 472//472 853//853 224//224
f 471//471 855//855 222//222
f 305//305 627//627 407//407
f 304//304 626//626 406//406
f 625//625 405//405 218//218
f 624//624 404//404 217//217
f 623//623 403//403 216//216
f 465//465 559//559 1298//1298
f 464//464 558//558 1297//1297
f 463//463 557//557 1296//1296
f 461//461 555//555 1295//1295
f 460//460 866//866 199//199
f 459//459 553//553 1294//1294
f 457//457 872//872 1476//1476
f 455//455 876//876 1478//1478
f 454//454 878//878 1480//1480
f 453//453 880//880 1482//1482
f 1552//1552 882//882 1733//1733
f 1552//1552 1553//1553 882//882
f 1553//1553 1769//1769 882//882
f 1238//1238 281//281 1641//1641
f 1827//1827 606//606 389//389
f 1826//1826 605//605 388//388
f 1825//1825 604//604 387//387
f 1824//1824 603//603 386//386
f 1823//1823 602//602 385//385
f 1789//1789 444//444 541//541
f 1788//1788 443//443 540//540
f 537//537 598//598 1318//1318
f 157//157 376//376 377//377
f 1572//1572 931//931 1282//1282
f 1573//1573 932//932 1283//1283
f 1607//1607 1022//1022 1195//1195
f 1608//1608 1023//1023 1196//1196
f 1609//1609 1024//1024 1197//1197
f 1610//1610 1025//1025 1198//1198
f 1611//1611 1026//1026 1199//1199
f 882//882 450//450 1857//1857
f 450//450 1238//1238 1184//1184
f 1985//1985 1553//1553 1552//1552
f 282//282 608//608 1949//1949
f 608//608 1552//1552 1484//1484
f 939//939 1482//1482 141//141
f 940//940 1480//1480 140//140
f 941//941 1478//1478 139//139
f 942//942 1476//1476 138//138
f 317//317 316//316 1037//1037
f 956//956 1464//1464 1948//1948
f 957//957 1462//1462 1946//1946
f 1047//1047 1214//1214 1873//1873
f 1048//1048 1215//1215 1874//1874
f 1049//1049 1216//1216 1875//1875
f 1050//1050 1217//1217 1876//1876
f 1051//1051 1218//1218 1877//1877
f 968//968 1452//1452 151//151
f 969//969 1450//1450 152//152
f 970//970 1448//1448 153//153
f 971//971 1446//1446 154//154
f 369//369 368//368 1062//1062
f 1192//1192 1142//1142 1986//1986
f 1550//1550 808//808 1767//1767
f 382//382 1550//1550 1989//1989
f 1548//1548 1442//1442 1990//1990
f 1912//1912 7//7 164//164
f 164//164 1139//1139 1912//1912
f 1632//1632 1137//1137 931//931
f 1630//1630 1135//1135 932//932
f 1864//1864 1194//1194 1022//1022
f 1865//1865 1195//1195 1023//1023
f 1866//1866 1196//1196 1024//1024
f 1867//1867 1197//1197 1025//1025
f 1868//1868 1198//1198 1026//1026
f 989//989 1027//1027 281//281
f 137//137 1125//1125 943//943
f 136//136 1123//1123 944//944
f 135//135 1121//1121 945//945
f 134//134 1119//1119 946//946
f 1654//1654 1210//1210 1547//1547
f 1982//1982 474//474 411//411
f 411//411 1547//1547 1546//1546
f 1982//1982 1546//1546 1247//1247
f 228//228 1000//1000 1037//1037
f 178//178 1114//1114 949//949
f 184//184 1112//1112 951//951
f 950//950 1411//1411 211//211
f 41//41 209//209 1107//1107
f 890//890 954//954 1579//1579
f 1992//1992 1103//1103 748//748
f 1596//1596 230//230 1103//1103
f 1996//1996 1403//1403 324//324
f 1764//1764 748//748 1403//1403
f 1302//1302 956//956 1580//1580
f 1303//1303 957//957 1581//1581
f 1215//1215 1047//1047 1615//1615
f 1216//1216 1048//1048 1616//1616
f 1217//1217 1049//1049 1617//1617
f 1218//1218 1050//1050 1618//1618
f 1219//1219 1051//1051 1619//1619
f 741//741 420//420 1662//1662
f 1662//1662 1219//1219 741//741
f 1541//1541 1540//1540 1979//1979
f 334//334 497//497 1979//1979
f 1979//1979 1540//1540 334//334
f 228//228 1211//1211 1263//1263
f 147//147 1094//1094 964//964
f 148//148 1092//1092 965//965
f 149//149 1090//1090 966//966
f 150//150 1088//1088 967//967
f 704//704 568//568 1811//1811
f 1811//1811 999//999 704//704
f 1539//1539 1538//1538 1978//1978
f 365//365 679//679 1978//1978
f 1978//1978 1538//1538 365//365
f 174//174 1200//1200 1062//1062
f 262//262 1075//1075 974//974
f 259//259 1073//1073 976//976
f 975//975 1372//1372 241//241
f 24//24 244//244 1068//1068
f 375//375 372//372 1066//1066
f 1368//1368 1369//1369 372//372
f 244//244 21//21 977//977
f 1371//1371 1365//1365 21//21
f 1064//1064 1276//1276 371//371
f 372//372 1277//1277 1065//1065
f 371//371 1373//1373 1374//1374
f 31//31 1366//1366 1074//1074
f 370//370 1275//1275 1063//1063
f 369//369 1375//1375 1376//1376
f 34//34 1364//1364 1076//1076
f 524//524 703//703 1836//1836
f 1836//1836 1077//1077 524//524
f 1537//1537 1536//1536 1977//1977
f 6//6 522//522 1977//1977
f 1977//1977 1536//1536 6//6
f 1078//1078 1535//1535 1760//1760
f 1534//1534 703//703 1535//1535
f 703//703 704//704 1760//1760
f 1534//1534 1077//1077 1836//1836
f 681//681 411//411 1778//1778
f 1778//1778 910//910 681//681
f 1533//1533 1532//1532 1975//1975
f 367//367 705//705 1975//1975
f 1975//1975 1532//1532 367//367
f 261//261 1081//1081 1380//1380
f 258//258 1083//1083 1382//1382
f 255//255 1085//1085 1384//1384
f 252//252 1087//1087 1386//1386
f 249//249 1223//1223 1056//1056
f 343//343 1388//1388 1389//1389
f 74//74 1312//1312 1089//1089
f 246//246 1222//1222 1055//1055
f 341//341 1390//1390 1391//1391
f 73//73 1311//1311 1091//1091
f 243//243 1221//1221 1054//1054
f 339//339 1392//1392 1393//1393
f 98//98 1310//1310 1093//1093
f 240//240 1220//1220 1053//1053
f 337//337 1394//1394 1395//1395
f 93//93 1309//1309 1095//1095
f 101//101 1300//1300 1352//1352
f 498//498 740//740 1837//1837
f 1837//1837 1096//1096 498//498
f 1531//1531 1530//1530 1974//1974
f 120//120 654//654 1974//1974
f 1974//1974 1530//1530 120//120
f 1097//1097 1529//1529 1757//1757
f 1528//1528 740//740 1529//1529
f 740//740 741//741 1757//1757
f 1528//1528 1096//1096 1837//1837
f 655//655 577//577 1695//1695
f 1695//1695 1308//1308 655//655
f 1527//1527 1526//1526 1972//1972
f 335//335 742//742 1972//1972
f 1972//1972 1526//1526 335//335
f 1308//1308 962//962 1586//1586
f 1307//1307 961//961 1585//1585
f 1306//1306 960//960 1584//1584
f 1305//1305 959//959 1583//1583
f 1304//1304 958//958 1582//1582
f 1398//1398 1046//1046 1614//1614
f 1930//1930 1623//1623 1099//1099
f 1214//1214 1099//1099 1623//1623
f 1400//1400 1045//1045 1613//1613
f 1932//1932 1625//1625 1101//1101
f 1213//1213 1101//1101 1625//1625
f 1998//1998 1255//1255 488//488
f 1626//1626 325//325 1255//1255
f 2002//2002 955//955 45//45
f 1754//1754 488//488 955//955
f 2007//2007 1521//1521 1522//1522
f 2010//2010 1344//1344 645//645
f 1563//1563 89//89 1344//1344
f 2014//2014 1044//1044 325//325
f 1750//1750 645//645 1044//1044
f 1405//1405 1043//1043 1612//1612
f 1405//1405 324//324 1628//1628
f 324//324 159//159 1628//1628
f 979//979 1106//1106 1628//1628
f 323//323 320//320 1041//1041
f 1407//1407 1408//1408 320//320
f 209//209 42//42 952//952
f 1410//1410 1340//1340 42//42
f 1039//1039 1251//1251 319//319
f 320//320 1252//1252 1040//1040
f 319//319 1412//1412 1413//1413
f 37//37 1341//1341 1113//1113
f 318//318 1250//1250 1038//1038
f 317//317 1414//1414 1415//1415
f 35//35 1339//1339 1115//1115
f 1845//1845 1117//1117 1513//1513
f 1965//1965 631//631 769//769
f 769//769 1513//1513 1512//1512
f 1965//1965 1512//1512 1336//1336
f 1748//1748 770//770 227//227
f 227//227 1118//1118 1511//1511
f 771//771 769//769 1964//1964
f 769//769 1510//1510 1511//1511
f 1845//1845 769//769 771//771
f 771//771 1418//1418 1117//1117
f 1687//1687 1299//1299 1509//1509
f 1963//1963 771//771 568//568
f 568//568 1509//1509 1508//1508
f 1963//1963 1508//1508 1418//1418
f 214//214 1209//1209 1035//1035
f 299//299 1419//1419 1420//1420
f 63//63 1298//1298 1120//1120
f 206//206 1208//1208 1034//1034
f 296//296 1421//1421 1422//1422
f 65//65 1297//1297 1122//1122
f 201//201 1207//1207 1033//1033
f 294//294 1423//1423 1424//1424
f 54//54 1296//1296 1124//1124
f 197//197 1206//1206 1032//1032
f 292//292 1425//1425 1426//1426
f 55//55 1295//1295 1126//1126
f 191//191 1128//1128 1427//1427
f 186//186 1130//1130 1429//1429
f 181//181 1132//1132 1431//1431
f 179//179 1134//1134 1433//1433
f 1901//1901 1287//1287 937//937
f 1900//1900 1286//1286 936//936
f 1899//1899 1285//1285 935//935
f 1898//1898 1284//1284 934//934
f 1897//1897 1283//1283 933//933
f 1863//1863 1193//1193 1021//1021
f 1938//1938 1435//1435 1436//1436
f 1896//1896 1282//1282 1136//1136
f 1862//1862 1192//1192 1020//1020
f 1940//1940 1437//1437 1438//1438
f 1895//1895 1281//1281 1138//1138
f 1879//1879 273//273 162//162
f 162//162 1191//1191 1879//1879
f 162//162 273//273 1942//1942
f 273//273 1439//1439 1942//1942
f 1634//1634 164//164 3//3
f 3//3 1280//1280 1634//1634
f 1141//1141 1230//1230 2016//2016
f 1507//1507 442//442 1745//1745
f 807//807 1507//1507 2019//2019
f 1505//1505 930//930 2020//2020
f 1143//1143 809//809 1960//1960
f 163//163 1143//1143 2023//2023
f 1443//1443 273//273 1635//1635
f 809//809 1443//1443 2027//2027
f 1281//1281 1319//1319 2028//2028
f 1501//1501 599//599 1741//1741
f 539//539 1501//1501 2031//2031
f 1499//1499 1019//1019 2032//2032
f 19//19 101//101 973//973
f 1445//1445 1317//1317 86//86
f 1060//1060 1228//1228 263//263
f 1447//1447 1316//1316 76//76
f 1059//1059 1227//1227 261//261
f 1449//1449 1315//1315 77//77
f 1058//1058 1226//1226 258//258
f 1451//1451 1314//1314 78//78
f 1057//1057 1225//1225 255//255
f 252//252 343//343 1154//1154
f 249//249 341//341 1156//1156
f 246//246 339//339 1158//1158
f 243//243 337//337 1160//1160
f 962//962 1307//1307 1910//1910
f 961//961 1306//1306 1909//1909
f 960//960 1305//1305 1908//1908
f 959//959 1304//1304 1907//1907
f 958//958 1303//1303 1906//1906
f 1461//1461 1302//1302 1905//1905
f 1462//1462 1461//1461 1945//1945
f 1046//1046 1213//1213 1872//1872
f 1463//1463 1301//1301 1904//1904
f 1464//1464 1463//1463 1947//1947
f 1045//1045 1212//1212 1871//1871
f 43//43 120//120 948//948
f 206//206 299//299 1168//1168
f 201//201 296//296 1170//1170
f 197//197 294//294 1172//1172
f 191//191 292//292 1174//1174
f 1475//1475 1293//1293 52//52
f 1031//1031 1204//1204 186//186
f 1477//1477 1292//1292 58//58
f 1030//1030 1203//1203 181//181
f 1479//1479 1291//1291 57//57
f 1029//1029 1202//1202 179//179
f 1481//1481 1290//1290 56//56
f 1028//1028 1201//1201 175//175
f 389//389 881//881 1653//1653
f 881//881 1183//1183 1199//1199
f 1956//1956 1495//1495 1494//1494
f 59//59 451//451 1561//1561
f 451//451 1494//1494 899//899
f 1857//1857 1184//1184 1493//1493
f 1955//1955 881//881 882//882
f 882//882 1493//1493 1492//1492
f 1955//1955 1492//1492 1183//1183
f 546//546 607//607 1686//1686
f 607//607 1327//1327 1288//1288
f 1954//1954 1491//1491 1490//1490
f 173//173 883//883 1594//1594
f 883//883 1490//1490 988//988
f 1578//1578 937//937 1288//1288
f 1577//1577 936//936 1287//1287
f 1576//1576 935//935 1286//1286
f 1575//1575 934//934 1285//1285
f 1574//1574 933//933 1284//1284
f 1950//1950 1485//1485 1194//1194
f 1643//1643 1186//1186 1485//1485
f 1606//1606 1021//1021 1186//1186
f 1952//1952 1487//1487 1193//1193
f 1645//1645 1188//1188 1487//1487
f 1605//1605 1020//1020 1188//1188
f 1697//1697 1320//1320 1488//1488
f 1737//1737 1488//1488 1187//1187
f 1860//1860 1187//1187 893//893
f 1698//1698 1321//1321 1486//1486
f 1735//1735 1486//1486 1185//1185
f 1858//1858 1185//1185 894//894
f 1666//1666 1233//1233 984//984
f 1667//1667 1234//1234 985//985
f 1668//1668 1235//1235 986//986
f 1669//1669 1236//1236 987//987
f 1670//1670 1237//1237 988//988
f 883//883 281//281 1954//1954
f 281//281 1027//1027 1491//1491
f 1949//1949 1484//1484 1483//1483
f 451//451 282//282 1956//1956
f 282//282 1483//1483 1495//1495
f 1328//1328 901//901 391//391
f 1182//1182 1181//1181 879//879
f 1181//1181 990//990 548//548
f 1329//1329 902//902 392//392
f 1180//1180 1179//1179 877//877
f 1179//1179 991//991 549//549
f 1330//1330 903//903 393//393
f 1178//1178 1177//1177 875//875
f 1177//1177 992//992 550//550
f 1331//1331 904//904 394//394
f 1176//1176 1175//1175 871//871
f 1175//1175 993//993 551//551
f 1332//1332 1474//1474 868//868
f 867//867 868//868 1474//1474
f 1173//1173 905//905 396//396
f 1333//1333 1472//1472 864//864
f 863//863 864//864 1472//1472
f 1171//1171 906//906 398//398
f 1334//1334 1470//1470 861//861
f 860//860 861//861 1470//1470
f 1169//1169 907//907 400//400
f 1335//1335 1468//1468 859//859
f 858//858 859//859 1468//1468
f 1167//1167 908//908 401//401
f 637//637 479//479 1248//1248
f 1345//1345 912//912 1779//1779
f 1164//1164 1163//1163 1855//1855
f 1163//1163 1001//1001 1812//1812
f 1346//1346 913//913 1780//1780
f 1162//1162 1161//1161 1853//1853
f 1161//1161 1002//1002 1813//1813
f 1258//1258 1003//1003 1814//1814
f 1259//1259 1004//1004 1815//1815
f 1260//1260 1005//1005 1816//1816
f 1261//1261 1006//1006 1817//1817
f 1262//1262 1007//1007 1818//1818
f 1353//1353 1460//1460 841//841
f 840//840 841//841 1460//1460
f 1159//1159 921//921 422//422
f 1354//1354 1458//1458 839//839
f 838//838 839//839 1458//1458
f 1157//1157 922//922 423//423
f 1355//1355 1456//1456 836//836
f 835//835 836//836 1456//1456
f 1155//1155 923//923 425//425
f 1356//1356 1454//1454 832//832
f 831//831 832//832 1454//1454
f 1153//1153 924//924 427//427
f 1357//1357 925//925 429//429
f 1152//1152 1151//1151 827//827
f 1151//1151 1014//1014 586//586
f 1358//1358 926//926 430//430
f 1150//1150 1149//1149 823//823
f 1149//1149 1015//1015 587//587
f 1359//1359 927//927 431//431
f 1148//1148 1147//1147 821//821
f 1147//1147 1016//1016 588//588
f 1360//1360 928//928 432//432
f 1146//1146 1145//1145 819//819
f 1145//1145 1017//1017 589//589
f 683//683 525//525 1273//1273
f 981//981 1500//1500 2034//2034
f 1503//1503 807//807 1727//1727
f 808//808 1503//1503 2037//2037
f 1441//1441 1506//1506 2038//2038
f 1726//1726 806//806 538//538
f 538//538 980//980 1726//1726
f 806//806 805//805 1850//1850
f 805//805 1139//1139 1850//1850
f 1787//1787 442//442 381//381
f 381//381 891//891 1787//1787
f 1803//1803 981//981 1438//1438
f 1848//1848 1137//1137 1138//1138
f 1770//1770 892//892 1320//1320
f 1804//1804 982//982 1436//1436
f 1846//1846 1135//1135 1136//1136
f 1771//1771 893//893 1321//1321
f 1805//1805 983//983 1233//1233
f 1806//1806 984//984 1234//1234
f 1807//1807 985//985 1235//1235
f 1808//1808 986//986 1236//1236
f 1809//1809 987//987 1237//1237
f 1200//1200 1238//1238 450//450
f 392//392 902//902 1434//1434
f 800//800 1434//1434 1133//1133
f 799//799 1133//1133 1328//1328
f 393//393 903//903 1432//1432
f 798//798 1432//1432 1131//1131
f 797//797 1131//1131 1329//1329
f 394//394 904//904 1430//1430
f 796//796 1430//1430 1129//1129
f 795//795 1129//1129 1330//1330
f 396//396 905//905 1428//1428
f 793//793 1428//1428 1127//1127
f 792//792 1127//1127 1331//1331
f 555//555 995//995 1426//1426
f 788//788 1125//1125 1126//1126
f 398//398 906//906 1332//1332
f 557//557 996//996 1424//1424
f 784//784 1123//1123 1124//1124
f 400//400 907//907 1333//1333
f 558//558 997//997 1422//1422
f 780//780 1121//1121 1122//1122
f 401//401 908//908 1334//1334
f 559//559 998//998 1420//1420
f 778//778 1119//1119 1120//1120
f 402//402 909//909 1335//1335
f 1595//1595 999//999 1118//1118
f 1937//1937 309//309 770//770
f 770//770 1510//1510 1417//1417
f 1937//1937 1417//1417 1036//1036
f 412//412 1211//1211 1248//1248
f 638//638 1039//1039 1415//1415
f 763//763 1114//1114 1115//1115
f 481//481 950//950 1338//1338
f 640//640 1041//1041 1413//1413
f 761//761 1112//1112 1113//1113
f 483//483 952//952 1340//1340
f 1339//1339 951//951 482//482
f 1111//1111 1110//1110 759//759
f 1110//1110 1040//1040 639//639
f 753//753 483//483 1252//1252
f 1107//1107 1108//1108 753//753
f 486//486 640//640 1341//1341
f 751//751 535//535 1720//1720
f 535//535 1279//1279 1720//1720
f 1105//1105 750//750 1720//1720
f 750//750 751//751 1720//1720
f 644//644 750//750 1704//1704
f 750//750 1105//1105 1704//1704
f 2040//2040 1518//1518 749//749
f 1655//1655 413//413 1518//1518
f 2044//2044 1524//1524 487//487
f 1718//1718 747//747 1524//1524
f 913//913 1401//1401 1717//1717
f 1840//1840 1717//1717 1401//1401
f 1100//1100 1345//1345 1705//1705
f 914//914 1399//1399 1715//1715
f 1838//1838 1715//1715 1399//1399
f 1098//1098 1346//1346 1706//1706
f 1004//1004 1258//1258 1674//1674
f 1005//1005 1259//1259 1675//1675
f 1006//1006 1260//1260 1676//1676
f 1007//1007 1261//1261 1677//1677
f 1008//1008 1262//1262 1678//1678
f 742//742 239//239 1603//1603
f 1603//1603 1008//1008 742//742
f 1397//1397 1396//1396 1929//1929
f 654//654 334//334 1929//1929
f 1929//1929 1396//1396 654//654
f 569//569 1000//1000 1052//1052
f 578//578 1009//1009 1395//1395
f 738//738 1094//1094 1095//1095
f 421//421 920//920 1353//1353
f 579//579 1010//1010 1393//1393
f 736//736 1092//1092 1093//1093
f 422//422 921//921 1354//1354
f 580//580 1011//1011 1391//1391
f 732//732 1090//1090 1091//1091
f 423//423 922//922 1355//1355
f 582//582 1012//1012 1389//1389
f 728//728 1088//1088 1089//1089
f 425//425 923//923 1356//1356
f 427//427 924//924 1387//1387
f 725//725 1387//1387 1086//1086
f 724//724 1086//1086 1357//1357
f 429//429 925//925 1385//1385
f 722//722 1385//1385 1084//1084
f 721//721 1084//1084 1358//1358
f 430//430 926//926 1383//1383
f 720//720 1383//1383 1082//1082
f 719//719 1082//1082 1359//1359
f 431//431 927//927 1381//1381
f 718//718 1381//1381 1080//1080
f 717//717 1080//1080 1360//1360
f 705//705 227//227 1870//1870
f 1870//1870 1210//1210 705//705
f 1378//1378 1377//1377 1928//1928
f 522//522 365//365 1928//1928
f 1928//1928 1377//1377 522//522
f 547//547 989//989 1273//1273
f 684//684 1064//1064 1376//1376
f 701//701 1075//1075 1076//1076
f 527//527 975//975 1363//1363
f 686//686 1066//1066 1374//1374
f 699//699 1073//1073 1074//1074
f 529//529 977//977 1365//1365
f 1364//1364 976//976 528//528
f 1072//1072 1071//1071 697//697
f 1071//1071 1065//1065 685//685
f 691//691 529//529 1277//1277
f 1068//1068 1069//1069 691//691
f 532//532 686//686 1366//1366
f 689//689 690//690 1368//1368
f 1275//1275 1072//1072 698//698
f 699//699 1373//1373 1276//1276
f 701//701 1375//1375 1274//1274
f 390//390 900//900 1362//1362
f 679//679 3//3 1903//1903
f 1903//1903 1299//1299 679//679
f 588//588 1016//1016 1271//1271
f 587//587 1015//1015 1270//1270
f 586//586 1014//1014 1269//1269
f 584//584 1013//1013 1268//1268
f 728//728 1388//1388 1267//1267
f 732//732 1390//1390 1266//1266
f 736//736 1392//1392 1265//1265
f 738//738 1394//1394 1264//1264
f 412//412 911//911 963//963
f 497//497 94//94 1570//1570
f 1570//1570 919//919 497//497
f 919//919 1351//1351 1711//1711
f 918//918 1350//1350 1710//1710
f 917//917 1349//1349 1709//1709
f 916//916 1348//1348 1708//1708
f 915//915 1347//1347 1707//1707
f 1003//1003 1257//1257 1673//1673
f 1002//1002 1256//1256 1672//1672
f 2046//2046 1543//1543 644//644
f 1688//1688 570//570 1543//1543
f 487//487 378//378 1671//1671
f 378//378 1190//1190 1671//1671
f 643//643 752//752 1407//1407
f 1250//1250 1111//1111 760//760
f 761//761 1412//1412 1251//1251
f 763//763 1414//1414 1249//1249
f 569//569 1300//1300 1337//1337
f 1562//1562 910//910 947//947
f 778//778 1419//1419 1246//1246
f 780//780 1421//1421 1245//1245
f 784//784 1423//1423 1244//1244
f 788//788 1425//1425 1243//1243
f 553//553 994//994 1242//1242
f 551//551 993//993 1241//1241
f 550//550 992//992 1240//1240
f 549//549 991//991 1239//1239
f 1289//1289 1327//1327 607//607
f 1776//1776 898//898 1326//1326
f 1775//1775 897//897 1325//1325
f 1774//1774 896//896 1324//1324
f 1773//1773 895//895 1323//1323
f 1772//1772 894//894 1322//1322
f 1722//1722 1435//1435 1232//1232
f 1724//1724 1437//1437 1231//1231
f 1820//1820 599//599 805//805
f 805//805 1439//1439 1820//1820
f 892//892 1549//1549 2048//2048
f 526//526 682//682 1362//1362
f 1271//1271 1146//1146 820//820
f 1270//1270 1148//1148 822//822
f 1269//1269 1150//1150 824//824
f 1268//1268 1152//1152 828//828
f 1267//1267 1013//1013 584//584
f 1266//1266 1012//1012 582//582
f 1265//1265 1011//1011 580//580
f 1264//1264 1010//1010 579//579
f 1351//1351 918//918 1785//1785
f 1350//1350 917//917 1784//1784
f 1349//1349 916//916 1783//1783
f 1348//1348 915//915 1782//1782
f 1347//1347 914//914 1781//1781
f 1257//1257 1162//1162 1854//1854
f 1256//1256 1164//1164 1856//1856
f 480//480 636//636 1337//1337
f 1246//1246 997//997 558//558
f 1245//1245 996//996 557//557
f 1244//1244 995//995 555//555
f 1243//1243 994//994 553//553
f 1242//1242 1176//1176 872//872
f 1241//1241 1178//1178 876//876
f 1240//1240 1180//1180 878//878
f 1239//1239 1182//1182 880//880
f 608//608 104//104 1985//1985
f 104//104 938//938 1553//1553
f 1703//1703 1326//1326 899//899
f 1702//1702 1325//1325 898//898
f 1701//1701 1324//1324 897//897
f 1700//1700 1323//1323 896//896
f 1699//1699 1322//1322 895//895
f 1665//1665 1232//1232 983//983
f 1664//1664 1231//1231 982//982
f 443//443 1664//1664 1804//1804
f 444//444 1665//1665 1805//1805
f 602//602 1699//1699 1773//1773
f 603//603 1700//1700 1774//1774
f 604//604 1701//1701 1775//1775
f 605//605 1702//1702 1776//1776
f 606//606 1703//1703 1777//1777
f 1672//1672 1856//1856 845//845
f 1673//1673 1854//1854 843//843
f 1707//1707 1781//1781 415//415
f 1708//1708 1782//1782 416//416
f 1709//1709 1783//1783 417//417
f 1710//1710 1784//1784 418//418
f 1711//1711 1785//1785 419//419
f 1770//1770 1768//1768 1549//1549
f 2048//2048 1984//1984 441//441
f 803//803 1724//1724 1664//1664
f 801//801 1722//1722 1665//1665
f 384//384 1772//1772 1699//1699
f 385//385 1773//1773 1700//1700
f 386//386 1774//1774 1701//1701
f 387//387 1775//1775 1702//1702
f 388//388 1776//1776 1703//1703
f 1301//1301 2047//2047 2046//2046
f 1813//1813 1672//1672 489//489
f 1814//1814 1673//1673 490//490
f 1782//1782 1707//1707 648//648
f 1783//1783 1708//1708 649//649
f 1784//1784 1709//1709 650//650
f 1785//1785 1710//1710 651//651
f 1786//1786 1711//1711 652//652
f 1819//1819 1678//1678 495//495
f 1818//1818 1677//1677 494//494
f 1817//1817 1676//1676 493//493
f 1816//1816 1675//1675 492//492
f 1815//1815 1674//1674 491//491
f 1838//1838 1706//1706 647//647
f 743//743 744//744 1715//1715
f 1781//1781 1715//1715 744//744
f 1840//1840 1705//1705 646//646
f 745//745 746//746 1717//1717
f 1780//1780 1717//1717 746//746
f 1402//1402 2045//2045 2044//2044
f 748//748 1752//1752 2043//2043
f 1402//1402 2042//2042 2043//2043
f 1521//1521 1968//1968 1718//1718
f 1212//1212 2041//2041 2040//2040
f 545//545 1809//1809 1670//1670
f 544//544 1808//1808 1669//1669
f 543//543 1807//1807 1668//1668
f 542//542 1806//1806 1667//1667
f 541//541 1805//1805 1666//1666
f 383//383 1771//1771 1698//1698
f 801//801 1846//1846 1847//1847
f 540//540 1804//1804 1723//1723
f 382//382 1770//1770 1697//1697
f 803//803 1848//1848 1849//1849
f 539//539 1803//1803 1725//1725
f 1727//1727 1746//1746 1506//1506
f 2038//2038 1962//1962 598//598
f 1441//1441 1442//1442 2037//2037
f 1803//1803 1742//1742 1500//1500
f 2034//2034 1958//1958 809//809
f 1678//1678 1818//1818 576//576
f 1677//1677 1817//1817 575//575
f 1676//1676 1816//1816 574//574
f 1675//1675 1815//1815 573//573
f 1674//1674 1814//1814 572//572
f 1853//1853 1813//1813 571//571
f 1854//1854 1853//1853 842//842
f 1706//1706 1780//1780 414//414
f 1855//1855 1812//1812 570//570
f 1856//1856 1855//1855 844//844
f 1705//1705 1779//1779 413//413
f 449//449 1670//1670 1810//1810
f 448//448 1669//1669 1809//1809
f 447//447 1668//1668 1808//1808
f 446//446 1667//1667 1807//1807
f 445//445 1666//1666 1806//1806
f 884//884 1858//1858 1772//1772
f 885//885 1735//1735 1858//1858
f 601//601 1698//1698 1735//1735
f 886//886 1860//1860 1771//1771
f 887//887 1737//1737 1860//1860
f 600//600 1697//1697 1737//1737
f 274//274 1645//1645 1952//1952
f 275//275 1643//1643 1950//1950
f 1613//1613 1871//1871 230//230
f 1947//1947 1904//1904 4//4
f 1614//1614 1872//1872 232//232
f 1945//1945 1905//1905 6//6
f 1582//1582 1906//1906 8//8
f 1583//1583 1907//1907 10//10
f 1584//1584 1908//1908 11//11
f 1585//1585 1909//1909 14//14
f 1586//1586 1910//1910 15//15
f 1741//1741 1820//1820 1019//1019
f 2032//2032 1604//1604 273//273
f 1499//1499 1500//1500 2031//2031
f 1895//1895 1912//1912 1319//1319
f 2028//2028 1696//1696 599//599
f 1141//1141 1502//1502 2027//2027
f 1503//1503 808//808 1744//1744
f 2024//2024 2025//2025 1504//1504
f 1502//1502 1504//1504 1960//1960
f 1504//1504 1142//1142 2023//2023
f 1745//1745 1787//1787 930//930
f 2020//2020 1571//1571 44//44
f 1505//1505 1506//1506 2019//2019
f 1635//1635 1879//1879 1230//1230
f 2016//2016 1663//1663 442//442
f 7//7 1895//1895 1633//1633
f 274//274 1940//1940 1941//1941
f 163//163 1862//1862 1605//1605
f 12//12 1896//1896 1631//1631
f 275//275 1938//1938 1939//1939
f 165//165 1863//1863 1606//1606
f 16//16 1897//1897 1574//1574
f 20//20 1898//1898 1575//1575
f 23//23 1899//1899 1576//1576
f 27//27 1900//1900 1577//1577
f 29//29 1901//1901 1578//1578
f 1517//1517 2015//2015 2014//2014
f 413//413 1751//1751 2013//2013
f 1517//1517 2012//2012 2013//2013
f 1519//1519 1967//1967 1750//1750
f 912//912 2011//2011 2010//2010
f 749//749 1719//1719 2009//2009
f 1102//1102 2008//2008 2009//2009
f 1404//1404 1935//1935 1626//1626
f 1521//1521 1752//1752 1753//1753
f 1520//1520 2006//2006 1969//1969
f 230//230 1627//1627 2005//2005
f 1522//1522 2004//2004 2005//2005
f 1104//1104 1843//1843 1969//1969
f 1523//1523 2003//2003 2002//2002
f 747//747 1755//1755 2001//2001
f 1523//1523 2000//2000 2001//2001
f 1525//1525 1971//1971 1754//1754
f 1102//1102 1999//1999 1998//1998
f 326//326 232//232 1625//1625
f 327//327 234//234 1623//1623
f 1878//1878 1619//1619 332//332
f 1877//1877 1618//1618 331//331
f 1876//1876 1617//1617 330//330
f 1875//1875 1616//1616 329//329
f 1874//1874 1615//1615 328//328
f 1542//1542 1997//1997 1996//1996
f 570//570 1765//1765 1995//1995
f 1542//1542 1994//1994 1995//1995
f 1544//1544 1981//1981 1764//1764
f 1001//1001 1993//1993 1992//1992
f 172//172 1868//1868 1611//1611
f 171//171 1867//1867 1610//1610
f 170//170 1866//1866 1609//1609
f 169//169 1865//1865 1608//1608
f 167//167 1864//1864 1607//1607
f 168//168 1630//1630 1573//1573
f 166//166 1632//1632 1572//1572
f 1767//1767 1728//1728 1442//1442
f 1990//1990 1944//1944 272//272
f 1548//1548 1549//1549 1989//1989
f 1862//1862 1636//1636 1142//1142
f 1986//1986 1852//1852 808//808
f 1619//1619 1877//1877 238//238
f 1618//1618 1876//1876 237//237
f 1617//1617 1875//1875 236//236
f 1616//1616 1874//1874 235//235
f 1615//1615 1873//1873 234//234
f 1581//1581 1946//1946 233//233
f 1580//1580 1948//1948 231//231
f 280//280 1611//1611 1869//1869
f 279//279 1610//1610 1868//1868
f 278//278 1609//1609 1867//1867
f 277//277 1608//1608 1866//1866
f 276//276 1607//1607 1865//1865
f 931//931 1788//1788 1680//1680
f 932//932 1789//1789 1681//1681
f 1022//1022 1823//1823 1649//1649
f 1023//1023 1824//1824 1650//1650
f 1024//1024 1825//1825 1651//1651
f 1025//1025 1826//1826 1652//1652
f 1026//1026 1827//1827 1653//1653
f 1796//1796 1732//1732 1464//1464
f 1797//1797 1730//1730 1462//1462
f 1831//1831 1657//1657 1214//1214
f 1832//1832 1658//1658 1215//1215
f 1833//1833 1659//1659 1216//1216
f 1834//1834 1660//1660 1217//1217
f 1835//1835 1661//1661 1218//1218
f 1646//1646 1987//1987 1550//1550
f 1983//1983 1991//1991 1229//1229
f 1137//1137 1848//1848 1788//1788
f 1135//1135 1846//1846 1789//1789
f 1194//1194 1648//1648 1823//1823
f 1195//1195 1649//1649 1824//1824
f 1196//1196 1650//1650 1825//1825
f 1197//1197 1651//1651 1826//1826
f 1198//1198 1652//1652 1827//1827
f 1543//1543 1994//1994 1980//1980
f 1689//1689 1796//1796 956//956
f 1690//1690 1797//1797 957//957
f 1658//1658 1831//1831 1047//1047
f 1659//1659 1832//1832 1048//1048
f 1660//1660 1833//1833 1049//1049
f 1661//1661 1834//1834 1050//1050
f 1662//1662 1835//1835 1051//1051
f 1695//1695 1802//1802 962//962
f 1694//1694 1801//1801 961//961
f 1693//1693 1800//1800 960//960
f 1692//1692 1799//1799 959//959
f 1691//1691 1798//1798 958//958
f 1714//1714 1830//1830 1046//1046
f 1398//1398 1099//1099 1839//1839
f 1657//1657 1839//1839 1099//1099
f 1716//1716 1829//1829 1045//1045
f 1400//1400 1101//1101 1841//1841
f 1656//1656 1841//1841 1101//1101
f 1524//1524 2000//2000 1970//1970
f 1103//1103 2004//2004 1753//1753
f 747//747 1968//1968 2007//2007
f 1520//1520 2008//2008 1842//1842
f 1518//1518 2012//2012 1966//1966
f 1287//1287 1685//1685 1794//1794
f 1286//1286 1684//1684 1793//1793
f 1285//1285 1683//1683 1792//1792
f 1284//1284 1682//1682 1791//1791
f 1283//1283 1681//1681 1790//1790
f 1193//1193 1647//1647 1822//1822
f 1435//1435 1722//1722 1723//1723
f 1282//1282 1680//1680 1847//1847
f 1192//1192 1646//1646 1821//1821
f 1437//1437 1724//1724 1725//1725
f 1281//1281 1679//1679 1849//1849
f 1851//1851 2017//2017 1507//1507
f 1961//1961 2021//2021 1318//1318
f 807//807 1503//1503 2024//2024
f 1679//1679 2029//2029 1501//1501
f 1957//1957 2033//2033 1443//1443
f 1802//1802 1694//1694 1307//1307
f 1801//1801 1693//1693 1306//1306
f 1800//1800 1692//1692 1305//1305
f 1799//1799 1691//1691 1304//1304
f 1798//1798 1690//1690 1303//1303
f 1729//1729 1689//1689 1302//1302
f 1730//1730 1729//1729 1461//1461
f 1830//1830 1656//1656 1213//1213
f 1731//1731 1688//1688 1301//1301
f 1732//1732 1731//1731 1463//1463
f 1829//1829 1655//1655 1212//1212
f 937//937 1794//1794 1686//1686
f 936//936 1793//1793 1685//1685
f 935//935 1792//1792 1684//1684
f 934//934 1791//1791 1683//1683
f 933//933 1790//1790 1682//1682
f 1485//1485 1734//1734 1648//1648
f 1186//1186 1859//1859 1734//1734
f 1021//1021 1822//1822 1859//1859
f 1487//1487 1736//1736 1647//1647
f 1188//1188 1861//1861 1736//1736
f 1020//1020 1821//1821 1861//1861
f 1320//1320 1913//1913 1953//1953
f 1488//1488 1953//1953 1644//1644
f 1187//1187 1644//1644 1555//1555
f 1321//1321 1914//1914 1951//1951
f 1486//1486 1951//1951 1642//1642
f 1185//1185 1642//1642 1556//1556
f 1233//1233 1882//1882 1590//1590
f 1234//1234 1883//1883 1591//1591
f 1235//1235 1884//1884 1592//1592
f 1236//1236 1885//1885 1593//1593
f 1237//1237 1886//1886 1594//1594
f 1921//1921 1563//1563 912//912
f 1640//1640 1639//1639 1163//1163
f 1639//1639 1596//1596 1001//1001
f 1922//1922 1564//1564 913//913
f 1638//1638 1637//1637 1161//1161
f 1637//1637 1597//1597 1002//1002
f 1890//1890 1598//1598 1003//1003
f 1891//1891 1599//1599 1004//1004
f 1892//1892 1600//1600 1005//1005
f 1893//1893 1601//1601 1006//1006
f 1894//1894 1602//1602 1007//1007
f 1587//1587 2035//2035 1143//1143
f 1943//1943 2039//2039 1018//1018
f 981//981 1587//1587 1941//1941
f 1137//1137 1632//1632 1633//1633
f 892//892 1554//1554 1913//1913
f 982//982 1588//1588 1939//1939
f 1135//1135 1630//1630 1631//1631
f 893//893 1555//1555 1914//1914
f 983//983 1589//1589 1882//1882
f 984//984 1590//1590 1883//1883
f 985//985 1591//1591 1884//1884
f 986//986 1592//1592 1885//1885
f 987//987 1593//1593 1886//1886
f 1403//1403 2042//2042 1934//1934
f 1564//1564 1933//1933 1401//1401
f 1100//1100 1401//1401 1933//1933
f 1624//1624 1921//1921 1345//1345
f 1565//1565 1931//1931 1399//1399
f 1098//1098 1399//1399 1931//1931
f 1622//1622 1922//1922 1346//1346
f 1599//1599 1890//1890 1258//1258
f 1600//1600 1891//1891 1259//1259
f 1601//1601 1892//1892 1260//1260
f 1602//1602 1893//1893 1261//1261
f 1603//1603 1894//1894 1262//1262
f 1570//1570 1927//1927 1351//1351
f 1569//1569 1926//1926 1350//1350
f 1568//1568 1925//1925 1349//1349
f 1567//1567 1924//1924 1348//1348
f 1566//1566 1923//1923 1347//1347
f 1598//1598 1889//1889 1257//1257
f 1597//1597 1888//1888 1256//1256
f 898//898 1560//1560 1919//1919
f 897//897 1559//1559 1918//1918
f 896//896 1558//1558 1917//1917
f 895//895 1557//1557 1916//1916
f 894//894 1556//1556 1915//1915
f 1435//1435 1938//1938 1881//1881
f 1437//1437 1940//1940 1880//1880
f 1554//1554 2049//2049 929//929
f 1927//1927 1569//1569 918//918
f 1926//1926 1568//1568 917//917
f 1925//1925 1567//1567 916//916
f 1924//1924 1566//1566 915//915
f 1923//1923 1565//1565 914//914
f 1889//1889 1638//1638 1162//1162
f 1888//1888 1640//1640 1164//1164
f 1326//1326 1919//1919 1561//1561
f 1325//1325 1918//1918 1560//1560
f 1324//1324 1917//1917 1559//1559
f 1323//1323 1916//1916 1558//1558
f 1322//1322 1915//1915 1557//1557
f 1232//1232 1881//1881 1589//1589
f 1231//1231 1880//1880 1588//1588
